days_since_previous,fiscal_quarter,fiscal_year,period_end_date,quarter_id,ticker
2011.0,Q4,2024,2024-12-31,2114,CAPS
1187.0,Q1,2025,2025-06-30,6881,LION
1007.0,Q3,2021,2021-01-31,19073,AI
1006.0,Q4,2020,2020-12-31,59382,REBN
1006.0,Q4,2024,2024-12-31,10410,SCNI
915.0,Q4,2024,2024-12-31,12229,VIVS
913.0,Q1,2021,2021-03-31,62525,SKYX
840.0,Q1,2023,2023-04-16,26313,CAVA
826.0,Q1,2021,2021-04-04,32765,DNUT
826.0,Q1,2022,2022-04-03,58511,QDEL
822.0,Q3,2022,2022-09-30,41886,IBEX
822.0,Q1,2023,2022-09-30,65452,TEAM
821.0,Q1,2021,2021-03-31,19237,AIRS
821.0,Q1,2021,2021-03-31,23527,BBAI
821.0,Q1,2021,2021-03-31,25908,BZFD
821.0,Q1,2024,2024-03-31,28127,CLS
821.0,Q1,2021,2021-03-31,29738,CRGY
821.0,Q1,2024,2024-03-31,30342,CSTM
821.0,Q1,2021,2021-03-31,32673,DNA
821.0,Q1,2021,2021-03-31,32921,DOUG
821.0,Q1,2021,2021-03-31,33068,DRS
821.0,Q1,2021,2021-03-31,37454,FRSH
821.0,Q1,2024,2024-03-31,42827,INDV
821.0,Q1,2022,2022-03-31,47869,LVWR
821.0,Q1,2021,2021-03-31,52675,NRDS
821.0,Q1,2021,2021-03-31,59486,RELY
821.0,Q1,2024,2024-03-31,61736,SDRL
821.0,Q1,2025,2024-03-31,62156,SHOP
821.0,Q1,2021,2021-03-31,62777,SLVM
821.0,Q1,2021,2021-03-31,64059,SSRM
821.0,Q1,2022,2022-03-31,65143,TBLA
821.0,Q1,2021,2021-03-31,65440,TEAD
821.0,Q1,2021,2021-03-31,70531,WGS
820.0,Q1,2023,2023-03-31,24219,BG
820.0,Q1,2023,2023-03-31,26251,CART
820.0,Q1,2021,2021-04-30,31243,CXM
820.0,Q1,2023,2023-03-31,38063,GCT
820.0,Q1,2023,2023-03-31,42547,IMCR
820.0,Q1,2023,2023-03-31,45792,KVYO
820.0,Q1,2023,2023-03-31,50023,MNR
820.0,Q1,2023,2023-03-31,51518,NATL
820.0,Q1,2021,2021-04-30,55508,PATH
820.0,Q1,2023,2023-03-31,56386,PGY
820.0,Q1,2023,2023-03-31,56445,PHIN
820.0,Q1,2021,2021-04-30,56670,PL
820.0,Q1,2023,2023-03-31,65428,TE
820.0,Q1,2023,2023-03-31,65970,TKO
820.0,Q1,2023,2023-03-31,69238,VLTO
819.0,Q1,2020,2020-05-02,22047,ASO
819.0,Q1,2021,2021-05-02,28663,CNM
819.0,Q1,2021,2021-03-28,37883,FWRG
819.0,Q1,2023,2023-04-01,64606,SVV
818.0,Q1,2021,2021-03-28,58241,PTLO
762.0,Q4,2021,2021-12-31,69912,VTS
731.0,Q4,2020,2020-12-31,28443,CMPS
731.0,Q4,2020,2021-01-31,51643,NCNO
731.0,Q4,2020,2020-12-31,54447,ONL
731.0,Q4,2020,2020-12-31,61765,SEAT
730.0,Q4,2022,2022-12-31,52283,NLOP
641.0,Q4,2024,2024-12-31,5503,HOLO
641.0,Q4,2024,2024-12-31,7584,MLGO
640.0,Q1,2025,2025-06-30,534,ALGM
640.0,Q1,2024,2024-03-31,45987,LASE
640.0,Q4,2022,2022-12-31,57705,PRME
639.0,Q3,2020,2020-09-30,20464,AMPL
639.0,Q3,2020,2020-09-30,21670,ARHS
639.0,Q3,2020,2020-09-30,25358,BROS
639.0,Q3,2020,2020-10-31,25452,BRZE
639.0,Q3,2020,2020-09-30,26740,CCSI
639.0,Q3,2020,2020-09-30,28530,CMTG
639.0,Q3,2020,2020-09-30,28846,COCO
639.0,Q3,2020,2020-09-30,32143,DH
639.0,Q3,2020,2020-09-30,35784,EXFY
639.0,Q1,2024,2024-04-30,36499,FERG
639.0,Q3,2020,2020-10-31,39682,GTLB
639.0,Q3,2020,2020-09-30,40708,HLLY
639.0,Q3,2020,2020-09-30,44613,KD
639.0,Q3,2020,2020-09-30,47627,LTH
639.0,Q3,2022,2022-03-31,50665,MSGE
639.0,Q3,2020,2020-09-30,51476,NABL
639.0,Q3,2020,2020-09-30,54510,OPAD
639.0,Q3,2020,2020-09-30,55090,OUST
639.0,Q3,2020,2020-09-30,57692,PRM
639.0,Q3,2020,2020-10-31,59504,RENT
639.0,Q3,2020,2020-09-30,59972,RIVN
639.0,Q3,2021,2021-09-30,61002,RXO
639.0,Q3,2020,2020-09-30,66417,TOST
639.0,Q3,2020,2020-09-30,68176,UP
639.0,Q3,2020,2020-09-30,70306,WEAV
639.0,Q3,2020,2020-09-30,71118,WRBY
639.0,Q3,2021,2021-09-30,71721,XPER
638.0,Q3,2019,2019-10-31,21949,ASAN
638.0,Q3,2022,2022-09-30,22633,AUTL
638.0,Q3,2023,2023-09-30,27994,CLMT
638.0,Q3,2019,2019-10-31,30202,CRWD
638.0,Q3,2022,2022-09-30,40487,HHH
638.0,Q3,2022,2022-09-30,45118,KNF
638.0,Q3,2022,2022-09-30,53351,NWE
638.0,Q3,2019,2019-10-31,55927,PD
638.0,Q3,2019,2019-10-31,56519,PHR
638.0,Q3,2023,2023-09-30,59243,RDDT
638.0,Q3,2019,2019-10-31,63204,SNOW
638.0,Q3,2019,2019-10-31,72296,ZM
637.0,Q3,2020,2020-10-31,23728,BBY
637.0,Q3,2020,2020-10-31,30779,CURV
637.0,Q3,2021,2021-09-25,48637,MBLY
637.0,Q3,2020,2020-10-31,50541,MRVL
637.0,Q3,2020,2020-10-31,71021,WOOF
607.0,Q3,2019,2019-09-30,62904,SMMT
583.0,Q1,2026,2026-03-31,6800,LFCR
550.0,Q4,2024,2024-12-31,7033,LRHC
549.0,Q2,2024,2023-10-31,72091,YYAI
548.0,Q1,2025,2025-03-31,1285,AVBP
548.0,Q1,2025,2025-03-31,25597,BTSG
548.0,Q3,2019,2019-09-30,27312,CGC
548.0,Q2,2019,2019-09-30,33145,DT
548.0,Q3,2019,2019-09-30,40455,HESM
548.0,Q1,2025,2025-03-31,7512,MGX
548.0,Q1,2025,2025-03-31,52279,NLOP
548.0,Q1,2025,2025-03-31,8219,NNE
548.0,Q3,2019,2019-09-30,55167,OVV
548.0,Q1,2025,2025-03-31,55303,PACS
548.0,Q1,2025,2025-03-31,10727,SLXN
548.0,Q1,2025,2025-03-31,11507,TLN
548.0,Q3,2019,2019-09-30,67450,TXG
548.0,Q1,2025,2025-03-31,68006,ULS
548.0,Q3,2019,2019-09-30,69139,VIR
548.0,Q3,2022,2022-11-30,71126,WS
547.0,Q1,2024,2024-06-30,19149,AIOT
547.0,Q2,2020,2020-06-30,24857,BLND
547.0,Q2,2020,2020-06-30,29086,COOK
547.0,Q2,2020,2020-06-30,32269,DIBS
547.0,Q2,2020,2020-06-30,33214,DTM
547.0,Q4,2020,2020-06-30,35321,ETD
547.0,Q2,2021,2021-06-30,36689,FIP
547.0,Q2,2020,2020-06-30,36996,FLYW
547.0,Q2,2020,2020-06-30,39938,GXO
547.0,Q2,2020,2020-06-30,44950,KLTR
547.0,Q2,2020,2020-06-30,46197,LCID
547.0,Q2,2020,2020-06-30,46511,LFST
547.0,Q2,2020,2020-06-30,50095,MNTK
547.0,Q2,2021,2021-06-30,58448,QBTS
547.0,Q2,2020,2020-07-31,61152,S
547.0,Q2,2021,2021-06-30,70432,WEST
547.0,Q2,2020,2020-06-30,72031,YOU
546.0,Q2,2022,2022-06-30,22364,ATMU
546.0,Q1,2025,2024-07-27,22696,AVAV
546.0,Q2,2022,2022-06-30,27878,CLB
546.0,Q3,2023,2023-12-31,34489,ENS
546.0,Q2,2022,2022-06-30,61446,SBGI
546.0,Q2,2023,2023-06-30,61816,SEGG
546.0,Q2,2024,2023-06-30,66002,TLN
546.0,Q4,2024,2025-03-29,68998,VFC
546.0,Q1,2025,2024-12-27,69805,VSTS
541.0,Q2,2024,2023-06-25,37785,FUN
541.0,Q4,2022,2022-06-25,64848,SYNA
527.0,Q3,2024,2024-06-10,57694,PRMB
515.0,Q4,2022,2022-06-30,41155,HRB
488.0,Q3,2019,2019-09-30,49698,MIR
462.0,Q2,2024,2024-08-31,21190,APOG
462.0,Q4,2024,2025-02-01,23715,BBY
462.0,Q2,2023,2023-09-30,25203,BOOT
462.0,Q4,2019,2020-02-02,27718,CHWY
462.0,Q4,2024,2025-02-02,32514,DLTH
462.0,Q4,2023,2023-07-02,36962,FLWS
462.0,Q4,2024,2025-02-01,38035,GCO
462.0,Q4,2021,2021-12-31,40228,HCKT
462.0,Q4,2021,2021-10-02,46390,LESL
462.0,Q4,2024,2025-02-02,47249,LOVE
462.0,Q4,2023,2023-12-31,48595,MBC
462.0,Q4,2024,2025-03-29,50028,MNRO
462.0,Q4,2024,2025-02-01,50530,MRVL
462.0,Q4,2020,2021-01-31,53234,NVDA
462.0,Q4,2021,2022-01-02,62478,SKYT
462.0,Q4,2024,2025-02-01,65925,TJX
462.0,Q4,2024,2025-03-29,66784,TRNS
462.0,Q4,2024,2025-02-01,69445,VRA
461.0,Q4,2021,2021-12-31,25691,BVS
461.0,Q4,2024,2025-01-31,5034,GME
461.0,Q4,2021,2021-12-31,40131,HAYW
461.0,Q4,2021,2021-12-31,64647,SWIM
460.0,Q4,2020,2020-12-31,64836,SYM
458.0,Q3,2024,2024-12-31,425,AIHS
458.0,Q4,2024,2024-12-31,499,ALAB
458.0,Q1,2021,2020-07-31,20048,ALZN
458.0,Q4,2024,2024-12-31,708,AMIX
458.0,Q4,2024,2024-12-31,1936,BSLK
458.0,Q4,2024,2024-12-31,2039,BZAI
458.0,Q4,2020,2020-12-31,29967,CRON
458.0,Q4,2024,2024-12-31,3954,ELAB
458.0,Q4,2020,2020-12-31,34257,ELVN
458.0,Q1,2021,2020-12-31,34276,EMBC
458.0,Q1,2025,2025-01-31,34404,ENGN
458.0,Q1,2022,2021-04-02,35096,ESAB
458.0,Q1,2021,2020-12-31,36871,FLNC
458.0,Q4,2024,2024-12-31,4952,GEV
458.0,Q4,2024,2024-12-31,5265,GUTS
458.0,Q4,2024,2024-12-31,5678,HWH
458.0,Q1,2025,2024-12-31,5969,INHD
458.0,Q3,2024,2024-09-30,44458,JTAI
458.0,Q4,2024,2024-12-31,6646,KYTX
458.0,Q1,2025,2024-09-30,47046,LNAI
458.0,Q2,2023,2023-01-01,47700,LUCK
458.0,Q4,2024,2024-12-31,7532,MIDD
458.0,Q2,2025,2024-12-31,8099,NEUP
458.0,Q3,2024,2024-09-30,58032,PSQH
458.0,Q2,2020,2020-07-31,59136,RCAT
458.0,Q1,2025,2024-12-31,10168,RR
458.0,Q4,2024,2024-12-31,10434,SDST
458.0,Q4,2024,2024-12-31,10782,SMXT
458.0,Q1,2025,2024-12-31,11221,SYM
458.0,Q1,2025,2025-01-31,67108,TTC
458.0,Q1,2021,2020-09-30,68295,UPXI
458.0,Q4,2024,2024-12-31,12349,VS
457.0,Q4,2022,2022-12-31,17814,ACDC
457.0,Q3,2019,2019-10-31,18981,AGX
457.0,Q1,2024,2023-09-30,20599,AMST
457.0,Q4,2022,2022-12-31,21859,ARTL
457.0,Q3,2019,2019-09-30,22252,ATER
457.0,Q1,2020,2020-01-31,22919,AVO
457.0,Q3,2019,2019-09-30,22991,AVTR
457.0,Q3,2019,2019-09-30,23924,BCYC
457.0,Q1,2020,2019-09-30,24422,BILL
457.0,Q3,2019,2019-09-30,24780,BLFS
457.0,Q1,2020,2019-12-31,25272,BRBR
457.0,Q4,2024,2024-12-31,1960,BTBD
457.0,Q1,2020,2019-12-31,29923,CRNC
457.0,Q3,2019,2019-09-30,30310,CSR
457.0,Q3,2019,2019-09-30,30336,CSTL
457.0,Q4,2024,2025-03-31,3193,CVCO
457.0,Q4,2022,2022-12-31,31606,DAVE
457.0,Q1,2020,2020-06-30,32828,DOCS
457.0,Q2,2025,2025-06-30,3723,DRVN
457.0,Q4,2021,2021-12-31,33396,DWTX
457.0,Q4,2022,2022-12-31,33867,EE
457.0,Q1,2023,2023-01-31,34408,ENGN
457.0,Q3,2023,2023-09-30,35483,EVEX
457.0,Q2,2019,2019-09-30,38554,GHM
457.0,Q2,2024,2024-06-30,38665,GITS
457.0,Q4,2021,2021-12-31,39432,GRI
457.0,Q3,2019,2019-09-30,42252,IDYA
457.0,Q1,2023,2022-12-31,42860,INHD
457.0,Q1,2022,2021-09-30,43121,INTA
457.0,Q3,2021,2021-09-30,43533,IRON
457.0,Q4,2022,2023-01-31,48296,MAMA
457.0,Q4,2021,2021-12-31,50255,MOVE
457.0,Q3,2021,2021-09-30,51872,NEOV
457.0,Q1,2025,2023-09-30,51897,NEUP
457.0,Q2,2024,2024-06-30,53459,NWTG
457.0,Q4,2022,2022-12-31,53499,NXDR
457.0,Q4,2022,2022-12-31,54380,ONCO
457.0,Q1,2020,2019-12-31,54430,ONEW
457.0,Q3,2019,2019-09-30,58029,PSNL
457.0,Q4,2020,2020-06-30,58262,PTON
457.0,Q1,2025,2025-06-30,9797,RBC
457.0,Q4,2019,2019-09-30,59161,RCEL
457.0,Q3,2019,2019-09-30,59417,REG
457.0,Q1,2023,2022-12-31,60625,RR
457.0,Q4,2022,2022-12-31,63239,SNTI
457.0,Q1,2020,2019-09-30,63504,SPHR
457.0,Q4,2021,2021-12-31,63579,SPRY
457.0,Q4,2024,2024-12-31,10958,SPWR
457.0,Q3,2019,2019-09-30,64317,STOK
457.0,Q1,2023,2022-08-31,66010,TLRY
457.0,Q2,2019,2019-09-30,67903,UHAL
457.0,Q4,2021,2021-12-31,70030,VYX
457.0,Q2,2025,2025-06-30,12642,WMK
456.0,Q1,2020,2020-03-31,17603,ABNB
456.0,Q1,2022,2021-03-31,17817,ACDC
456.0,Q1,2020,2020-03-31,18140,ACVA
456.0,Q1,2020,2020-03-31,18297,ADEA
456.0,Q1,2020,2020-03-31,18795,AEVA
456.0,Q1,2020,2020-03-31,18939,AGL
456.0,Q1,2025,2025-03-31,19239,AISP
456.0,Q1,2020,2020-03-31,19602,ALHC
456.0,Q1,2020,2020-03-31,19696,ALKT
456.0,Q4,2021,2021-06-30,20603,AMST
456.0,Q1,2020,2020-03-31,21040,APA
456.0,Q1,2020,2020-03-31,21229,APP
456.0,Q1,2020,2020-03-31,21690,ARKO
456.0,Q4,2019,2020-03-31,22592,AUPH
456.0,Q1,2021,2021-03-31,22608,AUR
456.0,Q3,2025,2025-06-30,1417,AZTA
456.0,Q1,2025,2025-03-31,23518,BBAI
456.0,Q1,2020,2020-03-31,24199,BFLY
456.0,Q1,2021,2021-03-31,24363,BHVN
456.0,Q1,2024,2024-03-31,24367,BIAF
456.0,Q1,2021,2021-03-31,24509,BJDX
456.0,Q1,2021,2021-03-31,24729,BLCO
456.0,Q1,2020,2020-03-31,24920,BMBL
456.0,Q1,2020,2020-03-31,24938,BMEA
456.0,Q1,2025,2025-03-31,1849,BNZI
456.0,Q1,2021,2021-03-31,25312,BRCC
456.0,Q1,2021,2021-03-31,27053,CEG
456.0,Q1,2020,2020-03-31,27240,CERT
456.0,Q1,2021,2021-03-31,27790,CING
456.0,Q1,2021,2021-03-31,28211,CLYM
456.0,Q1,2020,2020-03-31,28482,CMRC
456.0,Q1,2025,2025-03-31,28614,CNH
456.0,Q4,2020,2021-03-31,28759,CNVS
456.0,Q1,2020,2020-02-29,28815,CNXC
456.0,Q1,2020,2020-03-31,28968,COIN
456.0,Q1,2020,2020-03-31,29067,COMP
456.0,Q1,2021,2021-03-31,29183,CORZ
456.0,Q1,2020,2020-03-31,29282,COUR
456.0,Q1,2020,2020-03-31,29439,CPNG
456.0,Q1,2020,2020-03-31,29696,CRCT
456.0,Q4,2024,2025-03-31,3085,CSW
456.0,Q1,2020,2020-03-31,30469,CTEV
456.0,Q1,2025,2025-03-31,30517,CTNM
456.0,Q1,2024,2024-03-31,30557,CTOR
456.0,Q1,2020,2020-03-31,30763,CURI
456.0,Q1,2020,2020-03-31,31678,DBVT
456.0,Q1,2020,2020-03-31,32046,DFH
456.0,Q1,2021,2021-03-31,32313,DINO
456.0,Q1,2021,2021-03-31,32434,DKNG
456.0,Q2,2025,2025-06-30,3639,DNTH
456.0,Q1,2020,2020-03-31,32812,DOCN
456.0,Q1,2020,2020-03-31,33330,DV
456.0,Q2,2025,2025-06-30,3878,ECVT
456.0,Q1,2022,2021-03-31,33870,EE
456.0,Q1,2020,2020-03-31,34705,EOSE
456.0,Q1,2020,2020-03-31,35450,EVCM
456.0,Q1,2020,2020-03-31,36073,FA
456.0,Q1,2020,2020-03-31,36675,FIGS
456.0,Q4,2019,2020-02-29,37094,FNGR
456.0,Q2,2025,2025-06-30,4796,FUN
456.0,Q1,2025,2025-03-31,4874,GCTS
456.0,Q1,2021,2021-03-31,38418,GETY
456.0,Q1,2020,2020-03-31,38915,GNLN
456.0,Q1,2020,2020-03-31,39726,GTM
456.0,Q1,2025,2025-03-31,39940,GYRE
456.0,Q1,2021,2021-03-31,40295,HCWB
456.0,Q2,2025,2025-06-30,5414,HHH
456.0,Q1,2021,2021-03-31,41822,HYPR
456.0,Q1,2021,2021-03-31,42119,IDAI
456.0,Q4,2021,2021-06-30,42886,INM
456.0,Q1,2020,2019-11-30,45636,KRUS
456.0,Q1,2021,2021-03-31,45675,KSCP
456.0,Q1,2020,2020-03-31,45997,LASE
456.0,Q1,2021,2021-03-31,46039,LAW
456.0,Q1,2020,2020-03-31,48159,LZ
456.0,Q1,2020,2020-03-31,48590,MAX
456.0,Q1,2024,2024-03-31,49520,MGRX
456.0,Q1,2025,2025-03-31,50019,MNR
456.0,Q1,2020,2020-03-31,50264,MP
456.0,Q1,2020,2020-03-31,50389,MQ
456.0,Q1,2020,2020-03-31,50525,MRVI
456.0,Q1,2020,2020-03-31,51288,MXCT
456.0,Q1,2021,2021-03-31,52354,NN
456.0,Q1,2020,2020-03-31,53895,OGN
456.0,Q1,2020,2020-03-31,54164,OLMA
456.0,Q1,2020,2020-03-31,54557,OPEN
456.0,Q1,2025,2025-03-31,54614,OPTX
456.0,Q1,2020,2020-03-31,55556,PAY
456.0,Q1,2021,2021-03-31,56020,PDYN
456.0,Q1,2020,2020-03-31,56893,PLTK
456.0,Q1,2021,2021-03-31,57457,PPTA
456.0,Q1,2020,2020-03-31,57504,PRAX
456.0,Q3,2022,2021-03-31,57706,PRME
456.0,Q1,2024,2024-03-31,57711,PROF
456.0,Q1,2021,2021-03-31,57726,PROK
456.0,Q1,2020,2020-03-31,57900,PRVA
456.0,Q1,2020,2020-03-31,58285,PUBM
456.0,Q1,2019,2019-06-30,58562,QMCO
456.0,Q1,2020,2020-03-31,58682,QSI
456.0,Q1,2020,2020-03-31,59098,RBLX
456.0,Q1,2024,2024-03-31,59908,RIME
456.0,Q1,2021,2021-03-31,60262,RNAZ
456.0,Q1,2020,2020-03-31,60806,RSI
456.0,Q1,2020,2020-03-31,61022,RXRX
456.0,Q1,2020,2020-03-31,61346,SANA
456.0,Q1,2024,2024-03-31,61380,SATL
456.0,Q1,2022,2021-03-28,61929,SG
456.0,Q1,2020,2020-03-31,62081,SHC
456.0,Q1,2020,2020-03-31,62101,SHLS
456.0,Q2,2025,2025-06-30,10556,SHOP
456.0,Q1,2020,2020-03-31,62382,SKIN
456.0,Q1,2021,2021-03-31,62626,SLDP
456.0,Q1,2025,2025-03-31,10969,SQFT
456.0,Q1,2021,2021-03-31,73434,STKL
456.0,Q1,2020,2020-03-31,64390,STTK
456.0,Q2,2025,2025-06-30,11169,SW
456.0,Q1,2020,2020-03-31,64934,TALK
456.0,Q1,2020,2020-03-31,64977,TAOX
456.0,Q1,2020,2020-03-31,65075,TASK
456.0,Q1,2021,2021-03-31,65233,TCRX
456.0,Q1,2020,2020-03-31,65366,TDUP
456.0,Q1,2025,2025-03-31,11355,TE
456.0,Q1,2025,2025-03-31,11392,TELO
456.0,Q2,2023,2023-11-30,66008,TLRY
456.0,Q1,2020,2020-03-31,66091,TMCI
456.0,Q1,2025,2025-03-31,11725,TRUG
456.0,Q1,2024,2024-03-31,67215,TTGT
456.0,Q1,2021,2021-03-31,67556,TYGO
456.0,Q1,2025,2025-06-30,11895,UAA
456.0,Q1,2020,2020-03-31,68004,ULCC
456.0,Q1,2021,2021-03-31,68073,UNCY
456.0,Q4,2019,2020-03-31,68738,VATE
456.0,Q1,2020,2020-03-31,69902,VTRS
456.0,Q1,2024,2024-03-31,70025,VYX
456.0,Q1,2020,2020-03-31,72253,ZIP
456.0,Q1,2020,2020-03-31,72274,ZLAB
456.0,Q1,2021,2021-03-31,72497,ZYME
455.0,Q1,2023,2023-03-31,18279,ADCT
455.0,Q4,2019,2020-02-01,18717,AEO
455.0,Q4,2021,2022-03-31,19109,AIHS
455.0,Q1,2020,2020-06-26,19529,ALGM
455.0,Q1,2022,2022-04-02,22689,AVAH
455.0,Q1,2023,2023-03-31,23466,BATRK
455.0,Q3,2020,2020-10-31,23704,BBWI
455.0,Q1,2022,2022-03-31,24210,BFRG
455.0,Q4,2024,2025-03-29,25201,BOOT
455.0,Q1,2022,2022-03-31,28621,CNH
455.0,Q2,2023,2023-09-30,29445,CPRI
455.0,Q4,2024,2025-03-29,29443,CPRI
455.0,Q1,2023,2023-03-31,29747,CRH
455.0,Q4,2024,2025-03-29,30104,CRUS
455.0,Q3,2022,2022-12-31,30816,CVCO
455.0,Q4,2024,2025-01-31,31990,DELL
455.0,Q3,2021,2021-10-31,32521,DLTH
455.0,Q1,2021,2020-03-28,33084,DRVN
455.0,Q4,2021,2021-12-25,33081,DRVN
455.0,Q4,2024,2025-01-25,33541,DY
455.0,Q3,2022,2022-09-30,35094,ESAB
455.0,Q1,2022,2022-03-31,37707,FTRE
455.0,Q1,2022,2022-03-31,38296,GEHC
455.0,Q2,2022,2022-09-30,38333,GEN
455.0,Q4,2024,2025-03-28,38327,GEN
455.0,Q2,2023,2023-09-30,39995,HAE
455.0,Q4,2024,2025-03-29,39993,HAE
455.0,Q3,2023,2023-12-31,41710,HWKN
455.0,Q1,2021,2021-03-27,44129,JBI
455.0,Q1,2022,2022-03-31,44791,KGS
455.0,Q1,2023,2022-04-03,45786,KVUE
455.0,Q1,2023,2023-03-31,47929,LXEO
455.0,Q1,2025,2025-04-30,7232,MAMA
455.0,Q1,2023,2022-03-27,48598,MBC
455.0,Q1,2023,2023-03-31,51512,NAMS
455.0,Q4,2024,2025-01-26,53224,NVDA
455.0,Q1,2024,2023-03-31,55306,PACS
455.0,Q1,2022,2022-03-31,58593,QNRX
455.0,Q2,2023,2023-09-30,58625,QRVO
455.0,Q4,2024,2025-03-29,58623,QRVO
455.0,Q4,2023,2024-03-30,59057,RBC
455.0,Q2,2023,2023-09-30,59997,RL
455.0,Q4,2024,2025-03-29,59995,RL
455.0,Q4,2024,2025-01-31,61281,SAIC
455.0,Q1,2023,2022-03-31,61655,SCNI
455.0,Q4,2022,2022-12-25,61926,SG
455.0,Q3,2022,2022-12-31,62407,SKY
455.0,Q4,2024,2025-03-29,62404,SKY
455.0,Q4,2024,2025-01-26,62972,SMTC
455.0,Q1,2024,2023-03-31,62995,SMXT
455.0,Q1,2024,2023-03-31,64612,SW
455.0,Q4,2021,2021-04-30,64626,SWBI
455.0,Q1,2023,2023-03-31,64791,SXTP
455.0,Q4,2021,2022-03-31,66929,TRUG
455.0,Q1,2022,2022-03-31,67516,TXO
455.0,Q1,2024,2023-03-31,68009,ULS
455.0,Q2,2023,2023-09-30,68999,VFC
455.0,Q1,2020,2020-03-29,69157,VITL
455.0,Q1,2024,2023-03-31,69687,VS
455.0,Q1,2024,2022-12-30,69808,VSTS
455.0,Q1,2023,2023-03-31,69911,VTS
453.0,Q1,2021,2020-03-28,25694,BVS
453.0,Q1,2021,2020-03-28,40134,HAYW
453.0,Q1,2025,2025-04-30,6753,LE
453.0,Q1,2021,2020-03-28,64650,SWIM
452.0,Q1,2025,2025-04-30,3379,DBI
452.0,Q1,2025,2025-04-30,3576,DKS
452.0,Q1,2025,2025-04-30,3596,DLTR
452.0,Q1,2025,2025-04-30,10132,ROST
451.0,Q2,2019,2019-09-30,42705,IMVT
427.0,Q2,2024,2024-06-30,64789,SXTP
385.0,Q2,2025,2025-06-30,9467,PRMB
371.0,Q4,2020,2021-01-03,25576,BTBD
371.0,Q4,2019,2019-11-03,31904,DE
369.0,Q4,2020,2020-07-03,50437,MRCY
366.0,Q4,2020,2020-12-31,18955,AGNC
366.0,Q4,2020,2020-06-30,20172,AMCR
366.0,Q1,2024,2024-03-31,20397,AMPG
366.0,Q4,2020,2020-06-30,24467,BIVI
366.0,Q1,2024,2024-03-31,13829,CERO
366.0,Q4,2020,2020-12-31,27807,CISO
366.0,Q4,2020,2020-12-31,28137,CLVT
366.0,Q4,2024,2024-12-31,2712,CNVS
366.0,Q1,2024,2024-03-31,36530,FFAI
366.0,Q3,2024,2024-12-31,36778,FLEX
366.0,Q4,2020,2020-12-31,39631,GTEC
366.0,Q4,2020,2020-04-30,41160,HRB
366.0,Q4,2020,2020-06-30,47497,LRN
366.0,Q4,2020,2020-12-31,52121,NHI
366.0,Q4,2020,2020-12-31,53503,NXDR
366.0,Q4,2020,2020-12-31,53531,NXPI
366.0,Q1,2025,2025-03-31,8718,ONTO
366.0,Q4,2020,2020-12-31,58834,QUBT
366.0,Q2,2024,2024-07-31,59126,RCAT
366.0,Q3,2024,2024-09-30,59242,RDDT
366.0,Q4,2024,2024-12-31,10460,SEGG
366.0,Q2,2025,2024-12-31,10511,SGLY
366.0,Q3,2020,2020-09-30,63564,SPRU
366.0,Q4,2020,2020-12-31,64513,SUNE
366.0,Q3,2025,2025-01-31,64614,SWBI
366.0,Q4,2023,2024-03-31,67679,UAA
366.0,Q1,2025,2024-09-30,68284,UPXI
366.0,Q1,2020,2020-03-31,69288,VMD
366.0,Q1,2024,2024-02-29,71123,WS
366.0,Q4,2020,2020-12-31,72474,ZWS
365.0,Q4,2019,2019-12-31,18956,AGNC
365.0,Q4,2018,2019-03-31,19006,AGYS
365.0,Q1,2021,2021-03-31,19048,AHR
365.0,Q1,2019,2019-03-31,19162,AIOT
365.0,Q4,2022,2022-12-31,19217,AIRJ
365.0,Q4,2022,2022-12-31,19422,ALBT
365.0,Q1,2025,2025-03-31,988,ARAY
365.0,Q4,2021,2021-09-30,23331,AZTA
365.0,Q4,2018,2019-02-28,23516,BB
365.0,Q4,2022,2022-12-31,23523,BBAI
365.0,Q4,2019,2019-10-31,23576,BBCP
365.0,Q4,2018,2019-03-31,24022,BDTX
365.0,Q1,2019,2019-03-31,24074,BE
365.0,Q4,2022,2022-12-31,24505,BJDX
365.0,Q4,2023,2023-12-31,24642,BKSY
365.0,Q4,2022,2022-12-31,25308,BRCC
365.0,Q4,2019,2019-12-31,25855,BYND
365.0,Q4,2021,2021-12-31,26862,CDP
365.0,Q4,2019,2019-12-31,28043,CLOV
365.0,Q1,2019,2019-03-31,28141,CLVT
365.0,Q4,2021,2021-12-31,28136,CLVT
365.0,Q4,2022,2022-12-31,28135,CLVT
365.0,Q4,2022,2022-12-31,28207,CLYM
365.0,Q1,2025,2025-03-31,2754,COHR
365.0,Q1,2025,2025-03-31,2836,COTY
365.0,Q1,2025,2025-03-31,32422,DKNG
365.0,Q4,2022,2022-12-31,32669,DNA
365.0,Q4,2019,2019-12-31,33234,DTST
365.0,Q4,2022,2022-12-31,33807,EDBL
365.0,Q1,2025,2025-03-31,3950,EL
365.0,Q4,2022,2022-12-31,34342,EMPD
365.0,Q4,2019,2019-12-31,34427,ENOV
365.0,Q4,2021,2021-12-31,34422,ENOV
365.0,Q4,2019,2019-08-31,36383,FDS
365.0,Q3,2021,2021-09-30,36537,FFAI
365.0,Q4,2023,2023-12-31,39915,GXAI
365.0,Q4,2022,2022-12-31,40291,HCWB
365.0,Q4,2022,2022-12-31,40546,HIND
365.0,Q2,2024,2023-12-31,14715,HOVR
365.0,Q1,2025,2025-03-31,5663,HURA
365.0,Q1,2025,2025-03-31,5932,INBS
365.0,Q1,2023,2023-03-31,44445,JSPR
365.0,Q4,2018,2019-02-28,45081,KMX
365.0,Q1,2019,2019-03-31,45613,KRRO
365.0,Q4,2022,2022-12-31,46370,LENZ
365.0,Q2,2025,2025-05-31,6793,LEXX
365.0,Q1,2019,2019-03-31,46796,LIN
365.0,Q4,2019,2019-12-31,47952,LXFR
365.0,Q1,2025,2025-03-31,7195,LYTS
365.0,Q4,2018,2019-01-31,48940,MDB
365.0,Q4,2018,2019-01-31,50243,MOV
365.0,Q4,2022,2022-12-31,51403,MYSE
365.0,Q4,2018,2019-03-31,52029,NGL
365.0,Q4,2021,2021-12-31,52042,NGNE
365.0,Q4,2019,2019-12-31,52122,NHI
365.0,Q4,2023,2023-12-31,53678,OBIO
365.0,Q1,2025,2025-03-31,54059,OKLO
365.0,Q4,2022,2022-12-31,54658,ORBS
365.0,Q1,2025,2025-03-31,8808,OSIS
365.0,Q3,2021,2021-09-30,55089,OUST
365.0,Q4,2022,2022-12-31,55087,OUST
365.0,Q4,2018,2019-03-31,56377,PGNY
365.0,Q4,2018,2019-03-31,56436,PHAT
365.0,Q4,2023,2023-12-31,58590,QNRX
365.0,Q2,2023,2023-07-31,59128,RCAT
365.0,Q4,2022,2022-12-31,59566,REVB
365.0,Q4,2022,2022-12-31,61189,SABS
365.0,Q1,2025,2025-03-31,10415,SCSC
365.0,Q4,2022,2022-12-31,62201,SIDU
365.0,Q4,2023,2023-12-31,62455,SKYH
365.0,Q4,2019,2019-12-31,62645,SLE
365.0,Q1,2025,2025-03-31,10861,SOC
365.0,Q1,2025,2025-03-31,63488,SPHR
365.0,Q4,2021,2021-12-31,63562,SPRU
365.0,Q1,2021,2021-03-31,63907,SRTA
365.0,Q3,2022,2022-09-30,63904,SRTA
365.0,Q4,2022,2022-12-31,64055,SSRM
365.0,Q4,2018,2019-03-31,64192,STE
365.0,Q4,2019,2019-12-31,64212,STEM
365.0,Q4,2021,2021-12-31,64386,STTK
365.0,Q4,2022,2022-12-31,65229,TCRX
365.0,Q1,2019,2019-03-31,66023,TLRY
365.0,Q4,2022,2022-12-31,66342,TOI
365.0,Q4,2019,2019-10-31,66370,TOL
365.0,Q4,2019,2019-12-31,66492,TPL
365.0,Q4,2023,2023-12-31,66777,TRNR
365.0,Q4,2019,2019-10-31,67125,TTC
365.0,Q4,2018,2019-03-31,67293,TTWO
365.0,Q4,2019,2019-09-30,67880,UGI
365.0,Q1,2025,2025-03-31,11950,UI
365.0,Q4,2022,2022-12-31,68069,UNCY
365.0,Q4,2022,2022-06-30,68291,UPXI
365.0,Q1,2019,2019-03-31,68343,URGN
365.0,Q1,2025,2025-03-31,12064,USAR
365.0,Q4,2018,2019-01-31,70977,WMT
365.0,Q4,2022,2022-12-31,71777,XPON
364.0,Q4,2021,2022-03-25,19525,ALGM
364.0,Q1,2019,2019-06-01,21206,APOG
364.0,Q4,2019,2020-02-01,24493,BJ
364.0,Q4,2019,2020-03-28,29457,CPRI
364.0,Q4,2022,2022-12-31,29757,CRI
364.0,Q4,2022,2022-10-01,32353,DIS
364.0,Q4,2019,2020-02-01,32550,DLTR
364.0,Q4,2021,2021-12-31,38668,GITS
364.0,Q1,2019,2019-03-30,39005,GO
364.0,Q4,2020,2020-12-27,40110,HAS
364.0,Q4,2022,2022-12-25,40105,HAS
364.0,Q1,2019,2019-06-30,41726,HWKN
364.0,Q1,2025,2024-12-28,44305,JJSF
364.0,Q4,2019,2019-12-28,45719,KTB
364.0,Q4,2021,2022-01-01,45714,KTB
364.0,Q4,2019,2019-11-24,46415,LEVI
364.0,Q1,2019,2019-03-29,53294,NVST
364.0,Q4,2025,2025-05-03,15802,OLLI
364.0,Q4,2023,2023-08-25,56138,PENG
364.0,Q4,2019,2019-12-28,56205,PEP
364.0,Q4,2025,2025-05-03,16149,RH
364.0,Q4,2019,2019-12-28,60726,RRX
364.0,Q4,2022,2023-01-01,60945,RVTY
364.0,Q4,2019,2019-12-29,61913,SFM
364.0,Q4,2023,2023-12-27,62043,SHAK
364.0,Q1,2019,2019-06-29,66799,TRNS
364.0,Q3,2024,2023-12-23,66785,TRNS
364.0,Q4,2019,2019-12-28,66972,TSCO
364.0,Q4,2021,2021-12-25,66967,TSCO
364.0,Q1,2025,2025-03-29,67518,TXT
364.0,Q4,2019,2019-12-27,67770,UCTT
364.0,Q1,2022,2022-04-02,68495,USNA
364.0,Q4,2019,2020-03-28,69011,VFC
361.0,Q4,2019,2020-01-29,38051,GCO
334.0,Q4,2021,2021-11-30,43455,IRD
327.0,Q1,2024,2024-03-31,45782,KVUE
315.0,Q4,2020,2020-12-31,34347,EMPD
307.0,Q3,2019,2019-09-30,52172,NIXX
305.0,Q1,2020,2020-03-31,66018,TLRY
304.0,Q3,2019,2019-09-30,56541,PHUN
302.0,Q3,2021,2021-09-30,64974,TAOX
280.0,Q1,2025,2024-11-01,26375,CBRL
280.0,Q3,2023,2023-10-01,40104,HAS
280.0,Q2,2021,2021-04-11,43954,JACK
280.0,Q4,2021,2022-01-01,44128,JBI
280.0,Q2,2020,2020-07-03,46664,LHX
280.0,Q4,2019,2019-08-03,68101,UNFI
280.0,Q2,2019,2019-08-04,71147,WSM
279.0,Q4,2022,2022-12-31,40851,HOG
277.0,Q1,2022,2022-04-03,34624,ENVX
277.0,Q4,2025,2025-06-30,7359,MCS
276.0,Q4,2019,2019-09-30,22325,ATKR
276.0,Q4,2019,2019-12-31,23749,BC
276.0,Q2,2025,2025-01-31,1549,BCTX
276.0,Q3,2020,2020-10-31,38048,GCO
276.0,Q3,2020,2020-10-02,53291,NVST
276.0,Q4,2018,2019-01-31,54093,OKTA
275.0,Q1,2020,2019-12-31,17470,ABAT
275.0,Q4,2020,2020-12-31,18296,ADEA
275.0,Q4,2019,2020-03-31,19113,AIHS
275.0,Q1,2024,2024-03-31,19766,ALMU
275.0,Q4,2024,2024-12-31,731,AMOD
275.0,Q4,2024,2024-12-31,737,AMPG
275.0,Q4,2024,2024-12-31,783,AMST
275.0,Q4,2019,2019-12-31,22435,ATPC
275.0,Q4,2022,2022-12-31,22640,AUUD
275.0,Q4,2024,2024-12-31,1405,AYTU
275.0,Q4,2023,2023-12-31,23465,BATRK
275.0,Q4,2023,2023-12-31,23609,BBLG
275.0,Q2,2025,2025-06-30,1518,BC
275.0,Q4,2022,2022-12-31,24250,BGMS
275.0,Q4,2023,2023-12-31,25165,BOF
275.0,Q4,2022,2022-12-31,25890,BZAI
275.0,Q1,2024,2024-03-31,26895,CDT
275.0,Q4,2021,2021-12-31,28208,CLYM
275.0,Q4,2020,2020-12-31,28481,CMRC
275.0,Q4,2022,2022-12-31,28476,CMRC
275.0,Q1,2021,2020-12-31,28913,COHR
275.0,Q4,2021,2021-12-31,30465,CTEV
275.0,Q4,2021,2021-12-31,30562,CTOR
275.0,Q2,2025,2025-06-30,3405,DCO
275.0,Q4,2022,2022-12-31,32736,DNTH
275.0,Q4,2021,2021-12-31,33067,DRS
275.0,Q4,2022,2022-12-31,33394,DWTX
275.0,Q1,2024,2024-03-31,33840,EDSA
275.0,Q4,2022,2022-12-31,34251,ELVN
275.0,Q1,2024,2024-03-31,35155,ESOA
275.0,Q4,2022,2022-12-31,35619,EVTV
275.0,Q1,2020,2020-03-31,36949,FLUX
275.0,Q1,2024,2024-03-31,36937,FLUX
275.0,Q3,2020,2020-03-31,37247,FOX
275.0,Q3,2020,2020-03-31,37272,FOXA
275.0,Q4,2018,2018-12-31,37781,FULC
275.0,Q4,2020,2020-12-31,39725,GTM
275.0,Q4,2021,2021-12-31,40292,HCWB
275.0,Q3,2022,2022-10-02,40702,HLLY
275.0,Q3,2019,2019-09-30,40730,HLMN
275.0,Q4,2023,2023-12-31,42153,IDN
275.0,Q4,2022,2022-12-31,43530,IRON
275.0,Q4,2021,2021-12-31,43787,ITT
275.0,Q4,2021,2021-12-31,44143,JBIO
275.0,Q2,2025,2024-12-31,6296,JKHY
275.0,Q4,2020,2020-12-31,44929,KLRS
275.0,Q4,2022,2022-12-31,44924,KLRS
275.0,Q4,2018,2018-12-31,45198,KNX
275.0,Q1,2020,2020-03-31,45375,KOSS
275.0,Q1,2024,2024-03-31,45363,KOSS
275.0,Q4,2024,2024-12-31,6689,LASE
275.0,Q4,2021,2021-12-31,46038,LAW
275.0,Q4,2022,2022-12-31,50253,MOVE
275.0,Q4,2020,2020-12-31,50752,MSPR
275.0,Q4,2021,2021-12-31,51355,MYGN
275.0,Q4,2024,2024-12-31,7981,MZTI
275.0,Q4,2023,2023-12-31,51516,NATL
275.0,Q1,2024,2024-03-31,51864,NEOV
275.0,Q4,2021,2021-12-31,52743,NRXP
275.0,Q4,2021,2021-12-31,53136,NUWE
275.0,Q4,2022,2022-12-31,53511,NXDT
275.0,Q4,2020,2020-12-31,53605,NXXT
275.0,Q4,2019,2019-12-31,54114,OLB
275.0,Q1,2024,2024-03-31,54294,OMEX
275.0,Q4,2021,2021-12-31,54675,ORC
275.0,Q4,2022,2022-12-31,54773,ORKA
275.0,Q4,2022,2022-12-31,56453,PHIO
275.0,Q4,2019,2019-09-30,58114,PTC
275.0,Q4,2021,2021-12-31,58350,PVLA
275.0,Q4,2022,2022-12-31,58746,QTTB
275.0,Q4,2022,2022-12-31,59151,RCEL
275.0,Q4,2018,2018-12-31,59367,REAL
275.0,Q3,2021,2021-10-02,59661,REZI
275.0,Q4,2022,2022-12-31,59707,RGLD
275.0,Q4,2020,2020-12-31,60079,RLMD
275.0,Q4,2021,2021-12-31,60261,RNAZ
275.0,Q1,2020,2020-03-31,61131,RZLT
275.0,Q1,2024,2024-03-31,61119,RZLT
275.0,Q4,2019,2019-09-30,62853,SMG
275.0,Q4,2022,2022-12-31,63143,SNGX
275.0,Q1,2020,2020-03-31,63717,SQFT
275.0,Q4,2022,2022-12-31,63708,SQFT
275.0,Q4,2021,2021-12-31,73435,STKL
275.0,Q4,2022,2022-12-31,73437,STKL
275.0,Q4,2021,2021-12-31,65230,TCRX
275.0,Q4,2021,2021-12-31,65439,TEAD
275.0,Q4,2022,2022-12-31,65486,TECX
275.0,Q4,2022,2022-12-31,66555,TRAW
275.0,Q1,2024,2024-03-31,66551,TRAW
275.0,Q4,2023,2023-12-31,66922,TRUG
275.0,Q4,2021,2021-12-31,68070,UNCY
275.0,Q4,2020,2020-12-31,68686,VAL
275.0,Q4,2023,2023-12-31,68893,VELO
275.0,Q4,2021,2021-12-31,69776,VSTD
275.0,Q4,2022,2022-12-31,70619,WHWK
275.0,Q4,2021,2021-12-31,71871,XTIA
274.0,Q3,2020,2020-09-30,17861,ACHR
274.0,Q4,2018,2019-03-31,18695,AEMD
274.0,Q1,2025,2025-03-31,19035,AHR
274.0,Q3,2020,2020-09-30,19159,AIOT
274.0,Q3,2020,2020-09-30,19181,AIP
274.0,Q1,2023,2023-03-31,19769,ALMU
274.0,Q4,2018,2019-03-31,21308,APPS
274.0,Q3,2020,2020-09-30,21620,AREB
274.0,Q3,2020,2020-09-30,22122,ASTH
274.0,Q4,2018,2019-03-31,22274,ATEX
274.0,Q4,2018,2019-03-31,23403,BAH
274.0,Q1,2025,2025-03-31,1493,BBOT
274.0,Q1,2024,2024-04-30,23894,BCTX
274.0,Q1,2022,2022-03-31,24360,BHVN
274.0,Q3,2020,2020-09-30,24609,BKKT
274.0,Q3,2020,2020-09-30,24900,BLZE
274.0,Q2,2020,2020-06-30,25537,BSY
274.0,Q3,2024,2023-10-01,25567,BTBD
274.0,Q3,2024,2024-09-30,26248,CART
274.0,Q3,2020,2020-09-30,26891,CDRE
274.0,Q2,2020,2020-06-30,27310,CGC
274.0,Q2,2024,2024-06-30,27300,CGC
274.0,Q3,2020,2020-09-30,27349,CGTX
274.0,Q4,2018,2019-03-31,28263,CMCO
274.0,Q1,2025,2025-03-31,28377,CMP
274.0,Q2,2020,2020-06-30,28462,CMPX
274.0,Q3,2024,2024-09-30,28817,COCH
274.0,Q3,2020,2020-09-30,31367,CYN
274.0,Q3,2020,2020-09-30,31722,DCGO
274.0,Q4,2018,2019-03-31,31959,DECK
274.0,Q3,2020,2020-09-30,32026,DERM
274.0,Q4,2018,2019-03-31,33451,DXC
274.0,Q4,2018,2019-03-31,33608,EA
274.0,Q4,2018,2019-03-31,33973,EGHT
274.0,Q4,2024,2025-03-31,4043,ENS
274.0,Q3,2020,2020-09-30,34628,ENVX
274.0,Q2,2025,2024-10-31,35252,ESTC
274.0,Q1,2019,2019-03-31,35475,EVER
274.0,Q3,2020,2020-09-30,35491,EVEX
274.0,Q4,2018,2019-03-31,35836,EXP
274.0,Q4,2019,2019-08-31,36202,FC
274.0,Q3,2020,2020-09-30,36539,FFAI
274.0,Q1,2021,2021-03-31,36946,FLUX
274.0,Q1,2022,2022-03-31,36943,FLUX
274.0,Q1,2023,2023-03-31,36940,FLUX
274.0,Q1,2023,2023-03-31,38926,GNLX
274.0,Q4,2018,2019-03-31,39587,GSIT
274.0,Q3,2020,2020-09-30,39854,GWH
274.0,Q3,2020,2020-09-30,40283,HCTI
274.0,Q3,2020,2020-09-30,42876,INKT
274.0,Q1,2025,2024-09-30,42878,INM
274.0,Q3,2020,2020-09-30,43166,IONQ
274.0,Q3,2020,2020-09-30,44146,JBIO
274.0,Q4,2019,2019-08-31,44169,JBL
274.0,Q2,2024,2024-06-30,44603,KD
274.0,Q1,2021,2021-03-31,45372,KOSS
274.0,Q1,2022,2022-03-31,45369,KOSS
274.0,Q1,2023,2023-03-31,45366,KOSS
274.0,Q3,2020,2020-09-30,45610,KRRO
274.0,Q3,2024,2024-09-30,45789,KVYO
274.0,Q1,2025,2025-03-31,45848,LAB
274.0,Q4,2018,2019-03-31,47215,LOGI
274.0,Q4,2018,2019-03-31,47290,LPG
274.0,Q3,2024,2024-09-30,47926,LXEO
274.0,Q4,2018,2019-03-31,48743,MCHP
274.0,Q4,2018,2019-03-31,48768,MCK
274.0,Q3,2024,2024-09-30,48906,MDAI
274.0,Q3,2019,2019-08-31,49781,MKC
274.0,Q4,2018,2019-03-31,50164,MOD
274.0,Q4,2018,2019-03-31,50286,MPAA
274.0,Q3,2020,2020-09-30,50682,MSGM
274.0,Q3,2020,2020-09-30,51409,MYSE
274.0,Q3,2024,2024-09-30,51515,NATL
274.0,Q1,2025,2025-03-31,8044,NDRA
274.0,Q1,2023,2023-03-31,51867,NEOV
274.0,Q4,2018,2019-03-31,52889,NTCT
274.0,Q3,2020,2020-09-30,53341,NVTS
274.0,Q1,2022,2022-03-31,53670,OABI
274.0,Q2,2025,2025-03-31,54872,OSK
274.0,Q4,2018,2019-03-31,55679,PBH
274.0,Q4,2018,2019-03-31,56273,PETS
274.0,Q4,2018,2019-03-31,56936,PLUS
274.0,Q2,2024,2024-06-30,57294,POWW
274.0,Q3,2020,2020-09-30,57522,PRCT
274.0,Q3,2020,2020-09-30,59342,RDW
274.0,Q2,2024,2024-06-30,60254,RNAZ
274.0,Q3,2020,2020-09-30,61040,RXST
274.0,Q1,2021,2021-03-31,61128,RZLT
274.0,Q1,2022,2022-03-31,61125,RZLT
274.0,Q1,2023,2023-03-31,61122,RZLT
274.0,Q3,2024,2024-09-30,61881,SERV
274.0,Q3,2020,2020-09-30,62948,SMR
274.0,Q4,2018,2019-03-31,63183,SNOA
274.0,Q3,2023,2023-10-01,63317,SON
274.0,Q3,2022,2022-03-31,63497,SPHR
274.0,Q3,2024,2024-09-30,65967,TKO
274.0,Q3,2020,2020-09-30,66137,TMUS
274.0,Q3,2020,2020-09-30,66614,TRDA
274.0,Q1,2023,2023-03-31,66925,TRUG
274.0,Q3,2020,2020-09-30,67602,TYRA
274.0,Q3,2020,2020-09-30,68195,UPBD
274.0,Q1,2019,2019-03-31,68612,UTZ
274.0,Q4,2018,2019-03-31,68638,UVV
274.0,Q1,2020,2020-09-30,68785,VCEL
274.0,Q3,2020,2020-09-30,68866,VEEE
274.0,Q4,2018,2019-03-31,69711,VSAT
274.0,Q4,2018,2019-03-31,70953,WMS
274.0,Q4,2018,2019-03-31,71418,XAIR
274.0,Q3,2020,2020-09-30,71489,XERS
274.0,Q1,2025,2025-03-31,12937,ZEO
273.0,Q3,2019,2019-09-30,17311,AAL
273.0,Q3,2019,2019-09-30,17365,AAON
273.0,Q3,2019,2019-09-30,17447,AAT
273.0,Q3,2019,2019-09-30,17747,ACA
273.0,Q3,2019,2019-09-30,17840,ACEL
273.0,Q3,2019,2019-09-30,18050,ACRE
273.0,Q3,2019,2019-09-30,18436,ADPT
273.0,Q3,2019,2019-10-31,18459,ADSK
273.0,Q3,2019,2019-09-30,18568,ADV
273.0,Q3,2019,2019-09-30,18644,AEI
273.0,Q3,2019,2019-09-30,19053,AHR
273.0,Q3,2019,2019-09-30,19484,ALEC
273.0,Q4,2020,2021-03-26,19528,ALGM
273.0,Q3,2019,2019-09-30,19581,ALGS
273.0,Q3,2019,2019-09-30,19743,ALLO
273.0,Q3,2019,2019-09-30,19939,ALTG
273.0,Q3,2019,2019-09-30,20030,ALXO
273.0,Q3,2019,2019-09-30,20069,AM
273.0,Q3,2019,2019-10-31,20123,AMBA
273.0,Q3,2019,2019-09-30,20310,AMH
273.0,Q3,2019,2019-09-30,20530,AMR
273.0,Q3,2019,2019-09-30,20876,ANNX
273.0,Q3,2019,2019-09-30,20918,ANVS
273.0,Q3,2019,2019-09-30,21117,APG
273.0,Q3,2019,2019-09-30,21180,APLE
273.0,Q4,2019,2020-02-29,21203,APOG
273.0,Q3,2019,2019-09-30,21438,AQST
273.0,Q3,2019,2019-09-30,21546,ARCT
273.0,Q3,2019,2019-09-30,21822,ARQT
273.0,Q1,2025,2025-03-30,22277,ATI
273.0,Q3,2019,2019-09-30,22738,AVB
273.0,Q3,2019,2019-09-30,22818,AVIR
273.0,Q4,2022,2022-06-30,23277,AYTU
273.0,Q3,2019,2019-09-30,23491,BAX
273.0,Q3,2019,2019-09-30,23604,BBIO
273.0,Q3,2019,2019-11-02,23681,BBW
273.0,Q2,2020,2020-08-01,23680,BBW
273.0,Q1,2023,2023-04-30,23898,BCTX
273.0,Q3,2019,2019-09-30,24000,BDSX
273.0,Q3,2019,2019-09-30,24097,BEAM
273.0,Q3,2019,2019-09-30,24241,BGLC
273.0,Q3,2019,2019-09-30,24656,BKSY
273.0,Q3,2019,2019-09-30,24879,BLNK
273.0,Q3,2019,2019-09-30,25091,BNGO
273.0,Q4,2019,2019-07-31,25295,BRC
273.0,Q3,2019,2019-09-30,25380,BRSP
273.0,Q3,2019,2019-09-30,25538,BSY
273.0,Q3,2019,2019-09-30,25623,BTU
273.0,Q3,2019,2019-11-02,25647,BURL
273.0,Q4,2019,2019-09-30,25930,BZH
273.0,Q3,2019,2019-09-30,25954,CABA
273.0,Q3,2019,2019-09-30,26217,CARR
273.0,Q3,2019,2019-09-30,26531,CCCC
273.0,Q3,2019,2019-09-30,26554,CCI
273.0,Q4,2019,2019-09-28,27154,CENT
273.0,Q4,2019,2019-09-28,27181,CENTA
273.0,Q2,2023,2023-06-30,27302,CGC
273.0,Q3,2023,2023-09-30,28134,CLVT
273.0,Q2,2022,2022-07-31,28660,CNM
273.0,Q3,2019,2019-09-30,29018,COLL
273.0,Q3,2019,2019-09-30,29044,COLM
273.0,Q4,2019,2019-07-28,29361,CPB
273.0,Q3,2019,2019-09-30,29510,CPRX
273.0,Q3,2019,2019-09-30,29563,CPT
273.0,Q3,2019,2019-10-31,29846,CRM
273.0,Q3,2019,2019-09-30,30072,CRSR
273.0,Q3,2019,2019-09-30,30551,CTO
273.0,Q3,2019,2019-09-30,30585,CTOS
273.0,Q3,2019,2019-09-30,30610,CTRE
273.0,Q3,2019,2019-09-30,30636,CTS
273.0,Q3,2019,2019-09-30,30690,CTVA
273.0,Q3,2019,2019-09-30,30741,CUBE
273.0,Q1,2021,2021-02-28,72760,CUK
273.0,Q2,2021,2021-07-31,30778,CURV
273.0,Q2,2023,2023-09-30,30814,CVCO
273.0,Q3,2019,2019-09-30,30855,CVGI
273.0,Q3,2019,2019-09-30,31145,CWK
273.0,Q3,2019,2019-09-30,31321,CYCN
273.0,Q1,2021,2021-06-30,31380,CYRX
273.0,Q1,2025,2025-06-30,3312,CYRX
273.0,Q4,2019,2020-02-01,31653,DBI
273.0,Q3,2019,2019-09-30,31882,DDOG
273.0,Q3,2024,2023-11-03,31991,DELL
273.0,Q4,2019,2019-09-30,32193,DHI
273.0,Q3,2022,2022-09-30,32207,DHR
273.0,Q4,2019,2019-09-28,32361,DIS
273.0,Q2,2022,2022-07-31,32520,DLTH
273.0,Q3,2019,2019-09-30,32604,DMAC
273.0,Q4,2021,2022-01-02,32764,DNUT
273.0,Q3,2019,2019-09-30,32790,DOC
273.0,Q3,2019,2019-10-31,32850,DOCU
273.0,Q3,2019,2019-10-31,32875,DOMO
273.0,Q3,2019,2019-09-30,32944,DOV
273.0,Q3,2019,2019-09-30,32969,DOW
273.0,Q3,2019,2019-09-30,33193,DTIL
273.0,Q4,2018,2019-02-28,33716,EBF
273.0,Q1,2025,2025-06-30,3910,EEFT
273.0,Q3,2023,2022-09-30,34116,ELAB
273.0,Q3,2019,2019-09-30,34139,ELAN
273.0,Q2,2019,2019-09-30,34192,ELF
273.0,Q3,2019,2019-09-30,34215,ELME
273.0,Q4,2019,2019-09-30,34480,ENR
273.0,Q4,2018,2019-03-31,34504,ENS
273.0,Q3,2019,2019-09-30,34867,EPRT
273.0,Q3,2019,2019-09-30,34891,EPSN
273.0,Q3,2019,2019-09-30,34914,EQ
273.0,Q3,2019,2019-09-30,35194,ESPR
273.0,Q3,2019,2019-09-30,35246,ESS
273.0,Q3,2019,2019-09-30,35373,ETON
273.0,Q3,2019,2019-09-30,35945,EXR
273.0,Q3,2024,2024-09-28,35976,EYE
273.0,Q2,2019,2019-06-30,36023,EYPT
273.0,Q3,2019,2019-09-30,36178,FBRT
273.0,Q3,2019,2019-09-30,36603,FHTX
273.0,Q1,2025,2025-02-28,4630,FNGR
273.0,Q3,2019,2019-09-30,37121,FNKO
273.0,Q4,2019,2019-09-30,37146,FOR
273.0,Q3,2019,2019-09-30,37226,FOUR
273.0,Q3,2019,2019-09-30,37412,FROG
273.0,Q3,2022,2022-09-30,37451,FRSH
273.0,Q3,2019,2019-09-30,37506,FSLY
273.0,Q3,2019,2019-09-30,37586,FTDR
273.0,Q3,2019,2019-09-30,37729,FUBO
273.0,Q3,2019,2019-09-30,37780,FULC
273.0,Q3,2022,2022-09-25,37880,FWRG
273.0,Q3,2019,2019-09-30,38032,GBTG
273.0,Q2,2021,2021-07-31,38047,GCO
273.0,Q3,2022,2022-09-30,38096,GCTS
273.0,Q3,2019,2019-09-30,38203,GDRX
273.0,Q3,2019,2019-09-30,38226,GDYN
273.0,Q1,2023,2023-06-30,38330,GEN
273.0,Q3,2019,2019-09-30,38530,GH
273.0,Q3,2019,2019-10-31,38603,GIII
273.0,Q3,2023,2022-09-30,38667,GITS
273.0,Q3,2019,2019-09-30,38718,GLPI
273.0,Q4,2019,2020-02-01,38811,GME
273.0,Q3,2019,2019-09-30,38893,GNL
273.0,Q4,2019,2019-12-28,39004,GO
273.0,Q3,2019,2019-09-30,39086,GOOD
273.0,Q3,2019,2019-09-30,39165,GOSS
273.0,Q3,2019,2019-09-30,39779,GTX
273.0,Q3,2019,2019-09-30,39836,GVA
273.0,Q3,2019,2019-09-30,40185,HCAT
273.0,Q3,2019,2019-09-30,40376,HE
273.0,Q4,2018,2019-02-28,40431,HELE
273.0,Q3,2019,2019-09-30,40478,HGV
273.0,Q3,2019,2019-09-30,40583,HIW
273.0,Q4,2018,2018-12-29,40731,HLMN
273.0,Q3,2022,2022-09-24,40720,HLMN
273.0,Q4,2019,2019-10-31,40937,HOV
273.0,Q4,2019,2019-09-30,40986,HP
273.0,Q3,2019,2019-09-30,41038,HPK
273.0,Q3,2019,2019-10-31,41114,HQY
273.0,Q3,2019,2019-09-30,41242,HRMY
273.0,Q4,2019,2020-03-29,41723,HWKN
273.0,Q4,2024,2025-03-30,41708,HWKN
273.0,Q3,2019,2019-09-30,42076,ICUI
273.0,Q3,2022,2022-09-30,42116,IDAI
273.0,Q3,2019,2019-09-30,42440,IIPR
273.0,Q3,2019,2019-09-30,42511,ILPT
273.0,Q3,2019,2019-09-30,42639,IMNM
273.0,Q3,2019,2019-09-30,42727,IMXI
273.0,Q4,2021,2021-06-30,42760,INBS
273.0,Q4,2022,2022-06-30,42884,INM
273.0,Q3,2019,2019-09-30,42914,INMB
273.0,Q3,2019,2019-09-30,43588,IRTC
273.0,Q3,2022,2022-09-30,43839,IVDA
273.0,Q3,2019,2019-09-30,43893,IVT
273.0,Q3,2019,2019-09-30,44086,JBGS
273.0,Q4,2019,2019-09-30,44250,JCI
273.0,Q3,2023,2023-09-30,44260,JELD
273.0,Q2,2022,2022-06-30,44609,KD
273.0,Q2,2025,2025-06-30,6361,KD
273.0,Q4,2019,2019-09-28,44913,KLIC
273.0,Q3,2019,2019-10-31,44973,KLXE
273.0,Q3,2019,2019-09-30,45248,KOD
273.0,Q3,2022,2022-09-30,45672,KSCP
273.0,Q3,2020,2020-10-31,45693,KSS
273.0,Q3,2021,2021-09-30,45993,LASE
273.0,Q3,2023,2023-05-31,46424,LEXX
273.0,Q4,2023,2023-05-28,46448,LFCR
273.0,Q3,2019,2019-09-30,46588,LGIH
273.0,Q4,2020,2021-01-31,47259,LOVE
273.0,Q3,2023,2022-09-30,47452,LRHC
273.0,Q3,2019,2019-09-30,47647,LTRN
273.0,Q3,2019,2019-09-30,47797,LUNG
273.0,Q3,2019,2019-09-30,48062,LYFT
273.0,Q3,2019,2019-11-02,48204,M
273.0,Q3,2024,2024-11-02,48187,M
273.0,Q3,2019,2019-09-30,48231,MAA
273.0,Q3,2019,2019-09-30,48388,MAPS
273.0,Q3,2019,2019-09-30,48486,MAT
273.0,Q3,2023,2023-09-30,48632,MBLY
273.0,Q3,2019,2019-09-30,48901,MD
273.0,Q3,2019,2019-10-31,48939,MDB
273.0,Q3,2019,2019-09-30,49061,MDU
273.0,Q3,2019,2019-09-30,49085,MDXG
273.0,Q3,2019,2019-09-30,49188,MELI
273.0,Q3,2019,2019-09-30,49214,MERC
273.0,Q3,2019,2019-09-30,49324,MFA
273.0,Q3,2019,2019-10-31,49680,MIND
273.0,Q3,2019,2019-09-30,49731,MIST
273.0,Q3,2019,2019-09-30,49755,MITT
273.0,Q3,2022,2022-09-30,50104,MNTS
273.0,Q3,2019,2019-10-31,50242,MOV
273.0,Q2,2021,2021-07-31,50540,MRVL
273.0,Q4,2019,2019-07-31,50912,MTN
273.0,Q1,2022,2022-09-30,51353,MYGN
273.0,Q1,2023,2023-09-30,51350,MYGN
273.0,Q3,2019,2019-09-30,51895,NET
273.0,Q3,2019,2019-09-30,51947,NFE
273.0,Q3,2019,2019-09-30,52695,NRDY
273.0,Q2,2023,2022-10-28,52847,NTAP
273.0,Q4,2019,2019-07-31,52970,NTNX
273.0,Q3,2019,2019-09-30,53022,NTST
273.0,Q3,2019,2019-09-30,53402,NWN
273.0,Q3,2022,2022-09-30,53601,NXXT
273.0,Q3,2019,2019-09-30,53655,O
273.0,Q3,2019,2019-09-30,53765,OCGN
273.0,Q3,2019,2019-09-30,53945,OHI
273.0,Q3,2019,2019-09-30,53970,OI
273.0,Q3,2019,2019-10-31,54092,OKTA
273.0,Q3,2019,2019-09-30,54186,OLN
273.0,Q3,2019,2019-09-30,54210,OM
273.0,Q4,2020,2020-12-26,54460,ONTO
273.0,Q3,2019,2019-10-31,54491,OOMA
273.0,Q3,2019,2019-09-30,54533,OPCH
273.0,Q3,2019,2019-09-30,54765,ORIC
273.0,Q3,2019,2019-09-30,54944,OSS
273.0,Q3,2019,2019-09-30,55049,OTIS
273.0,Q4,2019,2020-02-01,55188,OXM
273.0,Q3,2019,2019-09-30,55299,PACK
273.0,Q3,2019,2019-09-30,55410,PANL
273.0,Q4,2019,2019-07-31,55435,PANW
273.0,Q3,2019,2019-09-30,55905,PCVX
273.0,Q3,2019,2019-09-30,56099,PEGA
273.0,Q4,2020,2020-08-28,56145,PENG
273.0,Q4,2021,2021-08-27,56143,PENG
273.0,Q2,2023,2022-12-31,56283,PFGC
273.0,Q2,2025,2024-12-28,56278,PFGC
273.0,Q3,2019,2019-09-30,56597,PINS
273.0,Q3,2019,2019-09-30,56844,PLRX
273.0,Q3,2019,2019-09-30,56915,PLTR
273.0,Q3,2019,2019-09-30,57042,PMVP
273.0,Q3,2019,2019-09-30,57176,POOL
273.0,Q2,2023,2023-06-30,57296,POWW
273.0,Q3,2019,2019-09-30,57571,PRG
273.0,Q3,2019,2019-09-30,57877,PRTH
273.0,Q3,2019,2019-09-30,58004,PSN
273.0,Q3,2022,2022-09-25,58238,PTLO
273.0,Q4,2019,2019-09-29,58498,QCOM
273.0,Q4,2022,2023-01-01,58510,QDEL
273.0,Q3,2019,2019-09-30,58583,QNCX
273.0,Q2,2019,2019-06-30,58862,QUIK
273.0,Q4,2022,2022-04-02,59064,RBC
273.0,Q4,2022,2022-04-30,59132,RCAT
273.0,Q1,2023,2023-09-30,59149,RCEL
273.0,Q3,2019,2019-09-30,59182,RCKT
273.0,Q3,2019,2019-09-30,59366,REAL
273.0,Q3,2022,2022-09-30,59483,RELY
273.0,Q3,2019,2019-09-30,59647,REYN
273.0,Q3,2019,2019-09-30,59668,REZI
273.0,Q1,2023,2023-09-30,59705,RGLD
273.0,Q3,2019,2019-09-30,60037,RLAY
273.0,Q1,2021,2021-09-30,60077,RLMD
273.0,Q1,2022,2022-09-30,60074,RLMD
273.0,Q1,2023,2023-09-30,60071,RLMD
273.0,Q2,2021,2021-06-30,60359,ROIV
273.0,Q3,2019,2019-11-02,60491,ROST
273.0,Q3,2019,2019-09-30,60517,RPAY
273.0,Q3,2019,2019-09-30,60595,RPRX
273.0,Q3,2019,2019-09-30,60618,RPT
273.0,Q3,2019,2019-09-30,60648,RRC
273.0,Q3,2019,2019-09-30,60913,RVLV
273.0,Q3,2019,2019-09-30,60936,RVMD
273.0,Q3,2019,2019-09-30,61061,RXT
273.0,Q3,2019,2019-09-30,61274,SAIA
273.0,Q3,2019,2019-09-28,61325,SAM
273.0,Q4,2019,2019-09-30,61469,SBH
273.0,Q3,2019,2019-09-30,61732,SDGR
273.0,Q3,2022,2022-09-30,61886,SERV
273.0,Q3,2019,2019-09-30,62152,SHOO
273.0,Q3,2019,2019-09-30,62191,SHW
273.0,Q3,2019,2019-09-30,62227,SIGA
273.0,Q2,2023,2023-09-30,62406,SKY
273.0,Q3,2019,2019-09-30,62699,SLGN
273.0,Q2,2025,2025-03-29,62834,SMG
273.0,Q1,2019,2019-04-28,62988,SMTC
273.0,Q1,2025,2025-03-30,63313,SON
273.0,Q4,2019,2019-09-28,63360,SONO
273.0,Q3,2019,2019-09-30,63429,SPCE
273.0,Q3,2019,2019-09-30,63567,SPRU
273.0,Q3,2019,2019-09-30,63633,SPT
273.0,Q3,2019,2019-09-30,63863,SRPT
273.0,Q2,2019,2019-06-30,63911,SRTA
273.0,Q3,2019,2019-09-30,63961,SSD
273.0,Q4,2018,2019-02-28,64471,STZ
273.0,Q3,2019,2019-09-30,64495,SUN
273.0,Q4,2019,2019-09-27,64701,SWKS
273.0,Q3,2019,2019-09-30,65055,TARS
273.0,Q4,2019,2019-09-27,65525,TEL
273.0,Q3,2019,2019-09-30,65550,TELA
273.0,Q1,2025,2025-03-30,65639,TFX
273.0,Q3,2019,2019-09-30,65747,TH
273.0,Q4,2019,2019-07-31,65800,THO
273.0,Q3,2019,2019-09-30,65852,THRY
273.0,Q3,2019,2019-10-31,65918,TITN
273.0,Q3,2020,2020-10-31,65938,TJX
273.0,Q3,2019,2019-09-30,66139,TMUS
273.0,Q3,2019,2019-09-27,66718,TRMB
273.0,Q3,2019,2019-09-30,66744,TRN
273.0,Q3,2019,2019-09-30,66770,TRNO
273.0,Q4,2019,2020-03-28,66796,TRNS
273.0,Q3,2019,2019-09-30,66862,TRS
273.0,Q3,2019,2019-09-30,66951,TRVI
273.0,Q3,2019,2019-09-30,67265,TTMI
273.0,Q3,2019,2019-09-30,67398,TWO
273.0,Q4,2019,2019-09-30,67424,TWST
273.0,Q3,2019,2019-09-30,67624,TZOO
273.0,Q3,2019,2019-09-30,67648,U
273.0,Q3,2019,2019-09-30,67747,UBER
273.0,Q3,2019,2019-11-02,68031,ULTA
273.0,Q3,2019,2019-09-30,68279,UPWK
273.0,Q3,2019,2019-10-31,68316,URBN
273.0,Q4,2022,2022-12-31,68494,USNA
273.0,Q4,2019,2019-09-30,68586,UTI
273.0,Q3,2021,2021-10-03,68604,UTZ
273.0,Q2,2021,2021-06-30,68735,VATE
273.0,Q1,2021,2021-09-30,68782,VCEL
273.0,Q1,2022,2022-09-30,68779,VCEL
273.0,Q1,2023,2023-09-30,68776,VCEL
273.0,Q3,2019,2019-10-31,68886,VEEV
273.0,Q4,2019,2019-09-30,68969,VERU
273.0,Q3,2019,2019-09-30,68994,VERX
273.0,Q3,2019,2019-09-30,69036,VFF
273.0,Q3,2019,2019-09-30,69086,VICI
273.0,Q4,2020,2020-12-27,69156,VITL
273.0,Q3,2019,2019-09-30,69367,VNDA
273.0,Q3,2019,2019-09-30,69393,VNO
273.0,Q3,2019,2019-09-30,69572,VRRM
273.0,Q3,2019,2019-09-30,69652,VRT
273.0,Q3,2023,2023-09-30,69771,VSTD
273.0,Q2,2021,2021-06-30,69820,VTGN
273.0,Q3,2019,2019-10-31,70231,WDAY
273.0,Q3,2019,2019-09-30,70581,WHLR
273.0,Q3,2019,2019-09-30,70740,WKHS
273.0,Q3,2022,2022-09-30,70780,WLDN
273.0,Q3,2019,2019-10-31,70976,WMT
273.0,Q2,2021,2021-07-31,71020,WOOF
273.0,Q3,2019,2019-09-30,71097,WRAP
273.0,Q1,2025,2025-02-28,71120,WS
273.0,Q3,2021,2021-10-31,71141,WSM
273.0,Q3,2019,2019-09-30,71201,WST
273.0,Q3,2023,2023-09-30,71480,XERS
273.0,Q3,2019,2019-09-30,71538,XGN
273.0,Q3,2019,2019-09-30,71561,XHR
273.0,Q3,2019,2019-09-30,71706,XPEL
273.0,Q3,2019,2019-09-30,71858,XRX
273.0,Q3,2019,2019-09-30,71986,YELP
273.0,Q3,2019,2019-09-28,72009,YETI
273.0,Q3,2019,2019-09-30,72318,ZNTL
272.0,Q3,2018,2018-09-30,26583,CCK
272.0,Q3,2023,2023-09-30,59757,RGR
271.0,Q2,2023,2023-06-30,48267,MAGN
271.0,Q3,2024,2024-09-27,69235,VLTO
262.0,Q4,2018,2019-03-19,54998,OSW
259.0,Q4,2023,2023-12-31,26312,CAVA
254.0,Q4,2020,2020-09-10,68902,VELO
253.0,Q2,2022,2022-06-30,49693,MIR
243.0,Q1,2022,2022-03-31,19044,AHR
243.0,Q4,2021,2021-05-31,66011,TLRY
243.0,Q2,2020,2020-06-30,69846,VTOL
242.0,Q3,2019,2019-09-30,27589,CHPT
219.0,Q4,2023,2023-05-09,45783,KVUE
214.0,Q2,2026,2025-10-31,1830,BNC
212.0,Q1,2025,2025-03-31,25860,BYRN
211.0,Q1,2019,2019-03-31,68664,VAC
210.0,Q1,2025,2024-11-30,1411,AZO
208.0,Q1,2025,2025-01-31,6213,JACK
203.0,Q4,2021,2021-10-20,49694,MIR
202.0,Q1,2021,2021-03-31,68900,VELO
196.0,Q2,2024,2024-07-14,26311,CAVA
196.0,Q1,2025,2024-11-24,29212,COST
196.0,Q1,2024,2024-03-24,32976,DPZ
196.0,Q1,2025,2025-03-23,32973,DPZ
196.0,Q1,2025,2025-03-22,56185,PEP
195.0,Q3,2019,2019-09-30,54997,OSW
189.0,Q4,2022,2023-03-31,19521,ALGM
189.0,Q1,2024,2024-05-04,22034,ASO
189.0,Q1,2021,2021-04-03,23746,BC
189.0,Q1,2023,2023-04-04,26089,CAKE
189.0,Q4,2022,2022-12-30,27469,CHEF
189.0,Q4,2022,2022-04-02,29450,CPRI
189.0,Q1,2025,2025-04-04,34410,ENOV
189.0,Q1,2025,2025-04-04,35085,ESAB
189.0,Q1,2025,2025-04-04,35741,EXEL
189.0,Q1,2025,2025-04-04,37278,FOXF
189.0,Q1,2025,2024-03-31,37783,FUN
189.0,Q4,2022,2022-12-31,44261,JELD
189.0,Q1,2024,2024-05-04,44279,JILL
189.0,Q1,2025,2025-04-04,44574,KBR
189.0,Q1,2025,2025-03-02,46395,LEVI
189.0,Q4,2023,2024-02-03,48188,M
189.0,Q1,2025,2025-01-03,50947,MTSI
189.0,Q1,2025,2025-04-04,54318,ON
189.0,Q1,2024,2024-05-05,56674,PLAY
189.0,Q1,2024,2024-05-04,56721,PLCE
189.0,Q1,2025,2024-12-29,58478,QCOM
189.0,Q4,2022,2022-04-02,60002,RL
189.0,Q4,2020,2021-01-31,62982,SMTC
189.0,Q1,2024,2024-05-04,63637,SPWH
189.0,Q1,2022,2022-04-04,67256,TTMI
189.0,Q1,2025,2024-11-02,68081,UNFI
189.0,Q4,2020,2021-01-03,68605,UTZ
189.0,Q1,2025,2025-04-04,69234,VLTO
189.0,Q1,2025,2025-01-03,69497,VREX
189.0,Q1,2025,2024-11-30,70490,WGO
189.0,Q1,2025,2025-04-04,70771,WLDN
189.0,Q4,2020,2021-01-02,72005,YETI
187.0,Q4,2021,2021-12-31,40703,HLLY
186.0,Q4,2025,2025-04-30,1275,AVAV
186.0,Q4,2019,2019-12-31,40688,HLIT
186.0,Q1,2021,2020-12-31,47705,LUCK
186.0,Q1,2025,2025-03-31,8029,NCMI
186.0,Q4,2019,2019-12-31,53292,NVST
186.0,Q4,2020,2020-12-31,55526,PATK
185.0,Q1,2025,2025-04-30,2460,CHWY
185.0,Q1,2020,2020-02-01,13889,CIEN
185.0,Q1,2025,2025-04-30,2687,CNM
185.0,Q1,2025,2025-03-31,4448,FDP
185.0,Q1,2025,2025-04-30,5379,HD
185.0,Q1,2025,2025-03-31,5455,HLIT
185.0,Q1,2025,2024-12-31,5834,IIIN
185.0,Q4,2019,2019-12-31,44271,JELD
185.0,Q1,2025,2025-04-30,7106,LULU
185.0,Q4,2018,2018-12-31,58005,PSN
185.0,Q4,2019,2019-12-31,59772,RGR
185.0,Q1,2025,2025-03-31,11056,STAA
185.0,Q1,2025,2025-03-31,11673,TRMB
185.0,Q1,2025,2025-04-30,12696,WSM
184.0,Q1,2025,2025-01-31,17235,A
184.0,Q4,2018,2018-12-31,17366,AAON
184.0,Q2,2022,2021-12-31,17463,ABAT
184.0,Q1,2025,2025-01-31,17558,ABM
184.0,Q4,2018,2018-12-31,17725,ABVC
184.0,Q4,2018,2018-12-31,17748,ACA
184.0,Q1,2025,2024-12-31,17947,ACM
184.0,Q4,2018,2018-12-31,18051,ACRE
184.0,Q1,2025,2024-12-31,18360,ADNT
184.0,Q4,2018,2018-12-31,18437,ADPT
184.0,Q4,2018,2019-01-31,18460,ADSK
184.0,Q1,2025,2024-08-31,18600,AEHR
184.0,Q4,2024,2024-12-31,419,AIFF
184.0,Q3,2022,2022-12-31,19107,AIHS
184.0,Q4,2019,2019-12-31,19160,AIOT
184.0,Q1,2025,2024-08-31,19185,AIR
184.0,Q4,2019,2019-12-31,19431,ALBT
184.0,Q4,2018,2018-12-31,19485,ALEC
184.0,Q4,2018,2018-12-31,19721,ALLE
184.0,Q4,2018,2018-12-31,19940,ALTG
184.0,Q4,2018,2019-01-31,20124,AMBA
184.0,Q4,2018,2018-12-31,20201,AMCX
184.0,Q4,2018,2018-12-31,20311,AMH
184.0,Q4,2021,2021-12-31,20394,AMOD
184.0,Q4,2021,2021-12-31,20405,AMPG
184.0,Q2,2022,2021-12-31,20602,AMST
184.0,Q1,2025,2024-08-31,20804,ANGO
184.0,Q1,2025,2024-12-31,21043,APD
184.0,Q4,2018,2018-12-31,21547,ARCT
184.0,Q4,2021,2021-12-31,21616,AREB
184.0,Q4,2019,2019-08-31,21870,ARTL
184.0,Q1,2025,2024-12-31,21952,ASH
184.0,Q4,2018,2018-12-31,22229,ATEN
184.0,Q4,2018,2018-12-31,22352,ATLX
184.0,Q1,2025,2024-12-31,22367,ATO
184.0,Q4,2020,2020-12-31,22432,ATPC
184.0,Q1,2025,2025-03-31,1226,ATRO
184.0,Q4,2022,2022-12-31,22556,AUID
184.0,Q1,2025,2025-03-31,1270,AVAH
184.0,Q4,2018,2018-12-31,22739,AVB
184.0,Q1,2021,2021-01-31,22916,AVO
184.0,Q1,2025,2025-01-31,22901,AVO
184.0,Q1,2025,2024-12-31,1350,AVXL
184.0,Q2,2019,2019-08-31,23515,BB
184.0,Q1,2025,2025-01-31,23556,BBCP
184.0,Q2,2022,2022-01-31,23901,BCTX
184.0,Q1,2026,2025-10-31,1551,BCTX
184.0,Q1,2025,2024-12-31,24025,BDX
184.0,Q4,2018,2018-12-31,24242,BGLC
184.0,Q1,2025,2025-03-31,1638,BGS
184.0,Q4,2021,2021-12-31,24372,BIAF
184.0,Q4,2021,2021-12-31,24506,BJDX
184.0,Q1,2025,2024-08-31,24967,BMRA
184.0,Q4,2018,2018-12-31,25017,BMRN
184.0,Q4,2019,2019-12-31,25065,BNC
184.0,Q1,2025,2024-12-31,25253,BRBR
184.0,Q1,2025,2024-10-31,25275,BRC
184.0,Q4,2018,2018-12-31,25381,BRSP
184.0,Q4,2025,2025-12-31,1968,BTCT
184.0,Q4,2022,2022-12-31,25589,BTMD
184.0,Q4,2018,2018-12-31,25624,BTU
184.0,Q1,2025,2024-12-31,25653,BV
184.0,Q3,2019,2019-08-31,25881,BYRN
184.0,Q1,2021,2020-12-31,25926,BZH
184.0,Q1,2025,2024-12-31,25911,BZH
184.0,Q4,2023,2023-12-31,26249,CART
184.0,Q1,2025,2024-12-31,26404,CBT
184.0,Q4,2018,2018-12-31,26555,CCI
184.0,Q4,2018,2018-12-31,26954,CDXS
184.0,Q4,2018,2018-12-31,27374,CHCT
184.0,Q4,2018,2018-12-31,27642,CHRS
184.0,Q1,2025,2024-12-31,27937,CLFD
184.0,Q4,2021,2021-08-31,28228,CMC
184.0,Q4,2021,2021-12-31,28386,CMP
184.0,Q1,2025,2024-10-31,28533,CMTL
184.0,Q4,2022,2022-12-31,28619,CNH
184.0,Q4,2023,2023-12-31,28818,COCH
184.0,Q1,2020,2019-12-31,28915,COHR
184.0,Q1,2022,2021-12-31,28909,COHR
184.0,Q4,2018,2018-12-31,29045,COLM
184.0,Q1,2025,2024-12-31,29117,COR
184.0,Q1,2025,2024-10-31,29464,CPRT
184.0,Q4,2018,2018-12-31,29511,CPRX
184.0,Q4,2018,2018-12-31,29720,CRDF
184.0,Q1,2025,2025-03-31,2957,CRI
184.0,Q4,2018,2019-01-31,29847,CRM
184.0,Q2,2024,2023-10-31,29882,CRMT
184.0,Q1,2025,2024-12-31,29904,CRNC
184.0,Q4,2018,2018-12-31,30049,CRSP
184.0,Q1,2025,2024-08-31,30427,CTAS
184.0,Q4,2020,2020-12-31,30467,CTEV
184.0,Q4,2024,2024-12-31,3135,CTOR
184.0,Q4,2018,2018-12-31,30586,CTOS
184.0,Q4,2018,2018-12-31,30691,CTVA
184.0,Q1,2025,2024-12-31,3166,CTXR
184.0,Q4,2018,2018-12-31,30742,CUBE
184.0,Q4,2018,2018-12-31,30856,CVGI
184.0,Q4,2018,2018-12-31,30938,CVNA
184.0,Q4,2018,2018-12-31,31121,CWH
184.0,Q4,2018,2018-12-31,31146,CWK
184.0,Q4,2023,2023-12-31,31153,CWST
184.0,Q4,2024,2024-12-31,31150,CWST
184.0,Q4,2018,2018-12-31,31322,CYCN
184.0,Q1,2025,2024-10-31,31725,DCI
184.0,Q1,2025,2024-12-31,32075,DGII
184.0,Q4,2018,2018-12-31,32125,DGX
184.0,Q1,2025,2024-12-31,32173,DHI
184.0,Q4,2018,2018-12-31,32605,DMAC
184.0,Q4,2021,2021-12-31,32670,DNA
184.0,Q4,2018,2018-12-31,32791,DOC
184.0,Q4,2018,2019-01-31,32851,DOCU
184.0,Q4,2018,2019-01-31,32876,DOMO
184.0,Q4,2018,2018-12-31,32970,DOW
184.0,Q4,2018,2018-12-31,33194,DTIL
184.0,Q2,2019,2019-08-31,33715,EBF
184.0,Q4,2020,2020-12-31,33885,EEFT
184.0,Q4,2018,2018-12-31,34193,ELF
184.0,Q1,2022,2021-12-31,34274,EMBC
184.0,Q1,2025,2024-12-31,34263,EMBC
184.0,Q1,2025,2024-12-31,34350,EMR
184.0,Q1,2021,2020-12-31,34476,ENR
184.0,Q1,2025,2024-12-31,34461,ENR
184.0,Q1,2025,2024-12-31,34561,ENTA
184.0,Q4,2018,2018-12-31,34683,EOLS
184.0,Q1,2025,2024-12-31,34764,EPC
184.0,Q4,2018,2018-12-31,34892,EPSN
184.0,Q1,2025,2024-12-31,35098,ESE
184.0,Q4,2024,2024-12-31,4181,ESOA
184.0,Q2,2020,2019-10-31,35270,ESTC
184.0,Q4,2018,2018-12-31,35946,EXR
184.0,Q1,2025,2025-03-31,4364,EYE
184.0,Q1,2025,2025-01-31,36207,FCEL
184.0,Q1,2025,2024-08-31,36389,FDX
184.0,Q2,2025,2025-01-31,4479,FERG
184.0,Q1,2026,2025-10-31,4481,FERG
184.0,Q1,2025,2024-12-31,36544,FFIV
184.0,Q1,2020,2019-12-31,36625,FICO
184.0,Q1,2025,2024-12-31,36606,FICO
184.0,Q4,2018,2019-03-31,36796,FLEX
184.0,Q3,2023,2023-12-31,36779,FLEX
184.0,Q1,2025,2024-12-31,36857,FLNC
184.0,Q4,2018,2018-12-31,37122,FNKO
184.0,Q1,2025,2024-12-31,37126,FOR
184.0,Q1,2025,2025-03-31,4650,FOSL
184.0,Q4,2021,2021-12-31,37452,FRSH
184.0,Q4,2018,2018-12-31,37507,FSLY
184.0,Q4,2018,2018-12-31,37587,FTDR
184.0,Q4,2018,2018-12-31,37694,FTNT
184.0,Q4,2018,2018-12-31,38227,GDYN
184.0,Q1,2026,2025-12-31,4912,GEF
184.0,Q1,2025,2024-12-31,38378,GEOS
184.0,Q1,2025,2024-12-31,38453,GFF
184.0,Q4,2018,2019-01-31,38604,GIII
184.0,Q1,2025,2025-03-31,5083,GO
184.0,Q4,2018,2018-12-31,39166,GOSS
184.0,Q4,2018,2018-12-31,39837,GVA
184.0,Q1,2025,2024-10-31,39857,GWRE
184.0,Q4,2018,2018-12-31,40186,HCAT
184.0,Q1,2025,2025-01-31,40381,HEI
184.0,Q2,2019,2019-08-31,40430,HELE
184.0,Q4,2018,2018-12-31,40479,HGV
184.0,Q4,2018,2018-12-31,40584,HIW
184.0,Q1,2025,2025-03-31,5482,HNI
184.0,Q4,2025,2025-12-31,5505,HOLO
184.0,Q1,2021,2021-01-31,40933,HOV
184.0,Q1,2025,2024-12-31,40966,HP
184.0,Q1,2025,2025-01-31,40991,HPE
184.0,Q1,2025,2025-01-31,41066,HPQ
184.0,Q4,2018,2019-01-31,41115,HQY
184.0,Q2,2023,2022-12-31,41154,HRB
184.0,Q2,2022,2021-12-31,41624,HURA
184.0,Q4,2021,2021-12-31,41792,HYPD
184.0,Q1,2025,2024-12-31,41825,HZO
184.0,Q4,2021,2021-12-31,42117,IDAI
184.0,Q1,2025,2024-10-31,42176,IDT
184.0,Q1,2025,2024-12-31,42256,IESC
184.0,Q1,2019,2018-12-31,42414,IIIV
184.0,Q1,2025,2024-12-31,42392,IIIV
184.0,Q4,2018,2018-12-31,42441,IIPR
184.0,Q4,2018,2018-12-31,42512,ILPT
184.0,Q4,2018,2018-12-31,42537,IMAX
184.0,Q2,2022,2021-12-31,42759,INBS
184.0,Q2,2023,2022-12-31,42883,INM
184.0,Q4,2018,2018-12-31,42915,INMB
184.0,Q1,2025,2024-12-31,43665,ISSC
184.0,Q4,2021,2021-12-31,43840,IVDA
184.0,Q4,2018,2018-12-31,43894,IVT
184.0,Q1,2025,2025-03-31,6250,JBI
184.0,Q1,2025,2024-12-31,44230,JCI
184.0,Q3,2025,2025-06-30,6291,JJSF
184.0,Q4,2020,2020-12-31,44452,JSPR
184.0,Q1,2025,2025-03-31,6333,KAI
184.0,Q3,2019,2019-08-31,44568,KBH
184.0,Q1,2025,2025-01-31,44697,KEYS
184.0,Q4,2018,2018-12-31,45002,KMB
184.0,Q2,2019,2019-08-31,45080,KMX
184.0,Q1,2025,2025-03-31,6519,KOPN
184.0,Q4,2018,2018-12-31,45537,KRMD
184.0,Q4,2019,2019-12-31,45611,KRRO
184.0,Q4,2021,2021-12-31,45673,KSCP
184.0,Q1,2025,2025-03-31,6611,KTB
184.0,Q4,2023,2023-12-31,45790,KVYO
184.0,Q4,2022,2022-08-31,46425,LEXX
184.0,Q4,2018,2018-12-31,46745,LILA
184.0,Q4,2019,2019-12-31,46767,LILAK
184.0,Q4,2018,2018-12-31,46959,LKQ
184.0,Q2,2022,2021-12-31,47053,LNAI
184.0,Q1,2025,2024-12-31,47396,LQDT
184.0,Q4,2022,2022-12-31,47867,LVWR
184.0,Q4,2021,2021-12-31,47911,LWLG
184.0,Q4,2023,2023-12-31,47927,LXEO
184.0,Q4,2018,2018-12-31,48063,LYFT
184.0,Q4,2018,2018-12-31,48232,MAA
184.0,Q4,2025,2025-12-31,73131,MASI
184.0,Q4,2018,2018-12-31,48487,MAT
184.0,Q1,2025,2024-12-31,48517,MATW
184.0,Q4,2023,2023-12-31,48907,MDAI
184.0,Q4,2018,2018-12-31,49062,MDU
184.0,Q4,2018,2018-12-31,49086,MDXG
184.0,Q4,2018,2018-12-31,49325,MFA
184.0,Q4,2018,2018-12-31,49434,MGNI
184.0,Q4,2018,2019-01-31,49681,MIND
184.0,Q4,2018,2018-12-31,49732,MIST
184.0,Q4,2025,2025-12-31,7586,MLGO
184.0,Q1,2025,2024-12-31,49964,MMS
184.0,Q4,2023,2023-12-31,50021,MNR
184.0,Q4,2021,2021-12-31,50105,MNTS
184.0,Q1,2025,2025-03-31,7817,MSI
184.0,Q1,2025,2024-10-31,50893,MTN
184.0,Q4,2021,2021-12-31,51011,MTVA
184.0,Q1,2023,2022-12-31,51226,MWA
184.0,Q1,2025,2024-12-31,51219,MWA
184.0,Q4,2018,2018-12-31,51599,NCLH
184.0,Q1,2025,2025-01-31,51698,NDSN
184.0,Q4,2025,2025-12-31,8067,NEGG
184.0,Q1,2025,2024-08-31,51812,NEOG
184.0,Q4,2018,2018-12-31,51948,NFE
184.0,Q1,2025,2024-12-31,51952,NFG
184.0,Q1,2020,2019-12-31,52073,NGVC
184.0,Q1,2025,2024-12-31,52056,NGVC
184.0,Q4,2020,2020-12-31,52168,NIXX
184.0,Q1,2025,2024-12-31,52178,NJR
184.0,Q1,2025,2024-08-31,52207,NKE
184.0,Q4,2023,2023-12-31,52699,NRGV
184.0,Q3,2019,2019-08-31,52732,NRIX
184.0,Q1,2025,2024-10-31,52950,NTNX
184.0,Q1,2025,2025-03-31,8379,NUE
184.0,Q4,2018,2018-12-31,53403,NWN
184.0,Q1,2025,2025-01-31,53464,NX
184.0,Q4,2019,2019-12-31,53532,NXPI
184.0,Q4,2021,2021-12-31,53602,NXXT
184.0,Q4,2018,2018-12-31,53656,O
184.0,Q1,2025,2025-01-31,8543,OCC
184.0,Q4,2018,2018-12-31,53793,OCUL
184.0,Q4,2018,2018-12-31,53946,OHI
184.0,Q4,2018,2018-12-31,54187,OLN
184.0,Q4,2024,2024-12-31,8675,OMEX
184.0,Q1,2025,2024-12-31,54411,ONEW
184.0,Q4,2018,2019-01-31,54492,OOMA
184.0,Q1,2025,2024-08-31,54691,ORCL
184.0,Q4,2022,2022-12-31,54878,OSK
184.0,Q4,2023,2023-12-31,54875,OSK
184.0,Q4,2018,2018-12-31,55300,PACK
184.0,Q4,2018,2018-12-31,55411,PANL
184.0,Q1,2025,2024-10-31,55415,PANW
184.0,Q1,2025,2024-08-31,55605,PAYX
184.0,Q4,2021,2021-12-31,56017,PDYN
184.0,Q4,2022,2022-12-31,56015,PDYN
184.0,Q4,2018,2018-12-31,56598,PINS
184.0,Q1,2025,2024-12-31,57210,POST
184.0,Q1,2025,2024-12-31,57266,POWL
184.0,Q4,2024,2024-12-31,9487,PROP
184.0,Q4,2018,2018-12-31,57774,PRPL
184.0,Q4,2018,2018-12-31,57953,PSIX
184.0,Q1,2025,2024-12-31,58094,PTC
184.0,Q4,2018,2018-12-31,58584,QNCX
184.0,Q4,2022,2022-12-31,58591,QNRX
184.0,Q4,2019,2019-12-31,58835,QUBT
184.0,Q4,2024,2024-12-31,9747,QUIK
184.0,Q4,2021,2021-12-31,59484,RELY
184.0,Q3,2019,2019-10-31,59594,REX
184.0,Q4,2018,2018-12-31,59624,REXR
184.0,Q4,2020,2020-12-31,59662,REZI
184.0,Q1,2025,2025-03-31,9939,REZI
184.0,Q1,2025,2024-12-31,60199,RMR
184.0,Q1,2025,2024-12-31,60364,ROK
184.0,Q4,2018,2018-12-31,60518,RPAY
184.0,Q1,2022,2021-08-31,60562,RPM
184.0,Q1,2025,2024-08-31,60551,RPM
184.0,Q4,2018,2018-12-31,60619,RPT
184.0,Q4,2018,2018-12-31,60914,RVLV
184.0,Q1,2025,2024-12-31,61449,SBH
184.0,Q4,2018,2018-12-31,61497,SBRA
184.0,Q1,2025,2024-08-31,61559,SCHL
184.0,Q4,2025,2025-12-31,10413,SCNI
184.0,Q2,2024,2023-12-31,61814,SEGG
184.0,Q4,2023,2023-12-31,61882,SERV
184.0,Q4,2018,2018-12-31,62153,SHOO
184.0,Q4,2018,2018-12-31,62192,SHW
184.0,Q4,2018,2018-12-31,62254,SINT
184.0,Q4,2018,2018-12-31,62305,SITC
184.0,Q4,2024,2024-12-31,10690,SLE
184.0,Q1,2025,2025-03-31,10803,SNBR
184.0,Q1,2025,2025-01-31,63206,SNPS
184.0,Q4,2018,2018-12-31,63430,SPCE
184.0,Q4,2022,2022-12-31,63576,SPRY
184.0,Q1,2025,2024-12-31,63725,SR
184.0,Q4,2020,2020-12-31,64387,STTK
184.0,Q2,2019,2019-08-31,64470,STZ
184.0,Q4,2018,2018-12-31,64496,SUN
184.0,Q2,2020,2019-12-31,64853,SYNA
184.0,Q4,2018,2018-12-31,65166,TBPH
184.0,Q4,2023,2023-12-31,65433,TEAD
184.0,Q4,2018,2018-12-31,65748,TH
184.0,Q1,2025,2024-10-31,65780,THO
184.0,Q4,2018,2019-01-31,65919,TITN
184.0,Q4,2023,2023-12-31,65968,TKO
184.0,Q1,2025,2024-08-31,66005,TLRY
184.0,Q4,2018,2018-12-31,66196,TNDM
184.0,Q1,2025,2025-01-31,66352,TOL
184.0,Q4,2024,2024-12-31,11639,TRAW
184.0,Q4,2018,2018-12-31,66771,TRNO
184.0,Q4,2018,2018-12-31,66952,TRVI
184.0,Q1,2025,2024-12-31,67404,TWST
184.0,Q4,2018,2018-12-31,67625,TZOO
184.0,Q4,2018,2018-12-31,67748,UBER
184.0,Q1,2025,2024-12-31,67860,UGI
184.0,Q4,2018,2018-12-31,68060,UMH
184.0,Q4,2018,2018-12-31,68157,UNP
184.0,Q4,2018,2019-01-31,68317,URBN
184.0,Q2,2022,2021-10-31,68418,USAU
184.0,Q1,2025,2024-12-31,68566,UTI
184.0,Q4,2022,2022-12-31,68703,VANI
184.0,Q4,2019,2019-12-31,68787,VCEL
184.0,Q4,2018,2019-01-31,68887,VEEV
184.0,Q4,2021,2021-12-31,68898,VELO
184.0,Q1,2025,2024-12-31,12182,VERU
184.0,Q4,2023,2023-12-31,69236,VLTO
184.0,Q4,2018,2018-12-31,69394,VNO
184.0,Q4,2018,2018-12-31,69573,VRRM
184.0,Q4,2022,2022-12-31,69773,VSTD
184.0,Q1,2025,2024-12-31,69941,VVV
184.0,Q1,2025,2025-03-31,12464,WAT
184.0,Q4,2018,2019-01-31,70232,WDAY
184.0,Q4,2021,2021-12-31,70529,WGS
184.0,Q4,2018,2018-12-31,70741,WKHS
184.0,Q1,2025,2024-12-31,70882,WMG
184.0,Q1,2023,2022-08-31,71033,WOR
184.0,Q1,2025,2024-08-31,71026,WOR
184.0,Q4,2022,2022-12-31,71086,WRAP
184.0,Q1,2025,2025-03-31,12742,WWW
184.0,Q4,2018,2018-12-31,71562,XHR
184.0,Q4,2018,2018-12-31,71707,XPEL
184.0,Q4,2018,2018-12-31,71987,YELP
184.0,Q1,2025,2025-03-31,12887,YETI
184.0,Q1,2025,2024-10-31,72321,ZS
184.0,Q4,2023,2023-12-31,72406,ZURA
183.0,Q1,2024,2024-03-31,17294,AAL
183.0,Q1,2025,2024-09-30,17453,ABAT
183.0,Q3,2019,2019-09-30,17524,ABEO
183.0,Q1,2024,2024-03-31,17507,ABEO
183.0,Q1,2024,2024-03-31,17635,ABSI
183.0,Q1,2024,2024-03-31,17680,ABUS
183.0,Q3,2019,2019-09-30,17723,ABVC
183.0,Q1,2024,2024-03-31,17706,ABVC
183.0,Q1,2024,2024-03-31,17730,ACA
183.0,Q1,2024,2024-03-31,17866,ACHV
183.0,Q1,2025,2024-11-30,18002,ACN
183.0,Q3,2019,2019-09-30,18116,ACTG
183.0,Q1,2024,2024-03-31,18276,ADCT
183.0,Q1,2025,2024-09-30,18389,ADP
183.0,Q1,2020,2020-03-31,18643,AEI
183.0,Q1,2024,2024-03-31,18628,AEI
183.0,Q2,2019,2019-09-30,18694,AEMD
183.0,Q1,2024,2024-03-31,18825,AFCG
183.0,Q1,2024,2024-03-31,18869,AGEN
183.0,Q1,2024,2024-03-31,18943,AGNC
183.0,Q2,2019,2019-09-30,19005,AGYS
183.0,Q3,2019,2019-09-30,19029,AHCO
183.0,Q1,2024,2024-03-31,19037,AHR
183.0,Q1,2024,2024-03-31,19077,AIFF
183.0,Q2,2021,2020-09-30,19112,AIHS
183.0,Q1,2024,2024-03-31,19123,AIMD
183.0,Q1,2024,2024-03-31,19213,AIRJ
183.0,Q1,2025,2024-09-30,19252,AIT
183.0,Q1,2024,2024-03-31,19280,AIV
183.0,Q1,2024,2024-03-31,19362,AKR
183.0,Q1,2024,2024-03-31,19418,ALBT
183.0,Q1,2024,2024-03-31,19440,ALDX
183.0,Q1,2020,2020-03-31,19580,ALGS
183.0,Q1,2024,2024-03-31,19654,ALKS
183.0,Q3,2019,2019-09-30,19719,ALLE
183.0,Q1,2024,2024-03-31,19726,ALLO
183.0,Q3,2024,2024-09-30,19765,ALMU
183.0,Q1,2020,2020-03-31,20029,ALXO
183.0,Q1,2024,2024-03-31,20053,AM
183.0,Q1,2024,2024-03-31,20131,AMC
183.0,Q1,2019,2018-09-30,20176,AMCR
183.0,Q1,2025,2024-09-30,20156,AMCR
183.0,Q3,2019,2019-09-30,20199,AMCX
183.0,Q1,2024,2024-03-31,20347,AMLX
183.0,Q3,2022,2022-09-30,20392,AMOD
183.0,Q1,2024,2024-03-31,20387,AMOD
183.0,Q3,2019,2019-09-30,20739,ANAB
183.0,Q1,2020,2020-03-31,20875,ANNX
183.0,Q1,2024,2024-03-31,20860,ANNX
183.0,Q1,2024,2024-03-31,20880,ANRO
183.0,Q1,2020,2020-03-31,20917,ANVS
183.0,Q1,2025,2024-09-30,20996,AOSL
183.0,Q1,2020,2020-03-31,21116,APG
183.0,Q2,2019,2019-09-30,21307,APPS
183.0,Q1,2024,2024-03-31,21368,AQB
183.0,Q1,2024,2024-03-31,21394,AQMS
183.0,Q3,2019,2019-09-30,21622,AREB
183.0,Q1,2020,2020-03-31,21646,AREC
183.0,Q1,2024,2024-03-31,21631,AREC
183.0,Q1,2020,2020-03-31,21821,ARQT
183.0,Q1,2024,2024-03-31,21806,ARQT
183.0,Q3,2020,2020-05-31,21868,ARTL
183.0,Q3,2018,2018-09-30,21899,ARVN
183.0,Q3,2019,2019-09-30,21897,ARVN
183.0,Q3,2024,2024-09-30,22132,ASTI
183.0,Q3,2019,2019-09-30,22227,ATEN
183.0,Q2,2019,2019-09-30,22273,ATEX
183.0,Q1,2024,2024-03-31,22395,ATOM
183.0,Q1,2024,2024-03-31,22420,ATPC
183.0,Q1,2024,2024-03-31,22472,ATRA
183.0,Q3,2023,2023-09-30,22554,AUID
183.0,Q1,2024,2024-03-31,22553,AUID
183.0,Q1,2024,2024-03-31,22629,AUTL
183.0,Q1,2024,2024-03-31,22637,AUUD
183.0,Q1,2020,2020-03-31,22817,AVIR
183.0,Q1,2024,2024-03-31,22802,AVIR
183.0,Q1,2024,2024-03-31,22849,AVNT
183.0,Q1,2024,2024-03-31,22996,AVTX
183.0,Q1,2025,2024-11-30,23244,AYI
183.0,Q1,2024,2023-09-30,23273,AYTU
183.0,Q1,2024,2024-03-31,23373,BAER
183.0,Q2,2019,2019-09-30,23402,BAH
183.0,Q1,2020,2020-05-31,23513,BB
183.0,Q1,2024,2024-05-31,23498,BB
183.0,Q2,2019,2019-09-30,23550,BBBY
183.0,Q1,2024,2024-03-31,23785,BCDA
183.0,Q1,2020,2020-03-31,23999,BDSX
183.0,Q3,2019,2019-09-30,24021,BDTX
183.0,Q1,2020,2020-03-31,24020,BDTX
183.0,Q1,2024,2024-03-31,24005,BDTX
183.0,Q3,2019,2019-09-30,24073,BE
183.0,Q1,2020,2020-03-31,24096,BEAM
183.0,Q1,2024,2024-03-31,24101,BEEM
183.0,Q1,2024,2024-03-31,24203,BFRG
183.0,Q1,2024,2024-03-31,24246,BGMS
183.0,Q3,2024,2024-09-30,24245,BGMS
183.0,Q1,2024,2024-03-31,24353,BHVN
183.0,Q1,2025,2024-09-30,24403,BILL
183.0,Q1,2024,2023-09-30,24455,BIVI
183.0,Q1,2025,2024-09-30,24452,BIVI
183.0,Q1,2024,2024-03-31,24501,BJDX
183.0,Q1,2024,2024-03-31,24614,BKR
183.0,Q1,2024,2024-03-31,24924,BMEA
183.0,Q1,2024,2024-03-31,24943,BMI
183.0,Q3,2021,2021-09-30,25059,BNC
183.0,Q1,2024,2024-03-31,25050,BNC
183.0,Q1,2024,2024-03-31,25074,BNGO
183.0,Q3,2021,2021-09-30,25149,BOC
183.0,Q1,2022,2021-09-30,25238,BR
183.0,Q1,2025,2024-09-30,25227,BR
183.0,Q3,2019,2019-09-30,25403,BRTX
183.0,Q1,2024,2024-03-31,25386,BRTX
183.0,Q3,2021,2021-09-30,25462,BSLK
183.0,Q3,2021,2021-09-30,25893,BZAI
183.0,Q1,2024,2024-03-31,25897,BZFD
183.0,Q1,2024,2024-03-31,25937,CABA
183.0,Q1,2023,2022-09-30,25993,CACI
183.0,Q1,2025,2024-09-30,25986,CACI
183.0,Q1,2025,2024-09-30,26056,CAH
183.0,Q3,2019,2019-09-30,26158,CAPR
183.0,Q1,2020,2020-03-31,26216,CARR
183.0,Q1,2020,2020-03-31,26530,CCCC
183.0,Q1,2024,2024-03-31,26515,CCCC
183.0,Q1,2024,2024-03-31,26798,CDNA
183.0,Q1,2024,2024-03-31,27112,CELU
183.0,Q3,2022,2022-09-30,27188,CERO
183.0,Q1,2024,2024-03-31,27318,CGEM
183.0,Q1,2024,2024-03-31,27337,CGTX
183.0,Q3,2019,2019-09-30,27509,CHGG
183.0,Q3,2019,2019-09-30,27640,CHRS
183.0,Q1,2024,2024-03-31,27779,CING
183.0,Q2,2024,2024-03-31,27939,CLFD
183.0,Q1,2024,2024-03-31,27993,CLMT
183.0,Q3,2024,2024-09-30,27992,CLMT
183.0,Q1,2024,2024-03-31,28075,CLRB
183.0,Q1,2024,2024-03-31,28101,CLRO
183.0,Q1,2025,2024-09-30,28173,CLX
183.0,Q1,2025,2024-11-30,28216,CMC
183.0,Q2,2019,2019-09-30,28262,CMCO
183.0,Q1,2024,2024-03-31,28379,CMP
183.0,Q1,2025,2024-09-30,28403,CMPR
183.0,Q1,2024,2024-03-31,28432,CMPS
183.0,Q3,2019,2019-09-30,28463,CMPX
183.0,Q1,2024,2024-03-31,28850,CODI
183.0,Q1,2024,2024-03-31,29268,COUR
183.0,Q1,2024,2024-03-31,29493,CPRX
183.0,Q1,2024,2024-03-31,29599,CR
183.0,Q1,2024,2024-03-31,29636,CRBU
183.0,Q3,2019,2019-09-30,29718,CRDF
183.0,Q3,2020,2020-03-31,30018,CRS
183.0,Q1,2025,2024-09-30,30001,CRS
183.0,Q1,2020,2020-03-31,30071,CRSR
183.0,Q1,2024,2024-03-31,30402,CSX
183.0,Q1,2024,2024-03-31,30493,CTMX
183.0,Q1,2024,2024-03-31,30524,CTNT
183.0,Q1,2024,2024-03-31,30534,CTO
183.0,Q3,2019,2019-09-30,30936,CVNA
183.0,Q3,2019,2019-09-30,31119,CWH
183.0,Q1,2024,2024-03-31,31205,CXDO
183.0,Q1,2024,2024-03-31,31355,CYN
183.0,Q2,2019,2019-09-30,31384,CYRX
183.0,Q1,2024,2024-03-31,31574,DARE
183.0,Q1,2024,2024-03-31,31663,DBVT
183.0,Q3,2019,2019-09-30,31701,DBX
183.0,Q1,2024,2024-03-31,31809,DD
183.0,Q2,2019,2019-09-30,31958,DECK
183.0,Q3,2019,2019-09-30,31982,DEI
183.0,Q1,2024,2024-03-31,32050,DFIN
183.0,Q3,2019,2019-09-30,32123,DGX
183.0,Q1,2024,2024-03-31,32952,DOW
183.0,Q1,2024,2024-03-31,33003,DRH
183.0,Q1,2024,2024-03-31,33176,DTIL
183.0,Q1,2024,2024-03-31,33218,DTST
183.0,Q3,2023,2023-09-30,33392,DWTX
183.0,Q2,2019,2019-09-30,33450,DXC
183.0,Q2,2019,2019-09-30,33607,EA
183.0,Q1,2024,2024-05-31,33697,EBF
183.0,Q4,2019,2019-09-30,33853,EDSA
183.0,Q1,2020,2020-03-31,33851,EDSA
183.0,Q2,2019,2019-09-30,33972,EGHT
183.0,Q1,2024,2024-03-31,34198,ELME
183.0,Q1,2020,2020-03-31,34237,ELS
183.0,Q1,2025,2025-03-31,4069,ENVX
183.0,Q3,2019,2019-09-30,34681,EOLS
183.0,Q1,2025,2024-11-30,34708,EPAC
183.0,Q1,2024,2024-03-31,34874,EPSN
183.0,Q1,2024,2024-03-31,34897,EQ
183.0,Q1,2020,2020-03-31,35166,ESOA
183.0,Q1,2020,2020-03-31,35245,ESS
183.0,Q1,2025,2024-09-30,35305,ETD
183.0,Q1,2024,2024-03-31,35356,ETON
183.0,Q1,2024,2024-03-31,35615,EVTV
183.0,Q1,2024,2024-03-31,35772,EXFY
183.0,Q2,2019,2019-09-30,35835,EXP
183.0,Q1,2025,2024-09-30,35950,EXTR
183.0,Q1,2024,2024-03-31,36133,FBIO
183.0,Q1,2025,2024-11-30,4410,FC
183.0,Q3,2019,2019-09-30,36284,FCPT
183.0,Q1,2024,2024-03-31,36319,FDMT
183.0,Q1,2025,2024-11-30,36363,FDS
183.0,Q1,2024,2024-03-31,36504,FF
183.0,Q4,2019,2019-09-30,36564,FFIV
183.0,Q1,2020,2020-03-31,36602,FHTX
183.0,Q1,2024,2024-03-31,36587,FHTX
183.0,Q1,2024,2024-03-31,36634,FIEE
183.0,Q2,2022,2022-09-30,36783,FLEX
183.0,Q3,2024,2024-09-30,36936,FLUX
183.0,Q1,2024,2024-03-31,37001,FMC
183.0,Q3,2020,2020-11-30,37092,FNGR
183.0,Q3,2021,2021-11-30,37089,FNGR
183.0,Q3,2022,2022-11-30,37086,FNGR
183.0,Q3,2023,2023-11-30,37083,FNGR
183.0,Q2,2024,2024-05-31,37082,FNGR
183.0,Q1,2020,2020-03-31,37225,FOUR
183.0,Q1,2025,2024-09-30,37230,FOX
183.0,Q1,2025,2024-09-30,37255,FOXA
183.0,Q3,2024,2024-09-30,37307,FOXX
183.0,Q3,2025,2025-09-30,4677,FOXX
183.0,Q1,2024,2024-03-31,37341,FPI
183.0,Q3,2019,2019-09-30,37386,FR
183.0,Q1,2020,2020-03-31,37411,FROG
183.0,Q3,2023,2023-09-30,37592,FTFT
183.0,Q1,2024,2024-03-31,37591,FTFT
183.0,Q3,2024,2024-09-30,37590,FTFT
183.0,Q3,2019,2019-09-30,37692,FTNT
183.0,Q1,2024,2024-03-31,37763,FULC
183.0,Q1,2024,2024-03-31,37916,GALT
183.0,Q1,2024,2024-03-31,37942,GANX
183.0,Q1,2020,2020-03-31,38031,GBTG
183.0,Q1,2024,2024-03-31,38067,GCTK
183.0,Q3,2022,2022-09-30,38137,GDC
183.0,Q1,2024,2024-03-31,38132,GDC
183.0,Q1,2020,2020-03-31,38202,GDRX
183.0,Q1,2024,2024-03-31,38301,GEL
183.0,Q1,2024,2024-03-31,38820,GNE
183.0,Q1,2024,2024-03-31,38900,GNLN
183.0,Q1,2024,2024-03-31,39094,GOOG
183.0,Q1,2024,2024-03-31,39121,GOOGL
183.0,Q4,2019,2020-03-31,39226,GPI
183.0,Q1,2024,2024-03-31,39237,GPK
183.0,Q1,2024,2024-03-31,39263,GPMT
183.0,Q1,2024,2024-03-31,39399,GRBK
183.0,Q1,2024,2024-03-31,39425,GRI
183.0,Q2,2019,2019-09-30,39586,GSIT
183.0,Q1,2024,2024-03-31,39593,GT
183.0,Q1,2024,2024-03-31,39619,GTEC
183.0,Q1,2024,2024-03-31,39842,GWH
183.0,Q1,2024,2024-03-31,39967,H
183.0,Q1,2025,2024-09-30,40017,HAIN
183.0,Q1,2024,2024-03-31,40287,HCWB
183.0,Q1,2024,2024-05-31,40412,HELE
183.0,Q1,2025,2024-03-31,40482,HHH
183.0,Q1,2024,2024-03-31,40542,HIND
183.0,Q1,2020,2020-03-31,40728,HLMN
183.0,Q1,2024,2024-03-31,40879,HON
183.0,Q1,2024,2024-03-31,40904,HOUR
183.0,Q1,2024,2024-03-31,40949,HOWL
183.0,Q1,2020,2020-03-31,41037,HPK
183.0,Q1,2025,2024-09-30,41148,HRB
183.0,Q1,2020,2020-03-31,41241,HRMY
183.0,Q1,2024,2024-03-31,41226,HRMY
183.0,Q1,2024,2024-03-31,41272,HRTX
183.0,Q3,2019,2019-09-30,41481,HTZ
183.0,Q1,2024,2024-03-31,41517,HUBG
183.0,Q3,2024,2024-03-31,41616,HURA
183.0,Q1,2024,2024-03-31,41734,HXL
183.0,Q3,2019,2019-09-30,41777,HYMC
183.0,Q1,2024,2024-03-31,41760,HYMC
183.0,Q3,2022,2022-09-30,41790,HYPD
183.0,Q1,2024,2024-03-31,41785,HYPD
183.0,Q3,2023,2023-09-30,41882,IBEX
183.0,Q1,2024,2024-03-31,41881,IBEX
183.0,Q3,2024,2024-09-30,41880,IBEX
183.0,Q3,2024,2024-09-30,42109,IDAI
183.0,Q1,2024,2024-03-31,42446,IKT
183.0,Q1,2025,2025-03-31,5863,ILMN
183.0,Q3,2019,2019-09-30,42535,IMAX
183.0,Q1,2024,2024-03-31,42579,IMMR
183.0,Q1,2024,2024-03-31,42606,IMMX
183.0,Q1,2020,2020-03-31,42638,IMNM
183.0,Q1,2024,2024-03-31,42643,IMNN
183.0,Q1,2024,2024-03-31,42734,INAB
183.0,Q1,2024,2024-03-31,42765,INCY
183.0,Q1,2024,2024-03-31,42808,INDP
183.0,Q1,2024,2024-03-31,42864,INKT
183.0,Q3,2019,2019-09-30,42994,INSE
183.0,Q1,2024,2024-03-31,43058,INSP
183.0,Q1,2025,2024-09-30,43110,INTA
183.0,Q1,2024,2024-03-31,43253,IP
183.0,Q1,2024,2024-03-31,43307,IPDN
183.0,Q1,2024,2024-03-31,43526,IRON
183.0,Q3,2019,2019-09-30,43613,IRWD
183.0,Q1,2024,2024-03-31,43621,ISPC
183.0,Q2,2022,2022-07-02,43786,ITT
183.0,Q1,2024,2024-03-31,43834,IVDA
183.0,Q1,2024,2024-03-31,43899,IVVD
183.0,Q1,2024,2024-03-31,43968,JAGX
183.0,Q1,2025,2024-11-30,44149,JBL
183.0,Q3,2023,2023-09-30,44444,JSPR
183.0,Q1,2024,2024-03-31,44443,JSPR
183.0,Q1,2024,2024-03-31,44497,KALA
183.0,Q1,2024,2024-03-31,44524,KALU
183.0,Q1,2024,2024-03-31,44850,KITT
183.0,Q1,2025,2024-09-30,44865,KLAC
183.0,Q3,2019,2019-09-30,44932,KLRS
183.0,Q1,2024,2024-03-31,44920,KLRS
183.0,Q3,2019,2019-09-30,45000,KMB
183.0,Q1,2025,2024-09-30,45034,KMT
183.0,Q1,2024,2024-05-31,45062,KMX
183.0,Q1,2024,2024-03-31,45086,KN
183.0,Q1,2024,2024-03-31,45338,KOS
183.0,Q3,2024,2024-09-30,45362,KOSS
183.0,Q1,2024,2024-03-31,45384,KPTI
183.0,Q3,2019,2019-09-30,45455,KRC
183.0,Q1,2024,2024-03-31,45491,KRG
183.0,Q3,2019,2019-09-30,45535,KRMD
183.0,Q1,2024,2024-03-31,45542,KRO
183.0,Q3,2024,2024-09-30,45595,KRRO
183.0,Q1,2025,2024-11-30,45617,KRUS
183.0,Q1,2024,2024-03-31,45667,KSCP
183.0,Q1,2024,2024-03-31,46045,LBRDA
183.0,Q1,2024,2024-03-31,46071,LBRDK
183.0,Q3,2019,2019-09-30,46488,LFMD
183.0,Q1,2025,2024-09-30,46542,LFVN
183.0,Q3,2023,2023-09-30,46753,LILAK
183.0,Q3,2019,2019-09-30,46795,LIN
183.0,Q1,2024,2024-03-31,46913,LIXT
183.0,Q3,2019,2019-09-30,46957,LKQ
183.0,Q1,2024,2024-03-31,47098,LNSR
183.0,Q2,2019,2019-09-30,47214,LOGI
183.0,Q2,2019,2019-09-30,47289,LPG
183.0,Q1,2022,2021-09-30,47333,LPTH
183.0,Q1,2025,2024-09-30,47322,LPTH
183.0,Q4,2019,2019-09-30,47416,LQDT
183.0,Q1,2024,2024-03-31,47456,LRMR
183.0,Q1,2023,2022-09-30,47489,LRN
183.0,Q1,2025,2024-09-30,47482,LRN
183.0,Q3,2019,2019-09-30,47580,LTBR
183.0,Q1,2024,2024-03-31,47588,LTC
183.0,Q1,2024,2024-03-31,47615,LTH
183.0,Q1,2020,2020-03-31,47646,LTRN
183.0,Q1,2024,2024-03-31,47631,LTRN
183.0,Q1,2025,2024-09-30,47650,LTRX
183.0,Q1,2024,2024-03-31,47710,LUCY
183.0,Q1,2020,2020-03-31,47796,LUNG
183.0,Q1,2024,2024-03-31,47808,LUV
183.0,Q1,2024,2024-03-31,47835,LVS
183.0,Q1,2024,2024-03-31,48068,LYRA
183.0,Q1,2020,2020-03-31,48386,MAPS
183.0,Q1,2024,2024-03-31,48449,MASS
183.0,Q1,2025,2025-03-31,7294,MBC
183.0,Q1,2024,2024-03-31,48602,MBIO
183.0,Q1,2025,2024-09-30,48667,MBUU
183.0,Q2,2019,2019-09-30,48742,MCHP
183.0,Q2,2019,2019-09-30,48767,MCK
183.0,Q3,2019,2019-09-30,48818,MCRB
183.0,Q1,2024,2024-03-31,48801,MCRB
183.0,Q1,2024,2024-03-31,48945,MDGL
183.0,Q1,2024,2024-03-31,48970,MDIA
183.0,Q1,2024,2024-03-31,49044,MDU
183.0,Q1,2020,2020-03-31,49134,MEDP
183.0,Q1,2024,2024-03-31,49119,MEDP
183.0,Q3,2024,2024-09-30,49276,METCB
183.0,Q3,2019,2019-09-30,49432,MGNI
183.0,Q1,2020,2020-03-31,49629,MHO
183.0,Q1,2020,2020-03-31,49697,MIR
183.0,Q3,2020,2020-09-30,49696,MIR
183.0,Q1,2024,2024-03-31,49703,MIRA
183.0,Q4,2018,2018-11-30,49782,MKC
183.0,Q1,2024,2024-03-31,49883,MLTX
183.0,Q1,2024,2024-03-31,49899,MLYS
183.0,Q1,2024,2024-03-31,49994,MMSI
183.0,Q1,2024,2024-03-31,50054,MNST
183.0,Q3,2020,2020-09-30,50109,MNTS
183.0,Q1,2024,2024-03-31,50099,MNTS
183.0,Q2,2019,2019-09-30,50163,MOD
183.0,Q2,2019,2019-09-30,50285,MPAA
183.0,Q3,2018,2018-09-30,50341,MPLX
183.0,Q1,2024,2024-03-31,50446,MREO
183.0,Q1,2025,2024-09-30,50630,MSFT
183.0,Q1,2023,2022-09-30,50664,MSGE
183.0,Q1,2025,2024-09-30,50657,MSGE
183.0,Q1,2024,2024-03-31,50669,MSGM
183.0,Q1,2025,2024-09-30,50685,MSGS
183.0,Q1,2024,2024-03-31,50740,MSPR
183.0,Q3,2022,2022-09-30,51009,MTVA
183.0,Q1,2024,2024-03-31,51004,MTVA
183.0,Q1,2025,2025-03-31,7894,MTX
183.0,Q1,2024,2024-03-31,51169,MVIS
183.0,Q3,2019,2019-09-30,51213,MVST
183.0,Q3,2020,2020-09-30,51210,MVST
183.0,Q3,2019,2019-09-30,51265,MX
183.0,Q1,2025,2024-09-30,51347,MYGN
183.0,Q1,2024,2024-03-31,51399,MYSE
183.0,Q1,2024,2023-09-30,51440,MZTI
183.0,Q3,2021,2021-09-30,51491,NAGE
183.0,Q1,2025,2024-09-30,51522,NB
183.0,Q2,2021,2020-11-30,51826,NEOG
183.0,Q3,2024,2024-09-30,51863,NEOV
183.0,Q2,2019,2019-09-30,52028,NGL
183.0,Q2,2024,2024-03-31,52058,NGVC
183.0,Q1,2024,2024-03-31,52110,NHI
183.0,Q3,2024,2024-09-30,52155,NIXX
183.0,Q1,2024,2024-03-31,52235,NKTR
183.0,Q1,2024,2024-03-31,52261,NKTX
183.0,Q1,2024,2024-03-31,52288,NLY
183.0,Q3,2019,2019-09-30,52566,NOW
183.0,Q1,2024,2024-03-31,52649,NPWR
183.0,Q1,2024,2024-03-31,52664,NRDS
183.0,Q1,2020,2020-03-31,52694,NRDY
183.0,Q1,2024,2024-03-31,52680,NRDY
183.0,Q3,2022,2022-09-30,52703,NRGV
183.0,Q1,2024,2024-03-31,52736,NRXP
183.0,Q1,2025,2024-09-30,52813,NSSC
183.0,Q2,2019,2019-09-30,52888,NTCT
183.0,Q1,2024,2024-03-31,53128,NUWE
183.0,Q1,2025,2024-09-30,53407,NWS
183.0,Q1,2025,2024-09-30,53433,NWSA
183.0,Q1,2024,2024-03-31,53596,NXXT
183.0,Q1,2024,2024-03-31,53610,NYT
183.0,Q1,2024,2024-03-31,53881,OGN
183.0,Q1,2024,2024-03-31,53900,OGS
183.0,Q3,2021,2021-09-30,54069,OKLO
183.0,Q1,2024,2024-03-31,54098,OLB
183.0,Q1,2024,2024-03-31,54150,OLMA
183.0,Q1,2024,2024-03-31,54169,OLN
183.0,Q1,2020,2020-03-31,54209,OM
183.0,Q1,2024,2024-03-31,54269,OMER
183.0,Q1,2024,2024-03-31,54376,ONCO
183.0,Q3,2022,2022-09-30,54393,ONDS
183.0,Q1,2024,2024-03-31,54498,OPAD
183.0,Q1,2024,2024-03-31,54589,OPRX
183.0,Q1,2024,2024-03-31,54654,ORBS
183.0,Q3,2023,2023-09-30,54771,ORKA
183.0,Q1,2022,2021-09-30,54858,OSIS
183.0,Q1,2020,2020-03-31,54996,OSW
183.0,Q1,2025,2024-09-30,55003,OTEX
183.0,Q1,2020,2020-03-31,55048,OTIS
183.0,Q1,2024,2024-03-31,55122,OVID
183.0,Q1,2025,2024-09-30,55364,PAHC
183.0,Q1,2024,2024-03-31,55560,PAYO
183.0,Q2,2019,2019-09-30,55678,PBH
183.0,Q3,2019,2019-09-30,55729,PBYI
183.0,Q1,2024,2024-03-31,55712,PBYI
183.0,Q1,2020,2020-03-31,55755,PCAR
183.0,Q1,2025,2024-09-30,55859,PCTY
183.0,Q1,2020,2020-03-31,55904,PCVX
183.0,Q3,2019,2019-09-30,56003,PDSB
183.0,Q1,2024,2024-03-31,55986,PDSB
183.0,Q3,2023,2023-09-30,56013,PDYN
183.0,Q3,2019,2019-09-30,56044,PEB
183.0,Q3,2019,2019-09-30,56178,PENN
183.0,Q1,2024,2024-03-31,56161,PENN
183.0,Q1,2024,2024-03-31,56212,PEPG
183.0,Q2,2019,2019-09-30,56272,PETS
183.0,Q1,2025,2024-09-30,56303,PG
183.0,Q3,2019,2019-09-30,56376,PGNY
183.0,Q1,2020,2020-03-31,56375,PGNY
183.0,Q1,2025,2024-09-30,56389,PH
183.0,Q3,2019,2019-09-30,56435,PHAT
183.0,Q1,2020,2020-03-31,56434,PHAT
183.0,Q1,2024,2024-03-31,56441,PHIN
183.0,Q1,2024,2024-03-31,56449,PHIO
183.0,Q1,2020,2020-03-31,56620,PK
183.0,Q1,2024,2024-03-31,56802,PLOW
183.0,Q1,2020,2020-03-31,56843,PLRX
183.0,Q1,2024,2024-03-31,56828,PLRX
183.0,Q1,2020,2020-03-31,56914,PLTR
183.0,Q2,2019,2019-09-30,56935,PLUS
183.0,Q1,2020,2020-03-31,57041,PMVP
183.0,Q1,2024,2024-03-31,57026,PMVP
183.0,Q1,2024,2024-03-31,57131,POLA
183.0,Q4,2019,2020-03-31,57305,POWW
183.0,Q1,2025,2024-09-30,57340,PPCB
183.0,Q1,2020,2020-03-31,57409,PPL
183.0,Q1,2024,2024-03-31,57396,PPL
183.0,Q1,2024,2024-03-31,57446,PPTA
183.0,Q1,2024,2024-03-31,57489,PRAX
183.0,Q1,2020,2020-03-31,57570,PRG
183.0,Q2,2022,2022-07-02,57583,PRGO
183.0,Q1,2024,2024-03-31,57658,PRLD
183.0,Q1,2024,2024-03-31,57729,PROP
183.0,Q3,2019,2019-09-30,57772,PRPL
183.0,Q1,2024,2024-03-31,57806,PRSU
183.0,Q1,2024,2024-03-31,57832,PRTA
183.0,Q3,2019,2019-09-30,57951,PSIX
183.0,Q1,2025,2024-11-30,57958,PSMT
183.0,Q1,2024,2024-03-31,57987,PSN
183.0,Q1,2020,2020-03-31,58060,PSTL
183.0,Q1,2024,2024-03-31,58045,PSTL
183.0,Q1,2024,2024-03-31,58205,PTIX
183.0,Q1,2025,2024-09-30,58246,PTON
183.0,Q1,2024,2024-03-31,58342,PVLA
183.0,Q1,2024,2024-03-31,58394,PYXS
183.0,Q1,2024,2024-03-31,58452,QCLS
183.0,Q1,2024,2024-03-31,58566,QNCX
183.0,Q1,2025,2024-09-30,58596,QNST
183.0,Q1,2024,2024-03-31,58668,QSI
183.0,Q1,2024,2024-03-31,58715,QTRX
183.0,Q1,2024,2024-03-31,58742,QTTB
183.0,Q1,2024,2024-03-31,58896,QXO
183.0,Q3,2024,2024-09-30,58895,QXO
183.0,Q3,2019,2019-09-30,58995,RARE
183.0,Q1,2024,2024-03-31,58978,RARE
183.0,Q3,2022,2022-09-30,59010,RBA
183.0,Q1,2021,2020-09-30,59158,RCEL
183.0,Q1,2025,2024-09-30,59146,RCEL
183.0,Q1,2024,2024-03-31,59165,RCKT
183.0,Q1,2024,2024-03-31,59217,RCUS
183.0,Q3,2022,2022-09-30,59282,RDNW
183.0,Q1,2024,2024-03-31,59277,RDNW
183.0,Q1,2024,2024-03-31,59371,REBN
183.0,Q1,2024,2024-03-31,59401,REG
183.0,Q1,2024,2024-03-31,59423,REGN
183.0,Q1,2024,2024-03-31,59562,REVB
183.0,Q3,2019,2019-09-30,59622,REXR
183.0,Q1,2020,2020-03-31,59646,REYN
183.0,Q1,2025,2024-09-30,59702,RGLD
183.0,Q3,2019,2019-09-30,59901,RIGL
183.0,Q1,2024,2024-03-31,59884,RIGL
183.0,Q2,2021,2021-09-30,59915,RIME
183.0,Q3,2024,2024-09-30,59907,RIME
183.0,Q1,2024,2024-03-31,59932,RITM
183.0,Q1,2020,2020-03-31,60036,RLAY
183.0,Q3,2020,2020-03-31,60081,RLMD
183.0,Q1,2025,2024-09-30,60068,RLMD
183.0,Q3,2019,2019-09-30,60138,RMBS
183.0,Q1,2025,2024-09-30,60145,RMD
183.0,Q3,2019,2019-09-30,60287,RNG
183.0,Q4,2023,2024-03-31,60351,ROIV
183.0,Q2,2020,2019-11-30,60568,RPM
183.0,Q1,2020,2020-03-31,60594,RPRX
183.0,Q1,2024,2024-03-31,60682,RRR
183.0,Q1,2020,2020-03-31,60935,RVMD
183.0,Q1,2025,2025-03-31,10239,RVTY
183.0,Q1,2020,2020-03-31,61060,RXT
183.0,Q1,2024,2024-03-31,61094,RYTM
183.0,Q3,2024,2024-09-30,61118,RZLT
183.0,Q1,2024,2024-03-31,61185,SABS
183.0,Q1,2024,2024-03-31,61332,SANA
183.0,Q3,2019,2019-09-30,61495,SBRA
183.0,Q2,2019,2018-11-30,61580,SCHL
183.0,Q1,2020,2020-03-31,61601,SCI
183.0,Q1,2024,2024-03-31,61639,SCLX
183.0,Q1,2020,2020-03-31,61731,SDGR
183.0,Q1,2024,2024-03-31,61934,SGHT
183.0,Q1,2024,2023-09-30,61981,SGLY
183.0,Q1,2024,2024-03-31,62067,SHC
183.0,Q1,2024,2024-03-31,62160,SHPH
183.0,Q1,2024,2024-03-31,62197,SIDU
183.0,Q1,2024,2024-03-31,62210,SIGA
183.0,Q1,2024,2024-03-31,62234,SINT
183.0,Q1,2020,2020-03-31,62302,SITC
183.0,Q1,2024,2024-03-31,62287,SITC
183.0,Q1,2024,2024-03-31,62428,SKYE
183.0,Q1,2024,2024-03-31,62629,SLE
183.0,Q1,2024,2023-11-30,62711,SLP
183.0,Q1,2025,2024-11-30,62708,SLP
183.0,Q3,2024,2023-09-30,62779,SLXN
183.0,Q1,2024,2024-03-31,62784,SM
183.0,Q1,2025,2024-09-30,62809,SMCI
183.0,Q1,2020,2020-03-31,62903,SMMT
183.0,Q1,2024,2024-03-31,62888,SMMT
183.0,Q3,2019,2019-09-30,63048,SNAP
183.0,Q1,2024,2024-03-31,63139,SNGX
183.0,Q2,2019,2019-09-30,63182,SNOA
183.0,Q1,2024,2024-03-31,63236,SNTI
183.0,Q3,2019,2019-09-30,63293,SOBR
183.0,Q1,2024,2024-03-31,63276,SOBR
183.0,Q4,2018,2018-12-31,63334,SON
183.0,Q1,2024,2024-03-31,63510,SPIR
183.0,Q1,2024,2024-03-31,63554,SPRU
183.0,Q3,2023,2023-09-30,63574,SPRY
183.0,Q1,2024,2024-03-31,63573,SPRY
183.0,Q4,2018,2018-09-30,63749,SR
183.0,Q1,2020,2020-03-31,63807,SRG
183.0,Q1,2020,2020-03-31,63908,SRTA
183.0,Q3,2019,2019-09-30,63934,SRTS
183.0,Q1,2024,2024-03-31,63968,SSKN
183.0,Q2,2019,2019-09-30,64191,STE
183.0,Q1,2024,2024-03-31,64378,STTK
183.0,Q1,2024,2024-05-31,64452,STZ
183.0,Q1,2024,2024-03-31,64501,SUNE
183.0,Q1,2024,2024-03-31,64524,SUPN
183.0,Q1,2025,2024-03-31,64609,SW
183.0,Q1,2024,2024-03-31,64708,SWX
183.0,Q1,2024,2024-03-31,64965,TAOX
183.0,Q1,2020,2020-03-31,65054,TARS
183.0,Q3,2022,2022-09-30,65142,TBLA
183.0,Q3,2019,2019-09-30,65164,TBPH
183.0,Q1,2024,2024-03-31,65147,TBPH
183.0,Q3,2020,2020-09-30,65185,TBRG
183.0,Q3,2024,2024-09-30,65431,TEAD
183.0,Q1,2025,2024-09-30,65445,TEAM
183.0,Q1,2025,2024-09-30,65455,TECH
183.0,Q1,2024,2024-03-31,65482,TECX
183.0,Q1,2024,2024-03-31,65615,TEX
183.0,Q3,2022,2022-09-30,65666,TGL
183.0,Q3,2019,2019-09-30,65826,THRM
183.0,Q1,2020,2020-03-31,65851,THRY
183.0,Q1,2024,2024-03-31,65856,TIL
183.0,Q1,2024,2024-03-31,66056,TMC
183.0,Q1,2024,2024-03-31,66229,TNGX
183.0,Q1,2024,2024-03-31,66290,TNXP
183.0,Q1,2024,2024-03-31,66422,TPB
183.0,Q1,2024,2024-03-31,66477,TPL
183.0,Q1,2024,2024-03-31,66602,TRDA
183.0,Q3,2019,2019-09-30,66664,TRGP
183.0,Q1,2024,2024-03-31,66806,TRON
183.0,Q1,2024,2024-03-31,66845,TRS
183.0,Q1,2024,2024-03-31,66934,TRVI
183.0,Q1,2024,2024-03-31,67056,TSSI
183.0,Q2,2019,2019-09-30,67292,TTWO
183.0,Q3,2022,2022-09-30,67489,TXNM
183.0,Q1,2024,2024-03-31,67545,TYGO
183.0,Q1,2020,2020-03-31,67647,U
183.0,Q1,2024,2024-03-31,67963,UIS
183.0,Q1,2024,2024-03-31,68065,UNCY
183.0,Q3,2019,2019-09-30,68155,UNP
183.0,Q3,2019,2019-09-30,68342,URGN
183.0,Q1,2024,2024-03-31,68541,UTHR
183.0,Q3,2019,2019-09-30,68610,UTZ
183.0,Q2,2019,2019-09-30,68637,UVV
183.0,Q3,2021,2021-09-30,68707,VANI
183.0,Q1,2025,2024-09-30,68773,VCEL
183.0,Q3,2024,2024-09-30,68891,VELO
183.0,Q1,2020,2020-03-31,68993,VERX
183.0,Q3,2018,2018-09-30,69549,VRNS
183.0,Q1,2024,2024-03-31,69635,VRT
183.0,Q2,2019,2019-09-30,69710,VSAT
183.0,Q1,2024,2024-03-31,69770,VSTD
183.0,Q3,2024,2024-09-30,69769,VSTD
183.0,Q1,2024,2024-03-31,69780,VSTM
183.0,Q4,2019,2020-03-31,69823,VTGN
183.0,Q1,2024,2024-03-31,69916,VUZI
183.0,Q3,2019,2019-09-30,70091,W
183.0,Q1,2025,2024-11-30,70264,WDFC
183.0,Q1,2020,2020-03-31,70354,WELL
183.0,Q1,2024,2024-03-31,70464,WFRD
183.0,Q1,2024,2024-03-31,70615,WHWK
183.0,Q1,2024,2024-03-31,70723,WKHS
183.0,Q2,2019,2019-09-30,70952,WMS
183.0,Q2,2019,2019-09-30,71417,XAIR
183.0,Q1,2024,2024-03-31,71493,XFOR
183.0,Q3,2019,2019-09-30,71633,XNCR
183.0,Q3,2020,2020-09-30,71682,XOS
183.0,Q1,2024,2024-03-31,71773,XPON
183.0,Q3,2018,2018-09-30,72057,YUM
183.0,Q3,2022,2022-09-30,72203,ZEO
183.0,Q3,2021,2021-09-30,72222,ZG
183.0,Q1,2024,2024-03-31,72420,ZVIA
183.0,Q3,2021,2021-09-30,72472,ZWS
183.0,Q1,2024,2024-03-31,72463,ZWS
182.0,Q1,2025,2025-03-31,17263,AA
182.0,Q1,2025,2025-03-31,17316,AAOI
182.0,Q1,2025,2025-03-31,22,AAON
182.0,Q1,2025,2024-12-28,17399,AAPL
182.0,Q1,2025,2025-03-31,17426,AAT
182.0,Q1,2025,2025-03-31,17477,ABBV
182.0,Q1,2022,2022-03-31,17542,ABG
182.0,Q1,2025,2025-03-31,63,ABG
182.0,Q1,2021,2021-03-31,17600,ABNB
182.0,Q1,2025,2025-03-31,73,ABNB
182.0,Q2,2020,2020-06-30,13058,ABOS
182.0,Q1,2025,2025-03-31,84,ABR
182.0,Q1,2021,2021-03-31,17646,ABSI
182.0,Q1,2025,2025-03-31,95,ABT
182.0,Q1,2025,2025-03-31,119,ACAD
182.0,Q1,2025,2025-03-31,125,ACCO
182.0,Q1,2025,2025-03-31,17806,ACDC
182.0,Q1,2025,2025-03-31,17819,ACEL
182.0,Q1,2021,2021-03-31,17860,ACHR
182.0,Q1,2025,2025-03-31,145,ACHR
182.0,Q1,2025,2025-03-31,17891,ACIW
182.0,Q1,2025,2025-03-31,17919,ACLS
182.0,Q1,2025,2025-03-31,17973,ACMR
182.0,Q1,2025,2025-03-31,18029,ACRE
182.0,Q1,2025,2025-03-31,18054,ACRS
182.0,Q1,2025,2025-03-31,196,ACRV
182.0,Q1,2025,2025-03-31,18095,ACTG
182.0,Q1,2025,2025-03-31,206,ACVA
182.0,Q1,2025,2025-03-31,211,ACXP
182.0,Q1,2025,2025-03-31,18161,AD
182.0,Q1,2025,2025-03-31,18189,ADAM
182.0,Q1,2025,2025-02-28,18218,ADBE
182.0,Q1,2025,2025-03-31,18246,ADC
182.0,Q1,2025,2025-03-31,18281,ADEA
182.0,Q1,2025,2025-02-01,18302,ADI
182.0,Q1,2025,2025-03-31,18330,ADM
182.0,Q1,2025,2025-03-31,272,ADPT
182.0,Q1,2024,2024-04-30,18442,ADSK
182.0,Q1,2025,2025-03-31,18464,ADT
182.0,Q1,2025,2025-03-31,18492,ADTN
182.0,Q1,2025,2025-03-31,18520,ADUS
182.0,Q1,2025,2025-03-31,18548,ADV
182.0,Q1,2025,2025-03-31,302,AEE
182.0,Q1,2025,2025-03-31,318,AEIS
182.0,Q1,2025,2025-03-31,18722,AEP
182.0,Q1,2023,2023-03-31,18757,AES
182.0,Q1,2025,2025-03-31,18750,AES
182.0,Q1,2025,2025-03-31,18777,AEVA
182.0,Q1,2025,2025-03-31,354,AEYE
182.0,Q1,2021,2021-03-31,18836,AFCG
182.0,Q1,2025,2025-03-31,18839,AGCO
182.0,Q1,2025,2025-03-31,18893,AGIO
182.0,Q1,2025,2025-03-31,18921,AGL
182.0,Q1,2024,2024-04-30,18964,AGX
182.0,Q1,2025,2025-03-31,19008,AHCO
182.0,Q1,2025,2024-07-31,19060,AI
182.0,Q1,2021,2021-03-31,19180,AIP
182.0,Q1,2025,2025-03-31,19165,AIP
182.0,Q1,2025,2025-03-31,463,AIRS
182.0,Q1,2025,2025-03-31,19304,AKAM
182.0,Q1,2025,2025-03-31,19332,AKBA
182.0,Q1,2025,2025-03-31,19359,AKR
182.0,Q1,2022,2022-03-31,19400,ALB
182.0,Q1,2025,2025-03-31,19389,ALB
182.0,Q1,2025,2025-03-31,523,ALEC
182.0,Q1,2025,2025-03-31,529,ALG
182.0,Q2,2022,2022-09-23,19523,ALGM
182.0,Q1,2025,2025-03-31,19533,ALGN
182.0,Q1,2025,2025-03-31,19561,ALGS
182.0,Q1,2025,2025-03-31,19584,ALHC
182.0,Q1,2021,2021-03-31,19619,ALIT
182.0,Q1,2025,2025-03-31,19604,ALIT
182.0,Q1,2025,2025-03-31,19624,ALK
182.0,Q1,2021,2021-03-31,19693,ALKT
182.0,Q1,2025,2025-03-31,19678,ALKT
182.0,Q1,2025,2025-03-31,19698,ALLE
182.0,Q1,2025,2025-03-31,591,ALLR
182.0,Q2,2020,2020-06-30,19778,ALMU
182.0,Q1,2025,2025-03-31,596,ALMU
182.0,Q1,2025,2025-03-31,19780,ALNT
182.0,Q1,2019,2019-03-31,19831,ALNY
182.0,Q1,2025,2025-03-31,19808,ALNY
182.0,Q1,2025,2025-03-31,19836,ALRM
182.0,Q1,2025,2025-03-31,19864,ALSN
182.0,Q1,2025,2025-03-31,621,ALT
182.0,Q1,2025,2025-03-31,19918,ALTG
182.0,Q1,2025,2025-03-31,19943,ALTO
182.0,Q1,2025,2025-03-31,636,ALUR
182.0,Q1,2025,2025-03-31,19982,ALV
182.0,Q1,2025,2025-03-31,20010,ALXO
182.0,Q1,2025,2024-07-31,20034,ALZN
182.0,Q1,2020,2020-06-30,20067,AM
182.0,Q1,2025,2025-01-26,20075,AMAT
182.0,Q1,2024,2024-04-30,20106,AMBA
182.0,Q1,2025,2025-03-31,20178,AMCX
182.0,Q1,2025,2025-03-29,20205,AMD
182.0,Q1,2025,2025-03-31,20233,AME
182.0,Q1,2025,2025-03-31,20261,AMGN
182.0,Q1,2025,2025-03-31,20289,AMH
182.0,Q1,2025,2025-03-31,20317,AMKR
182.0,Q1,2025,2025-03-31,20359,AMN
182.0,Q1,2025,2025-03-31,20420,AMPH
182.0,Q1,2022,2022-03-31,20459,AMPL
182.0,Q1,2025,2025-03-31,20448,AMPL
182.0,Q1,2022,2022-03-31,20477,AMPX
182.0,Q1,2025,2025-03-31,20466,AMPX
182.0,Q1,2025,2025-03-31,758,AMPY
182.0,Q1,2025,2025-03-31,20509,AMR
182.0,Q1,2025,2025-03-31,20535,AMRC
182.0,Q1,2025,2025-03-31,20563,AMRX
182.0,Q1,2025,2025-03-31,788,AMT
182.0,Q1,2025,2025-03-31,793,AMTX
182.0,Q1,2025,2025-03-31,799,AMZN
182.0,Q1,2025,2025-03-31,804,AN
182.0,Q1,2025,2025-03-31,809,ANAB
182.0,Q1,2025,2025-03-31,20745,ANDE
182.0,Q1,2025,2025-03-31,20773,ANET
182.0,Q1,2025,2025-03-31,20830,ANIP
182.0,Q1,2022,2022-03-31,20894,ANTX
182.0,Q1,2025,2025-03-31,858,ANTX
182.0,Q1,2025,2025-03-31,863,ANVS
182.0,Q2,2020,2020-06-30,20937,AOMR
182.0,Q1,2021,2021-03-31,20935,AOMR
182.0,Q1,2025,2025-03-31,20920,AOMR
182.0,Q1,2025,2025-03-31,20939,AORT
182.0,Q1,2025,2025-03-31,20967,AOS
182.0,Q1,2021,2021-03-31,21037,APA
182.0,Q1,2025,2025-03-31,21022,APA
182.0,Q1,2025,2025-03-31,898,APEI
182.0,Q1,2025,2025-03-31,21097,APG
182.0,Q1,2025,2025-03-31,908,APGE
182.0,Q1,2025,2025-03-31,913,APH
182.0,Q1,2025,2025-03-31,21159,APLE
182.0,Q1,2024,2023-05-27,21191,APOG
182.0,Q1,2021,2021-03-31,21226,APP
182.0,Q1,2025,2025-03-31,21211,APP
182.0,Q1,2025,2025-03-31,21231,APPF
182.0,Q1,2025,2025-03-31,21258,APPN
182.0,Q1,2024,2024-06-30,21289,APPS
182.0,Q1,2025,2025-03-31,21311,APTV
182.0,Q1,2025,2025-03-31,959,APVO
182.0,Q1,2025,2025-03-31,978,AQST
182.0,Q1,2025,2025-03-31,21443,AR
182.0,Q1,2025,2025-03-31,21498,ARCB
182.0,Q1,2025,2025-03-31,997,ARCT
182.0,Q1,2025,2025-03-31,21549,ARDX
182.0,Q1,2025,2025-03-31,21578,ARE
182.0,Q1,2025,2025-03-31,1013,AREB
182.0,Q1,2021,2021-03-31,21669,ARHS
182.0,Q1,2025,2025-03-31,21654,ARHS
182.0,Q1,2021,2021-03-31,21687,ARKO
182.0,Q1,2025,2025-03-31,21672,ARKO
182.0,Q1,2025,2025-03-31,21693,ARLP
182.0,Q1,2025,2024-12-27,21722,ARMK
182.0,Q1,2025,2025-03-31,21749,AROC
182.0,Q1,2025,2025-03-31,1053,ARQ
182.0,Q1,2021,2021-03-31,21839,ARR
182.0,Q1,2025,2025-03-31,21824,ARR
182.0,Q1,2025,2025-03-31,1075,ARTL
182.0,Q1,2019,2019-03-31,21898,ARVN
182.0,Q1,2025,2025-03-31,21876,ARVN
182.0,Q1,2025,2025-03-29,21902,ARW
182.0,Q1,2020,2020-04-30,21948,ASAN
182.0,Q1,2024,2024-04-30,21933,ASAN
182.0,Q1,2025,2025-03-31,21979,ASIX
182.0,Q1,2025,2025-03-31,22007,ASLE
182.0,Q3,2020,2020-10-31,22046,ASO
182.0,Q2,2021,2021-07-31,22044,ASO
182.0,Q1,2025,2025-03-31,1126,ASPN
182.0,Q1,2025,2025-03-31,22078,ASTE
182.0,Q1,2025,2025-03-31,1136,ASTH
182.0,Q1,2025,2025-03-31,22131,ASTI
182.0,Q1,2025,2025-03-31,1146,ASTS
182.0,Q1,2025,2025-03-31,22179,ATEC
182.0,Q1,2023,2023-03-31,22214,ATEN
182.0,Q1,2025,2025-03-31,22207,ATEN
182.0,Q1,2025,2025-03-31,1161,ATER
182.0,Q1,2024,2024-06-30,22256,ATEX
182.0,Q1,2023,2023-03-31,22284,ATI
182.0,Q1,2025,2024-12-27,22306,ATKR
182.0,Q1,2025,2025-03-31,1182,ATLX
182.0,Q1,2023,2023-03-31,22362,ATMU
182.0,Q1,2025,2025-03-31,22355,ATMU
182.0,Q1,2025,2025-03-31,1210,ATR
182.0,Q1,2025,2025-03-31,22496,ATRC
182.0,Q1,2021,2021-03-31,22589,AUPH
182.0,Q1,2025,2025-03-31,1237,AUPH
182.0,Q1,2025,2025-03-31,1243,AUR
182.0,Q1,2025,2025-03-31,1248,AURA
182.0,Q1,2023,2023-03-31,22632,AUTL
182.0,Q1,2025,2025-03-31,1265,AVA
182.0,Q1,2020,2019-07-27,22711,AVAV
182.0,Q1,2025,2025-03-31,22717,AVB
182.0,Q1,2025,2025-03-31,1290,AVD
182.0,Q2,2019,2019-05-05,22795,AVGO
182.0,Q1,2025,2025-02-02,22773,AVGO
182.0,Q1,2025,2025-03-31,1306,AVNS
182.0,Q1,2025,2024-09-27,22875,AVNW
182.0,Q1,2025,2025-03-31,22921,AVPT
182.0,Q1,2025,2024-09-28,22945,AVT
182.0,Q1,2021,2021-03-31,22986,AVTR
182.0,Q1,2025,2025-03-31,22971,AVTR
182.0,Q1,2025,2025-03-31,23046,AWI
182.0,Q1,2025,2025-03-31,23074,AWK
182.0,Q1,2025,2025-03-31,23102,AWR
182.0,Q1,2025,2025-03-31,23130,AXGN
182.0,Q1,2025,2025-03-31,1385,AXSM
182.0,Q1,2025,2025-03-31,23188,AXTA
182.0,Q1,2025,2025-03-31,1395,AXTI
182.0,Q1,2025,2025-03-31,1427,BA
182.0,Q1,2023,2023-03-31,23376,BAER
182.0,Q1,2024,2024-06-30,23384,BAH
182.0,Q1,2025,2025-03-31,23406,BALL
182.0,Q1,2025,2025-03-31,23434,BAND
182.0,Q2,2024,2024-06-30,23464,BATRK
182.0,Q1,2025,2025-03-31,23462,BATRK
182.0,Q1,2025,2025-03-31,23470,BAX
182.0,Q1,2025,2025-05-31,1464,BB
182.0,Q1,2020,2020-06-30,23548,BBBY
182.0,Q1,2025,2025-03-31,23530,BBBY
182.0,Q1,2025,2025-03-31,1483,BBIO
182.0,Q1,2021,2021-03-31,23618,BBLG
182.0,Q1,2025,2025-03-31,1488,BBLG
182.0,Q1,2025,2025-03-31,23633,BBSI
182.0,Q4,2022,2023-01-28,23670,BBW
182.0,Q4,2018,2019-02-02,23729,BBY
182.0,Q3,2022,2022-10-01,23741,BC
182.0,Q1,2025,2025-03-31,23755,BCC
182.0,Q1,2025,2025-03-31,23809,BCO
182.0,Q1,2025,2025-03-31,1539,BCPC
182.0,Q1,2025,2025-03-31,23865,BCRX
182.0,Q1,2025,2025-03-31,23903,BCYC
182.0,Q1,2025,2025-03-30,23927,BDC
182.0,Q1,2025,2025-03-31,1564,BDN
182.0,Q1,2025,2025-03-31,23980,BDSX
182.0,Q1,2025,2025-03-31,24052,BE
182.0,Q1,2025,2025-03-31,24077,BEAM
182.0,Q1,2025,2025-03-31,24125,BELFB
182.0,Q1,2025,2025-03-31,24153,BFAM
182.0,Q1,2021,2021-03-31,24196,BFLY
182.0,Q1,2025,2025-03-31,24181,BFLY
182.0,Q1,2025,2025-03-31,24212,BG
182.0,Q1,2025,2025-03-31,1627,BGLC
182.0,Q1,2025,2025-03-31,24296,BHE
182.0,Q1,2022,2022-03-31,24335,BHR
182.0,Q1,2025,2025-03-31,24324,BHR
182.0,Q1,2025,2025-03-31,24374,BIIB
182.0,Q1,2025,2025-03-31,24424,BIO
182.0,Q2,2021,2021-07-31,24488,BJ
182.0,Q1,2020,2020-03-31,24530,BJRI
182.0,Q1,2024,2024-04-02,24515,BJRI
182.0,Q1,2025,2025-04-01,24512,BJRI
182.0,Q1,2025,2025-03-31,1706,BKD
182.0,Q1,2025,2025-03-31,24567,BKH
182.0,Q1,2021,2021-03-31,24608,BKKT
182.0,Q1,2025,2025-03-31,1721,BKKT
182.0,Q1,2025,2025-03-31,24638,BKSY
182.0,Q1,2025,2025-03-31,24658,BL
182.0,Q1,2024,2023-12-30,24691,BLBD
182.0,Q1,2025,2024-12-28,24688,BLBD
182.0,Q1,2025,2025-03-31,24715,BLCO
182.0,Q1,2025,2025-03-31,24731,BLDR
182.0,Q1,2025,2025-03-31,24759,BLFS
182.0,Q1,2025,2025-03-31,24784,BLKB
182.0,Q1,2025,2025-03-30,24812,BLMN
182.0,Q1,2021,2021-03-31,24855,BLND
182.0,Q1,2025,2025-03-31,24840,BLND
182.0,Q1,2025,2025-03-31,1782,BLNK
182.0,Q1,2021,2021-03-31,24899,BLZE
182.0,Q1,2025,2025-03-31,24884,BLZE
182.0,Q1,2021,2021-03-31,24917,BMBL
182.0,Q1,2025,2025-03-31,24902,BMBL
182.0,Q1,2025,2025-03-31,24993,BMRN
182.0,Q1,2025,2025-03-31,25020,BMY
182.0,Q1,2025,2025-03-31,25096,BNL
182.0,Q1,2025,2025-03-31,1854,BOC
182.0,Q2,2024,2024-06-30,25164,BOF
182.0,Q1,2025,2025-03-31,1859,BOF
182.0,Q1,2025,2025-03-31,25170,BOOM
182.0,Q1,2025,2025-03-31,25300,BRCC
182.0,Q1,2025,2025-03-31,25314,BRKR
182.0,Q1,2021,2021-03-31,25357,BROS
182.0,Q1,2025,2025-03-31,25342,BROS
182.0,Q1,2021,2021-03-31,25375,BRSP
182.0,Q1,2025,2025-03-31,25360,BRSP
182.0,Q1,2025,2025-03-31,25409,BRX
182.0,Q1,2024,2024-04-30,25440,BRZE
182.0,Q1,2025,2025-03-31,25465,BSM
182.0,Q1,2025,2025-03-31,25493,BSX
182.0,Q1,2025,2025-03-31,25520,BSY
182.0,Q1,2025,2025-03-31,1955,BTAI
182.0,Q3,2019,2019-09-29,25578,BTBD
182.0,Q1,2025,2025-03-31,1969,BTMD
182.0,Q1,2025,2025-03-31,25602,BTU
182.0,Q1,2025,2025-03-29,25679,BVS
182.0,Q1,2025,2025-03-31,1999,BW
182.0,Q1,2025,2025-03-31,25723,BWA
182.0,Q1,2025,2025-03-31,25751,BWXT
182.0,Q1,2025,2025-03-31,25779,BXP
182.0,Q1,2025,2025-03-31,25807,BYD
182.0,Q1,2025,2025-03-29,25835,BYND
182.0,Q1,2025,2025-03-31,25956,CABO
182.0,Q2,2020,2020-06-30,26027,CADL
182.0,Q1,2021,2021-03-31,26025,CADL
182.0,Q1,2025,2025-03-31,2073,CADL
182.0,Q4,2019,2019-05-26,26049,CAG
182.0,Q2,2020,2019-11-24,26048,CAG
182.0,Q1,2025,2024-08-25,26030,CAG
182.0,Q1,2025,2025-04-01,26082,CAKE
182.0,Q3,2020,2020-10-31,26127,CAL
182.0,Q2,2021,2021-07-31,26125,CAL
182.0,Q1,2025,2025-03-31,2109,CAPR
182.0,Q1,2025,2025-03-31,26169,CAR
182.0,Q1,2025,2025-03-31,26197,CARR
182.0,Q1,2025,2025-03-31,26219,CARS
182.0,Q1,2025,2025-03-31,26247,CART
182.0,Q1,2025,2024-07-31,26256,CASY
182.0,Q1,2025,2025-03-31,26282,CAT
182.0,Q1,2025,2025-03-31,26317,CBL
182.0,Q1,2025,2025-03-31,26345,CBRE
182.0,Q1,2025,2025-03-31,2180,CBUS
182.0,Q1,2025,2025-03-31,26457,CBZ
182.0,Q1,2025,2025-03-31,26485,CC
182.0,Q1,2025,2025-03-31,2195,CCCC
182.0,Q1,2025,2025-03-31,26533,CCI
182.0,Q1,2025,2025-03-31,26558,CCK
182.0,Q1,2025,2025-03-31,26613,CCO
182.0,Q1,2025,2025-03-31,26641,CCOI
182.0,Q1,2025,2025-03-31,2230,CCRN
182.0,Q1,2025,2025-03-31,26696,CCS
182.0,Q1,2021,2021-03-31,26739,CCSI
182.0,Q1,2025,2025-03-31,26724,CCSI
182.0,Q1,2025,2025-03-31,2245,CDE
182.0,Q1,2025,2025-03-31,26768,CDLX
182.0,Q1,2025,2025-03-31,2256,CDNA
182.0,Q1,2025,2025-03-31,26823,CDNS
182.0,Q1,2025,2025-03-31,2267,CDP
182.0,Q1,2021,2021-03-31,26890,CDRE
182.0,Q1,2025,2025-03-31,26875,CDRE
182.0,Q1,2025,2025-03-31,26903,CDW
182.0,Q1,2025,2025-03-31,2288,CDXS
182.0,Q1,2025,2025-03-31,2293,CDZI
182.0,Q1,2025,2025-03-31,26984,CE
182.0,Q1,2025,2025-03-31,2303,CECO
182.0,Q1,2022,2022-03-31,27050,CEG
182.0,Q1,2025,2025-03-31,27039,CEG
182.0,Q1,2025,2025-03-31,2313,CELC
182.0,Q1,2025,2025-03-31,27082,CELH
182.0,Q1,2025,2024-12-28,27134,CENT
182.0,Q1,2025,2024-12-28,27161,CENTA
182.0,Q1,2022,2022-03-31,27190,CERO
182.0,Q1,2025,2025-03-31,27194,CERS
182.0,Q1,2025,2025-03-31,27222,CERT
182.0,Q1,2025,2025-03-31,2358,CEVA
182.0,Q1,2025,2025-03-31,27269,CF
182.0,Q4,2020,2021-03-31,27308,CGC
182.0,Q4,2021,2022-03-31,27305,CGC
182.0,Q4,2024,2025-03-31,27297,CGC
182.0,Q1,2021,2021-03-31,27348,CGTX
182.0,Q1,2025,2025-03-31,27351,CHCT
182.0,Q1,2025,2025-03-31,2400,CHD
182.0,Q1,2025,2025-03-31,27405,CHDN
182.0,Q1,2025,2025-03-31,2410,CHE
182.0,Q1,2025,2025-03-28,27461,CHEF
182.0,Q1,2025,2025-03-31,27488,CHGG
182.0,Q1,2025,2025-03-31,27515,CHH
182.0,Q1,2025,2025-03-31,2430,CHMI
182.0,Q1,2024,2024-04-30,27573,CHPT
182.0,Q1,2025,2025-03-31,27591,CHRD
182.0,Q1,2025,2025-03-31,27619,CHRS
182.0,Q1,2025,2025-03-31,2450,CHRW
182.0,Q1,2025,2025-03-31,27673,CHTR
182.0,Q4,2020,2021-01-31,27715,CHWY
182.0,Q3,2021,2021-10-31,27713,CHWY
182.0,Q1,2025,2025-03-31,27729,CIFR
182.0,Q1,2025,2025-03-31,27749,CIM
182.0,Q1,2025,2025-03-31,2486,CISO
182.0,Q1,2025,2025-03-31,27813,CL
182.0,Q1,2025,2025-03-31,27841,CLAR
182.0,Q1,2023,2023-03-31,27876,CLB
182.0,Q1,2025,2025-03-31,27869,CLB
182.0,Q1,2025,2025-03-31,27880,CLDX
182.0,Q1,2025,2025-03-31,27908,CLF
182.0,Q1,2025,2025-03-31,27963,CLH
182.0,Q1,2025,2025-03-31,27991,CLMT
182.0,Q1,2025,2025-03-31,27996,CLNE
182.0,Q1,2021,2021-03-31,28039,CLOV
182.0,Q1,2025,2025-03-31,28024,CLOV
182.0,Q1,2025,2025-03-31,28045,CLPT
182.0,Q1,2025,2025-03-31,2564,CLS
182.0,Q1,2025,2025-03-31,28129,CLVT
182.0,Q1,2025,2025-03-31,28143,CLW
182.0,Q1,2025,2025-03-31,28199,CLYM
182.0,Q1,2024,2024-06-30,28245,CMCO
182.0,Q1,2025,2025-03-31,28266,CMCSA
182.0,Q1,2025,2025-03-31,2605,CMCT
182.0,Q1,2025,2025-03-31,28321,CME
182.0,Q1,2025,2025-03-31,28349,CMI
182.0,Q1,2023,2023-03-31,28382,CMP
182.0,Q1,2022,2022-03-31,28439,CMPS
182.0,Q4,2018,2019-03-31,28464,CMPX
182.0,Q1,2025,2025-03-31,2641,CMPX
182.0,Q1,2025,2025-03-31,28468,CMRC
182.0,Q1,2025,2025-03-31,28486,CMS
182.0,Q1,2022,2022-03-31,28525,CMTG
182.0,Q1,2025,2025-03-31,28514,CMTG
182.0,Q3,2024,2024-04-30,28534,CMTL
182.0,Q1,2025,2025-03-31,28559,CNC
182.0,Q1,2025,2025-03-31,2672,CNDT
182.0,Q1,2023,2023-03-31,28632,CNK
182.0,Q3,2021,2021-10-31,28661,CNM
182.0,Q1,2024,2024-04-28,28654,CNM
182.0,Q1,2025,2025-03-31,28666,CNMD
182.0,Q1,2025,2025-03-31,2697,CNNE
182.0,Q1,2025,2025-03-31,28721,CNR
182.0,Q1,2025,2025-03-31,28769,CNX
182.0,Q1,2025,2025-03-31,2733,COCH
182.0,Q1,2021,2021-03-31,28845,COCO
182.0,Q1,2025,2025-03-31,28830,COCO
182.0,Q1,2025,2025-03-31,2749,COGT
182.0,Q1,2025,2025-03-29,28922,COHU
182.0,Q1,2021,2021-03-31,28965,COIN
182.0,Q1,2025,2025-03-31,28950,COIN
182.0,Q1,2025,2025-03-31,28970,COLD
182.0,Q1,2025,2025-03-31,28997,COLL
182.0,Q1,2025,2025-03-31,29023,COLM
182.0,Q1,2021,2021-03-31,29064,COMP
182.0,Q1,2025,2025-03-31,29049,COMP
182.0,Q1,2021,2021-03-31,29084,COOK
182.0,Q1,2025,2025-03-31,29069,COOK
182.0,Q1,2025,2025-03-31,29088,COP
182.0,Q1,2025,2025-03-31,2814,CORT
182.0,Q1,2022,2022-03-31,29180,CORZ
182.0,Q1,2025,2025-03-31,2820,CORZ
182.0,Q1,2025,2025-03-31,2826,COSM
182.0,Q1,2021,2021-03-31,29279,COUR
182.0,Q1,2025,2025-03-31,29284,CP
182.0,Q1,2025,2025-03-31,2852,CPAY
182.0,Q1,2025,2024-10-27,29341,CPB
182.0,Q1,2025,2025-03-31,2862,CPIX
182.0,Q1,2025,2025-03-31,29393,CPK
182.0,Q1,2021,2021-03-31,29436,CPNG
182.0,Q1,2025,2025-03-31,29421,CPNG
182.0,Q1,2025,2025-03-31,29514,CPS
182.0,Q1,2025,2025-03-31,2899,CPT
182.0,Q1,2025,2025-03-31,29568,CQP
182.0,Q1,2023,2023-03-31,29602,CR
182.0,Q1,2025,2025-03-31,2915,CRBP
182.0,Q2,2020,2020-06-30,29649,CRBU
182.0,Q1,2021,2021-03-31,29647,CRBU
182.0,Q1,2025,2025-03-31,2927,CRC
182.0,Q1,2021,2021-03-31,29693,CRCT
182.0,Q1,2025,2025-03-31,29678,CRCT
182.0,Q1,2025,2025-03-31,2937,CRDF
182.0,Q1,2025,2025-03-31,29723,CRGY
182.0,Q1,2025,2025-03-31,29740,CRH
182.0,Q1,2019,2019-03-31,29796,CRK
182.0,Q1,2025,2025-03-31,2962,CRK
182.0,Q4,2020,2020-12-26,29817,CRL
182.0,Q1,2025,2025-03-29,29801,CRL
182.0,Q1,2020,2020-04-30,29845,CRM
182.0,Q1,2024,2024-04-30,29830,CRM
182.0,Q1,2025,2025-03-31,2978,CRMD
182.0,Q1,2021,2020-07-31,29894,CRMT
182.0,Q1,2025,2024-07-31,29880,CRMT
182.0,Q1,2025,2025-03-31,2993,CRNX
182.0,Q1,2025,2025-03-31,29951,CRON
182.0,Q1,2025,2025-03-31,29972,CROX
182.0,Q1,2025,2025-03-31,30026,CRSP
182.0,Q1,2025,2025-03-31,30052,CRSR
182.0,Q1,2025,2025-03-31,30074,CRTO
182.0,Q1,2025,2025-03-31,30129,CRVO
182.0,Q1,2022,2022-03-31,30167,CRVS
182.0,Q1,2025,2025-03-31,3039,CRVS
182.0,Q1,2020,2020-04-30,30201,CRWD
182.0,Q1,2024,2024-04-30,30186,CRWD
182.0,Q1,2025,2024-10-26,30206,CSCO
182.0,Q1,2025,2025-03-31,30233,CSGP
182.0,Q1,2025,2025-03-31,30261,CSL
182.0,Q1,2025,2025-03-31,30289,CSR
182.0,Q1,2025,2025-03-31,30315,CSTL
182.0,Q1,2025,2025-03-31,30339,CSTM
182.0,Q1,2025,2025-03-31,30344,CSV
182.0,Q1,2025,2025-03-31,30399,CSX
182.0,Q1,2025,2025-03-31,30453,CTEV
182.0,Q1,2021,2021-03-31,30486,CTKB
182.0,Q1,2025,2025-03-31,30471,CTKB
182.0,Q1,2023,2023-03-31,30527,CTNT
182.0,Q1,2025,2025-03-31,30564,CTOS
182.0,Q1,2025,2025-03-31,30589,CTRE
182.0,Q1,2025,2025-03-31,30615,CTS
182.0,Q1,2025,2025-03-31,30641,CTSH
182.0,Q1,2025,2025-03-31,3161,CTVA
182.0,Q1,2025,2025-03-31,30720,CUBE
182.0,Q1,2025,2025-03-31,3177,CURI
182.0,Q1,2025,2025-03-31,3187,CUZ
182.0,Q1,2025,2025-03-31,30834,CVGI
182.0,Q1,2025,2025-03-31,30859,CVI
182.0,Q1,2023,2023-03-31,30894,CVLG
182.0,Q1,2025,2025-03-31,30887,CVLG
182.0,Q1,2025,2025-03-31,30915,CVNA
182.0,Q2,2020,2020-06-30,30958,CVRX
182.0,Q1,2021,2021-03-31,30956,CVRX
182.0,Q1,2025,2025-03-31,30941,CVRX
182.0,Q1,2025,2025-03-31,30960,CVS
182.0,Q1,2025,2025-03-31,30988,CVX
182.0,Q1,2025,2025-03-31,31016,CW
182.0,Q1,2025,2025-03-31,3243,CWCO
182.0,Q1,2025,2025-03-31,3248,CWEN
182.0,Q1,2025,2025-03-31,31098,CWH
182.0,Q1,2025,2025-03-31,31124,CWK
182.0,Q2,2020,2020-06-30,31166,CWST
182.0,Q1,2024,2024-06-30,31151,CWST
182.0,Q1,2025,2025-03-31,31175,CWT
182.0,Q1,2024,2024-04-30,31232,CXM
182.0,Q1,2025,2025-03-31,31245,CXT
182.0,Q1,2025,2025-03-31,31273,CXW
182.0,Q1,2025,2025-03-31,3295,CYCN
182.0,Q1,2025,2025-03-31,31325,CYH
182.0,Q1,2021,2021-03-31,31366,CYN
182.0,Q1,2020,2020-06-30,31382,CYRX
182.0,Q1,2024,2024-06-30,31370,CYRX
182.0,Q1,2025,2025-03-31,31390,CYTK
182.0,Q1,2025,2025-03-31,31418,CZR
182.0,Q1,2025,2025-03-31,31446,D
182.0,Q1,2022,2021-07-31,31474,DAKT
182.0,Q1,2025,2025-03-31,31488,DAL
182.0,Q1,2025,2025-03-31,31516,DAN
182.0,Q1,2025,2025-03-29,31544,DAR
182.0,Q1,2025,2025-03-31,31598,DAVE
182.0,Q1,2025,2025-03-31,31611,DBD
182.0,Q3,2020,2020-10-31,31651,DBI
182.0,Q2,2021,2021-07-31,31649,DBI
182.0,Q1,2025,2025-03-31,31680,DBX
182.0,Q1,2021,2021-03-31,31721,DCGO
182.0,Q1,2025,2025-03-31,3395,DCGO
182.0,Q1,2025,2025-03-31,31779,DCTH
182.0,Q1,2025,2025-03-31,3422,DDD
182.0,Q1,2025,2025-03-31,31861,DDOG
182.0,Q1,2025,2025-01-26,31884,DE
182.0,Q1,2025,2025-03-31,31909,DEA
182.0,Q1,2024,2024-06-30,31940,DECK
182.0,Q1,2025,2025-03-31,3458,DEI
182.0,Q3,2019,2019-11-01,32004,DELL
182.0,Q2,2020,2020-07-31,32002,DELL
182.0,Q1,2021,2021-03-31,32025,DERM
182.0,Q1,2025,2025-03-31,3468,DERM
182.0,Q1,2025,2025-03-31,32028,DFH
182.0,Q1,2025,2025-03-31,32102,DGX
182.0,Q1,2021,2021-03-31,32142,DH
182.0,Q1,2025,2025-03-31,3506,DH
182.0,Q2,2024,2024-06-30,32147,DHC
182.0,Q1,2025,2025-03-31,32145,DHC
182.0,Q1,2025,2025-03-28,32198,DHR
182.0,Q1,2025,2025-03-31,32224,DHX
182.0,Q1,2021,2021-03-31,32267,DIBS
182.0,Q1,2025,2025-03-31,32252,DIBS
182.0,Q1,2025,2025-03-31,32271,DIN
182.0,Q1,2022,2022-03-31,32310,DINO
182.0,Q1,2025,2025-03-31,3541,DINO
182.0,Q1,2025,2025-03-31,32315,DIOD
182.0,Q2,2020,2020-03-28,32360,DIS
182.0,Q1,2025,2024-12-28,32345,DIS
182.0,Q1,2025,2025-03-31,32366,DK
182.0,Q1,2025,2025-03-31,32394,DKL
182.0,Q1,2022,2022-03-31,32431,DKNG
182.0,Q2,2019,2019-08-03,32452,DKS
182.0,Q3,2020,2020-10-31,32448,DKS
182.0,Q2,2021,2021-07-31,32446,DKS
182.0,Q1,2025,2024-12-27,32460,DLB
182.0,Q1,2025,2025-03-31,3586,DLR
182.0,Q1,2025,2025-03-31,32556,DLX
182.0,Q1,2025,2025-03-31,3606,DMAC
182.0,Q1,2025,2025-03-31,3611,DMLP
182.0,Q1,2025,2025-03-31,3617,DMRC
182.0,Q1,2025,2025-03-31,3622,DNA
182.0,Q1,2025,2025-03-31,3628,DNLI
182.0,Q1,2025,2025-03-31,32703,DNOW
182.0,Q1,2019,2019-03-31,32749,DNTH
182.0,Q2,2022,2022-07-03,32763,DNUT
182.0,Q1,2025,2025-03-30,32753,DNUT
182.0,Q1,2025,2025-03-31,32769,DOC
182.0,Q1,2025,2025-03-31,32794,DOCN
182.0,Q1,2024,2024-06-30,32815,DOCS
182.0,Q1,2024,2024-04-30,32833,DOCU
182.0,Q1,2024,2024-04-30,32858,DOMO
182.0,Q1,2025,2025-03-29,32879,DORM
182.0,Q1,2025,2025-03-31,3686,DOUG
182.0,Q1,2025,2025-03-31,32923,DOV
182.0,Q1,2025,2024-08-25,33029,DRI
182.0,Q1,2025,2025-03-31,33055,DRS
182.0,Q1,2021,2021-03-31,33100,DSGN
182.0,Q1,2025,2025-03-31,3728,DSGN
182.0,Q1,2025,2025-03-31,3734,DSP
182.0,Q1,2024,2024-06-30,33127,DT
182.0,Q1,2025,2025-03-31,3744,DTE
182.0,Q1,2021,2021-03-31,33212,DTM
182.0,Q1,2025,2025-03-31,33197,DTM
182.0,Q1,2025,2025-03-31,33239,DUK
182.0,Q2,2020,2020-06-30,33284,DUOL
182.0,Q1,2021,2021-03-31,33282,DUOL
182.0,Q1,2025,2025-03-31,33267,DUOL
182.0,Q1,2025,2025-03-31,3777,DUOT
182.0,Q1,2021,2021-03-31,33327,DV
182.0,Q1,2025,2025-03-31,33312,DV
182.0,Q1,2025,2025-03-31,33332,DVA
182.0,Q1,2025,2025-03-31,33360,DVN
182.0,Q1,2025,2025-03-31,3797,DWTX
182.0,Q1,2025,2025-03-31,33403,DX
182.0,Q1,2024,2024-06-30,33433,DXC
182.0,Q1,2025,2025-03-31,33454,DXCM
182.0,Q1,2025,2025-03-31,33510,DXPE
182.0,Q3,2020,2020-10-24,33553,DY
182.0,Q2,2021,2021-07-31,33551,DY
182.0,Q1,2025,2025-03-31,33564,DYN
182.0,Q1,2024,2024-06-30,33589,EA
182.0,Q1,2025,2025-03-31,33611,EAF
182.0,Q1,2025,2024-09-25,33641,EAT
182.0,Q1,2025,2025-03-31,33667,EBAY
182.0,Q1,2025,2025-05-31,3857,EBF
182.0,Q1,2025,2025-03-31,33719,EBS
182.0,Q1,2025,2025-03-31,33772,ED
182.0,Q1,2025,2025-03-31,3888,EDBL
182.0,Q1,2025,2025-03-31,3893,EDIT
182.0,Q1,2021,2021-03-31,33848,EDSA
182.0,Q1,2023,2023-03-31,33842,EDSA
182.0,Q1,2025,2025-03-31,33859,EE
182.0,Q1,2024,2024-06-30,33873,EEFT
182.0,Q1,2025,2025-03-31,3915,EFC
182.0,Q1,2025,2025-03-31,33923,EFX
182.0,Q1,2024,2024-06-30,33954,EGHT
182.0,Q1,2025,2025-03-31,33976,EGP
182.0,Q1,2025,2025-03-31,3935,EGY
182.0,Q1,2025,2025-03-31,34031,EHC
182.0,Q1,2025,2025-03-31,34059,EIX
182.0,Q1,2024,2023-03-31,34115,ELAB
182.0,Q1,2025,2025-03-31,34118,ELAN
182.0,Q1,2025,2025-03-31,3965,ELDN
182.0,Q1,2024,2024-06-30,34174,ELF
182.0,Q1,2023,2023-03-31,34226,ELS
182.0,Q1,2025,2025-03-31,3982,ELS
182.0,Q1,2025,2025-03-31,3987,ELVN
182.0,Q1,2025,2025-03-31,34278,EME
182.0,Q1,2025,2025-03-31,4003,EMN
182.0,Q1,2025,2025-03-31,34334,EMPD
182.0,Q1,2025,2025-03-31,4018,ENB
182.0,Q1,2025,2025-03-31,34433,ENPH
182.0,Q1,2024,2024-06-30,34488,ENS
182.0,Q1,2025,2025-03-31,4048,ENSC
182.0,Q1,2025,2025-03-31,4053,ENSG
182.0,Q1,2025,2025-03-29,34588,ENTG
182.0,Q1,2021,2021-03-31,34627,ENVX
182.0,Q4,2022,2023-01-01,34622,ENVX
182.0,Q2,2023,2023-07-02,34621,ENVX
182.0,Q1,2025,2025-03-31,34632,EOG
182.0,Q1,2025,2025-03-31,34660,EOLS
182.0,Q1,2025,2025-03-31,34686,EOSE
182.0,Q1,2025,2025-03-31,34735,EPAM
182.0,Q1,2025,2025-03-31,34791,EPD
182.0,Q1,2022,2022-03-31,34830,EPR
182.0,Q1,2025,2025-03-31,34819,EPR
182.0,Q1,2025,2025-03-31,34846,EPRT
182.0,Q1,2025,2025-03-31,34919,EQIX
182.0,Q1,2025,2025-03-31,34947,EQR
182.0,Q1,2025,2025-03-31,34975,EQT
182.0,Q1,2025,2025-03-31,35003,ERII
182.0,Q1,2025,2025-03-31,4156,ERNA
182.0,Q1,2025,2025-03-31,4161,ES
182.0,Q1,2025,2025-03-31,35126,ESI
182.0,Q1,2021,2021-03-31,35163,ESOA
182.0,Q1,2022,2022-03-31,35160,ESOA
182.0,Q1,2023,2023-03-31,35157,ESOA
182.0,Q1,2025,2025-03-31,4187,ESPR
182.0,Q1,2025,2025-03-31,35199,ESRT
182.0,Q1,2025,2025-03-31,35227,ESS
182.0,Q1,2025,2025-03-31,35276,ET
182.0,Q1,2025,2025-03-31,35326,ETN
182.0,Q1,2025,2025-03-31,4233,ETR
182.0,Q1,2025,2025-03-31,4248,EVC
182.0,Q1,2021,2021-03-31,35447,EVCM
182.0,Q1,2025,2025-03-31,35432,EVCM
182.0,Q1,2025,2025-03-31,35452,EVER
182.0,Q1,2021,2021-03-31,35489,EVEX
182.0,Q1,2025,2025-03-31,35478,EVEX
182.0,Q1,2021,2021-03-31,35509,EVGO
182.0,Q1,2025,2025-03-31,35494,EVGO
182.0,Q2,2020,2020-06-30,35531,EVH
182.0,Q1,2025,2025-03-31,35514,EVH
182.0,Q1,2022,2022-03-31,35550,EVLV
182.0,Q1,2025,2025-03-31,4278,EVLV
182.0,Q1,2025,2025-03-31,35558,EVRG
182.0,Q1,2025,2025-03-31,35585,EVTC
182.0,Q1,2025,2025-03-31,35637,EW
182.0,Q1,2025,2025-03-31,35665,EWTX
182.0,Q1,2025,2025-03-31,35685,EXC
182.0,Q1,2022,2022-03-31,35724,EXE
182.0,Q1,2025,2025-03-31,35713,EXE
182.0,Q1,2019,2019-03-29,35764,EXEL
182.0,Q1,2021,2021-03-31,35783,EXFY
182.0,Q1,2025,2025-03-31,35786,EXLS
182.0,Q1,2025,2025-03-31,35839,EXPD
182.0,Q1,2025,2025-03-31,35867,EXPE
182.0,Q4,2021,2021-12-31,35908,EXPO
182.0,Q1,2026,2026-03-31,4352,EXPO
182.0,Q1,2025,2025-03-31,4354,EXR
182.0,Q1,2025,2025-03-31,36001,EYPT
182.0,Q1,2025,2025-03-31,36027,F
182.0,Q1,2021,2021-03-31,36070,FA
182.0,Q1,2025,2025-03-31,36055,FA
182.0,Q1,2025,2025-03-31,36075,FAST
182.0,Q1,2025,2025-03-29,36103,FBIN
182.0,Q1,2025,2025-03-31,36157,FBRT
182.0,Q1,2025,2025-03-31,36235,FCN
182.0,Q1,2025,2025-03-31,36263,FCPT
182.0,Q1,2025,2025-03-31,4432,FCUV
182.0,Q4,2021,2021-12-31,36347,FDP
182.0,Q1,2025,2025-03-31,36415,FE
182.0,Q1,2025,2024-07-31,36444,FEIM
182.0,Q1,2025,2025-03-31,36470,FELE
182.0,Q1,2022,2022-03-31,36580,FGI
182.0,Q1,2025,2025-03-31,4500,FGI
182.0,Q1,2021,2021-03-31,36672,FIGS
182.0,Q1,2025,2025-03-31,36657,FIGS
182.0,Q1,2022,2022-03-31,36687,FIP
182.0,Q1,2025,2025-03-31,4528,FIP
182.0,Q1,2025,2025-03-31,36691,FIS
182.0,Q1,2025,2025-03-31,36719,FIVN
182.0,Q1,2025,2025-03-31,36747,FIX
182.0,Q3,2021,2021-12-31,36786,FLEX
182.0,Q1,2025,2025-03-31,36800,FLGT
182.0,Q1,2025,2025-03-31,36828,FLL
182.0,Q1,2022,2022-03-31,36911,FLS
182.0,Q1,2025,2025-03-31,36900,FLS
182.0,Q1,2025,2025-03-31,36928,FLUT
182.0,Q1,2025,2025-03-31,4598,FLUX
182.0,Q1,2025,2024-09-29,36958,FLWS
182.0,Q1,2021,2021-03-31,36994,FLYW
182.0,Q1,2025,2025-03-31,4608,FLYW
182.0,Q1,2025,2024-09-27,37027,FN
182.0,Q1,2025,2025-03-27,37053,FND
182.0,Q1,2025,2025-03-31,37100,FNKO
182.0,Q1,2025,2025-03-29,37151,FORM
182.0,Q1,2025,2025-03-31,37206,FOUR
182.0,Q1,2025,2025-03-31,37311,FPH
182.0,Q1,2025,2025-03-31,37365,FR
182.0,Q1,2025,2025-03-31,37392,FROG
182.0,Q1,2025,2025-03-31,37414,FRPT
182.0,Q1,2025,2025-03-31,37442,FRSH
182.0,Q1,2025,2025-03-31,37457,FSLR
182.0,Q1,2025,2025-03-31,37485,FSLY
182.0,Q1,2025,2025-03-31,37509,FSS
182.0,Q1,2025,2025-03-31,37537,FTAI
182.0,Q1,2025,2025-03-31,37565,FTDR
182.0,Q1,2025,2025-03-31,37615,FTI
182.0,Q1,2025,2025-03-31,37643,FTK
182.0,Q1,2025,2025-03-31,37671,FTNT
182.0,Q1,2023,2023-03-31,37704,FTRE
182.0,Q1,2025,2025-03-31,37697,FTRE
182.0,Q1,2025,2025-03-31,14581,FUBO
182.0,Q1,2024,2024-03-02,37736,FUL
182.0,Q1,2025,2025-03-31,37787,FWONA
182.0,Q1,2025,2025-03-31,37815,FWONK
182.0,Q1,2025,2025-03-31,37843,FWRD
182.0,Q4,2021,2021-12-26,37881,FWRG
182.0,Q1,2025,2025-03-30,37871,FWRG
182.0,Q1,2025,2025-03-31,37886,G
182.0,Q1,2022,2022-03-31,37996,GATX
182.0,Q1,2025,2025-03-31,4843,GATX
182.0,Q1,2025,2025-03-31,38012,GBTG
182.0,Q4,2018,2019-02-02,38052,GCO
182.0,Q1,2025,2025-03-31,38056,GCT
182.0,Q1,2025,2025-03-30,38102,GD
182.0,Q1,2025,2025-03-31,38155,GDDY
182.0,Q1,2025,2025-03-31,38183,GDRX
182.0,Q1,2025,2025-03-31,38205,GDYN
182.0,Q1,2025,2025-03-31,38229,GE
182.0,Q1,2023,2023-03-31,38293,GEHC
182.0,Q1,2025,2025-03-31,38286,GEHC
182.0,Q4,2021,2021-04-02,38337,GEN
182.0,Q1,2025,2025-03-31,38349,GEO
182.0,Q1,2022,2022-03-31,38415,GETY
182.0,Q1,2025,2025-03-31,4947,GETY
182.0,Q1,2025,2025-03-31,38424,GEVO
182.0,Q1,2025,2025-03-28,38481,GGG
182.0,Q1,2025,2025-03-31,38509,GH
182.0,Q1,2024,2024-06-30,38537,GHM
182.0,Q1,2025,2025-03-31,38557,GIC
182.0,Q1,2025,2025-03-31,38608,GILD
182.0,Q1,2025,2024-08-25,38638,GIS
182.0,Q1,2024,2023-03-31,38666,GITS
182.0,Q1,2025,2025-03-31,38670,GKOS
182.0,Q1,2021,2021-03-31,38713,GLPI
182.0,Q1,2025,2025-03-31,38698,GLPI
182.0,Q1,2021,2021-03-31,38738,GLUE
182.0,Q1,2025,2025-03-31,38723,GLUE
182.0,Q1,2025,2025-03-31,38743,GLW
182.0,Q1,2025,2025-03-31,38771,GM
182.0,Q2,2020,2020-08-01,38810,GME
182.0,Q2,2021,2021-07-31,38807,GME
182.0,Q4,2022,2023-01-28,38802,GME
182.0,Q1,2025,2025-03-31,38844,GNK
182.0,Q1,2025,2025-03-31,38872,GNL
182.0,Q1,2025,2025-03-31,5068,GNLX
182.0,Q1,2025,2025-03-31,38930,GNRC
182.0,Q1,2025,2025-03-31,38958,GNTX
182.0,Q2,2020,2020-06-27,39003,GO
182.0,Q1,2025,2025-03-31,39009,GOGO
182.0,Q1,2025,2025-03-31,39037,GOLF
182.0,Q1,2025,2025-03-31,39065,GOOD
182.0,Q1,2025,2025-03-31,5115,GOSS
182.0,Q1,2025,2025-03-31,39169,GPC
182.0,Q1,2023,2023-03-31,39203,GPCR
182.0,Q1,2025,2025-03-31,5125,GPCR
182.0,Q1,2021,2021-03-31,39223,GPI
182.0,Q1,2025,2025-03-31,39208,GPI
182.0,Q1,2025,2025-03-31,39285,GPN
182.0,Q1,2025,2025-03-31,39313,GPOR
182.0,Q1,2025,2025-03-31,39341,GPRE
182.0,Q1,2025,2025-03-31,5165,GPRO
182.0,Q1,2025,2025-03-29,39438,GRMN
182.0,Q1,2021,2021-03-31,39481,GRND
182.0,Q1,2025,2025-03-31,39466,GRND
182.0,Q1,2025,2025-03-31,39485,GRPN
182.0,Q1,2025,2025-03-31,5201,GRWG
182.0,Q1,2025,2025-03-31,5206,GSAT
182.0,Q1,2024,2024-06-30,39569,GSIT
182.0,Q1,2025,2025-03-29,39641,GTES
182.0,Q1,2024,2024-04-30,39671,GTLB
182.0,Q1,2025,2025-03-31,5240,GTLS
182.0,Q1,2025,2025-03-31,39711,GTM
182.0,Q1,2025,2025-03-31,39730,GTN
182.0,Q1,2025,2025-03-31,39758,GTX
182.0,Q1,2025,2025-03-31,39784,GTY
182.0,Q1,2025,2025-03-31,39815,GVA
182.0,Q1,2021,2021-03-31,39853,GWH
182.0,Q1,2025,2025-03-31,39884,GWW
182.0,Q1,2025,2025-03-31,5292,GXAI
182.0,Q1,2021,2021-03-31,39936,GXO
182.0,Q1,2025,2025-03-31,39921,GXO
182.0,Q4,2022,2022-04-02,40000,HAE
182.0,Q1,2025,2025-03-31,40043,HAL
182.0,Q1,2025,2025-03-31,40071,HALO
182.0,Q1,2025,2025-03-30,40099,HAS
182.0,Q1,2025,2025-03-29,40119,HAYW
182.0,Q1,2025,2025-03-31,40136,HCA
182.0,Q1,2025,2025-03-31,40164,HCAT
182.0,Q1,2025,2025-03-31,40188,HCC
182.0,Q1,2025,2025-03-28,40216,HCKT
182.0,Q1,2025,2025-03-31,40240,HCSG
182.0,Q1,2021,2021-03-31,40282,HCTI
182.0,Q1,2025,2025-03-31,5368,HCTI
182.0,Q1,2025,2025-03-31,40327,HDSN
182.0,Q1,2025,2025-03-31,40355,HE
182.0,Q1,2025,2025-03-31,40434,HESM
182.0,Q1,2025,2025-03-31,40457,HGV
182.0,Q1,2025,2025-03-31,40489,HII
182.0,Q1,2021,2021-03-31,40531,HIMS
182.0,Q1,2025,2025-03-31,5424,HIMS
182.0,Q1,2025,2025-03-31,5434,HIW
182.0,Q1,2025,2025-03-31,40587,HL
182.0,Q1,2025,2025-03-31,40615,HLF
182.0,Q2,2019,2019-06-29,40664,HLIO
182.0,Q1,2024,2024-03-30,40646,HLIO
182.0,Q3,2022,2022-09-30,40678,HLIT
182.0,Q1,2024,2024-03-31,40697,HLLY
182.0,Q4,2021,2021-12-25,40721,HLMN
182.0,Q1,2025,2025-03-29,40711,HLMN
182.0,Q1,2025,2025-03-31,40733,HLT
182.0,Q1,2025,2025-03-31,40761,HLX
182.0,Q1,2025,2025-03-31,5488,HNRG
182.0,Q3,2019,2019-09-29,40861,HOG
182.0,Q1,2025,2025-03-31,40843,HOG
182.0,Q1,2023,2023-03-31,40867,HOLO
182.0,Q1,2021,2021-03-31,40890,HON
182.0,Q1,2021,2021-03-31,40960,HOWL
182.0,Q1,2025,2025-03-31,5546,HPK
182.0,Q1,2025,2025-03-31,5551,HPP
182.0,Q1,2024,2024-04-30,41097,HQY
182.0,Q1,2025,2025-03-31,41119,HR
182.0,Q1,2025,2025-03-31,41167,HRI
182.0,Q1,2025,2025-01-26,41196,HRL
182.0,Q1,2025,2025-03-31,5593,HROW
182.0,Q1,2025,2025-03-29,41295,HSIC
182.0,Q1,2025,2025-03-31,41323,HST
182.0,Q1,2025,2025-03-31,41351,HSTM
182.0,Q1,2025,2025-03-30,41378,HSY
182.0,Q1,2025,2025-03-31,5624,HTLD
182.0,Q1,2025,2025-03-31,5629,HTO
182.0,Q1,2025,2025-03-31,41460,HTZ
182.0,Q1,2025,2025-03-31,41487,HUBB
182.0,Q1,2025,2025-03-31,41541,HUBS
182.0,Q1,2021,2021-03-31,41583,HUMA
182.0,Q1,2025,2025-03-31,5653,HUMA
182.0,Q1,2025,2025-03-31,41588,HUN
182.0,Q1,2025,2025-03-31,5668,HURN
182.0,Q1,2025,2025-03-31,41666,HVT
182.0,Q1,2024,2024-06-30,41709,HWKN
182.0,Q1,2025,2025-03-31,41807,HYPR
182.0,Q1,2025,2025-03-31,41852,IART
182.0,Q1,2025,2025-03-31,5728,IBEX
182.0,Q1,2025,2025-03-31,41888,IBM
182.0,Q1,2025,2025-03-31,41916,IBP
182.0,Q1,2025,2025-03-31,41944,IBRX
182.0,Q1,2025,2025-03-31,41972,ICE
182.0,Q1,2025,2025-03-31,5753,ICFI
182.0,Q1,2025,2025-03-28,42027,ICHR
182.0,Q1,2025,2025-03-31,42055,ICUI
182.0,Q1,2025,2025-03-31,42081,IDA
182.0,Q1,2025,2025-03-31,5774,IDAI
182.0,Q1,2025,2025-03-31,42122,IDCC
182.0,Q1,2025,2025-03-31,5784,IDN
182.0,Q1,2025,2025-03-31,42203,IDXX
182.0,Q1,2025,2025-03-31,42231,IDYA
182.0,Q1,2025,2025-03-31,42283,IEX
182.0,Q1,2025,2025-03-31,42311,IFF
182.0,Q1,2021,2021-03-31,42353,IHRT
182.0,Q1,2025,2025-03-31,5824,IHRT
182.0,Q2,2023,2023-04-01,42372,IIIN
182.0,Q1,2025,2025-03-31,42419,IIPR
182.0,Q1,2025,2025-03-31,42490,ILPT
182.0,Q1,2021,2021-03-31,42530,IMAX
182.0,Q1,2025,2025-03-31,42515,IMAX
182.0,Q1,2025,2025-03-31,42540,IMCR
182.0,Q3,2019,2019-06-29,42572,IMKTA
182.0,Q1,2023,2022-12-24,42558,IMKTA
182.0,Q1,2025,2024-12-28,42551,IMKTA
182.0,Q1,2025,2025-03-31,42603,IMMX
182.0,Q1,2025,2025-03-31,5898,IMNM
182.0,Q1,2021,2021-03-31,42682,IMRX
182.0,Q1,2025,2025-03-31,42667,IMRX
182.0,Q1,2024,2024-06-30,42688,IMVT
182.0,Q1,2025,2025-03-31,5921,IMXI
182.0,Q1,2021,2021-03-31,42745,INAB
182.0,Q1,2021,2021-03-31,42776,INCY
182.0,Q2,2020,2020-06-30,42804,INDI
182.0,Q1,2021,2021-03-31,42802,INDI
182.0,Q1,2025,2025-03-31,42787,INDI
182.0,Q1,2025,2025-03-31,42824,INDV
182.0,Q1,2025,2025-03-31,42829,INGN
182.0,Q1,2021,2021-03-31,42875,INKT
182.0,Q1,2025,2025-03-31,42893,INMB
182.0,Q1,2025,2025-03-31,5997,INO
182.0,Q1,2025,2025-03-31,42945,INOD
182.0,Q1,2025,2025-03-31,42973,INSE
182.0,Q1,2025,2025-03-31,43000,INSG
182.0,Q1,2025,2025-03-31,43028,INSM
182.0,Q1,2025,2025-03-31,6029,INSW
182.0,Q1,2025,2025-03-29,43123,INTC
182.0,Q1,2021,2021-03-31,43165,IONQ
182.0,Q1,2025,2025-03-31,6044,IONQ
182.0,Q1,2025,2025-03-31,43168,IONS
182.0,Q1,2021,2021-03-31,43211,IOSP
182.0,Q1,2025,2025-03-31,43196,IOSP
182.0,Q1,2025,2025-03-31,43223,IOVA
182.0,Q1,2025,2025-03-31,43277,IPAR
182.0,Q1,2025,2025-03-31,43331,IPGP
182.0,Q1,2025,2025-03-31,43359,IPI
182.0,Q1,2025,2025-03-31,43387,IQV
182.0,Q1,2025,2025-03-31,43415,IR
182.0,Q1,2025,2025-03-31,43443,IRD
182.0,Q1,2025,2025-03-31,43468,IRDM
182.0,Q1,2025,2025-03-31,43496,IRM
182.0,Q1,2025,2025-03-31,43539,IRT
182.0,Q1,2025,2025-03-31,43567,IRTC
182.0,Q1,2025,2025-03-31,6139,IRWD
182.0,Q1,2021,2021-03-31,43632,ISPC
182.0,Q1,2025,2025-03-31,43637,ISRG
182.0,Q1,2025,2025-03-31,43692,IT
182.0,Q1,2025,2025-03-28,43720,ITGR
182.0,Q1,2025,2025-03-31,6171,ITRI
182.0,Q1,2025,2025-03-29,43776,ITT
182.0,Q1,2025,2025-03-31,43804,ITW
182.0,Q1,2025,2025-03-31,43845,IVR
182.0,Q1,2021,2021-03-31,43888,IVT
182.0,Q1,2025,2025-03-31,43873,IVT
182.0,Q1,2021,2021-03-31,43910,IVVD
182.0,Q1,2025,2024-12-27,43915,J
182.0,Q1,2025,2025-03-31,43992,JAKK
182.0,Q1,2025,2025-03-31,44019,JANX
182.0,Q1,2025,2025-03-31,44038,JAZZ
182.0,Q1,2025,2025-03-31,6240,JBGS
182.0,Q1,2022,2022-03-31,44102,JBHT
182.0,Q1,2025,2025-03-31,44091,JBHT
182.0,Q2,2022,2022-07-02,44127,JBI
182.0,Q1,2025,2025-03-31,6255,JBIO
182.0,Q1,2025,2025-03-31,44174,JBLU
182.0,Q1,2025,2025-03-31,6270,JBTM
182.0,Q3,2020,2020-09-26,44269,JELD
182.0,Q1,2025,2025-03-29,44255,JELD
182.0,Q1,2020,2020-05-02,44294,JILL
182.0,Q2,2021,2021-03-27,44318,JJSF
182.0,Q1,2025,2025-03-31,44357,JLL
182.0,Q1,2025,2025-03-30,44386,JNJ
182.0,Q1,2022,2022-03-31,44425,JOE
182.0,Q1,2025,2025-03-31,44414,JOE
182.0,Q4,2020,2021-03-31,44612,KD
182.0,Q1,2025,2025-03-31,6366,KDP
182.0,Q3,2024,2024-09-29,44643,KELYA
182.0,Q1,2025,2025-03-30,44642,KELYA
182.0,Q1,2025,2025-03-31,44669,KEX
182.0,Q1,2025,2025-03-31,44725,KFRC
182.0,Q1,2025,2024-07-31,44755,KFY
182.0,Q1,2023,2023-03-31,44788,KGS
182.0,Q1,2025,2025-03-31,44781,KGS
182.0,Q2,2023,2023-07-01,44799,KHC
182.0,Q1,2025,2025-03-29,44793,KHC
182.0,Q1,2025,2025-03-31,44820,KIDS
182.0,Q1,2025,2024-12-28,44893,KLIC
182.0,Q1,2021,2021-03-31,44948,KLTR
182.0,Q1,2023,2023-03-31,44941,KLTR
182.0,Q1,2025,2025-03-31,44934,KLTR
182.0,Q1,2026,2026-03-31,6451,KLXE
182.0,Q1,2025,2025-03-31,44979,KMB
182.0,Q1,2025,2025-03-31,45005,KMI
182.0,Q1,2023,2023-03-31,45117,KNF
182.0,Q1,2025,2025-03-31,45110,KNF
182.0,Q1,2025,2025-03-31,45120,KNSA
182.0,Q1,2025,2025-03-31,45147,KNTK
182.0,Q1,2025,2025-03-31,45175,KNX
182.0,Q1,2025,2025-03-28,45200,KO
182.0,Q1,2025,2025-03-31,6503,KOD
182.0,Q1,2025,2025-03-31,6508,KODK
182.0,Q1,2025,2025-03-31,45280,KOP
182.0,Q1,2025,2025-03-31,6530,KOSS
182.0,Q1,2025,2025-03-31,6546,KRC
182.0,Q1,2025,2025-03-31,45461,KREF
182.0,Q1,2025,2025-03-31,45514,KRMD
182.0,Q1,2025,2025-03-31,45566,KRP
182.0,Q1,2025,2025-03-31,45594,KRRO
182.0,Q1,2022,2022-03-31,45649,KRYS
182.0,Q1,2025,2025-03-31,45638,KRYS
182.0,Q4,2022,2023-01-28,45685,KSS
182.0,Q1,2025,2025-03-30,45724,KTOS
182.0,Q1,2025,2025-03-31,6621,KURA
182.0,Q1,2025,2025-03-30,45779,KVUE
182.0,Q1,2025,2025-03-31,45788,KVYO
182.0,Q1,2025,2025-03-31,45795,KWR
182.0,Q1,2025,2025-03-31,45823,KYMR
182.0,Q2,2024,2024-06-30,45849,LAB
182.0,Q1,2025,2025-03-31,45876,LAD
182.0,Q1,2025,2025-03-31,45904,LADR
182.0,Q1,2025,2025-03-31,45932,LAMR
182.0,Q1,2025,2025-03-31,6684,LAND
182.0,Q1,2025,2025-03-31,45999,LAUR
182.0,Q1,2025,2025-03-31,46027,LAW
182.0,Q1,2025,2025-03-31,46095,LBRT
182.0,Q1,2025,2025-03-31,46124,LBTYA
182.0,Q1,2025,2025-03-31,46152,LBTYK
182.0,Q1,2021,2021-03-31,46195,LCID
182.0,Q1,2025,2025-03-31,46180,LCID
182.0,Q1,2025,2025-03-31,46199,LCII
182.0,Q1,2026,2026-03-31,6751,LDOS
182.0,Q2,2019,2019-08-02,46273,LE
182.0,Q1,2022,2022-04-29,46263,LE
182.0,Q1,2025,2025-03-29,46279,LEA
182.0,Q1,2025,2025-03-31,46307,LEG
182.0,Q1,2025,2025-03-31,6778,LENZ
182.0,Q1,2025,2024-12-28,46378,LESL
182.0,Q2,2024,2024-02-29,46421,LEXX
182.0,Q1,2025,2025-03-31,6802,LFMD
182.0,Q1,2025,2025-03-31,46494,LFST
182.0,Q1,2025,2025-03-29,46513,LFUS
182.0,Q1,2025,2025-03-31,6823,LGIH
182.0,Q1,2025,2025-03-31,46593,LGND
182.0,Q1,2022,2022-03-31,46632,LH
182.0,Q1,2025,2025-03-31,46621,LH
182.0,Q1,2024,2024-03-29,46650,LHX
182.0,Q1,2025,2025-03-31,46672,LIDR
182.0,Q1,2025,2025-03-31,46693,LII
182.0,Q1,2025,2025-03-31,46721,LILA
182.0,Q1,2025,2025-03-31,46748,LILAK
182.0,Q1,2025,2025-03-31,46774,LIN
182.0,Q1,2025,2025-03-31,6871,LINC
182.0,Q1,2025,2025-03-31,46826,LIND
182.0,Q1,2025,2024-09-28,46857,LITE
182.0,Q1,2025,2025-03-31,46883,LIVN
182.0,Q1,2025,2025-03-31,6907,LKQ
182.0,Q1,2025,2025-03-31,46962,LLY
182.0,Q1,2025,2025-03-31,46990,LMAT
182.0,Q1,2025,2025-03-31,47018,LMB
182.0,Q1,2025,2025-03-31,47068,LNG
182.0,Q1,2025,2025-03-31,6963,LNT
182.0,Q1,2025,2025-03-31,47143,LNTH
182.0,Q1,2023,2023-03-29,47173,LOCO
182.0,Q1,2024,2024-06-30,47196,LOGI
182.0,Q1,2025,2025-03-31,47218,LOPE
182.0,Q2,2019,2019-08-04,47262,LOVE
182.0,Q4,2019,2020-02-02,47261,LOVE
182.0,Q2,2021,2021-08-01,47258,LOVE
182.0,Q2,2022,2022-07-31,47255,LOVE
182.0,Q1,2024,2024-06-30,47271,LPG
182.0,Q1,2025,2025-03-31,47293,LPSN
182.0,Q1,2025,2025-03-31,47347,LPX
182.0,Q1,2025,2025-03-31,7018,LQDA
182.0,Q1,2025,2024-09-29,47424,LRCX
182.0,Q1,2024,2023-03-31,47451,LRHC
182.0,Q3,2022,2022-10-01,47513,LSCC
182.0,Q1,2025,2025-03-29,47504,LSCC
182.0,Q1,2025,2025-03-29,47531,LSTR
182.0,Q1,2025,2025-03-31,47559,LTBR
182.0,Q1,2021,2021-03-31,47626,LTH
182.0,Q1,2025,2025-03-31,7090,LUCD
182.0,Q1,2025,2024-09-29,47694,LUCK
182.0,Q1,2022,2022-03-31,47717,LUCY
182.0,Q4,2019,2020-02-02,47741,LULU
182.0,Q1,2025,2025-03-31,47749,LUMN
182.0,Q1,2025,2025-03-31,47777,LUNG
182.0,Q1,2023,2023-03-31,15195,LUNR
182.0,Q1,2025,2025-03-31,47859,LVWR
182.0,Q1,2025,2024-08-25,47874,LW
182.0,Q1,2025,2025-03-31,7149,LWLG
182.0,Q1,2025,2025-03-31,7154,LXEO
182.0,Q1,2025,2025-03-30,47932,LXFR
182.0,Q1,2025,2025-03-31,47958,LXP
182.0,Q1,2025,2025-03-31,47985,LXU
182.0,Q1,2025,2025-03-31,48013,LYB
182.0,Q1,2025,2025-03-31,48041,LYFT
182.0,Q1,2025,2025-03-31,48113,LYV
182.0,Q1,2021,2021-03-31,48156,LZ
182.0,Q1,2025,2025-03-31,48141,LZ
182.0,Q4,2019,2019-04-27,48182,LZB
182.0,Q2,2021,2020-10-24,48177,LZB
182.0,Q1,2025,2024-07-27,48163,LZB
182.0,Q1,2025,2025-03-31,48210,MAA
182.0,Q1,2025,2025-03-31,48234,MAC
182.0,Q1,2025,2025-03-31,7237,MAN
182.0,Q1,2025,2025-03-31,48340,MANH
182.0,Q1,2021,2021-03-31,48383,MAPS
182.0,Q1,2025,2025-03-31,48368,MAPS
182.0,Q1,2025,2025-03-31,48391,MAR
182.0,Q1,2025,2025-03-31,48419,MAS
182.0,Q1,2021,2021-03-31,48460,MASS
182.0,Q1,2025,2025-03-31,48465,MAT
182.0,Q1,2021,2021-03-31,48505,MATV
182.0,Q1,2025,2025-03-31,48490,MATV
182.0,Q1,2025,2025-03-31,7284,MATX
182.0,Q1,2025,2025-03-31,48571,MAX
182.0,Q4,2022,2022-12-31,48633,MBLY
182.0,Q1,2025,2025-03-29,48627,MBLY
182.0,Q1,2025,2025-03-31,7312,MBOT
182.0,Q1,2025,2025-03-31,48693,MCD
182.0,Q1,2024,2024-06-30,48724,MCHP
182.0,Q1,2024,2024-06-30,48749,MCK
182.0,Q1,2025,2025-03-31,48771,MCO
182.0,Q1,2025,2025-03-31,48824,MCRI
182.0,Q3,2021,2021-09-30,48865,MCS
182.0,Q1,2025,2025-03-31,48880,MD
182.0,Q1,2025,2025-03-31,7369,MDAI
182.0,Q1,2024,2024-04-30,48922,MDB
182.0,Q1,2025,2025-03-31,7391,MDLZ
182.0,Q4,2019,2019-04-26,49037,MDT
182.0,Q1,2025,2024-07-26,49017,MDT
182.0,Q1,2025,2025-03-31,7408,MDXG
182.0,Q1,2025,2025-03-31,49089,MED
182.0,Q4,2019,2019-04-27,49162,MEI
182.0,Q2,2021,2020-10-31,49156,MEI
182.0,Q1,2022,2021-07-31,49154,MEI
182.0,Q3,2022,2022-01-29,49153,MEI
182.0,Q2,2024,2023-10-28,49147,MEI
182.0,Q1,2025,2024-07-27,49145,MEI
182.0,Q1,2025,2025-03-31,49167,MELI
182.0,Q1,2025,2025-03-31,49193,MERC
182.0,Q1,2025,2025-03-31,49219,META
182.0,Q1,2025,2025-03-31,49247,METC
182.0,Q1,2025,2025-03-31,49275,METCB
182.0,Q1,2025,2025-03-31,49303,MFA
182.0,Q1,2025,2025-03-31,7466,MG
182.0,Q1,2025,2025-03-31,49355,MGEE
182.0,Q1,2025,2025-03-31,49383,MGM
182.0,Q1,2025,2025-03-31,49411,MGNI
182.0,Q1,2025,2025-03-31,7486,MGNX
182.0,Q1,2025,2025-03-31,49464,MGPI
182.0,Q1,2021,2021-03-31,49507,MGRC
182.0,Q1,2025,2025-03-31,49492,MGRC
182.0,Q1,2022,2022-03-31,49535,MGTX
182.0,Q1,2025,2025-03-31,7507,MGTX
182.0,Q1,2019,2019-03-31,49577,MGY
182.0,Q1,2025,2025-03-31,49554,MGY
182.0,Q1,2025,2025-03-29,49582,MHK
182.0,Q1,2025,2025-03-31,49610,MHO
182.0,Q1,2024,2024-04-30,49663,MIND
182.0,Q4,2020,2021-03-31,49695,MIR
182.0,Q1,2023,2023-03-31,49691,MIR
182.0,Q1,2025,2025-03-31,49684,MIR
182.0,Q1,2025,2025-03-31,7559,MIST
182.0,Q1,2025,2025-03-31,7569,MITT
182.0,Q1,2025,2025-03-31,49785,MKSI
182.0,Q1,2021,2021-03-31,49820,MLGO
182.0,Q1,2023,2023-03-31,49813,MLGO
182.0,Q1,2025,2025-03-29,49826,MLI
182.0,Q1,2025,2025-03-31,7597,MLM
182.0,Q1,2022,2022-03-31,49890,MLTX
182.0,Q1,2023,2023-03-31,49902,MLYS
182.0,Q1,2025,2025-03-31,49907,MMI
182.0,Q1,2025,2025-03-31,49935,MMM
182.0,Q2,2020,2020-09-26,50042,MNRO
182.0,Q1,2021,2021-03-31,50093,MNTK
182.0,Q1,2025,2025-03-31,50078,MNTK
182.0,Q1,2025,2025-03-31,50114,MO
182.0,Q1,2024,2024-06-30,50145,MOD
182.0,Q1,2025,2025-03-31,7684,MOH
182.0,Q1,2025,2025-03-31,50194,MORN
182.0,Q1,2024,2024-04-30,50225,MOV
182.0,Q1,2025,2025-03-31,7705,MOVE
182.0,Q1,2021,2021-03-31,15471,MP
182.0,Q1,2024,2024-06-30,50268,MPAA
182.0,Q1,2025,2025-03-31,7719,MPC
182.0,Q1,2025,2025-03-31,50316,MPLX
182.0,Q1,2025,2025-03-31,50343,MPWR
182.0,Q1,2021,2021-03-31,50386,MQ
182.0,Q1,2025,2025-03-31,50371,MQ
182.0,Q1,2025,2025-03-31,50391,MRAM
182.0,Q1,2025,2024-09-27,50421,MRCY
182.0,Q1,2025,2025-03-31,50451,MRK
182.0,Q1,2025,2025-03-31,50479,MRTN
182.0,Q1,2021,2021-03-31,50522,MRVI
182.0,Q1,2025,2025-03-31,50507,MRVI
182.0,Q3,2022,2022-10-29,50535,MRVL
182.0,Q1,2025,2025-03-31,50544,MSA
182.0,Q1,2025,2025-03-31,50572,MSCI
182.0,Q1,2025,2025-03-31,50600,MSEX
182.0,Q1,2025,2025-03-31,50755,MSTR
182.0,Q1,2025,2025-03-31,50783,MTCH
182.0,Q1,2022,2022-03-31,50822,MTD
182.0,Q1,2025,2025-03-31,50811,MTD
182.0,Q1,2025,2025-03-31,50837,MTDR
182.0,Q1,2025,2025-03-31,50865,MTH
182.0,Q4,2020,2020-07-31,50909,MTN
182.0,Q1,2025,2025-03-28,50917,MTRN
182.0,Q1,2025,2025-03-31,50974,MTUS
182.0,Q1,2025,2025-03-31,51053,MTZ
182.0,Q1,2025,2024-11-28,51083,MU
182.0,Q1,2025,2025-03-31,51110,MUSA
182.0,Q1,2025,2025-03-31,51138,MUX
182.0,Q1,2025,2025-03-31,51166,MVIS
182.0,Q1,2025,2025-03-31,7930,MVST
182.0,Q1,2025,2025-03-31,7940,MX
182.0,Q1,2021,2021-03-31,51285,MXCT
182.0,Q1,2025,2025-03-31,7945,MXCT
182.0,Q1,2025,2025-03-31,51290,MXL
182.0,Q1,2025,2025-03-31,51318,MYE
182.0,Q3,2021,2021-03-31,51357,MYGN
182.0,Q3,2025,2025-03-31,51346,MYGN
182.0,Q1,2025,2025-03-31,51369,MYRG
182.0,Q1,2025,2025-03-31,7976,MYSZ
182.0,Q1,2021,2021-03-31,51475,NABL
182.0,Q1,2025,2025-03-31,7987,NABL
182.0,Q1,2025,2025-03-31,51478,NAGE
182.0,Q1,2025,2025-03-31,51505,NAMS
182.0,Q1,2025,2025-03-31,51514,NATL
182.0,Q1,2025,2025-03-31,8013,NBIX
182.0,Q1,2025,2025-03-31,51575,NCLH
182.0,Q3,2020,2020-09-24,51619,NCMI
182.0,Q1,2024,2024-04-30,51632,NCNO
182.0,Q1,2025,2025-03-31,51645,NDAQ
182.0,Q1,2025,2025-03-31,51726,NEE
182.0,Q1,2025,2025-03-31,51754,NEM
182.0,Q1,2025,2025-03-31,51782,NEO
182.0,Q4,2019,2019-05-31,51831,NEOG
182.0,Q1,2025,2025-03-31,8084,NEON
182.0,Q1,2025,2025-03-31,8089,NEOV
182.0,Q1,2025,2025-03-31,51874,NET
182.0,Q1,2025,2025-03-31,51899,NEXT
182.0,Q1,2025,2025-03-31,8109,NFE
182.0,Q1,2025,2025-03-31,51979,NFLX
182.0,Q1,2024,2024-06-30,52010,NGL
182.0,Q1,2025,2025-03-31,8130,NGNE
182.0,Q2,2023,2023-03-31,52061,NGVC
182.0,Q1,2025,2025-03-31,52080,NGVT
182.0,Q1,2025,2025-03-31,52127,NI
182.0,Q1,2022,2022-03-31,52164,NIXX
182.0,Q1,2025,2025-03-31,8156,NIXX
182.0,Q1,2025,2025-03-31,52285,NLY
182.0,Q1,2025,2025-03-31,52312,NMRK
182.0,Q1,2025,2025-03-31,8204,NN
182.0,Q1,2025,2025-03-31,52356,NNBR
182.0,Q1,2025,2025-03-31,52388,NNN
182.0,Q1,2025,2025-03-31,52416,NOC
182.0,Q1,2025,2025-03-31,52444,NOG
182.0,Q1,2025,2025-03-31,8239,NOTE
182.0,Q1,2025,2025-03-31,52489,NOV
182.0,Q1,2025,2025-03-28,52517,NOVT
182.0,Q1,2025,2025-03-31,52545,NOW
182.0,Q1,2021,2021-03-31,52586,NPCE
182.0,Q1,2025,2025-03-31,8259,NPCE
182.0,Q1,2025,2025-03-31,8264,NPKI
182.0,Q1,2025,2025-03-31,52619,NPO
182.0,Q1,2021,2021-03-31,52691,NRDY
182.0,Q1,2021,2021-03-31,52708,NRGV
182.0,Q2,2024,2024-06-30,52698,NRGV
182.0,Q1,2025,2025-03-31,8297,NRGV
182.0,Q1,2020,2020-02-29,52731,NRIX
182.0,Q1,2025,2025-03-31,8313,NSA
182.0,Q1,2025,2025-03-31,52784,NSP
182.0,Q1,2025,2024-07-26,52841,NTAP
182.0,Q1,2024,2024-06-30,52870,NTCT
182.0,Q1,2025,2025-03-30,52892,NTGR
182.0,Q1,2025,2025-03-31,52921,NTLA
182.0,Q1,2025,2025-03-31,52975,NTRA
182.0,Q1,2022,2022-03-31,53013,NTST
182.0,Q1,2025,2025-03-31,8367,NTST
182.0,Q3,2023,2023-09-30,53028,NUE
182.0,Q1,2025,2025-03-31,8384,NUS
182.0,Q1,2025,2025-03-31,53077,NUTX
182.0,Q1,2021,2021-03-31,53120,NUVB
182.0,Q1,2025,2025-03-31,53105,NUVB
182.0,Q1,2025,2025-03-31,53149,NVAX
182.0,Q1,2025,2025-03-31,53177,NVCR
182.0,Q1,2025,2025-03-31,53205,NVCT
182.0,Q3,2021,2021-10-31,53232,NVDA
182.0,Q2,2022,2022-07-31,53230,NVDA
182.0,Q1,2026,2026-03-31,8426,NVRI
182.0,Q1,2025,2025-03-28,53274,NVST
182.0,Q1,2025,2025-03-31,53297,NVT
182.0,Q1,2025,2025-03-31,53325,NVTS
182.0,Q1,2023,2023-03-31,53350,NWE
182.0,Q1,2025,2025-03-31,53343,NWE
182.0,Q1,2025,2025-03-31,53353,NWL
182.0,Q1,2025,2025-03-31,53381,NWN
182.0,Q1,2024,2023-03-31,53460,NWTG
182.0,Q1,2025,2025-03-31,53491,NXDR
182.0,Q1,2025,2025-03-31,8485,NXDT
182.0,Q1,2025,2025-03-30,53515,NXPI
182.0,Q1,2025,2025-03-31,53537,NXRT
182.0,Q1,2025,2025-03-31,53565,NXST
182.0,Q1,2025,2025-03-31,53634,O
182.0,Q1,2025,2025-03-31,53659,OABI
182.0,Q1,2025,2025-03-31,8533,OBIO
182.0,Q1,2025,2025-03-31,53690,OC
182.0,Q1,2025,2025-03-31,53744,OCGN
182.0,Q1,2025,2025-03-31,53770,OCUL
182.0,Q1,2025,2025-03-31,8559,ODFL
182.0,Q1,2025,2025-03-31,53823,OFIX
182.0,Q1,2025,2025-03-31,53850,OGE
182.0,Q1,2022,2022-03-31,53888,OGN
182.0,Q1,2025,2025-03-31,53897,OGS
182.0,Q1,2025,2025-03-31,53924,OHI
182.0,Q1,2025,2025-03-31,53949,OI
182.0,Q1,2025,2025-03-31,53975,OII
182.0,Q1,2025,2025-03-31,54003,OIS
182.0,Q1,2025,2025-03-31,54031,OKE
182.0,Q1,2024,2024-04-30,54075,OKTA
182.0,Q1,2025,2025-03-31,54120,OLED
182.0,Q1,2025,2025-03-31,54190,OM
182.0,Q1,2025,2025-03-31,54212,OMC
182.0,Q1,2025,2025-03-31,54240,OMCL
182.0,Q1,2025,2025-03-31,54346,ONC
182.0,Q1,2025,2025-03-31,8703,ONDS
182.0,Q1,2022,2022-03-31,54443,ONL
182.0,Q1,2025,2025-03-31,54432,ONL
182.0,Q1,2019,2019-03-31,54466,ONTO
182.0,Q2,2021,2021-06-26,54459,ONTO
182.0,Q1,2023,2023-04-01,54453,ONTO
182.0,Q1,2024,2024-04-30,54475,OOMA
182.0,Q1,2021,2021-03-31,54509,OPAD
182.0,Q1,2025,2025-03-31,54512,OPCH
182.0,Q1,2025,2025-03-31,54538,OPEN
182.0,Q1,2025,2025-03-31,54559,OPK
182.0,Q1,2025,2025-03-31,8760,ORA
182.0,Q1,2025,2025-03-31,54663,ORC
182.0,Q1,2025,2025-03-31,54717,ORGO
182.0,Q1,2025,2025-03-31,54745,ORIC
182.0,Q1,2025,2025-03-31,8793,ORKA
182.0,Q1,2025,2025-03-31,54791,ORLY
182.0,Q1,2025,2025-03-31,54819,ORN
182.0,Q2,2022,2022-03-31,54880,OSK
182.0,Q1,2025,2025-03-31,54896,OSPN
182.0,Q1,2025,2025-03-31,8822,OSS
182.0,Q1,2025,2025-03-31,54949,OSUR
182.0,Q1,2025,2025-03-31,54977,OSW
182.0,Q1,2025,2025-03-31,55029,OTIS
182.0,Q1,2025,2025-03-31,55051,OTTR
182.0,Q1,2025,2025-03-31,55079,OUST
182.0,Q1,2025,2025-03-31,55092,OUT
182.0,Q1,2025,2025-03-31,55146,OVV
182.0,Q1,2025,2025-03-31,55195,OXY
182.0,Q1,2025,2025-03-31,55223,PAA
182.0,Q1,2025,2025-03-31,8889,PACB
182.0,Q1,2025,2025-03-31,55278,PACK
182.0,Q1,2025,2025-03-31,55308,PAG
182.0,Q1,2025,2025-03-31,8910,PAGP
182.0,Q3,2019,2019-03-31,55385,PAHC
182.0,Q1,2025,2025-03-31,8920,PANL
182.0,Q1,2025,2025-03-31,55440,PAR
182.0,Q1,2025,2025-03-31,55468,PARR
182.0,Q1,2024,2024-04-30,55498,PATH
182.0,Q1,2025,2025-03-30,55510,PATK
182.0,Q1,2021,2021-03-31,55553,PAY
182.0,Q1,2025,2025-03-31,55538,PAY
182.0,Q2,2020,2020-06-30,55573,PAYO
182.0,Q1,2021,2021-03-31,55571,PAYO
182.0,Q1,2025,2025-03-31,55575,PAYS
182.0,Q4,2019,2019-05-31,55625,PAYX
182.0,Q1,2025,2025-03-31,55630,PBF
182.0,Q1,2020,2020-06-30,55676,PBH
182.0,Q1,2024,2024-06-30,55661,PBH
182.0,Q1,2025,2025-03-31,55682,PBI
182.0,Q1,2025,2025-03-31,55763,PCG
182.0,Q2,2020,2020-06-30,55808,PCOR
182.0,Q1,2021,2021-03-31,55806,PCOR
182.0,Q1,2025,2025-03-31,55791,PCOR
182.0,Q1,2025,2025-03-31,55810,PCRX
182.0,Q1,2021,2021-03-31,55852,PCT
182.0,Q1,2025,2025-03-31,9020,PCT
182.0,Q1,2025,2025-03-31,55885,PCVX
182.0,Q1,2024,2024-04-30,55910,PD
182.0,Q1,2025,2025-03-31,55929,PDFS
182.0,Q1,2025,2025-03-31,55957,PDM
182.0,Q1,2025,2025-03-31,9057,PDYN
182.0,Q1,2025,2025-03-31,56023,PEB
182.0,Q1,2025,2025-03-31,56050,PECO
182.0,Q1,2025,2025-03-31,56078,PEGA
182.0,Q1,2025,2025-03-31,56104,PEN
182.0,Q1,2025,2024-11-29,56134,PENG
182.0,Q1,2025,2025-03-31,9111,PESI
182.0,Q3,2024,2024-03-30,56279,PFGC
182.0,Q1,2025,2025-03-31,56328,PGEN
182.0,Q1,2025,2025-03-31,56356,PGNY
182.0,Q1,2025,2025-03-31,56379,PGY
182.0,Q1,2025,2025-03-31,56415,PHAT
182.0,Q1,2025,2025-03-31,56438,PHIN
182.0,Q1,2025,2025-03-31,56471,PHM
182.0,Q1,2024,2024-04-30,56502,PHR
182.0,Q1,2025,2025-03-31,9188,PHUN
182.0,Q1,2025,2025-03-31,56549,PII
182.0,Q1,2025,2025-03-31,56576,PINS
182.0,Q1,2025,2025-03-31,56601,PK
182.0,Q1,2025,2025-03-31,56628,PKG
182.0,Q1,2024,2024-04-30,56659,PL
182.0,Q1,2025,2025-03-31,9234,PLBY
182.0,Q3,2019,2019-11-02,56736,PLCE
182.0,Q2,2020,2020-08-01,56734,PLCE
182.0,Q2,2021,2021-07-31,56731,PLCE
182.0,Q1,2025,2025-03-31,56743,PLD
182.0,Q1,2025,2025-03-31,56770,PLNT
182.0,Q1,2025,2025-03-31,56846,PLSE
182.0,Q1,2025,2025-03-31,56874,PLTK
182.0,Q1,2025,2025-03-31,56895,PLTR
182.0,Q1,2024,2024-06-30,56918,PLUS
182.0,Q1,2025,2024-12-28,56941,PLXS
182.0,Q1,2025,2025-03-31,56968,PM
182.0,Q1,2025,2025-03-31,57044,PNR
182.0,Q1,2025,2025-03-31,57072,PNW
182.0,Q1,2025,2025-03-31,57100,PODD
182.0,Q1,2025,2025-03-31,57155,POOL
182.0,Q1,2025,2025-03-31,57181,POR
182.0,Q1,2025,2025-03-31,57237,POWI
182.0,Q4,2018,2019-03-31,57308,POWW
182.0,Q4,2020,2021-03-31,57302,POWW
182.0,Q4,2021,2022-03-31,57299,POWW
182.0,Q1,2025,2025-03-30,57312,PPC
182.0,Q1,2025,2025-03-31,57366,PPG
182.0,Q1,2022,2022-03-31,57402,PPL
182.0,Q1,2023,2023-03-31,57399,PPL
182.0,Q1,2025,2025-03-31,9388,PPL
182.0,Q1,2025,2025-03-31,9393,PPSI
182.0,Q1,2025,2025-03-31,57459,PR
182.0,Q1,2021,2021-03-31,57521,PRCT
182.0,Q1,2025,2025-03-31,57506,PRCT
182.0,Q1,2025,2025-03-31,57524,PRDO
182.0,Q1,2025,2025-03-31,9425,PRG
182.0,Q1,2025,2025-03-29,57573,PRGO
182.0,Q1,2025,2025-03-31,57628,PRIM
182.0,Q1,2021,2021-03-31,57691,PRM
182.0,Q1,2025,2025-03-31,57676,PRM
182.0,Q1,2025,2025-03-31,57697,PRME
182.0,Q1,2025,2025-03-31,57708,PROF
182.0,Q1,2022,2022-03-31,57723,PROK
182.0,Q1,2025,2025-03-31,9482,PROK
182.0,Q1,2025,2025-03-31,9493,PRPL
182.0,Q1,2025,2025-03-31,9498,PRSO
182.0,Q1,2025,2025-03-31,57856,PRTH
182.0,Q1,2025,2025-03-31,57882,PRVA
182.0,Q1,2025,2025-03-31,57902,PSA
182.0,Q1,2025,2025-03-31,57930,PSIX
182.0,Q1,2025,2025-03-31,58008,PSNL
182.0,Q1,2025,2025-03-31,58065,PSX
182.0,Q1,2025,2025-03-31,58119,PTCT
182.0,Q1,2025,2025-03-31,58147,PTEN
182.0,Q1,2025,2025-03-31,58175,PTGX
182.0,Q4,2021,2021-12-26,58239,PTLO
182.0,Q1,2025,2025-03-30,58229,PTLO
182.0,Q1,2021,2021-03-31,58282,PUBM
182.0,Q1,2025,2025-03-31,58267,PUBM
182.0,Q1,2025,2025-03-31,58287,PUMP
182.0,Q2,2019,2019-08-04,58333,PVH
182.0,Q3,2021,2021-10-31,58325,PVH
182.0,Q2,2022,2022-07-31,58323,PVH
182.0,Q3,2024,2024-11-03,58315,PVH
182.0,Q1,2025,2025-03-31,58364,PWR
182.0,Q4,2019,2019-12-29,58427,PZZA
182.0,Q1,2021,2021-03-28,58423,PZZA
182.0,Q1,2025,2025-03-30,58408,PZZA
182.0,Q1,2022,2022-03-31,58446,QBTS
182.0,Q1,2025,2025-03-31,58435,QBTS
182.0,Q2,2023,2023-07-02,58509,QDEL
182.0,Q1,2025,2025-03-30,58503,QDEL
182.0,Q1,2025,2025-03-31,58515,QLYS
182.0,Q1,2024,2024-06-30,58544,QMCO
182.0,Q1,2025,2025-03-31,9689,QNRX
182.0,Q2,2018,2018-09-29,58643,QRVO
182.0,Q4,2022,2022-04-02,58630,QRVO
182.0,Q1,2025,2025-03-31,58645,QS
182.0,Q1,2021,2021-03-31,58679,QSI
182.0,Q1,2025,2025-03-31,58684,QSR
182.0,Q1,2025,2025-03-31,58763,QTWO
182.0,Q1,2025,2025-03-31,58791,QUAD
182.0,Q1,2025,2025-03-31,9742,QUBT
182.0,Q1,2024,2024-03-31,58843,QUIK
182.0,Q1,2025,2025-03-31,9753,QURE
182.0,Q1,2023,2023-03-31,58900,QXO
182.0,Q1,2025,2025-03-31,58920,R
182.0,Q1,2025,2025-03-31,58948,RAIL
182.0,Q1,2025,2025-03-31,59001,RBA
182.0,Q1,2025,2025-03-31,59028,RBBN
182.0,Q3,2021,2020-12-26,59067,RBC
182.0,Q1,2025,2025-03-31,59080,RBLX
182.0,Q1,2023,2023-03-31,59106,RC
182.0,Q1,2025,2025-03-31,9807,RC
182.0,Q3,2022,2022-03-31,59153,RCEL
182.0,Q3,2025,2025-03-31,59145,RCEL
182.0,Q1,2025,2025-03-31,59187,RCL
182.0,Q1,2025,2025-03-31,59241,RDDT
182.0,Q1,2025,2025-03-31,9846,RDNT
182.0,Q1,2025,2025-03-31,9856,RDVT
182.0,Q1,2021,2021-03-31,59341,RDW
182.0,Q1,2025,2025-03-31,59326,RDW
182.0,Q1,2025,2025-03-31,59345,REAL
182.0,Q1,2022,2022-03-31,59378,REBN
182.0,Q1,2025,2025-03-31,9877,REFI
182.0,Q1,2021,2021-03-31,59412,REG
182.0,Q1,2025,2025-03-31,9882,REG
182.0,Q1,2025,2025-03-31,9893,REKR
182.0,Q1,2025,2025-03-31,59474,RELY
182.0,Q1,2024,2024-06-30,59508,REPL
182.0,Q1,2025,2025-03-31,59531,RES
182.0,Q1,2024,2024-04-30,59578,REX
182.0,Q1,2025,2025-03-31,59601,REXR
182.0,Q1,2025,2025-03-31,59627,REYN
182.0,Q1,2025,2025-03-31,59674,RGEN
182.0,Q3,2022,2022-03-31,59709,RGLD
182.0,Q1,2025,2025-03-31,59724,RGNX
182.0,Q1,2025,2025-03-29,59752,RGR
182.0,Q1,2025,2025-03-31,59780,RGTI
182.0,Q1,2025,2025-03-31,59797,RHI
182.0,Q1,2025,2025-03-31,59825,RHP
182.0,Q1,2025,2025-03-31,59853,RIG
182.0,Q1,2021,2021-03-31,59971,RIVN
182.0,Q1,2025,2025-03-31,59956,RIVN
182.0,Q1,2021,2021-03-31,59988,RKLB
182.0,Q1,2025,2025-03-31,10019,RKLB
182.0,Q1,2025,2025-03-31,10029,RLAY
182.0,Q1,2025,2025-03-31,60039,RLJ
182.0,Q3,2025,2025-03-31,60067,RLMD
182.0,Q1,2025,2025-03-31,60089,RMAX
182.0,Q1,2025,2025-03-31,60117,RMBS
182.0,Q1,2025,2025-03-31,60170,RMNI
182.0,Q1,2025,2025-03-31,10070,RMTI
182.0,Q1,2025,2025-03-31,60266,RNG
182.0,Q1,2025,2025-03-31,60293,RNGR
182.0,Q1,2025,2025-03-31,60321,ROG
182.0,Q4,2021,2022-03-31,60357,ROIV
182.0,Q4,2022,2023-03-31,60354,ROIV
182.0,Q1,2025,2025-03-31,10106,ROIV
182.0,Q1,2025,2025-03-31,60391,ROKU
182.0,Q1,2025,2025-03-31,60418,ROL
182.0,Q1,2025,2025-03-31,60446,ROP
182.0,Q1,2025,2025-03-31,10137,RPAY
182.0,Q1,2025,2025-03-31,10142,RPD
182.0,Q1,2025,2025-03-31,60575,RPRX
182.0,Q1,2025,2025-03-31,60597,RPT
182.0,Q1,2025,2025-03-31,60627,RRC
182.0,Q1,2025,2025-03-31,60706,RRX
182.0,Q1,2025,2025-03-31,60731,RS
182.0,Q1,2025,2025-03-31,60759,RSG
182.0,Q1,2025,2025-03-31,60787,RSI
182.0,Q1,2025,2025-03-31,60808,RTX
182.0,Q1,2025,2025-03-31,60836,RUN
182.0,Q1,2025,2025-03-31,60864,RUSHA
182.0,Q1,2025,2025-03-31,60892,RVLV
182.0,Q1,2025,2025-03-31,60916,RVMD
182.0,Q1,2025,2025-03-31,60962,RWT
182.0,Q1,2022,2022-03-31,61001,RXO
182.0,Q1,2025,2025-03-31,60990,RXO
182.0,Q1,2025,2025-03-31,61004,RXRX
182.0,Q1,2021,2021-03-31,61039,RXST
182.0,Q1,2025,2025-03-31,61024,RXST
182.0,Q1,2025,2025-03-31,10264,RXT
182.0,Q1,2025,2025-03-29,61063,RYAM
182.0,Q1,2025,2025-03-31,10285,RZLT
182.0,Q1,2024,2024-04-30,61140,S
182.0,Q1,2025,2025-03-31,61154,SABR
182.0,Q1,2025,2025-03-31,61196,SAFE
182.0,Q1,2025,2025-03-31,61224,SAH
182.0,Q1,2025,2025-03-31,61253,SAIA
182.0,Q3,2019,2019-11-01,61297,SAIC
182.0,Q2,2020,2020-07-31,61295,SAIC
182.0,Q2,2023,2023-07-01,61310,SAM
182.0,Q1,2025,2025-03-29,61304,SAM
182.0,Q1,2021,2021-03-31,61343,SANA
182.0,Q1,2025,2024-12-28,61350,SANM
182.0,Q1,2025,2025-03-31,61377,SATL
182.0,Q1,2025,2025-03-31,61382,SBAC
182.0,Q1,2025,2025-03-31,10358,SBFM
182.0,Q1,2023,2023-03-31,61444,SBGI
182.0,Q1,2025,2025-03-31,61437,SBGI
182.0,Q1,2025,2025-03-31,61474,SBRA
182.0,Q1,2025,2024-12-29,61502,SBUX
182.0,Q1,2025,2025-03-31,61529,SCCO
182.0,Q4,2019,2019-05-31,61579,SCHL
182.0,Q1,2025,2025-03-31,10393,SCI
182.0,Q1,2025,2025-03-31,61609,SCL
182.0,Q1,2022,2022-03-31,61646,SCLX
182.0,Q1,2025,2025-03-31,61684,SD
182.0,Q1,2025,2025-03-31,61712,SDGR
182.0,Q1,2025,2025-03-31,10429,SDRL
182.0,Q1,2022,2022-03-31,61761,SEAT
182.0,Q1,2025,2025-03-31,61750,SEAT
182.0,Q1,2025,2025-03-29,61767,SEB
182.0,Q1,2021,2021-03-31,61809,SEER
182.0,Q1,2025,2025-03-31,10455,SEER
182.0,Q1,2025,2025-03-31,61833,SEI
182.0,Q1,2021,2021-03-31,61875,SERA
182.0,Q1,2025,2025-03-31,10470,SERA
182.0,Q1,2025,2025-03-31,61880,SERV
182.0,Q1,2025,2025-03-30,61893,SFM
182.0,Q1,2025,2025-03-30,61918,SG
182.0,Q1,2021,2021-03-31,61945,SGHT
182.0,Q1,2025,2025-03-31,61950,SGI
182.0,Q3,2023,2023-03-31,61982,SGLY
182.0,Q1,2023,2023-03-31,62007,SGMT
182.0,Q1,2025,2025-03-31,10515,SGMT
182.0,Q1,2025,2025-03-31,10520,SGRY
182.0,Q1,2025,2025-03-26,62039,SHAK
182.0,Q1,2021,2021-03-31,62078,SHC
182.0,Q1,2025,2025-03-31,62083,SHLS
182.0,Q1,2025,2025-03-31,62103,SHO
182.0,Q1,2025,2025-03-31,62131,SHOO
182.0,Q1,2025,2025-03-31,62170,SHW
182.0,Q1,2025,2025-03-31,62257,SIRI
182.0,Q1,2025,2025-03-30,62308,SITE
182.0,Q1,2025,2024-07-31,62338,SJM
182.0,Q1,2021,2021-03-31,62379,SKIN
182.0,Q1,2025,2025-03-31,62364,SKIN
182.0,Q1,2025,2025-03-31,10649,SKYH
182.0,Q1,2025,2025-03-30,62466,SKYT
182.0,Q1,2025,2025-03-31,62483,SKYW
182.0,Q1,2025,2025-03-31,10664,SKYX
182.0,Q1,2024,2024-03-30,62531,SLAB
182.0,Q1,2025,2025-03-31,62555,SLB
182.0,Q1,2025,2025-03-31,62583,SLDB
182.0,Q1,2025,2025-03-31,62611,SLDP
182.0,Q1,2025,2025-03-31,62650,SLG
182.0,Q1,2025,2025-03-31,62678,SLGN
182.0,Q1,2025,2025-03-31,10717,SLS
182.0,Q1,2025,2025-03-31,62762,SLVM
182.0,Q1,2025,2025-03-31,62858,SMHI
182.0,Q1,2025,2025-03-31,62906,SMP
182.0,Q1,2021,2021-03-31,62947,SMR
182.0,Q1,2022,2022-03-31,62944,SMR
182.0,Q1,2025,2025-03-31,10766,SMR
182.0,Q1,2025,2025-03-31,62951,SMRT
182.0,Q4,2019,2020-01-26,62985,SMTC
182.0,Q3,2021,2021-10-31,62980,SMTC
182.0,Q2,2022,2022-07-31,62978,SMTC
182.0,Q1,2025,2025-03-29,62999,SNA
182.0,Q1,2025,2025-03-31,63027,SNAP
182.0,Q1,2025,2025-03-31,63081,SNDR
182.0,Q1,2025,2025-03-31,63109,SNDX
182.0,Q1,2024,2024-06-30,63164,SNOA
182.0,Q1,2020,2020-04-30,63203,SNOW
182.0,Q1,2024,2024-04-30,63189,SNOW
182.0,Q1,2025,2025-03-31,63246,SO
182.0,Q1,2025,2024-12-28,63340,SONO
182.0,Q1,2025,2025-03-31,10881,SOUN
182.0,Q1,2020,2019-12-29,63401,SPB
182.0,Q1,2025,2024-12-29,63382,SPB
182.0,Q1,2025,2025-03-31,10891,SPCE
182.0,Q1,2025,2025-03-31,10896,SPG
182.0,Q4,2021,2021-09-25,63473,SPH
182.0,Q2,2023,2023-03-25,63468,SPH
182.0,Q1,2025,2024-12-28,63462,SPH
182.0,Q4,2020,2020-06-30,63501,SPHR
182.0,Q2,2020,2020-06-30,63523,SPIR
182.0,Q1,2021,2021-03-31,63521,SPIR
182.0,Q1,2025,2025-03-31,10926,SPRO
182.0,Q1,2025,2025-03-31,63585,SPSC
182.0,Q1,2025,2025-03-31,63613,SPT
182.0,Q2,2020,2020-08-01,63651,SPWH
182.0,Q1,2025,2025-03-29,63676,SPXC
182.0,Q1,2025,2025-03-31,63751,SRE
182.0,Q1,2023,2023-03-31,63785,SRFM
182.0,Q1,2025,2025-03-31,10984,SRFM
182.0,Q1,2025,2025-03-31,10989,SRG
182.0,Q1,2025,2025-03-31,10994,SRI
182.0,Q1,2025,2025-03-31,63842,SRPT
182.0,Q1,2025,2025-03-31,63868,SRRK
182.0,Q1,2025,2025-03-31,63895,SRTA
182.0,Q1,2025,2025-03-31,11015,SRTS
182.0,Q1,2025,2025-03-31,63940,SSD
182.0,Q1,2025,2025-03-31,63992,SSNC
182.0,Q1,2025,2025-03-31,64020,SSP
182.0,Q1,2025,2025-03-31,11040,SSRM
182.0,Q1,2025,2025-03-31,64061,SSTK
182.0,Q1,2025,2025-03-31,64088,ST
182.0,Q4,2023,2023-12-29,64119,STAA
182.0,Q1,2025,2025-03-31,64143,STAG
182.0,Q1,2024,2024-06-30,64173,STE
182.0,Q1,2021,2021-03-31,64208,STEM
182.0,Q1,2025,2025-03-31,11071,STEM
182.0,Q1,2025,2025-03-31,64214,STGW
182.0,Q1,2019,2019-03-31,64264,STIM
182.0,Q1,2025,2025-03-31,11081,STIM
182.0,Q1,2025,2025-03-31,64268,STLD
182.0,Q1,2025,2025-03-31,64296,STOK
182.0,Q1,2025,2025-03-31,64320,STRA
182.0,Q1,2025,2025-03-31,64348,STRL
182.0,Q1,2025,2025-03-31,64393,STWD
182.0,Q4,2019,2019-06-28,64444,STX
182.0,Q1,2025,2025-03-31,64474,SUN
182.0,Q1,2023,2023-03-31,64527,SUPN
182.0,Q1,2025,2025-03-31,64547,SVC
182.0,Q1,2025,2025-03-31,11159,SVRA
182.0,Q3,2023,2023-09-30,64605,SVV
182.0,Q2,2024,2024-06-29,64603,SVV
182.0,Q1,2025,2025-03-29,64601,SVV
182.0,Q1,2025,2025-03-29,64635,SWIM
182.0,Q1,2025,2025-03-29,64652,SWK
182.0,Q3,2020,2020-06-26,64699,SWKS
182.0,Q1,2025,2024-12-27,64682,SWKS
182.0,Q1,2025,2025-03-31,64732,SXC
182.0,Q1,2025,2025-03-31,64760,SXT
182.0,Q1,2025,2025-03-31,11211,SXTP
182.0,Q1,2025,2025-03-31,64795,SYK
182.0,Q4,2022,2022-09-24,64829,SYM
182.0,Q1,2025,2024-09-28,64840,SYNA
182.0,Q4,2019,2019-06-29,64884,SYY
182.0,Q1,2025,2024-09-28,64864,SYY
182.0,Q1,2025,2025-03-31,64889,T
182.0,Q1,2021,2021-03-31,64931,TALK
182.0,Q1,2025,2025-03-31,64916,TALK
182.0,Q1,2019,2019-03-31,64959,TALO
182.0,Q1,2025,2025-03-31,64936,TALO
182.0,Q1,2025,2025-03-31,64980,TAP
182.0,Q1,2025,2025-03-31,11269,TARA
182.0,Q1,2025,2025-03-31,65035,TARS
182.0,Q1,2021,2021-03-31,65072,TASK
182.0,Q1,2025,2025-03-31,65057,TASK
182.0,Q1,2025,2025-03-31,65077,TBCH
182.0,Q1,2025,2025-03-30,65105,TBI
182.0,Q1,2025,2025-03-31,65133,TBLA
182.0,Q1,2025,2025-03-31,11305,TBRG
182.0,Q1,2025,2025-03-31,11310,TCMD
182.0,Q1,2025,2025-03-31,11315,TCRX
182.0,Q1,2025,2025-03-31,65237,TDC
182.0,Q1,2025,2024-12-28,65266,TDG
182.0,Q1,2025,2025-03-31,65292,TDOC
182.0,Q1,2025,2025-03-31,65320,TDS
182.0,Q1,2021,2021-03-31,65363,TDUP
182.0,Q1,2025,2025-03-31,65348,TDUP
182.0,Q1,2025,2025-03-31,65368,TDW
182.0,Q1,2025,2025-03-30,65397,TDY
182.0,Q1,2025,2025-03-31,65430,TEAD
182.0,Q1,2025,2024-12-27,65505,TEL
182.0,Q1,2025,2025-03-31,11387,TELA
182.0,Q1,2025,2025-03-30,65557,TER
182.0,Q1,2025,2025-03-31,65585,TEVA
182.0,Q1,2022,2022-03-31,65667,TGL
182.0,Q1,2023,2023-03-31,16743,TGL
182.0,Q1,2025,2025-03-31,65671,TGLS
182.0,Q1,2025,2025-03-31,65699,TGTX
182.0,Q1,2025,2025-03-31,11445,TH
182.0,Q1,2025,2025-03-31,65751,THC
182.0,Q1,2025,2025-03-31,65805,THRM
182.0,Q1,2025,2025-03-31,65832,THRY
182.0,Q1,2021,2021-03-31,65867,TIL
182.0,Q1,2024,2024-03-31,65874,TILE
182.0,Q1,2024,2024-04-30,65901,TITN
182.0,Q4,2019,2020-02-01,65939,TJX
182.0,Q2,2021,2021-07-31,65936,TJX
182.0,Q2,2020,2020-06-30,65964,TKNO
182.0,Q1,2021,2021-03-31,65962,TKNO
182.0,Q1,2025,2025-03-31,65947,TKNO
182.0,Q1,2025,2025-03-31,65966,TKO
182.0,Q1,2025,2025-03-31,65973,TKR
182.0,Q4,2025,2025-05-31,11513,TLRY
182.0,Q1,2025,2025-03-31,11518,TLS
182.0,Q1,2025,2025-03-31,66073,TMCI
182.0,Q1,2025,2025-03-31,11534,TMHC
182.0,Q1,2025,2025-03-31,66120,TMUS
182.0,Q1,2025,2025-03-31,66144,TNC
182.0,Q1,2025,2025-03-31,66172,TNDM
182.0,Q1,2025,2025-03-31,66199,TNET
182.0,Q1,2025,2025-03-31,66245,TNL
182.0,Q1,2022,2022-03-31,66283,TNON
182.0,Q1,2025,2025-03-31,11575,TNON
182.0,Q1,2025,2025-03-31,66314,TNYA
182.0,Q1,2025,2025-03-31,66334,TOI
182.0,Q2,2020,2020-04-30,66369,TOL
182.0,Q1,2025,2025-03-31,11601,TONX
182.0,Q1,2021,2021-03-31,66416,TOST
182.0,Q1,2025,2025-03-31,11606,TOST
182.0,Q1,2025,2025-03-31,66446,TPC
182.0,Q1,2021,2021-03-31,66488,TPL
182.0,Q1,2025,2024-09-28,66496,TPR
182.0,Q1,2025,2025-03-31,66522,TR
182.0,Q1,2025,2025-03-31,11645,TRC
182.0,Q1,2021,2021-03-31,66613,TRDA
182.0,Q1,2025,2025-03-31,66616,TREX
182.0,Q1,2022,2022-03-31,66655,TRGP
182.0,Q1,2025,2025-03-31,66644,TRGP
182.0,Q1,2025,2025-03-31,66670,TRIP
182.0,Q1,2025,2025-03-31,66723,TRN
182.0,Q1,2025,2025-03-31,66749,TRNO
182.0,Q1,2025,2025-03-31,11688,TRNR
182.0,Q2,2020,2020-09-26,66795,TRNS
182.0,Q2,2021,2021-09-25,66790,TRNS
182.0,Q2,2023,2022-09-24,66787,TRNS
182.0,Q1,2025,2025-03-31,66814,TROX
182.0,Q1,2025,2025-03-31,66867,TRTX
182.0,Q1,2025,2025-03-31,66894,TRU
182.0,Q1,2025,2025-03-29,66955,TSCO
182.0,Q1,2025,2025-03-31,11741,TSHA
182.0,Q1,2025,2025-03-31,66997,TSLA
182.0,Q1,2025,2024-12-28,67027,TSN
182.0,Q1,2025,2025-03-31,67080,TT
182.0,Q1,2025,2025-03-31,67130,TTD
182.0,Q1,2025,2025-03-31,11777,TTEC
182.0,Q3,2019,2019-06-30,67207,TTEK
182.0,Q1,2025,2024-12-29,67186,TTEK
182.0,Q1,2025,2025-03-31,67212,TTGT
182.0,Q1,2025,2025-03-31,67217,TTI
182.0,Q1,2025,2025-03-31,67245,TTMI
182.0,Q1,2024,2024-06-30,67274,TTWO
182.0,Q1,2025,2025-03-31,67295,TVTX
182.0,Q1,2025,2025-03-31,11812,TWI
182.0,Q2,2020,2020-06-30,67368,TWLO
182.0,Q1,2025,2025-03-31,67350,TWLO
182.0,Q1,2025,2025-03-31,67377,TWO
182.0,Q1,2025,2025-03-31,67429,TXG
182.0,Q1,2025,2025-03-31,67452,TXN
182.0,Q1,2025,2025-03-31,67480,TXNM
182.0,Q1,2023,2023-03-31,67513,TXO
182.0,Q1,2025,2025-03-31,11848,TXO
182.0,Q2,2020,2020-07-04,67533,TXT
182.0,Q1,2021,2021-04-03,67531,TXT
182.0,Q1,2025,2025-03-31,67558,TYL
182.0,Q1,2021,2021-03-31,67601,TYRA
182.0,Q1,2025,2025-03-31,67586,TYRA
182.0,Q1,2025,2025-03-31,11880,TZOO
182.0,Q1,2025,2025-03-31,67628,U
182.0,Q1,2024,2024-06-30,67653,UA
182.0,Q2,2020,2020-06-30,67690,UAA
182.0,Q1,2025,2025-03-31,67698,UAL
182.0,Q1,2025,2025-03-31,67726,UBER
182.0,Q1,2021,2021-03-26,67766,UCTT
182.0,Q1,2025,2025-03-28,67751,UCTT
182.0,Q1,2025,2025-03-31,67775,UE
182.0,Q1,2025,2025-03-29,67803,UFPI
182.0,Q1,2025,2025-03-31,67831,UFPT
182.0,Q1,2024,2024-06-30,67886,UHAL
182.0,Q1,2025,2025-03-31,67906,UHS
182.0,Q4,2020,2020-06-30,67951,UI
182.0,Q1,2021,2021-03-31,68001,ULCC
182.0,Q1,2025,2025-03-31,11960,ULCC
182.0,Q1,2025,2025-03-31,68037,UMH
182.0,Q1,2025,2025-03-31,11997,UNH
182.0,Q1,2025,2025-03-31,68134,UNP
182.0,Q1,2021,2021-03-31,68175,UP
182.0,Q1,2025,2025-03-31,68160,UP
182.0,Q1,2021,2021-03-31,68194,UPBD
182.0,Q1,2025,2025-03-31,68179,UPBD
182.0,Q1,2025,2025-03-31,12024,UPLD
182.0,Q1,2025,2025-03-31,68231,UPS
182.0,Q1,2025,2025-03-31,12034,UPWK
182.0,Q3,2025,2025-03-31,12039,UPXI
182.0,Q1,2024,2024-04-30,68299,URBN
182.0,Q1,2025,2025-03-31,68321,URGN
182.0,Q1,2025,2025-03-31,68346,URI
182.0,Q1,2025,2025-03-31,68374,USAC
182.0,Q1,2025,2024-07-31,68408,USAU
182.0,Q1,2025,2025-03-29,68432,USFD
182.0,Q1,2025,2025-03-31,68460,USLM
182.0,Q1,2024,2024-03-30,68490,USNA
182.0,Q1,2025,2025-03-31,68511,USPH
182.0,Q1,2023,2023-04-02,68598,UTZ
182.0,Q1,2025,2025-03-30,68591,UTZ
182.0,Q1,2020,2020-06-30,68635,UVV
182.0,Q1,2024,2024-06-30,68620,UVV
182.0,Q1,2025,2025-03-31,68641,VAC
182.0,Q1,2025,2025-03-31,68670,VAL
182.0,Q1,2025,2025-03-31,12127,VANI
182.0,Q1,2025,2025-03-31,68721,VATE
182.0,Q1,2025,2025-03-31,68744,VC
182.0,Q3,2025,2025-03-31,68772,VCEL
182.0,Q1,2025,2025-03-31,68795,VCYT
182.0,Q1,2025,2025-03-31,12152,VECO
182.0,Q1,2021,2021-03-31,68865,VEEE
182.0,Q1,2025,2025-03-31,68850,VEEE
182.0,Q1,2024,2024-04-30,68871,VEEV
182.0,Q1,2025,2025-03-31,12167,VELO
182.0,Q1,2025,2025-03-31,12172,VERA
182.0,Q1,2025,2025-03-31,12177,VERI
182.0,Q1,2025,2025-03-31,68974,VERX
182.0,Q4,2022,2022-04-02,69004,VFC
182.0,Q1,2022,2022-03-31,69027,VFF
182.0,Q1,2025,2025-03-31,12198,VFF
182.0,Q4,2020,2020-06-27,69056,VIAV
182.0,Q1,2025,2024-09-28,69040,VIAV
182.0,Q1,2025,2025-03-31,69065,VICI
182.0,Q1,2025,2025-03-31,69091,VICR
182.0,Q1,2025,2025-03-31,12218,VIR
182.0,Q2,2021,2021-06-27,69155,VITL
182.0,Q1,2025,2025-03-30,69141,VITL
182.0,Q1,2025,2025-03-31,12235,VKTX
182.0,Q1,2025,2025-03-31,69206,VLO
182.0,Q1,2025,2025-03-31,69241,VMC
182.0,Q4,2018,2019-03-31,69289,VMD
182.0,Q1,2025,2025-03-31,69269,VMD
182.0,Q2,2019,2019-06-29,69312,VMI
182.0,Q1,2020,2020-03-28,69310,VMI
182.0,Q1,2021,2021-03-27,69307,VMI
182.0,Q2,2022,2022-06-25,69303,VMI
182.0,Q1,2025,2025-03-29,69293,VMI
182.0,Q2,2024,2024-08-03,69319,VNCE
182.0,Q1,2025,2025-03-31,69346,VNDA
182.0,Q1,2025,2025-03-31,69372,VNO
182.0,Q1,2025,2025-03-31,69397,VNOM
182.0,Q1,2025,2025-03-31,12291,VOR
182.0,Q1,2024,2024-03-30,69420,VPG
182.0,Q2,2019,2019-08-03,69462,VRA
182.0,Q4,2019,2020-02-01,69461,VRA
182.0,Q3,2020,2020-10-31,69459,VRA
182.0,Q2,2021,2021-07-31,69457,VRA
182.0,Q1,2025,2025-03-31,69468,VRDN
182.0,Q1,2025,2025-03-31,69524,VRNS
182.0,Q1,2025,2025-03-31,69551,VRRM
182.0,Q1,2025,2025-03-31,69576,VRSK
182.0,Q1,2025,2025-03-31,69604,VRSN
182.0,Q1,2025,2025-03-31,69657,VRTX
182.0,Q1,2024,2024-06-30,69692,VSAT
182.0,Q1,2025,2025-03-31,69714,VSEC
182.0,Q3,2020,2020-10-03,69759,VSH
182.0,Q1,2025,2025-03-29,69742,VSH
182.0,Q4,2018,2019-03-31,69826,VTGN
182.0,Q4,2021,2022-03-31,69818,VTGN
182.0,Q4,2022,2023-03-31,69815,VTGN
182.0,Q2,2024,2024-06-30,69811,VTGN
182.0,Q1,2025,2025-03-31,12390,VTGN
182.0,Q4,2020,2021-03-31,69843,VTOL
182.0,Q4,2021,2022-03-31,69840,VTOL
182.0,Q1,2023,2023-03-31,69837,VTOL
182.0,Q1,2025,2025-03-31,69830,VTOL
182.0,Q1,2025,2025-03-31,69855,VTR
182.0,Q1,2025,2025-03-31,69883,VTRS
182.0,Q1,2025,2025-03-31,69904,VTS
182.0,Q1,2025,2025-03-28,69968,VVX
182.0,Q1,2025,2025-03-31,12437,VYGR
182.0,Q1,2025,2025-03-31,70042,VZ
182.0,Q1,2025,2025-03-31,70070,W
182.0,Q1,2025,2025-03-31,70097,WAB
182.0,Q1,2025,2025-03-31,70153,WBD
182.0,Q1,2025,2025-03-31,70181,WCC
182.0,Q1,2024,2024-04-30,70214,WDAY
182.0,Q1,2025,2024-09-27,70237,WDC
182.0,Q3,2019,2019-05-31,70285,WDFC
182.0,Q1,2021,2021-03-31,70305,WEAV
182.0,Q1,2025,2025-03-31,70290,WEAV
182.0,Q1,2025,2025-03-31,70308,WEC
182.0,Q1,2019,2019-03-31,70357,WELL
182.0,Q1,2025,2025-03-31,12510,WELL
182.0,Q1,2025,2025-03-30,70363,WEN
182.0,Q1,2025,2025-03-31,70391,WES
182.0,Q1,2022,2022-03-31,70430,WEST
182.0,Q1,2025,2025-03-31,70419,WEST
182.0,Q1,2025,2025-03-31,70434,WEX
182.0,Q1,2021,2021-03-31,70475,WFRD
182.0,Q1,2025,2025-03-31,70517,WGS
182.0,Q1,2025,2025-03-31,70534,WHD
182.0,Q1,2021,2021-03-31,70576,WHLR
182.0,Q1,2025,2025-03-31,12567,WHLR
182.0,Q1,2025,2025-03-31,12572,WHR
182.0,Q1,2025,2025-03-29,70637,WING
182.0,Q1,2025,2025-03-31,70665,WK
182.0,Q1,2025,2025-03-31,70693,WKC
182.0,Q1,2025,2025-03-31,12606,WKSP
182.0,Q1,2025,2025-03-31,70797,WLK
182.0,Q1,2025,2024-07-31,70827,WLY
182.0,Q1,2025,2025-03-31,70853,WM
182.0,Q1,2024,2024-06-30,70936,WMS
182.0,Q1,2024,2024-04-30,70959,WMT
182.0,Q1,2025,2025-03-31,70979,WNC
182.0,Q1,2025,2025-03-31,71051,WPC
182.0,Q1,2022,2022-03-31,71088,WRAP
182.0,Q1,2025,2025-03-31,12677,WRAP
182.0,Q1,2021,2021-03-31,71117,WRBY
182.0,Q1,2025,2025-03-31,71102,WRBY
182.0,Q2,2018,2018-07-29,71149,WSM
182.0,Q2,2020,2020-08-02,71143,WSM
182.0,Q4,2020,2021-01-31,71142,WSM
182.0,Q1,2025,2025-03-31,71152,WSO
182.0,Q1,2025,2025-03-31,71180,WST
182.0,Q1,2025,2025-03-31,71206,WTI
182.0,Q1,2025,2025-03-31,71234,WTRG
182.0,Q1,2025,2025-03-31,71262,WTTR
182.0,Q1,2025,2025-03-31,12731,WVE
182.0,Q2,2019,2019-06-29,71339,WWW
182.0,Q2,2024,2024-06-29,71320,WWW
182.0,Q1,2025,2025-03-31,12747,WY
182.0,Q1,2023,2023-03-31,71378,WYNN
182.0,Q1,2025,2025-03-31,71371,WYNN
182.0,Q1,2024,2024-06-30,71400,XAIR
182.0,Q1,2025,2025-03-31,71421,XEL
182.0,Q1,2025,2025-03-31,12768,XENE
182.0,Q1,2021,2021-03-31,71488,XERS
182.0,Q2,2024,2024-06-30,71478,XERS
182.0,Q1,2025,2025-03-31,71476,XERS
182.0,Q1,2025,2025-03-31,71517,XGN
182.0,Q1,2025,2025-03-31,71540,XHR
182.0,Q1,2025,2025-03-31,71565,XIFR
182.0,Q2,2020,2020-06-30,71610,XMTR
182.0,Q1,2021,2021-03-31,71608,XMTR
182.0,Q1,2025,2025-03-31,71593,XMTR
182.0,Q1,2025,2025-03-31,71612,XNCR
182.0,Q1,2025,2025-03-31,71639,XOM
182.0,Q1,2021,2021-03-31,71681,XOS
182.0,Q1,2025,2025-03-31,12815,XOS
182.0,Q1,2025,2025-03-31,71685,XPEL
182.0,Q1,2022,2022-03-31,71720,XPER
182.0,Q1,2025,2025-03-31,71709,XPER
182.0,Q1,2025,2025-03-31,71723,XPO
182.0,Q1,2021,2021-03-31,71766,XPOF
182.0,Q1,2025,2025-03-31,71751,XPOF
182.0,Q1,2025,2025-03-31,71782,XPRO
182.0,Q1,2025,2025-03-31,12851,XRAY
182.0,Q1,2025,2025-03-31,71837,XRX
182.0,Q1,2025,2025-03-31,12862,XTIA
182.0,Q1,2025,2025-03-31,12867,XXII
182.0,Q1,2022,2022-03-31,71922,XYL
182.0,Q1,2025,2025-03-31,71911,XYL
182.0,Q1,2025,2025-03-31,71937,XYZ
182.0,Q1,2025,2025-03-31,71965,YELP
182.0,Q1,2021,2021-03-31,72029,YOU
182.0,Q1,2025,2025-03-31,72014,YOU
182.0,Q1,2019,2019-03-31,72056,YUM
182.0,Q1,2025,2025-03-31,72033,YUM
182.0,Q1,2025,2025-03-31,72060,YUMC
182.0,Q1,2025,2024-07-31,72089,YYAI
182.0,Q1,2025,2025-03-31,72112,Z
182.0,Q1,2025,2025-03-29,72140,ZBRA
182.0,Q1,2025,2025-03-31,72168,ZD
182.0,Q1,2022,2022-03-31,72204,ZEO
182.0,Q2,2020,2020-06-30,72226,ZG
182.0,Q1,2025,2025-03-31,72209,ZG
182.0,Q1,2021,2021-03-31,72250,ZIP
182.0,Q1,2025,2025-03-31,72235,ZIP
182.0,Q1,2025,2025-03-31,72255,ZLAB
182.0,Q1,2024,2024-04-30,72279,ZM
182.0,Q1,2025,2025-03-31,72298,ZNTL
182.0,Q1,2025,2025-03-31,72347,ZTS
182.0,Q1,2025,2025-03-31,12987,ZURA
182.0,Q2,2020,2020-06-30,72432,ZVIA
182.0,Q4,2020,2021-03-31,72430,ZVIA
182.0,Q1,2022,2022-03-31,72427,ZVIA
182.0,Q1,2025,2025-03-31,12999,ZVRA
182.0,Q1,2022,2022-03-31,72494,ZYME
182.0,Q1,2025,2025-03-31,13012,ZYME
1.0,Q1,2018,2018-01-02,17529,ABEO
181.0,Q3,2019,2019-06-30,17968,ACM
181.0,Q2,2021,2021-06-30,18295,ADEA
181.0,Q1,2023,2023-06-30,18680,AEMD
181.0,Q2,2019,2019-06-30,18818,AEYE
181.0,Q1,2022,2022-06-30,18995,AGYS
181.0,Q1,2025,2025-06-30,399,AGYS
181.0,Q2,2022,2022-06-30,19246,AISP
181.0,Q2,2019,2019-06-30,19354,AKBA
181.0,Q2,2019,2019-06-30,19380,AKR
181.0,Q2,2019,2019-06-30,19646,ALK
181.0,Q2,2019,2019-06-30,19913,ALT
181.0,Q1,2023,2022-07-31,20041,ALZN
181.0,Q2,2019,2019-06-30,20585,AMRX
181.0,Q1,2019,2019-06-30,20590,AMSC
181.0,Q2,2019,2019-06-30,21253,APPF
1.0,Q1,2018,2018-01-02,21576,ARDX
181.0,Q2,2022,2022-06-30,21615,AREB
181.0,Q2,2019,2019-06-30,21845,ARR
181.0,Q1,2023,2023-06-30,22259,ATEX
181.0,Q2,2019,2019-06-30,22351,ATLX
181.0,Q3,2019,2019-06-30,22388,ATO
181.0,Q2,2019,2019-06-30,22413,ATOM
181.0,Q2,2021,2021-06-30,22644,AUUD
181.0,Q2,2023,2023-06-30,22639,AUUD
181.0,Q2,2024,2024-06-29,23734,BC
181.0,Q4,2022,2022-07-31,23900,BCTX
181.0,Q2,2019,2019-06-30,23975,BDN
181.0,Q2,2019,2019-06-30,24446,BIO
181.0,Q2,2019,2019-06-30,24589,BKH
1.0,Q1,2019,2018-03-31,24782,BLFS
181.0,Q1,2021,2021-04-30,25451,BRZE
181.0,Q2,2019,2019-06-30,25515,BSX
181.0,Q2,2021,2021-06-30,25534,BSY
181.0,Q2,2025,2025-06-30,1967,BTCT
181.0,Q3,2019,2019-06-30,25674,BV
181.0,Q2,2019,2019-06-30,26164,CAPS
181.0,Q2,2019,2019-06-30,26452,CBUS
181.0,Q1,2025,2025-02-28,26585,CCL
181.0,Q2,2019,2019-06-30,26763,CDE
181.0,Q2,2019,2019-06-30,26817,CDNA
181.0,Q2,2019,2019-06-30,27130,CELU
181.0,Q2,2019,2019-06-30,27373,CHCT
181.0,Q1,2021,2021-04-30,27584,CHPT
181.0,Q3,2019,2019-07-31,27723,CIEN
181.0,Q1,2023,2023-06-30,28248,CMCO
181.0,Q2,2021,2021-06-30,28480,CMRC
181.0,Q1,2024,2023-06-30,28751,CNVS
181.0,Q1,2025,2025-02-28,28797,CNXC
181.0,Q2,2019,2019-06-30,28895,COGT
181.0,Q2,2019,2019-06-30,28992,COLD
181.0,Q2,2019,2019-06-30,29165,CORT
181.0,Q2,2019,2019-06-30,29206,COSM
181.0,Q1,2025,2025-04-30,2973,CRM
181.0,Q4,2019,2019-04-30,29898,CRMT
181.0,Q4,2023,2023-04-30,29883,CRMT
181.0,Q2,2019,2019-06-30,29946,CRNX
181.0,Q2,2019,2019-06-30,30048,CRSP
181.0,Q1,2023,2023-06-30,31154,CWST
181.0,Q1,2027,2026-06-30,3267,CWST
181.0,Q1,2022,2022-06-30,31376,CYRX
181.0,Q1,2023,2023-06-30,31373,CYRX
181.0,Q2,2024,2024-06-29,31753,DCO
1.0,Q1,2027,2026-05-01,31988,DELL
1.0,Q1,2018,2018-01-29,32532,DLTH
181.0,Q2,2018,2018-07-29,32531,DLTH
181.0,Q1,2021,2021-06-30,32825,DOCS
181.0,Q1,2023,2023-06-30,32818,DOCS
181.0,Q2,2018,2018-07-31,32877,DOMO
181.0,Q2,2019,2019-06-30,33307,DUOT
181.0,Q2,2019,2019-06-30,33425,DX
181.0,Q1,2023,2023-06-30,33436,DXC
181.0,Q2,2021,2021-06-30,33810,EDBL
181.0,Q2,2022,2022-06-30,33844,EDSA
181.0,Q1,2023,2023-06-30,33876,EEFT
181.0,Q4,2019,2019-06-30,34108,EL
181.0,Q2,2019,2019-06-30,34239,ELS
181.0,Q3,2021,2021-06-30,34275,EMBC
181.0,Q2,2022,2022-06-30,34443,ENPH
181.0,Q4,2019,2019-04-30,35271,ESTC
181.0,Q2,2021,2021-06-30,35528,EVH
181.0,Q2,2019,2019-06-30,35580,EVRG
181.0,Q1,2022,2022-06-30,35825,EXP
1.0,Q1,2021,2021-01-02,35910,EXPO
181.0,Q2,2021,2021-07-02,35909,EXPO
181.0,Q2,2019,2019-06-30,36652,FIEE
181.0,Q1,2023,2023-06-30,36781,FLEX
181.0,Q4,2019,2019-06-30,36951,FLUX
181.0,Q4,2019,2019-06-30,37248,FOX
181.0,Q4,2019,2019-06-30,37273,FOXA
181.0,Q1,2022,2022-06-30,38544,GHM
181.0,Q1,2025,2025-06-30,4978,GHM
181.0,Q2,2019,2019-06-30,38579,GIC
1.0,Q1,2018,2018-02-01,38606,GIII
181.0,Q1,2021,2021-04-30,38598,GIII
181.0,Q1,2025,2025-04-30,4988,GIII
181.0,Q2,2019,2019-06-30,39280,GPMT
181.0,Q2,2022,2022-06-30,39269,GPMT
181.0,Q2,2022,2022-06-30,39431,GRI
181.0,Q1,2023,2023-06-30,39572,GSIT
181.0,Q1,2021,2021-04-30,39681,GTLB
181.0,Q1,2023,2023-04-30,39674,GTLB
181.0,Q2,2021,2021-06-30,39724,GTM
181.0,Q2,2022,2022-06-30,39721,GTM
181.0,Q2,2019,2019-06-30,39959,GYRE
1.0,Q1,2018,2018-03-31,40668,HLIO
181.0,Q2,2025,2025-06-30,5504,HOLO
181.0,Q2,2019,2019-06-30,41061,HPP
181.0,Q2,2019,2019-06-30,41265,HROW
181.0,Q2,2019,2019-06-30,41290,HRTX
181.0,Q2,2019,2019-06-30,41373,HSTM
181.0,Q3,2019,2019-06-30,42413,IIIV
181.0,Q1,2025,2025-04-30,5888,IMMR
181.0,Q1,2023,2023-06-30,42691,IMVT
181.0,Q2,2019,2019-06-30,42782,INCY
181.0,Q2,2019,2019-06-30,44014,JAKK
181.0,Q2,2022,2022-06-30,44142,JBIO
181.0,Q1,2021,2021-02-28,44563,KBH
181.0,Q1,2025,2025-02-28,6350,KBH
181.0,Q2,2023,2023-06-30,44605,KD
181.0,Q2,2021,2021-06-30,44928,KLRS
181.0,Q4,2019,2019-06-30,45054,KMT
181.0,Q2,2019,2019-06-30,45142,KNSA
181.0,Q2,2019,2019-06-30,45197,KNX
181.0,Q4,2019,2019-06-30,45377,KOSS
181.0,Q2,2019,2019-06-30,45509,KRG
181.0,Q2,2022,2022-06-30,45990,LASE
181.0,Q2,2022,2022-06-30,46037,LAW
181.0,Q1,2023,2023-02-28,46343,LEN
181.0,Q1,2025,2025-02-28,46336,LEN
181.0,Q2,2019,2019-06-30,47040,LMB
181.0,Q4,2019,2019-06-30,47670,LTRX
181.0,Q2,2021,2021-06-30,47703,LUCK
1.0,Q1,2018,2018-04-01,47956,LXFR
181.0,Q2,2019,2019-06-30,48335,MAN
181.0,Q2,2019,2019-06-30,48963,MDGL
181.0,Q2,2019,2019-06-30,49513,MGRC
181.0,Q2,2019,2019-06-30,49545,MGTX
181.0,Q2,2018,2018-07-31,49682,MIND
181.0,Q1,2025,2025-02-28,49760,MKC
181.0,Q2,2025,2025-06-30,7585,MLGO
181.0,Q2,2019,2019-06-30,49929,MMI
181.0,Q1,2023,2023-06-30,50271,MPAA
181.0,Q2,2019,2019-06-30,50832,MTD
181.0,Q2,2019,2019-06-30,50887,MTH
181.0,Q4,2019,2019-06-30,51456,MZTI
181.0,Q2,2019,2019-06-30,51693,NDRA
181.0,Q2,2021,2021-06-30,52120,NHI
181.0,Q1,2025,2025-02-28,52712,NRIX
181.0,Q2,2022,2022-06-30,52742,NRXP
1.0,Q1,2024,2023-04-29,52844,NTAP
181.0,Q2,2024,2023-10-27,52843,NTAP
181.0,Q2,2019,2019-06-30,52943,NTLA
181.0,Q2,2019,2019-06-30,53144,NUWE
181.0,Q4,2019,2019-06-30,53427,NWS
181.0,Q4,2019,2019-06-30,53453,NWSA
181.0,Q3,2019,2019-07-31,53485,NX
181.0,Q2,2023,2023-06-30,53510,NXDT
181.0,Q3,2023,2023-07-31,53722,OCC
181.0,Q2,2019,2019-06-30,53792,OCUL
181.0,Q2,2019,2019-06-30,53845,OFIX
181.0,Q2,2022,2022-06-30,54067,OKLO
181.0,Q2,2019,2019-06-30,54262,OMCL
181.0,Q2,2019,2019-06-30,54405,ONDS
1.0,Q4,2018,2018-09-30,54468,ONTO
1.0,Q1,2022,2022-01-02,54456,ONTO
181.0,Q2,2022,2022-07-02,54455,ONTO
181.0,Q1,2022,2022-04-30,54482,OOMA
181.0,Q2,2019,2019-06-30,54841,ORN
1.0,Q1,2019,2018-10-01,54892,OSK
181.0,Q2,2019,2019-03-31,54891,OSK
181.0,Q1,2023,2023-04-30,55501,PATH
181.0,Q2,2019,2019-06-30,55979,PDM
181.0,Q2,2022,2022-06-30,56016,PDYN
181.0,Q4,2019,2019-06-30,56323,PG
181.0,Q2,2019,2019-06-30,56571,PII
181.0,Q2,2019,2019-06-30,56765,PLD
181.0,Q1,2023,2023-06-30,56921,PLUS
181.0,Q1,2025,2025-02-28,57600,PRGS
181.0,Q2,2021,2021-06-30,57739,PROP
181.0,Q2,2019,2019-06-30,58062,PSTL
181.0,Q1,2023,2023-06-30,58547,QMCO
181.0,Q4,2019,2019-06-30,58616,QNST
181.0,Q2,2019,2019-06-30,58758,QTTB
181.0,Q2,2019,2019-06-30,59120,RC
181.0,Q2,2022,2021-07-31,59133,RCAT
181.0,Q2,2019,2019-06-30,59321,RDVT
181.0,Q1,2021,2021-04-30,59503,RENT
181.0,Q1,2025,2025-04-30,9903,RENT
181.0,Q1,2019,2019-06-30,59526,REPL
181.0,Q1,2023,2023-06-30,59511,REPL
181.0,Q1,2022,2022-04-30,59585,REX
181.0,Q1,2025,2025-04-30,9924,REX
181.0,Q4,2019,2019-06-30,59719,RGLD
1.0,Q4,2018,2018-09-30,59776,RGR
181.0,Q1,2019,2019-03-30,59774,RGR
1.0,Q4,2022,2022-10-02,59759,RGR
181.0,Q4,2019,2019-06-30,60165,RMD
181.0,Q2,2022,2022-06-30,60260,RNAZ
181.0,Q2,2019,2019-06-30,60413,ROKU
181.0,Q4,2019,2019-06-30,61133,RZLT
181.0,Q1,2021,2021-04-30,61150,S
181.0,Q1,2023,2023-04-30,61143,S
1.0,Q1,2027,2026-05-01,61279,SAIC
181.0,Q2,2019,2019-06-30,61828,SEGG
181.0,Q4,2019,2019-06-30,61996,SGLY
181.0,Q2,2019,2019-06-30,62304,SITC
181.0,Q4,2019,2019-06-30,62829,SMCI
181.0,Q2,2022,2022-07-31,63195,SNOW
181.0,Q2,2023,2023-06-30,63238,SNTI
181.0,Q4,2021,2021-06-30,63498,SPHR
181.0,Q2,2022,2022-06-30,63787,SRFM
181.0,Q2,2019,2019-06-30,63890,SRRK
181.0,Q2,2019,2019-06-30,64083,SSTK
181.0,Q2,2019,2019-06-30,64165,STAG
181.0,Q2,2019,2019-06-30,64569,SVC
181.0,Q4,2019,2019-04-30,64630,SWBI
1.0,Q1,2020,2019-06-30,64854,SYNA
181.0,Q2,2019,2019-06-30,64911,T
181.0,Q2,2022,2022-06-30,65438,TEAD
181.0,Q4,2019,2019-06-30,65475,TECH
181.0,Q2,2019,2019-06-30,65498,TECX
181.0,Q2,2018,2018-07-01,65583,TER
1.0,Q4,2019,2019-09-30,65577,TER
181.0,Q1,2020,2020-03-29,65576,TER
181.0,Q2,2021,2021-04-30,66366,TOL
181.0,Q2,2019,2019-06-30,66889,TRTX
181.0,Q2,2019,2019-06-30,67152,TTD
181.0,Q2,2019,2019-06-30,67671,UA
181.0,Q1,2022,2022-06-30,67660,UA
181.0,Q2,2019,2019-06-30,67693,UAA
181.0,Q1,2022,2022-06-30,67683,UAA
181.0,Q1,2025,2025-06-30,11940,UHAL
181.0,Q2,2019,2019-06-30,68059,UMH
181.0,Q1,2025,2025-04-30,12044,URBN
181.0,Q4,2019,2019-04-30,68427,USAU
181.0,Q1,2020,2020-03-29,68609,UTZ
1.0,Q4,2018,2018-09-01,68666,VAC
181.0,Q1,2021,2021-04-30,68881,VEEV
181.0,Q1,2023,2023-04-30,68874,VEEV
181.0,Q2,2022,2022-06-30,68897,VELO
1.0,Q4,2018,2018-09-30,70149,WAT
181.0,Q1,2019,2019-03-30,70147,WAT
181.0,Q1,2025,2025-04-30,12484,WDAY
181.0,Q1,2021,2021-06-30,70946,WMS
181.0,Q1,2023,2023-06-30,70939,WMS
181.0,Q1,2025,2025-06-30,12647,WMS
181.0,Q1,2026,2026-02-28,12689,WS
181.0,Q1,2023,2023-06-30,71403,XAIR
181.0,Q2,2021,2021-06-30,71780,XPON
181.0,Q2,2019,2019-06-30,71906,XXII
181.0,Q2,2019,2019-06-30,71932,XYL
181.0,Q3,2019,2019-04-30,72342,ZS
2.0,Q1,2027,2026-05-02,23661,BBW
2.0,Q1,2027,2026-05-02,23712,BBY
180.0,Q2,2020,2020-06-28,23945,BDC
180.0,Q1,2023,2023-03-31,24356,BHVN
2.0,Q1,2027,2026-05-02,33538,DY
2.0,Q1,2027,2026-05-02,38034,GCO
180.0,Q2,2018,2018-07-31,38605,GIII
180.0,Q2,2020,2020-06-28,40859,HOG
180.0,Q2,2019,2019-06-29,44272,JELD
2.0,Q4,2022,2022-10-02,48269,MAGN
180.0,Q1,2026,2025-12-27,48261,MAGN
180.0,Q2,2018,2018-06-30,49932,MMI
2.0,Q1,2027,2026-05-02,50527,MRVL
180.0,Q2,2018,2018-06-30,51861,NEON
2.0,Q1,2027,2026-05-02,62207,SIG
180.0,Q2,2020,2020-03-28,62852,SMG
180.0,Q2,2020,2020-03-28,65284,TDG
2.0,Q1,2027,2026-05-02,65923,TJX
2.0,Q1,2027,2026-05-02,69444,VRA
179.0,Q2,2018,2018-06-30,17528,ABEO
179.0,Q1,2025,2025-04-30,329,AEO
179.0,Q2,2018,2018-06-30,21575,ARDX
179.0,Q2,2020,2020-03-27,22324,ATKR
179.0,Q1,2025,2025-04-30,1508,BBWI
179.0,Q2,2020,2020-06-27,23748,BC
179.0,Q1,2025,2025-04-30,1690,BJ
179.0,Q1,2025,2025-04-30,1984,BURL
179.0,Q1,2025,2025-04-30,2094,CAL
179.0,Q1,2025,2025-04-30,3182,CURV
179.0,Q1,2025,2025-04-30,3817,DXLG
3.0,Q4,2022,2022-10-03,33903,EFC
179.0,Q1,2023,2023-03-31,33902,EFC
179.0,Q1,2025,2025-04-30,4838,GAP
179.0,Q1,2021,2021-03-28,40707,HLLY
179.0,Q1,2025,2025-04-30,6286,JILL
179.0,Q1,2025,2025-04-30,6606,KSS
3.0,Q1,2027,2026-05-03,47246,LOVE
179.0,Q1,2025,2025-04-30,7214,M
3.0,Q1,2027,2026-07-03,53593,NXT
179.0,Q2,2018,2018-06-30,54611,OPRX
179.0,Q1,2025,2025-04-30,8874,OXM
179.0,Q1,2025,2025-04-30,9239,PLCE
179.0,Q1,2025,2025-04-30,10953,SPWH
179.0,Q4,2020,2020-06-27,64851,SYNA
179.0,Q1,2025,2025-04-30,11971,ULTA
179.0,Q1,2025,2025-04-30,12266,VNCE
179.0,Q2,2019,2019-06-28,69990,VVX
179.0,Q1,2025,2025-04-30,12662,WOOF
179.0,Q1,2025,2025-04-30,12982,ZUMZ
4.0,Q2,2026,2026-04-04,22677,AVAH
178.0,Q1,2021,2021-03-27,40725,HLMN
178.0,Q1,2025,2025-04-30,9624,PVH
178.0,Q1,2022,2021-12-25,64832,SYM
177.0,Q1,2025,2025-03-31,27,AAP
177.0,Q1,2025,2025-03-31,4578,FLO
176.0,Q1,2025,2025-03-31,2155,CAVA
176.0,Q3,2020,2020-06-24,43536,IRON
6.0,Q2,2021,2020-06-30,43535,IRON
176.0,Q1,2025,2025-03-31,10178,RRGB
174.0,Q3,2019,2019-09-30,40536,HIMS
172.0,Q1,2025,2025-04-30,6541,KR
170.0,Q2,2019,2019-06-30,50012,MMSI
168.0,Q3,2022,2022-09-11,32981,DPZ
168.0,Q3,2022,2022-07-10,43950,JACK
168.0,Q3,2018,2018-11-10,45432,KR
168.0,Q3,2019,2019-10-06,60673,RRGB
14.0,Q1,2021,2021-01-14,61194,SABS
15.0,Q1,2019,2019-01-15,19556,ALGN
167.0,Q2,2021,2021-06-30,61192,SABS
167.0,Q1,2021,2021-03-31,63311,SOC
166.0,Q2,2019,2019-06-30,19555,ALGN
17.0,Q2,2018,2018-03-31,35124,ESE
20.0,Q2,2026,2026-06-20,17890,ACI
22.0,Q1,2021,2021-03-31,72416,ZURA
27.0,Q4,2017,2018-03-31,62424,SKY
30.0,Q3,2022,2021-09-30,21860,ARTL
30.0,Q4,2018,2018-04-30,30312,CSR
30.0,Q3,2024,2023-09-30,41695,HWH
30.0,Q4,2019,2019-04-30,59138,RCAT
30.0,Q1,2023,2022-11-30,62714,SLP
30.0,Q4,2023,2023-04-30,64790,SXTP
30.0,Q3,2021,2020-09-30,66015,TLRY
31.0,Q4,2021,2021-10-31,26329,CBL
31.0,Q4,2020,2020-10-31,29666,CRC
31.0,Q1,2019,2019-01-31,34399,ENB
31.0,Q1,2022,2021-03-31,63243,SNTI
31.0,Q4,2019,2019-10-31,69847,VTOL
33.0,Q2,2023,2023-05-03,57731,PROP
42.0,Q1,2021,2021-03-31,38100,GCTS
