consolidated_cleaned_research_request,fy_fq_requests_removed,missing_quarter_requests_removed,new_fact_count,new_wave,old_fact_count,old_wave,remaining_facts,source_semantics_requests_removed,structural_review_still_required,ticker
"Research official issuer sources for FY2024 Q2. Verify EBIT, source semantics confirmation. Do not research other fields.; Research official issuer sources for FY2024 Q3. Verify EBIT, source semantics confirmation. Do not research other fields.; Research official issuer sources for FY2025 Q1. Verify EBIT, source semantics confirmation. Do not research other fields.",0,2,6,P3_LATEST8Q,8,P3_LATEST8Q,EBIT_DIRECT|SOURCE_SEMANTICS_CONFIRMATION,0,NO,AA
Research official issuer sources for FY2024 Q2. Verify target collision evidence. Do not research other fields.,0,0,1,P3_LATEST8Q,1,P3_LATEST8Q,TARGET_COLLISION_EVIDENCE,0,YES,AAP
"Research official issuer sources for FY2024 Q3. Verify Capex required to derive FCF, FCF, missing quarter existence/source evidence, Revenue, source semantics confirmation. Do not research other fields.; Research official issuer sources for FY2025 Q1. Verify Capex required to derive FCF, FCF, missing quarter existence/source evidence, source semantics confirmation. Do not research other fields.; Research official issuer sources for FY2025 Q2. Verify first-public result publication date. Do not research other fields.",0,0,10,P3_LATEST8Q,10,P3_LATEST8Q,CAPEX_FOR_FCF|FCF_DIRECT|FIRST_PUBLIC_PUBLISH_DATE|MISSING_QUARTER_EXISTENCE|REVENUE|SOURCE_SEMANTICS_CONFIRMATION,0,YES,ABAT
Research official issuer sources for FY2024 Q3. Verify Total Debt. Do not research other fields.,0,0,1,P3_LATEST8Q,1,P3_LATEST8Q,TOTAL_DEBT,0,NO,ABCL
Research official issuer sources for FY2024 Q2. Verify Revenue. Do not research other fields.; Research official issuer sources for FY2024 Q3. Verify Revenue. Do not research other fields.,0,0,2,P3_LATEST8Q,2,P3_LATEST8Q,REVENUE,0,NO,ABEO
"Research official issuer sources for FY2024 Q2. Verify Capex required to derive FCF, FCF, source semantics confirmation. Do not research other fields.; Research official issuer sources for FY2024 Q3. Verify Capex required to derive FCF, FCF, source semantics confirmation. Do not research other fields.; Research official issuer sources for FY2025 Q1. Verify Cash. Do not research other fields.",0,2,7,P3_LATEST8Q,9,P3_LATEST8Q,CAPEX_FOR_FCF|CASH|FCF_DIRECT|SOURCE_SEMANTICS_CONFIRMATION,0,NO,ABNB
Research official issuer sources for FY2024 Q2. Verify Revenue. Do not research other fields.; Research official issuer sources for FY2024 Q3. Verify Revenue. Do not research other fields.,0,0,2,P3_LATEST8Q,2,P3_LATEST8Q,REVENUE,0,NO,ABOS
"Research official issuer sources for FY2024 Q2. Verify EBIT, source semantics confirmation. Do not research other fields.; Research official issuer sources for FY2024 Q3. Verify EBIT, missing quarter existence/source evidence, source semantics confirmation. Do not research other fields.; Research official issuer sources for FY2025 Q1. Verify EBIT, missing quarter existence/source evidence, source semantics confirmation. Do not research other fields.; Research official issuer sources for FY2025 Q2. Verify EBIT, source semantics confirmation. Do not research other fields.",0,0,10,P3_LATEST8Q,10,P3_LATEST8Q,EBIT_DIRECT|MISSING_QUARTER_EXISTENCE|SOURCE_SEMANTICS_CONFIRMATION,0,YES,ABR
Research official issuer sources for FY2024 Q2. Verify Total Debt. Do not research other fields.; Research official issuer sources for FY2024 Q3. Verify Total Debt. Do not research other fields.,0,0,2,P3_LATEST8Q,2,P3_LATEST8Q,TOTAL_DEBT,0,NO,ABUS
"Research official issuer sources for FY2024 Q2. Verify Capex required to derive FCF, FCF, source semantics confirmation. Do not research other fields.; Research official issuer sources for FY2024 Q3. Verify Capex required to derive FCF, FCF, source semantics confirmation. Do not research other fields.",0,0,6,P3_LATEST8Q,6,P3_LATEST8Q,CAPEX_FOR_FCF|FCF_DIRECT|SOURCE_SEMANTICS_CONFIRMATION,0,YES,ABVC
Research official issuer sources for FY2025 Q1. Verify EBIT. Do not research other fields.,0,0,1,P3_LATEST8Q,1,P3_LATEST8Q,EBIT_DIRECT,0,NO,ACA
Research official issuer sources for FY2024 Q2. Verify Total Debt. Do not research other fields.; Research official issuer sources for FY2024 Q3. Verify Total Debt. Do not research other fields.; Research official issuer sources for FY2025 Q1. Verify Cash. Do not research other fields.,0,2,3,P3_LATEST8Q,5,P3_LATEST8Q,CASH|TOTAL_DEBT,0,NO,ACAD
,0,2,0,NO_EXTERNAL_RESEARCH_NEEDED,2,P3_LATEST8Q,,0,NO,ACDC
"Research official issuer sources for FY2024 Q3. Verify EBIT, source semantics confirmation. Do not research other fields.; Research official issuer sources for FY2024 Q4. Verify EBIT, source semantics confirmation. Do not research other fields.; Research official issuer sources for FY2025 Q1. Verify EBIT, source semantics confirmation. Do not research other fields.",0,0,6,P3_LATEST8Q,6,P3_LATEST8Q,EBIT_DIRECT|SOURCE_SEMANTICS_CONFIRMATION,0,NO,ACHC
Research official issuer sources for FY2024 Q2. Verify Revenue. Do not research other fields.; Research official issuer sources for FY2024 Q3. Verify Revenue. Do not research other fields.,0,1,2,P3_LATEST8Q,3,P3_LATEST8Q,REVENUE,0,NO,ACHR
"Research official issuer sources for FY2024 Q2. Verify Capex required to derive FCF, EBIT, FCF, Revenue, source semantics confirmation. Do not research other fields.; Research official issuer sources for FY2024 Q3. Verify Capex required to derive FCF, EBIT, FCF, Revenue, source semantics confirmation. Do not research other fields.; Research official issuer sources for FY2024 Q4. Verify EBIT, source semantics confirmation. Do not research other fields.",0,0,12,P3_LATEST8Q,12,P3_LATEST8Q,CAPEX_FOR_FCF|EBIT_DIRECT|FCF_DIRECT|REVENUE|SOURCE_SEMANTICS_CONFIRMATION,0,NO,ACHV
Research official issuer sources for FY2026 Q1. Verify first-public result publication date. Do not research other fields.,0,0,1,P2_LATEST4Q,1,P2_LATEST4Q,FIRST_PUBLIC_PUBLISH_DATE,0,YES,ACI
"Research official issuer sources for FY2024 Q2. Verify Capex required to derive FCF, EBIT, FCF, source semantics confirmation. Do not research other fields.; Research official issuer sources for FY2024 Q3. Verify Capex required to derive FCF, EBIT, FCF, missing quarter existence/source evidence, source semantics confirmation. Do not research other fields.; Research official issuer sources for FY2025 Q1. Verify EBIT, missing quarter existence/source evidence, source semantics confirmation. Do not research other fields.; Research official issuer sources for FY2025 Q2. Verify EBIT, source semantics confirmation. Do not research other fields.",0,0,14,P3_LATEST8Q,14,P3_LATEST8Q,CAPEX_FOR_FCF|EBIT_DIRECT|FCF_DIRECT|MISSING_QUARTER_EXISTENCE|SOURCE_SEMANTICS_CONFIRMATION,0,YES,ACRE
Research official issuer sources for FY2025 Q3. Verify Total Debt. Do not research other fields.; Research official issuer sources for FY2025 Q4. Verify Total Debt. Do not research other fields.; Research official issuer sources for FY2026 Q1. Verify Total Debt. Do not research other fields.; Research official issuer sources for FY2024 Q2. Verify Total Debt. Do not research other fields.; Research official issuer sources for FY2024 Q3. Verify Total Debt. Do not research other fields.; Research official issuer sources for FY2025 Q1. Verify Total Debt. Do not research other fields.; Research official issuer sources for FY2025 Q2. Verify Total Debt. Do not research other fields.,0,2,7,P2_LATEST4Q,9,P2_LATEST4Q,TOTAL_DEBT,0,NO,ACRS
"Research official issuer sources for FY2024 Q1. Verify Revenue, Total Debt. Do not research other fields.; Research official issuer sources for FY2024 Q2. Verify Revenue, Total Debt. Do not research other fields.; Research official issuer sources for FY2024 Q3. Verify Revenue, Total Debt. Do not research other fields.",0,2,6,P3_LATEST8Q,8,P3_LATEST8Q,REVENUE|TOTAL_DEBT,0,NO,ACRV
"Research official issuer sources for FY2025 Q2. Verify Total Debt. Do not research other fields.; Research official issuer sources for FY2025 Q3. Verify Total Debt. Do not research other fields.; Research official issuer sources for FY2025 Q4. Verify Total Debt. Do not research other fields.; Research official issuer sources for FY2024 Q1. Verify Capex required to derive FCF, EBIT, FCF, Revenue, source semantics confirmation, Total Debt. Do not research other fields.; Research official issuer sources for FY2024 Q2. Verify Capex required to derive FCF, FCF, Revenue, source semantics confirmation, Total Debt. Do not research other fields.; Research official issuer sources for FY2024 Q3. Verify Capex required to derive FCF, FCF, Revenue, source semantics confirmation, Total Debt. Do not research other fields.; Research official issuer sources for FY2025 Q1. Verify Total Debt. Do not research other fields.",0,2,20,P2_LATEST4Q,22,P2_LATEST4Q,CAPEX_FOR_FCF|EBIT_DIRECT|FCF_DIRECT|REVENUE|SOURCE_SEMANTICS_CONFIRMATION|TOTAL_DEBT,0,NO,ACXP
Research official issuer sources for FY2024 Q2. Verify Total Debt. Do not research other fields.; Research official issuer sources for FY2024 Q3. Verify Total Debt. Do not research other fields.; Research official issuer sources for FY2025 Q1. Verify Total Debt. Do not research other fields.,0,2,3,P3_LATEST8Q,5,P3_LATEST8Q,TOTAL_DEBT,0,NO,AD
"Research official issuer sources for FY2024 Q2. Verify Revenue, Total Debt. Do not research other fields.; Research official issuer sources for FY2024 Q3. Verify Revenue, Total Debt. Do not research other fields.; Research official issuer sources for FY2025 Q1. Verify Capex required to derive FCF, FCF, Revenue, source semantics confirmation, Total Debt. Do not research other fields.",0,2,9,P3_LATEST8Q,11,P3_LATEST8Q,CAPEX_FOR_FCF|FCF_DIRECT|REVENUE|SOURCE_SEMANTICS_CONFIRMATION|TOTAL_DEBT,0,NO,ADAM
Research official issuer sources for FY2024 Q4. Verify Total Debt. Do not research other fields.,0,0,1,P3_LATEST8Q,1,P3_LATEST8Q,TOTAL_DEBT,0,NO,ADCT
,0,2,0,NO_EXTERNAL_RESEARCH_NEEDED,2,P3_LATEST8Q,,0,NO,ADEA
"Research official issuer sources for FY2024 Q2. Verify EBIT, source semantics confirmation. Do not research other fields.; Research official issuer sources for FY2024 Q3. Verify EBIT, missing quarter existence/source evidence, source semantics confirmation. Do not research other fields.; Research official issuer sources for FY2025 Q1. Verify EBIT, missing quarter existence/source evidence, source semantics confirmation. Do not research other fields.",0,0,8,P3_LATEST8Q,8,P3_LATEST8Q,EBIT_DIRECT|MISSING_QUARTER_EXISTENCE|SOURCE_SEMANTICS_CONFIRMATION,0,YES,ADM
"Research official issuer sources for FY2024 Q3. Verify EBIT, source semantics confirmation. Do not research other fields.; Research official issuer sources for FY2025 Q1. Verify EBIT, source semantics confirmation. Do not research other fields.; Research official issuer sources for FY2025 Q2. Verify EBIT, source semantics confirmation. Do not research other fields.",0,2,6,P3_LATEST8Q,8,P3_LATEST8Q,EBIT_DIRECT|SOURCE_SEMANTICS_CONFIRMATION,0,NO,ADNT
"Research official issuer sources for FY2025 Q1. Verify EBIT, source semantics confirmation. Do not research other fields.; Research official issuer sources for FY2025 Q2. Verify EBIT, source semantics confirmation. Do not research other fields.; Research official issuer sources for FY2025 Q3. Verify EBIT, source semantics confirmation. Do not research other fields.",0,0,6,P3_LATEST8Q,6,P3_LATEST8Q,EBIT_DIRECT|SOURCE_SEMANTICS_CONFIRMATION,0,NO,ADP
"Research official issuer sources for FY2025 Q4. Verify EBIT, source semantics confirmation. Do not research other fields.",0,0,2,P3_LATEST8Q,2,P3_LATEST8Q,EBIT_DIRECT|SOURCE_SEMANTICS_CONFIRMATION,0,YES,ADSK
Research official issuer sources for FY2025 Q1. Verify Total Debt. Do not research other fields.; Research official issuer sources for FY2025 Q2. Verify first-public result publication date. Do not research other fields.,0,1,2,P3_LATEST8Q,3,P3_LATEST8Q,FIRST_PUBLIC_PUBLISH_DATE|TOTAL_DEBT,0,NO,ADTN
Research official issuer sources for FY2024 Q2. Verify Total Debt. Do not research other fields.; Research official issuer sources for FY2024 Q3. Verify Total Debt. Do not research other fields.,0,1,2,P3_LATEST8Q,3,P3_LATEST8Q,TOTAL_DEBT,0,NO,ADUS
"Research official issuer sources for FY2025 Q1. Verify EBIT, source semantics confirmation, Total Debt. Do not research other fields.; Research official issuer sources for FY2025 Q2. Verify Total Debt. Do not research other fields.; Research official issuer sources for FY2025 Q4. Verify lineage/source ownership evidence, official period_end, target collision evidence. Do not research other fields.",0,0,7,P3_LATEST8Q,7,P3_LATEST8Q,EBIT_DIRECT|LINEAGE_OWNERSHIP_EVIDENCE|OFFICIAL_PERIOD_END|SOURCE_SEMANTICS_CONFIRMATION|TARGET_COLLISION_EVIDENCE|TOTAL_DEBT,0,YES,AEHR
"Research official issuer sources for FY2025 Q1. Verify Revenue, Total Debt. Do not research other fields.; Research official issuer sources for FY2025 Q2. Verify Total Debt. Do not research other fields.",0,0,3,P3_LATEST8Q,3,P3_LATEST8Q,REVENUE|TOTAL_DEBT,0,NO,AEMD
"Research official issuer sources for FY2024 Q1. Verify Total Debt. Do not research other fields.; Research official issuer sources for FY2024 Q2. Verify Total Debt. Do not research other fields.; Research official issuer sources for FY2024 Q3. Verify missing quarter existence/source evidence, Total Debt. Do not research other fields.",0,0,4,P3_LATEST8Q,4,P3_LATEST8Q,MISSING_QUARTER_EXISTENCE|TOTAL_DEBT,0,NO,AEO
"Research official issuer sources for FY2024 Q2. Verify EBIT, source semantics confirmation. Do not research other fields.; Research official issuer sources for FY2024 Q3. Verify EBIT, source semantics confirmation. Do not research other fields.; Research official issuer sources for FY2025 Q1. Verify EBIT, source semantics confirmation. Do not research other fields.",0,2,6,P3_LATEST8Q,8,P3_LATEST8Q,EBIT_DIRECT|SOURCE_SEMANTICS_CONFIRMATION,0,NO,AES
Research official issuer sources for FY2024 Q3. Verify Cash. Do not research other fields.; Research official issuer sources for FY2024 Q4. Verify Cash. Do not research other fields.; Research official issuer sources for FY2025 Q1. Verify Cash. Do not research other fields.,0,0,3,P3_LATEST8Q,3,P3_LATEST8Q,CASH,0,NO,AESI
Research official issuer sources for FY2024 Q2. Verify Total Debt. Do not research other fields.; Research official issuer sources for FY2024 Q3. Verify Total Debt. Do not research other fields.,0,1,2,P3_LATEST8Q,3,P3_LATEST8Q,TOTAL_DEBT,0,NO,AEVA
"Research official issuer sources for FY2024 Q2. Verify Capex required to derive FCF, EBIT, FCF, source semantics confirmation. Do not research other fields.; Research official issuer sources for FY2024 Q3. Verify Capex required to derive FCF, EBIT, FCF, source semantics confirmation. Do not research other fields.; Research official issuer sources for FY2024 Q4. Verify EBIT, source semantics confirmation. Do not research other fields.; Research official issuer sources for FY2025 Q1. Verify EBIT, source semantics confirmation. Do not research other fields.",0,0,12,P3_LATEST8Q,12,P3_LATEST8Q,CAPEX_FOR_FCF|EBIT_DIRECT|FCF_DIRECT|SOURCE_SEMANTICS_CONFIRMATION,0,YES,AFCG
Research official issuer sources for FY2024 Q2. Verify Total Debt. Do not research other fields.; Research official issuer sources for FY2024 Q3. Verify Total Debt. Do not research other fields.,0,1,2,P3_LATEST8Q,3,P3_LATEST8Q,TOTAL_DEBT,0,NO,AGIO
,0,2,0,NO_EXTERNAL_RESEARCH_NEEDED,2,P3_LATEST8Q,,0,NO,AGL
"Research official issuer sources for FY2025 Q3. Verify EBIT, source semantics confirmation. Do not research other fields.; Research official issuer sources for FY2025 Q4. Verify EBIT, source semantics confirmation. Do not research other fields.; Research official issuer sources for FY2026 Q1. Verify EBIT, source semantics confirmation, Total Debt. Do not research other fields.; Research official issuer sources for FY2024 Q3. Verify Capex required to derive FCF, EBIT, FCF, source semantics confirmation. Do not research other fields.; Research official issuer sources for FY2024 Q4. Verify EBIT, source semantics confirmation. Do not research other fields.; Research official issuer sources for FY2025 Q1. Verify Cash, EBIT, source semantics confirmation. Do not research other fields.; Research official issuer sources for FY2025 Q2. Verify EBIT, source semantics confirmation. Do not research other fields.",0,0,18,P2_LATEST4Q,18,P2_LATEST4Q,CAPEX_FOR_FCF|CASH|EBIT_DIRECT|FCF_DIRECT|SOURCE_SEMANTICS_CONFIRMATION|TOTAL_DEBT,0,NO,AGNC
Research official issuer sources for FY2025 Q2. Verify Total Debt. Do not research other fields.; Research official issuer sources for FY2025 Q3. Verify Total Debt. Do not research other fields.,0,0,2,P3_LATEST8Q,2,P3_LATEST8Q,TOTAL_DEBT,0,YES,AGX
"Research official issuer sources for FY2024 Q1. Verify fiscal transition evidence, official period_end, source semantics confirmation, target collision evidence, Total Debt. Do not research other fields.; Research official issuer sources for FY2024 Q2. Verify fiscal transition evidence, official period_end, source semantics confirmation, target collision evidence. Do not research other fields.; Research official issuer sources for FY2024 Q3. Verify fiscal transition evidence, official period_end, source semantics confirmation, target collision evidence. Do not research other fields.; Research official issuer sources for FY2025 Q1. Verify fiscal transition evidence, official period_end, source semantics confirmation, target collision evidence. Do not research other fields.",0,0,17,P3_LATEST8Q,17,P3_LATEST8Q,FISCAL_TRANSITION_EVIDENCE|OFFICIAL_PERIOD_END|SOURCE_SEMANTICS_CONFIRMATION|TARGET_COLLISION_EVIDENCE|TOTAL_DEBT,0,YES,AGYS
,0,1,0,NO_EXTERNAL_RESEARCH_NEEDED,1,P3_LATEST8Q,,0,NO,AHR
Research official issuer sources for FY2025 Q1. Verify Total Debt. Do not research other fields.; Research official issuer sources for FY2025 Q2. Verify Total Debt. Do not research other fields.,0,0,2,P3_LATEST8Q,2,P3_LATEST8Q,TOTAL_DEBT,0,NO,AI
"Research official issuer sources for FY2025 Q3. Verify Total Debt. Do not research other fields.; Research official issuer sources for FY2025 Q4. Verify Total Debt. Do not research other fields.; Research official issuer sources for FY2026 Q1. Verify Total Debt. Do not research other fields.; Research official issuer sources for FY2024 Q2. Verify Capex required to derive FCF, FCF, first-public result publication date, source semantics confirmation, Total Debt. Do not research other fields.; Research official issuer sources for FY2025 Q1. Verify Total Debt. Do not research other fields.; Research official issuer sources for FY2025 Q2. Verify Total Debt. Do not research other fields.",0,2,10,P2_LATEST4Q,12,P2_LATEST4Q,CAPEX_FOR_FCF|FCF_DIRECT|FIRST_PUBLIC_PUBLISH_DATE|SOURCE_SEMANTICS_CONFIRMATION|TOTAL_DEBT,0,NO,AIFF
"Research official issuer sources for FY2024 Q1. Verify first-public result publication date, Total Debt. Do not research other fields.; Research official issuer sources for FY2024 Q2. Verify first-public result publication date, Total Debt. Do not research other fields.",0,2,4,P3_LATEST8Q,6,P3_LATEST8Q,FIRST_PUBLIC_PUBLISH_DATE|TOTAL_DEBT,0,NO,AIHS
Research official issuer sources for FY2024 Q2. Verify Total Debt. Do not research other fields.; Research official issuer sources for FY2024 Q3. Verify Total Debt. Do not research other fields.; Research official issuer sources for FY2025 Q1. Verify Total Debt. Do not research other fields.,0,2,3,P3_LATEST8Q,5,P3_LATEST8Q,TOTAL_DEBT,0,NO,AIP
"Research official issuer sources for FY2025 Q1. Verify EBIT, source semantics confirmation. Do not research other fields.; Research official issuer sources for FY2025 Q2. Verify EBIT, source semantics confirmation. Do not research other fields.; Research official issuer sources for FY2025 Q3. Verify EBIT, source semantics confirmation. Do not research other fields.",0,0,6,P3_LATEST8Q,6,P3_LATEST8Q,EBIT_DIRECT|SOURCE_SEMANTICS_CONFIRMATION,0,NO,AIR
"Research official issuer sources for FY2024 Q2. Verify Cash, first-public result publication date, Revenue, Shares Outstanding, Total Debt. Do not research other fields.; Research official issuer sources for FY2024 Q3. Verify Cash, first-public result publication date, Revenue, Shares Outstanding, Total Debt. Do not research other fields.; Research official issuer sources for FY2024 Q4. Verify Revenue, Total Debt. Do not research other fields.",0,0,12,P3_LATEST8Q,12,P3_LATEST8Q,CASH|FIRST_PUBLIC_PUBLISH_DATE|REVENUE|SHARES_OUTSTANDING|TOTAL_DEBT,0,NO,AIRJ
"Research official issuer sources for FY2023 Q3. Verify Capex required to derive FCF, FCF, first-public result publication date, source semantics confirmation, Total Debt. Do not research other fields.; Research official issuer sources for FY2023 Q4. Verify Capex required to derive FCF, FCF, first-public result publication date, source semantics confirmation. Do not research other fields.; Research official issuer sources for FY2025 Q1. Verify Capex required to derive FCF, FCF, source semantics confirmation, Total Debt. Do not research other fields.",0,2,13,P3_LATEST8Q,15,P3_LATEST8Q,CAPEX_FOR_FCF|FCF_DIRECT|FIRST_PUBLIC_PUBLISH_DATE|SOURCE_SEMANTICS_CONFIRMATION|TOTAL_DEBT,0,NO,AISP
Research official issuer sources for FY2024 Q4. Verify Total Debt. Do not research other fields.,0,0,1,P3_LATEST8Q,1,P3_LATEST8Q,TOTAL_DEBT,0,NO,AIV
Research official issuer sources for FY2024 Q3. Verify missing quarter existence/source evidence. Do not research other fields.,0,0,1,P3_LATEST8Q,1,P3_LATEST8Q,MISSING_QUARTER_EXISTENCE,0,YES,AKR
"Research official issuer sources for FY2025 Q3. Verify Total Debt. Do not research other fields.; Research official issuer sources for FY2026 Q1. Verify Total Debt. Do not research other fields.; Research official issuer sources for FY2024 Q3. Verify Cash, first-public result publication date, lineage/source ownership evidence, Total Debt. Do not research other fields.; Research official issuer sources for FY2025 Q1. Verify Total Debt. Do not research other fields.; Research official issuer sources for FY2025 Q2. Verify Total Debt. Do not research other fields.",0,0,8,P2_LATEST4Q,8,P2_LATEST4Q,CASH|FIRST_PUBLIC_PUBLISH_DATE|LINEAGE_OWNERSHIP_EVIDENCE|TOTAL_DEBT,0,NO,ALAB
"Research official issuer sources for FY2024 Q3. Verify Capex required to derive FCF, FCF, Revenue, source semantics confirmation. Do not research other fields.; Research official issuer sources for FY2024 Q4. Verify Cash. Do not research other fields.; Research official issuer sources for FY2025 Q1. Verify Cash. Do not research other fields.",0,0,6,P3_LATEST8Q,6,P3_LATEST8Q,CAPEX_FOR_FCF|CASH|FCF_DIRECT|REVENUE|SOURCE_SEMANTICS_CONFIRMATION,0,NO,ALDX
"Research official issuer sources for FY2024 Q2. Verify Total Debt. Do not research other fields.; Research official issuer sources for FY2024 Q3. Verify Total Debt. Do not research other fields.; Research official issuer sources for FY2025 Q1. Verify Cash, Revenue. Do not research other fields.",0,2,4,P3_LATEST8Q,6,P3_LATEST8Q,CASH|REVENUE|TOTAL_DEBT,0,NO,ALEC
"Research official issuer sources for FY2025 Q1. Verify lineage/source ownership evidence, official period_end. Do not research other fields.",0,0,2,P3_LATEST8Q,2,P3_LATEST8Q,LINEAGE_OWNERSHIP_EVIDENCE|OFFICIAL_PERIOD_END,0,NO,ALGM
Research official issuer sources for FY2024 Q2. Verify Total Debt. Do not research other fields.; Research official issuer sources for FY2024 Q3. Verify Total Debt. Do not research other fields.,0,1,2,P3_LATEST8Q,3,P3_LATEST8Q,TOTAL_DEBT,0,NO,ALGN
Research official issuer sources for FY2024 Q2. Verify Total Debt. Do not research other fields.; Research official issuer sources for FY2024 Q3. Verify Total Debt. Do not research other fields.,0,2,2,P3_LATEST8Q,4,P3_LATEST8Q,TOTAL_DEBT,0,NO,ALGS
,0,1,0,NO_EXTERNAL_RESEARCH_NEEDED,1,P3_LATEST8Q,,0,NO,ALHC
Research official issuer sources for FY2024 Q2. Verify Total Debt. Do not research other fields.; Research official issuer sources for FY2024 Q3. Verify Total Debt. Do not research other fields.,0,1,2,P3_LATEST8Q,3,P3_LATEST8Q,TOTAL_DEBT,0,NO,ALKT
Research official issuer sources for FY2024 Q2. Verify Total Debt. Do not research other fields.; Research official issuer sources for FY2024 Q3. Verify Total Debt. Do not research other fields.,0,0,2,P3_LATEST8Q,2,P3_LATEST8Q,TOTAL_DEBT,0,NO,ALLO
"Research official issuer sources for FY2024 Q1. Verify Capex required to derive FCF, FCF, Revenue, source semantics confirmation. Do not research other fields.; Research official issuer sources for FY2024 Q2. Verify Capex required to derive FCF, FCF, Revenue, source semantics confirmation. Do not research other fields.; Research official issuer sources for FY2024 Q3. Verify Capex required to derive FCF, FCF, Revenue, source semantics confirmation. Do not research other fields.",0,2,12,P3_LATEST8Q,14,P3_LATEST8Q,CAPEX_FOR_FCF|FCF_DIRECT|REVENUE|SOURCE_SEMANTICS_CONFIRMATION,0,NO,ALLR
"Research official issuer sources for FY2023 Q4. Verify first-public result publication date, Total Debt. Do not research other fields.; Research official issuer sources for FY2024 Q1. Verify first-public result publication date, lineage/source ownership evidence, target collision evidence, Total Debt. Do not research other fields.",0,0,6,P3_LATEST8Q,6,P3_LATEST8Q,FIRST_PUBLIC_PUBLISH_DATE|LINEAGE_OWNERSHIP_EVIDENCE|TARGET_COLLISION_EVIDENCE|TOTAL_DEBT,0,YES,ALMU
,0,2,0,NO_EXTERNAL_RESEARCH_NEEDED,2,P3_LATEST8Q,,0,NO,ALNT
"Research official issuer sources for FY2024 Q1. Verify Capex required to derive FCF, FCF, source semantics confirmation, Total Debt. Do not research other fields.; Research official issuer sources for FY2024 Q2. Verify Capex required to derive FCF, FCF, source semantics confirmation, Total Debt. Do not research other fields.; Research official issuer sources for FY2024 Q3. Verify Total Debt. Do not research other fields.",0,2,9,P3_LATEST8Q,11,P3_LATEST8Q,CAPEX_FOR_FCF|FCF_DIRECT|SOURCE_SEMANTICS_CONFIRMATION|TOTAL_DEBT,0,NO,ALT
,0,1,0,NO_EXTERNAL_RESEARCH_NEEDED,1,P3_LATEST8Q,,0,NO,ALV
Research official issuer sources for FY2024 Q2. Verify Revenue. Do not research other fields.; Research official issuer sources for FY2024 Q3. Verify Revenue. Do not research other fields.,0,2,2,P3_LATEST8Q,4,P3_LATEST8Q,REVENUE,0,NO,ALXO
"Research official issuer sources for FY2026 Q1. Verify Total Debt. Do not research other fields.; Research official issuer sources for FY2026 Q2. Verify Total Debt. Do not research other fields.; Research official issuer sources for FY2026 Q3. Verify Total Debt. Do not research other fields.; Research official issuer sources for FY2025 Q1. Verify Revenue, Total Debt. Do not research other fields.; Research official issuer sources for FY2025 Q2. Verify Revenue, Total Debt. Do not research other fields.; Research official issuer sources for FY2025 Q3. Verify Total Debt. Do not research other fields.; Research official issuer sources for FY2025 Q4. Verify Total Debt. Do not research other fields.",0,0,9,P2_LATEST4Q,9,P2_LATEST4Q,REVENUE|TOTAL_DEBT,0,NO,ALZN
"Research official issuer sources for FY2024 Q2. Verify lineage/source ownership evidence, target collision evidence, Total Debt. Do not research other fields.; Research official issuer sources for FY2025 Q3. Verify Total Debt. Do not research other fields.",0,0,4,P3_LATEST8Q,4,P3_LATEST8Q,LINEAGE_OWNERSHIP_EVIDENCE|TARGET_COLLISION_EVIDENCE|TOTAL_DEBT,0,YES,AMBA
"Research official issuer sources for FY2024 Q2. Verify EBIT, source semantics confirmation. Do not research other fields.; Research official issuer sources for FY2024 Q3. Verify EBIT, source semantics confirmation. Do not research other fields.; Research official issuer sources for FY2025 Q1. Verify EBIT, source semantics confirmation. Do not research other fields.",0,2,6,P3_LATEST8Q,8,P3_LATEST8Q,EBIT_DIRECT|SOURCE_SEMANTICS_CONFIRMATION,0,NO,AMH
"Research official issuer sources for FY2026 Q2. Verify Total Debt. Do not research other fields.; Research official issuer sources for FY2026 Q3. Verify Total Debt. Do not research other fields.; Research official issuer sources for FY2024 Q1. Verify Cash, first-public result publication date, Total Debt. Do not research other fields.; Research official issuer sources for FY2024 Q2. Verify Cash, first-public result publication date, missing quarter existence/source evidence, Total Debt. Do not research other fields.",0,0,9,P2_LATEST4Q,9,P2_LATEST4Q,CASH|FIRST_PUBLIC_PUBLISH_DATE|MISSING_QUARTER_EXISTENCE|TOTAL_DEBT,0,YES,AMIX
Research official issuer sources for FY2024 Q3. Verify Total Debt. Do not research other fields.; Research official issuer sources for FY2025 Q1. Verify Cash. Do not research other fields.,0,0,2,P3_LATEST8Q,2,P3_LATEST8Q,CASH|TOTAL_DEBT,0,NO,AMLX
"Research official issuer sources for FY2025 Q2. Verify first-public result publication date. Do not research other fields.; Research official issuer sources for FY2025 Q3. Verify first-public result publication date. Do not research other fields.; Research official issuer sources for FY2025 Q4. Verify first-public result publication date. Do not research other fields.; Research official issuer sources for FY2023 Q3. Verify Capex required to derive FCF, Cash, FCF, first-public result publication date, Revenue, Shares Outstanding, source semantics confirmation, Total Debt. Do not research other fields.; Research official issuer sources for FY2024 Q1. Verify Capex required to derive FCF, FCF, first-public result publication date, Revenue, source semantics confirmation, Total Debt. Do not research other fields.; Research official issuer sources for FY2025 Q1. Verify first-public result publication date. Do not research other fields.",0,3,18,P2_LATEST4Q,21,P2_LATEST4Q,CAPEX_FOR_FCF|CASH|FCF_DIRECT|FIRST_PUBLIC_PUBLISH_DATE|REVENUE|SHARES_OUTSTANDING|SOURCE_SEMANTICS_CONFIRMATION|TOTAL_DEBT,0,NO,AMOD
"Research official issuer sources for FY2023 Q1. Verify Total Debt. Do not research other fields.; Research official issuer sources for FY2024 Q1. Verify first-public result publication date, Total Debt. Do not research other fields.",0,3,3,P3_LATEST8Q,6,P3_LATEST8Q,FIRST_PUBLIC_PUBLISH_DATE|TOTAL_DEBT,0,NO,AMPG
"Research official issuer sources for FY2024 Q2. Verify EBIT, source semantics confirmation, Total Debt. Do not research other fields.; Research official issuer sources for FY2024 Q3. Verify EBIT, source semantics confirmation, Total Debt. Do not research other fields.; Research official issuer sources for FY2025 Q1. Verify EBIT, source semantics confirmation. Do not research other fields.",0,2,8,P3_LATEST8Q,10,P3_LATEST8Q,EBIT_DIRECT|SOURCE_SEMANTICS_CONFIRMATION|TOTAL_DEBT,0,NO,AMPL
Research official issuer sources for FY2024 Q2. Verify Total Debt. Do not research other fields.; Research official issuer sources for FY2024 Q3. Verify Total Debt. Do not research other fields.,0,1,2,P3_LATEST8Q,3,P3_LATEST8Q,TOTAL_DEBT,0,NO,AMPX
Research official issuer sources for FY2024 Q3. Verify Cash. Do not research other fields.,0,1,1,P3_LATEST8Q,2,P3_LATEST8Q,CASH,0,NO,AMPY
Research official issuer sources for FY2025 Q2. Verify Total Debt. Do not research other fields.,0,0,1,P3_LATEST8Q,1,P3_LATEST8Q,TOTAL_DEBT,0,YES,AMSC
"Research official issuer sources for FY2025 Q4. Verify first-public result publication date, Total Debt. Do not research other fields.; Research official issuer sources for FY2026 Q1. Verify first-public result publication date, Total Debt. Do not research other fields.; Research official issuer sources for FY2026 Q2. Verify first-public result publication date, Total Debt. Do not research other fields.; Research official issuer sources for FY2024 Q2. Verify first-public result publication date, Total Debt. Do not research other fields.; Research official issuer sources for FY2024 Q3. Verify first-public result publication date, Total Debt. Do not research other fields.; Research official issuer sources for FY2024 Q4. Verify Total Debt. Do not research other fields.; Research official issuer sources for FY2025 Q3. Verify Total Debt. Do not research other fields.",0,2,12,P2_LATEST4Q,14,P2_LATEST4Q,FIRST_PUBLIC_PUBLISH_DATE|TOTAL_DEBT,0,NO,AMST
,0,1,0,NO_EXTERNAL_RESEARCH_NEEDED,1,P3_LATEST8Q,,0,NO,AMT
Research official issuer sources for FY2025 Q1. Verify Total Debt. Do not research other fields.,0,1,1,P3_LATEST8Q,2,P3_LATEST8Q,TOTAL_DEBT,0,NO,AMTX
Research official issuer sources for FY2024 Q1. Verify Total Debt. Do not research other fields.; Research official issuer sources for FY2024 Q2. Verify Total Debt. Do not research other fields.; Research official issuer sources for FY2024 Q3. Verify Total Debt. Do not research other fields.,0,2,3,P3_LATEST8Q,5,P3_LATEST8Q,TOTAL_DEBT,0,NO,ANAB
"Research official issuer sources for FY2024 Q2. Verify EBIT, source semantics confirmation. Do not research other fields.; Research official issuer sources for FY2024 Q3. Verify EBIT, source semantics confirmation. Do not research other fields.; Research official issuer sources for FY2025 Q1. Verify EBIT, source semantics confirmation. Do not research other fields.",0,2,6,P3_LATEST8Q,8,P3_LATEST8Q,EBIT_DIRECT|SOURCE_SEMANTICS_CONFIRMATION,0,NO,ANDE
Research official issuer sources for FY2025 Q3. Verify Total Debt. Do not research other fields.; Research official issuer sources for FY2025 Q4. Verify Total Debt. Do not research other fields.; Research official issuer sources for FY2026 Q1. Verify Total Debt. Do not research other fields.; Research official issuer sources for FY2024 Q2. Verify Total Debt. Do not research other fields.; Research official issuer sources for FY2024 Q3. Verify Total Debt. Do not research other fields.; Research official issuer sources for FY2025 Q1. Verify Total Debt. Do not research other fields.; Research official issuer sources for FY2025 Q2. Verify Total Debt. Do not research other fields.,0,2,7,P2_LATEST4Q,9,P2_LATEST4Q,TOTAL_DEBT,0,NO,ANET
Research official issuer sources for FY2024 Q4. Verify first-public result publication date. Do not research other fields.; Research official issuer sources for FY2025 Q1. Verify first-public result publication date. Do not research other fields.,0,0,2,P3_LATEST8Q,2,P3_LATEST8Q,FIRST_PUBLIC_PUBLISH_DATE,0,NO,ANGI
"Research official issuer sources for FY2026 Q1. Verify Total Debt. Do not research other fields.; Research official issuer sources for FY2026 Q2. Verify first-public result publication date, Total Debt. Do not research other fields.; Research official issuer sources for FY2026 Q3. Verify Total Debt. Do not research other fields.; Research official issuer sources for FY2025 Q4. Verify Total Debt. Do not research other fields.",0,0,5,P2_LATEST4Q,5,P2_LATEST4Q,FIRST_PUBLIC_PUBLISH_DATE|TOTAL_DEBT,0,NO,ANGO
"Research official issuer sources for FY2024 Q2. Verify Capex required to derive FCF, FCF, Revenue, source semantics confirmation, Total Debt. Do not research other fields.; Research official issuer sources for FY2024 Q3. Verify Revenue, Total Debt. Do not research other fields.",0,0,7,P3_LATEST8Q,7,P3_LATEST8Q,CAPEX_FOR_FCF|FCF_DIRECT|REVENUE|SOURCE_SEMANTICS_CONFIRMATION|TOTAL_DEBT,0,NO,ANNX
Research official issuer sources for FY2024 Q2. Verify Revenue. Do not research other fields.; Research official issuer sources for FY2024 Q3. Verify Revenue. Do not research other fields.; Research official issuer sources for FY2024 Q4. Verify Total Debt. Do not research other fields.,0,0,3,P3_LATEST8Q,3,P3_LATEST8Q,REVENUE|TOTAL_DEBT,0,NO,ANRO
"Research official issuer sources for FY2025 Q2. Verify Total Debt. Do not research other fields.; Research official issuer sources for FY2025 Q3. Verify Total Debt. Do not research other fields.; Research official issuer sources for FY2025 Q4. Verify Total Debt. Do not research other fields.; Research official issuer sources for FY2024 Q1. Verify Capex required to derive FCF, FCF, Revenue, source semantics confirmation, Total Debt. Do not research other fields.; Research official issuer sources for FY2024 Q2. Verify Capex required to derive FCF, FCF, Revenue, source semantics confirmation, Total Debt. Do not research other fields.; Research official issuer sources for FY2024 Q3. Verify Capex required to derive FCF, FCF, Revenue, source semantics confirmation, Total Debt. Do not research other fields.; Research official issuer sources for FY2025 Q1. Verify Total Debt. Do not research other fields.",0,2,19,P2_LATEST4Q,21,P2_LATEST4Q,CAPEX_FOR_FCF|FCF_DIRECT|REVENUE|SOURCE_SEMANTICS_CONFIRMATION|TOTAL_DEBT,0,NO,ANTX
"Research official issuer sources for FY2025 Q2. Verify Total Debt. Do not research other fields.; Research official issuer sources for FY2025 Q3. Verify Total Debt. Do not research other fields.; Research official issuer sources for FY2025 Q4. Verify Total Debt. Do not research other fields.; Research official issuer sources for FY2024 Q1. Verify Capex required to derive FCF, FCF, source semantics confirmation, Total Debt. Do not research other fields.; Research official issuer sources for FY2024 Q2. Verify Capex required to derive FCF, FCF, source semantics confirmation, Total Debt. Do not research other fields.; Research official issuer sources for FY2024 Q3. Verify Capex required to derive FCF, FCF, source semantics confirmation, Total Debt. Do not research other fields.; Research official issuer sources for FY2025 Q1. Verify Total Debt. Do not research other fields.",0,2,16,P2_LATEST4Q,18,P2_LATEST4Q,CAPEX_FOR_FCF|FCF_DIRECT|SOURCE_SEMANTICS_CONFIRMATION|TOTAL_DEBT,0,NO,ANVS
,0,1,0,NO_EXTERNAL_RESEARCH_NEEDED,1,P3_LATEST8Q,,0,NO,APA
"Research official issuer sources for FY2024 Q1. Verify Revenue, Total Debt. Do not research other fields.; Research official issuer sources for FY2024 Q2. Verify Revenue, Total Debt. Do not research other fields.; Research official issuer sources for FY2024 Q3. Verify Revenue, Total Debt. Do not research other fields.",0,2,6,P3_LATEST8Q,8,P3_LATEST8Q,REVENUE|TOTAL_DEBT,0,NO,APGE
Research official issuer sources for FY2026 Q2. Verify first-public result publication date. Do not research other fields.,0,0,1,P2_LATEST4Q,1,P2_LATEST4Q,FIRST_PUBLIC_PUBLISH_DATE,0,NO,APLD
"Research official issuer sources for FY2024 Q2. Verify Capex required to derive FCF, FCF, source semantics confirmation. Do not research other fields.",0,1,3,P3_LATEST8Q,4,P3_LATEST8Q,CAPEX_FOR_FCF|FCF_DIRECT|SOURCE_SEMANTICS_CONFIRMATION,0,NO,APP
Research official issuer sources for FY2024 Q2. Verify Total Debt. Do not research other fields.; Research official issuer sources for FY2024 Q3. Verify Total Debt. Do not research other fields.,0,1,2,P3_LATEST8Q,3,P3_LATEST8Q,TOTAL_DEBT,0,NO,APPF
"Research official issuer sources for FY2025 Q4. Verify EBIT, source semantics confirmation. Do not research other fields.",0,0,2,P3_LATEST8Q,2,P3_LATEST8Q,EBIT_DIRECT|SOURCE_SEMANTICS_CONFIRMATION,0,YES,APPS
"Research official issuer sources for FY2024 Q1. Verify Capex required to derive FCF, FCF, Revenue, source semantics confirmation, Total Debt. Do not research other fields.; Research official issuer sources for FY2024 Q2. Verify Capex required to derive FCF, FCF, Revenue, source semantics confirmation, Total Debt. Do not research other fields.; Research official issuer sources for FY2024 Q3. Verify Capex required to derive FCF, FCF, Revenue, source semantics confirmation, Total Debt. Do not research other fields.",0,2,15,P3_LATEST8Q,17,P3_LATEST8Q,CAPEX_FOR_FCF|FCF_DIRECT|REVENUE|SOURCE_SEMANTICS_CONFIRMATION|TOTAL_DEBT,0,NO,APVO
"Research official issuer sources for FY2024 Q4. Verify Total Debt. Do not research other fields.; Research official issuer sources for FY2025 Q1. Verify Revenue, Total Debt. Do not research other fields.",0,0,3,P3_LATEST8Q,3,P3_LATEST8Q,REVENUE|TOTAL_DEBT,0,NO,AQMS
,0,1,0,NO_EXTERNAL_RESEARCH_NEEDED,1,P3_LATEST8Q,,0,NO,AQST
Research official issuer sources for FY2024 Q2. Verify Cash. Do not research other fields.; Research official issuer sources for FY2024 Q3. Verify Cash. Do not research other fields.,0,1,2,P3_LATEST8Q,3,P3_LATEST8Q,CASH,0,NO,AR
Research official issuer sources for FY2026 Q1. Verify first-public result publication date. Do not research other fields.; Research official issuer sources for FY2026 Q2. Verify first-public result publication date. Do not research other fields.,0,0,2,P2_LATEST4Q,2,P2_LATEST4Q,FIRST_PUBLIC_PUBLISH_DATE,0,NO,ARAY
Research official issuer sources for FY2024 Q3. Verify missing quarter existence/source evidence. Do not research other fields.,0,0,1,P3_LATEST8Q,1,P3_LATEST8Q,MISSING_QUARTER_EXISTENCE,0,YES,ARCB
Research official issuer sources for FY2024 Q2. Verify Total Debt. Do not research other fields.; Research official issuer sources for FY2024 Q3. Verify Total Debt. Do not research other fields.,0,2,2,P3_LATEST8Q,4,P3_LATEST8Q,TOTAL_DEBT,0,NO,ARCT
"Research official issuer sources for FY2024 Q2. Verify EBIT, source semantics confirmation. Do not research other fields.; Research official issuer sources for FY2024 Q3. Verify EBIT, source semantics confirmation. Do not research other fields.; Research official issuer sources for FY2025 Q1. Verify EBIT, source semantics confirmation. Do not research other fields.",0,2,6,P3_LATEST8Q,8,P3_LATEST8Q,EBIT_DIRECT|SOURCE_SEMANTICS_CONFIRMATION,0,NO,ARE
"Research official issuer sources for FY2025 Q3. Verify first-public result publication date. Do not research other fields.; Research official issuer sources for FY2024 Q1. Verify Capex required to derive FCF, FCF, first-public result publication date, source semantics confirmation. Do not research other fields.; Research official issuer sources for FY2024 Q2. Verify Capex required to derive FCF, FCF, first-public result publication date, source semantics confirmation. Do not research other fields.; Research official issuer sources for FY2024 Q3. Verify Capex required to derive FCF, FCF, first-public result publication date, source semantics confirmation. Do not research other fields.",0,1,13,P2_LATEST4Q,14,P2_LATEST4Q,CAPEX_FOR_FCF|FCF_DIRECT|FIRST_PUBLIC_PUBLISH_DATE|SOURCE_SEMANTICS_CONFIRMATION,0,NO,AREB
"Research official issuer sources for FY2025 Q1. Verify first-public result publication date. Do not research other fields.; Research official issuer sources for FY2025 Q2. Verify first-public result publication date. Do not research other fields.; Research official issuer sources for FY2025 Q3. Verify first-public result publication date. Do not research other fields.; Research official issuer sources for FY2024 Q1. Verify Capex required to derive FCF, Cash, EBIT, FCF, OCF required to derive FCF, Shares Outstanding, source semantics confirmation, Total Debt. Do not research other fields.",0,0,11,P2_LATEST4Q,11,P2_LATEST4Q,CAPEX_FOR_FCF|CASH|EBIT_DIRECT|FCF_DIRECT|FIRST_PUBLIC_PUBLISH_DATE|OCF_FOR_FCF|SHARES_OUTSTANDING|SOURCE_SEMANTICS_CONFIRMATION|TOTAL_DEBT,0,NO,AREC
Research official issuer sources for FY2024 Q2. Verify Total Debt. Do not research other fields.; Research official issuer sources for FY2024 Q3. Verify Total Debt. Do not research other fields.,0,1,2,P3_LATEST8Q,3,P3_LATEST8Q,TOTAL_DEBT,0,NO,ARHS
Research official issuer sources for FY2024 Q3. Verify Total Debt. Do not research other fields.,0,0,1,P3_LATEST8Q,1,P3_LATEST8Q,TOTAL_DEBT,0,NO,ARLO
,0,1,0,NO_EXTERNAL_RESEARCH_NEEDED,1,P3_LATEST8Q,,0,NO,ARLP
"Research official issuer sources for FY2024 Q2. Verify EBIT, source semantics confirmation. Do not research other fields.; Research official issuer sources for FY2024 Q3. Verify EBIT, source semantics confirmation. Do not research other fields.; Research official issuer sources for FY2025 Q1. Verify EBIT, source semantics confirmation. Do not research other fields.",0,2,6,P3_LATEST8Q,8,P3_LATEST8Q,EBIT_DIRECT|SOURCE_SEMANTICS_CONFIRMATION,0,NO,AROC
Research official issuer sources for FY2024 Q1. Verify Revenue. Do not research other fields.; Research official issuer sources for FY2024 Q2. Verify Revenue. Do not research other fields.; Research official issuer sources for FY2024 Q3. Verify Revenue. Do not research other fields.,0,1,3,P3_LATEST8Q,4,P3_LATEST8Q,REVENUE,0,NO,ARQ
Research official issuer sources for FY2025 Q1. Verify Cash. Do not research other fields.,0,0,1,P3_LATEST8Q,1,P3_LATEST8Q,CASH,0,NO,ARQT
"Research official issuer sources for FY2024 Q1. Verify Capex required to derive FCF, Cash, FCF, Revenue, source semantics confirmation, Total Debt. Do not research other fields.; Research official issuer sources for FY2024 Q2. Verify Capex required to derive FCF, Cash, FCF, Revenue, source semantics confirmation, Total Debt. Do not research other fields.; Research official issuer sources for FY2024 Q3. Verify Capex required to derive FCF, Cash, FCF, missing quarter existence/source evidence, Revenue, source semantics confirmation, Total Debt. Do not research other fields.; Research official issuer sources for FY2025 Q1. Verify missing quarter existence/source evidence. Do not research other fields.",0,0,20,P3_LATEST8Q,20,P3_LATEST8Q,CAPEX_FOR_FCF|CASH|FCF_DIRECT|MISSING_QUARTER_EXISTENCE|REVENUE|SOURCE_SEMANTICS_CONFIRMATION|TOTAL_DEBT,0,YES,ARTL
,0,2,0,NO_EXTERNAL_RESEARCH_NEEDED,2,P3_LATEST8Q,,0,NO,ARVN
"Research official issuer sources for FY2025 Q1. Verify first-public result publication date, lineage/source ownership evidence, target collision evidence. Do not research other fields.; Research official issuer sources for FY2025 Q4. Verify EBIT, first-public result publication date, source semantics confirmation. Do not research other fields.",0,0,6,P3_LATEST8Q,6,P3_LATEST8Q,EBIT_DIRECT|FIRST_PUBLIC_PUBLISH_DATE|LINEAGE_OWNERSHIP_EVIDENCE|SOURCE_SEMANTICS_CONFIRMATION|TARGET_COLLISION_EVIDENCE,0,YES,ASAN
"Research official issuer sources for FY2024 Q2. Verify EBIT, source semantics confirmation. Do not research other fields.; Research official issuer sources for FY2024 Q3. Verify EBIT, source semantics confirmation. Do not research other fields.; Research official issuer sources for FY2025 Q1. Verify EBIT, source semantics confirmation. Do not research other fields.",0,2,6,P3_LATEST8Q,8,P3_LATEST8Q,EBIT_DIRECT|SOURCE_SEMANTICS_CONFIRMATION,0,NO,ASIX
"Research official issuer sources for FY2024 Q4. Verify EBIT, source semantics confirmation. Do not research other fields.",0,0,2,P3_LATEST8Q,2,P3_LATEST8Q,EBIT_DIRECT|SOURCE_SEMANTICS_CONFIRMATION,0,NO,ASO
Research official issuer sources for FY2024 Q3. Verify missing quarter existence/source evidence. Do not research other fields.,0,0,1,P3_LATEST8Q,1,P3_LATEST8Q,MISSING_QUARTER_EXISTENCE,0,YES,ASTH
"Research official issuer sources for FY2024 Q1. Verify Capex required to derive FCF, FCF, first-public result publication date, missing quarter existence/source evidence, source semantics confirmation, Total Debt. Do not research other fields.; Research official issuer sources for FY2024 Q3. Verify first-public result publication date, missing quarter existence/source evidence, Total Debt. Do not research other fields.; Research official issuer sources for FY2025 Q1. Verify first-public result publication date, missing quarter existence/source evidence. Do not research other fields.; Research official issuer sources for FY2025 Q2. Verify first-public result publication date. Do not research other fields.",0,0,12,P3_LATEST8Q,12,P3_LATEST8Q,CAPEX_FOR_FCF|FCF_DIRECT|FIRST_PUBLIC_PUBLISH_DATE|MISSING_QUARTER_EXISTENCE|SOURCE_SEMANTICS_CONFIRMATION|TOTAL_DEBT,0,YES,ASTI
"Research official issuer sources for FY2024 Q1. Verify EBIT, Shares Outstanding, source semantics confirmation. Do not research other fields.; Research official issuer sources for FY2024 Q2. Verify EBIT, source semantics confirmation. Do not research other fields.; Research official issuer sources for FY2024 Q3. Verify EBIT, missing quarter existence/source evidence, source semantics confirmation. Do not research other fields.",0,0,8,P3_LATEST8Q,8,P3_LATEST8Q,EBIT_DIRECT|MISSING_QUARTER_EXISTENCE|SHARES_OUTSTANDING|SOURCE_SEMANTICS_CONFIRMATION,0,YES,ASTS
Research official issuer sources for FY2024 Q2. Verify Total Debt. Do not research other fields.; Research official issuer sources for FY2024 Q3. Verify Total Debt. Do not research other fields.,0,1,2,P3_LATEST8Q,3,P3_LATEST8Q,TOTAL_DEBT,0,NO,ATEN
Research official issuer sources for FY2025 Q1. Verify Total Debt. Do not research other fields.; Research official issuer sources for FY2025 Q2. Verify Total Debt. Do not research other fields.; Research official issuer sources for FY2025 Q3. Verify EBIT. Do not research other fields.,0,0,3,P3_LATEST8Q,3,P3_LATEST8Q,EBIT_DIRECT|TOTAL_DEBT,0,NO,ATEX
Research official issuer sources for FY2024 Q3. Verify Total Debt. Do not research other fields.,0,0,1,P3_LATEST8Q,1,P3_LATEST8Q,TOTAL_DEBT,0,NO,ATOM
"Research official issuer sources for FY2024 Q2. Verify Capex required to derive FCF, FCF, first-public result publication date, source semantics confirmation, Total Debt. Do not research other fields.; Research official issuer sources for FY2024 Q3. Verify Capex required to derive FCF, FCF, first-public result publication date, source semantics confirmation, Total Debt. Do not research other fields.",0,0,10,P3_LATEST8Q,10,P3_LATEST8Q,CAPEX_FOR_FCF|FCF_DIRECT|FIRST_PUBLIC_PUBLISH_DATE|SOURCE_SEMANTICS_CONFIRMATION|TOTAL_DEBT,0,YES,ATPC
Research official issuer sources for FY2024 Q2. Verify Total Debt. Do not research other fields.; Research official issuer sources for FY2024 Q3. Verify Total Debt. Do not research other fields.,0,0,2,P3_LATEST8Q,2,P3_LATEST8Q,TOTAL_DEBT,0,NO,ATRA
"Research official issuer sources for FY2025 Q2. Verify Total Debt. Do not research other fields.; Research official issuer sources for FY2025 Q3. Verify Total Debt. Do not research other fields.; Research official issuer sources for FY2025 Q4. Verify Total Debt. Do not research other fields.; Research official issuer sources for FY2024 Q2. Verify Capex required to derive FCF, Cash, FCF, first-public result publication date, source semantics confirmation, Total Debt. Do not research other fields.; Research official issuer sources for FY2024 Q3. Verify Cash, first-public result publication date. Do not research other fields.; Research official issuer sources for FY2025 Q1. Verify Total Debt. Do not research other fields.",0,0,12,P2_LATEST4Q,12,P2_LATEST4Q,CAPEX_FOR_FCF|CASH|FCF_DIRECT|FIRST_PUBLIC_PUBLISH_DATE|SOURCE_SEMANTICS_CONFIRMATION|TOTAL_DEBT,0,NO,AUID
"Research official issuer sources for FY2024 Q2. Verify Total Debt. Do not research other fields.; Research official issuer sources for FY2024 Q3. Verify Total Debt. Do not research other fields.; Research official issuer sources for FY2025 Q1. Verify Cash, Revenue. Do not research other fields.",0,2,4,P3_LATEST8Q,6,P3_LATEST8Q,CASH|REVENUE|TOTAL_DEBT,0,NO,AUPH
"Research official issuer sources for FY2024 Q1. Verify Revenue, Total Debt. Do not research other fields.; Research official issuer sources for FY2024 Q2. Verify Total Debt. Do not research other fields.; Research official issuer sources for FY2024 Q3. Verify Total Debt. Do not research other fields.",0,1,4,P3_LATEST8Q,5,P3_LATEST8Q,REVENUE|TOTAL_DEBT,0,NO,AUR
Research official issuer sources for FY2024 Q1. Verify Revenue. Do not research other fields.; Research official issuer sources for FY2024 Q2. Verify Revenue. Do not research other fields.; Research official issuer sources for FY2024 Q3. Verify Revenue. Do not research other fields.,0,2,3,P3_LATEST8Q,5,P3_LATEST8Q,REVENUE,0,NO,AURA
Research official issuer sources for FY2024 Q2. Verify Total Debt. Do not research other fields.; Research official issuer sources for FY2024 Q3. Verify Total Debt. Do not research other fields.,0,0,2,P3_LATEST8Q,2,P3_LATEST8Q,TOTAL_DEBT,0,YES,AUTL
Research official issuer sources for FY2025 Q2. Verify first-public result publication date. Do not research other fields.; Research official issuer sources for FY2025 Q3. Verify first-public result publication date. Do not research other fields.; Research official issuer sources for FY2025 Q4. Verify first-public result publication date. Do not research other fields.; Research official issuer sources for FY2024 Q2. Verify Total Debt. Do not research other fields.; Research official issuer sources for FY2024 Q3. Verify Total Debt. Do not research other fields.,0,0,5,P2_LATEST4Q,5,P2_LATEST4Q,FIRST_PUBLIC_PUBLISH_DATE|TOTAL_DEBT,0,NO,AUUD
,0,1,0,NO_EXTERNAL_RESEARCH_NEEDED,1,P3_LATEST8Q,,0,NO,AVB
"Research official issuer sources for FY2024 Q1. Verify Capex required to derive FCF, Cash, FCF, first-public result publication date, lineage/source ownership evidence, Revenue, Total Debt. Do not research other fields.; Research official issuer sources for FY2024 Q2. Verify Capex required to derive FCF, Cash, FCF, first-public result publication date, lineage/source ownership evidence, Revenue, Total Debt. Do not research other fields.; Research official issuer sources for FY2024 Q3. Verify Capex required to derive FCF, Cash, FCF, first-public result publication date, lineage/source ownership evidence, Revenue, Total Debt. Do not research other fields.",0,0,21,P3_LATEST8Q,24,P3_LATEST8Q,CAPEX_FOR_FCF|CASH|FCF_DIRECT|FIRST_PUBLIC_PUBLISH_DATE|LINEAGE_OWNERSHIP_EVIDENCE|REVENUE|TOTAL_DEBT,3,NO,AVBP
"Research official issuer sources for FY2024 Q2. Verify Capex required to derive FCF, FCF, Revenue, source semantics confirmation, Total Debt. Do not research other fields.; Research official issuer sources for FY2024 Q3. Verify Capex required to derive FCF, FCF, Revenue, source semantics confirmation, Total Debt. Do not research other fields.",0,0,10,P3_LATEST8Q,10,P3_LATEST8Q,CAPEX_FOR_FCF|FCF_DIRECT|REVENUE|SOURCE_SEMANTICS_CONFIRMATION|TOTAL_DEBT,0,NO,AVIR
"Research official issuer sources for FY2024 Q3. Verify missing quarter existence/source evidence, Revenue. Do not research other fields.; Research official issuer sources for FY2025 Q1. Verify first-public result publication date, missing quarter existence/source evidence, Revenue. Do not research other fields.; Research official issuer sources for FY2025 Q2. Verify missing quarter existence/source evidence. Do not research other fields.",0,0,6,P3_LATEST8Q,6,P3_LATEST8Q,FIRST_PUBLIC_PUBLISH_DATE|MISSING_QUARTER_EXISTENCE|REVENUE,0,YES,AVNW
,0,1,0,NO_EXTERNAL_RESEARCH_NEEDED,1,P3_LATEST8Q,,0,NO,AVO
Research official issuer sources for FY2024 Q2. Verify Total Debt. Do not research other fields.; Research official issuer sources for FY2024 Q3. Verify Total Debt. Do not research other fields.,0,1,2,P3_LATEST8Q,3,P3_LATEST8Q,TOTAL_DEBT,0,NO,AVPT
Research official issuer sources for FY2024 Q3. Verify Total Debt. Do not research other fields.,0,0,1,P3_LATEST8Q,1,P3_LATEST8Q,TOTAL_DEBT,0,NO,AVTX
"Research official issuer sources for FY2025 Q2. Verify Total Debt. Do not research other fields.; Research official issuer sources for FY2025 Q3. Verify Total Debt. Do not research other fields.; Research official issuer sources for FY2025 Q4. Verify Total Debt. Do not research other fields.; Research official issuer sources for FY2024 Q1. Verify Capex required to derive FCF, FCF, Revenue, source semantics confirmation, Total Debt. Do not research other fields.; Research official issuer sources for FY2024 Q2. Verify Capex required to derive FCF, FCF, Revenue, source semantics confirmation, Total Debt. Do not research other fields.; Research official issuer sources for FY2024 Q3. Verify Capex required to derive FCF, FCF, Revenue, source semantics confirmation, Total Debt. Do not research other fields.; Research official issuer sources for FY2025 Q1. Verify Total Debt. Do not research other fields.",0,2,19,P2_LATEST4Q,21,P2_LATEST4Q,CAPEX_FOR_FCF|FCF_DIRECT|REVENUE|SOURCE_SEMANTICS_CONFIRMATION|TOTAL_DEBT,0,NO,AVXL
"Research official issuer sources for FY2024 Q3. Verify EBIT, source semantics confirmation. Do not research other fields.; Research official issuer sources for FY2024 Q4. Verify EBIT, source semantics confirmation. Do not research other fields.; Research official issuer sources for FY2025 Q1. Verify EBIT, fiscal transition evidence, official period_end, source semantics confirmation, target collision evidence. Do not research other fields.; Research official issuer sources for FY2025 Q2. Verify fiscal transition evidence, official period_end, source semantics confirmation, target collision evidence. Do not research other fields.",0,0,13,P3_LATEST8Q,13,P3_LATEST8Q,EBIT_DIRECT|FISCAL_TRANSITION_EVIDENCE|OFFICIAL_PERIOD_END|SOURCE_SEMANTICS_CONFIRMATION|TARGET_COLLISION_EVIDENCE,0,YES,AVY
,0,1,0,NO_EXTERNAL_RESEARCH_NEEDED,1,P3_LATEST8Q,,0,NO,AWK
,0,2,0,NO_EXTERNAL_RESEARCH_NEEDED,2,P3_LATEST8Q,,0,NO,AWR
"Research official issuer sources for FY2024 Q4. Verify lineage/source ownership evidence, target collision evidence. Do not research other fields.",0,0,2,P3_LATEST8Q,2,P3_LATEST8Q,LINEAGE_OWNERSHIP_EVIDENCE|TARGET_COLLISION_EVIDENCE,0,YES,AYTU
"Research official issuer sources for FY2024 Q3. Verify missing quarter existence/source evidence, official period_end. Do not research other fields.; Research official issuer sources for FY2025 Q2. Verify official period_end. Do not research other fields.",0,0,3,P3_LATEST8Q,3,P3_LATEST8Q,MISSING_QUARTER_EXISTENCE|OFFICIAL_PERIOD_END,0,NO,AZO
Research official issuer sources for FY2023 Q4. Verify Total Debt. Do not research other fields.; Research official issuer sources for FY2024 Q1. Verify Total Debt. Do not research other fields.; Research official issuer sources for FY2024 Q2. Verify Total Debt. Do not research other fields.,0,1,3,P3_LATEST8Q,4,P3_LATEST8Q,TOTAL_DEBT,0,NO,AZTA
"Research official issuer sources for FY2025 Q1. Verify Capex required to derive FCF, FCF, OCF required to derive FCF, source semantics confirmation. Do not research other fields.",0,0,4,P3_LATEST8Q,4,P3_LATEST8Q,CAPEX_FOR_FCF|FCF_DIRECT|OCF_FOR_FCF|SOURCE_SEMANTICS_CONFIRMATION,0,NO,BAER
"Research official issuer sources for FY2025 Q4. Verify EBIT, source semantics confirmation. Do not research other fields.",0,0,2,P3_LATEST8Q,2,P3_LATEST8Q,EBIT_DIRECT|SOURCE_SEMANTICS_CONFIRMATION,0,YES,BAH
"Research official issuer sources for FY2024 Q2. Verify EBIT, source semantics confirmation. Do not research other fields.; Research official issuer sources for FY2024 Q3. Verify EBIT, source semantics confirmation. Do not research other fields.; Research official issuer sources for FY2025 Q1. Verify EBIT, source semantics confirmation. Do not research other fields.",0,2,6,P3_LATEST8Q,8,P3_LATEST8Q,EBIT_DIRECT|SOURCE_SEMANTICS_CONFIRMATION,0,NO,BALL
,0,2,0,NO_EXTERNAL_RESEARCH_NEEDED,2,P3_LATEST8Q,,0,NO,BATRK
,0,2,0,NO_EXTERNAL_RESEARCH_NEEDED,2,P3_LATEST8Q,,0,NO,BBAI
Research official issuer sources for FY2024 Q2. Verify Total Debt. Do not research other fields.; Research official issuer sources for FY2024 Q3. Verify Total Debt. Do not research other fields.,0,2,2,P3_LATEST8Q,4,P3_LATEST8Q,TOTAL_DEBT,0,NO,BBBY
"Research official issuer sources for FY2024 Q1. Verify Capex required to derive FCF, Cash, FCF, Revenue, source semantics confirmation, Total Debt. Do not research other fields.; Research official issuer sources for FY2024 Q2. Verify Capex required to derive FCF, Cash, FCF, Revenue, source semantics confirmation, Total Debt. Do not research other fields.; Research official issuer sources for FY2024 Q3. Verify Capex required to derive FCF, Cash, FCF, missing quarter existence/source evidence, Revenue, source semantics confirmation, Total Debt. Do not research other fields.; Research official issuer sources for FY2025 Q1. Verify first-public result publication date, missing quarter existence/source evidence, Total Debt. Do not research other fields.",0,0,22,P3_LATEST8Q,22,P3_LATEST8Q,CAPEX_FOR_FCF|CASH|FCF_DIRECT|FIRST_PUBLIC_PUBLISH_DATE|MISSING_QUARTER_EXISTENCE|REVENUE|SOURCE_SEMANTICS_CONFIRMATION|TOTAL_DEBT,0,YES,BBLG
"Research official issuer sources for FY2023 Q4. Verify Capex required to derive FCF, Cash, FCF, first-public result publication date, OCF required to derive FCF, Revenue, Shares Outstanding, source semantics confirmation, Total Debt. Do not research other fields.; Research official issuer sources for FY2024 Q1. Verify Capex required to derive FCF, FCF, first-public result publication date, Revenue, Shares Outstanding, source semantics confirmation, Total Debt. Do not research other fields.; Research official issuer sources for FY2024 Q2. Verify Capex required to derive FCF, FCF, first-public result publication date, Revenue, Shares Outstanding, source semantics confirmation, Total Debt. Do not research other fields.",0,2,23,P3_LATEST8Q,25,P3_LATEST8Q,CAPEX_FOR_FCF|CASH|FCF_DIRECT|FIRST_PUBLIC_PUBLISH_DATE|OCF_FOR_FCF|REVENUE|SHARES_OUTSTANDING|SOURCE_SEMANTICS_CONFIRMATION|TOTAL_DEBT,0,NO,BBOT
Research official issuer sources for FY2024 Q2. Verify Total Debt. Do not research other fields.; Research official issuer sources for FY2024 Q3. Verify Total Debt. Do not research other fields.,0,1,2,P3_LATEST8Q,3,P3_LATEST8Q,TOTAL_DEBT,0,NO,BBSI
"Research official issuer sources for FY2024 Q3. Verify EBIT, lineage/source ownership evidence, source semantics confirmation, target collision evidence, Total Debt. Do not research other fields.; Research official issuer sources for FY2024 Q4. Verify EBIT, lineage/source ownership evidence, source semantics confirmation, target collision evidence. Do not research other fields.",0,0,9,P3_LATEST8Q,9,P3_LATEST8Q,EBIT_DIRECT|LINEAGE_OWNERSHIP_EVIDENCE|SOURCE_SEMANTICS_CONFIRMATION|TARGET_COLLISION_EVIDENCE|TOTAL_DEBT,0,YES,BBW
"Research official issuer sources for FY2024 Q4. Verify EBIT, lineage/source ownership evidence, source semantics confirmation, target collision evidence. Do not research other fields.",0,0,4,P3_LATEST8Q,4,P3_LATEST8Q,EBIT_DIRECT|LINEAGE_OWNERSHIP_EVIDENCE|SOURCE_SEMANTICS_CONFIRMATION|TARGET_COLLISION_EVIDENCE,0,YES,BBY
"Research official issuer sources for FY2024 Q2. Verify Revenue, Total Debt. Do not research other fields.; Research official issuer sources for FY2024 Q3. Verify Revenue, Total Debt. Do not research other fields.",0,0,4,P3_LATEST8Q,4,P3_LATEST8Q,REVENUE|TOTAL_DEBT,0,NO,BCDA
"Research official issuer sources for FY2025 Q3. Verify Total Debt. Do not research other fields.; Research official issuer sources for FY2026 Q1. Verify Total Debt. Do not research other fields.; Research official issuer sources for FY2026 Q2. Verify Total Debt. Do not research other fields.; Research official issuer sources for FY2023 Q3. Verify Capex required to derive FCF, FCF, Revenue, source semantics confirmation, Total Debt. Do not research other fields.; Research official issuer sources for FY2023 Q4. Verify Capex required to derive FCF, FCF, Revenue, source semantics confirmation, Total Debt. Do not research other fields.; Research official issuer sources for FY2024 Q3. Verify Capex required to derive FCF, FCF, Revenue, source semantics confirmation, Total Debt. Do not research other fields.; Research official issuer sources for FY2025 Q2. Verify Total Debt. Do not research other fields.",0,5,19,P2_LATEST4Q,24,P2_LATEST4Q,CAPEX_FOR_FCF|FCF_DIRECT|REVENUE|SOURCE_SEMANTICS_CONFIRMATION|TOTAL_DEBT,0,NO,BCTX
Research official issuer sources for FY2024 Q3. Verify Total Debt. Do not research other fields.,0,2,1,P3_LATEST8Q,3,P3_LATEST8Q,TOTAL_DEBT,0,NO,BCYC
"Research official issuer sources for FY2024 Q3. Verify Revenue, Total Debt. Do not research other fields.",0,0,2,P3_LATEST8Q,2,P3_LATEST8Q,REVENUE|TOTAL_DEBT,0,NO,BDTX
Research official issuer sources for FY2024 Q2. Verify Total Debt. Do not research other fields.; Research official issuer sources for FY2024 Q3. Verify Total Debt. Do not research other fields.,0,2,2,P3_LATEST8Q,4,P3_LATEST8Q,TOTAL_DEBT,0,NO,BEAM
Research official issuer sources for FY2025 Q4. Verify first-public result publication date. Do not research other fields.; Research official issuer sources for FY2024 Q4. Verify Total Debt. Do not research other fields.,0,0,2,P2_LATEST4Q,2,P2_LATEST4Q,FIRST_PUBLIC_PUBLISH_DATE|TOTAL_DEBT,0,NO,BEEM
Research official issuer sources for FY2024 Q2. Verify Total Debt. Do not research other fields.; Research official issuer sources for FY2024 Q3. Verify Total Debt. Do not research other fields.,0,1,2,P3_LATEST8Q,3,P3_LATEST8Q,TOTAL_DEBT,0,NO,BFLY
"Research official issuer sources for FY2025 Q4. Verify Total Debt. Do not research other fields.; Research official issuer sources for FY2024 Q2. Verify Capex required to derive FCF, FCF, Revenue, source semantics confirmation. Do not research other fields.; Research official issuer sources for FY2024 Q3. Verify Revenue. Do not research other fields.; Research official issuer sources for FY2024 Q4. Verify Total Debt. Do not research other fields.",0,0,7,P2_LATEST4Q,7,P2_LATEST4Q,CAPEX_FOR_FCF|FCF_DIRECT|REVENUE|SOURCE_SEMANTICS_CONFIRMATION|TOTAL_DEBT,0,NO,BFRG
"Research official issuer sources for FY2024 Q2. Verify EBIT. Do not research other fields.; Research official issuer sources for FY2024 Q3. Verify EBIT. Do not research other fields.; Research official issuer sources for FY2025 Q1. Verify EBIT, source semantics confirmation. Do not research other fields.",0,2,4,P3_LATEST8Q,6,P3_LATEST8Q,EBIT_DIRECT|SOURCE_SEMANTICS_CONFIRMATION,0,NO,BG
Research official issuer sources for FY2024 Q1. Verify Total Debt. Do not research other fields.; Research official issuer sources for FY2024 Q2. Verify Total Debt. Do not research other fields.; Research official issuer sources for FY2024 Q3. Verify Total Debt. Do not research other fields.,0,1,3,P3_LATEST8Q,4,P3_LATEST8Q,TOTAL_DEBT,0,NO,BGLC
"Research official issuer sources for FY2025 Q3. Verify first-public result publication date. Do not research other fields.; Research official issuer sources for FY2024 Q1. Verify Capex required to derive FCF, FCF, Revenue, Shares Outstanding, source semantics confirmation, Total Debt. Do not research other fields.; Research official issuer sources for FY2024 Q3. Verify Revenue, Total Debt. Do not research other fields.; Research official issuer sources for FY2024 Q4. Verify first-public result publication date. Do not research other fields.; Research official issuer sources for FY2025 Q1. Verify first-public result publication date. Do not research other fields.",0,2,11,P2_LATEST4Q,13,P2_LATEST4Q,CAPEX_FOR_FCF|FCF_DIRECT|FIRST_PUBLIC_PUBLISH_DATE|REVENUE|SHARES_OUTSTANDING|SOURCE_SEMANTICS_CONFIRMATION|TOTAL_DEBT,0,NO,BGMS
"Research official issuer sources for FY2024 Q2. Verify Revenue, Total Debt. Do not research other fields.; Research official issuer sources for FY2024 Q3. Verify Revenue, Total Debt. Do not research other fields.",0,0,4,P3_LATEST8Q,4,P3_LATEST8Q,REVENUE|TOTAL_DEBT,0,NO,BHVN
Research official issuer sources for FY2025 Q4. Verify first-public result publication date. Do not research other fields.; Research official issuer sources for FY2024 Q2. Verify Total Debt. Do not research other fields.,0,0,2,P2_LATEST4Q,2,P2_LATEST4Q,FIRST_PUBLIC_PUBLISH_DATE|TOTAL_DEBT,0,NO,BIAF
"Research official issuer sources for FY2024 Q2. Verify EBIT, source semantics confirmation. Do not research other fields.; Research official issuer sources for FY2024 Q3. Verify EBIT, source semantics confirmation. Do not research other fields.; Research official issuer sources for FY2025 Q1. Verify EBIT, source semantics confirmation. Do not research other fields.",0,2,6,P3_LATEST8Q,8,P3_LATEST8Q,EBIT_DIRECT|SOURCE_SEMANTICS_CONFIRMATION,0,NO,BIIB
,0,1,0,NO_EXTERNAL_RESEARCH_NEEDED,1,P3_LATEST8Q,,0,NO,BIO
"Research official issuer sources for FY2026 Q2. Verify first-public result publication date. Do not research other fields.; Research official issuer sources for FY2024 Q3. Verify Capex required to derive FCF, FCF, Revenue, source semantics confirmation. Do not research other fields.; Research official issuer sources for FY2025 Q1. Verify Capex required to derive FCF, FCF, Revenue, source semantics confirmation. Do not research other fields.",0,2,9,P2_LATEST4Q,11,P2_LATEST4Q,CAPEX_FOR_FCF|FCF_DIRECT|FIRST_PUBLIC_PUBLISH_DATE|REVENUE|SOURCE_SEMANTICS_CONFIRMATION,0,NO,BIVI
"Research official issuer sources for FY2025 Q4. Verify first-public result publication date. Do not research other fields.; Research official issuer sources for FY2024 Q2. Verify first-public result publication date, Revenue, Total Debt. Do not research other fields.; Research official issuer sources for FY2024 Q3. Verify first-public result publication date, Revenue, Total Debt. Do not research other fields.",0,0,7,P2_LATEST4Q,7,P2_LATEST4Q,FIRST_PUBLIC_PUBLISH_DATE|REVENUE|TOTAL_DEBT,0,NO,BJDX
Research official issuer sources for FY2024 Q2. Verify Total Debt. Do not research other fields.; Research official issuer sources for FY2024 Q3. Verify Total Debt. Do not research other fields.,0,0,2,P3_LATEST8Q,2,P3_LATEST8Q,TOTAL_DEBT,0,NO,BKE
,0,2,0,NO_EXTERNAL_RESEARCH_NEEDED,2,P3_LATEST8Q,,0,NO,BKH
"Research official issuer sources for FY2025 Q1. Verify EBIT, source semantics confirmation. Do not research other fields.",0,0,2,P3_LATEST8Q,2,P3_LATEST8Q,EBIT_DIRECT|SOURCE_SEMANTICS_CONFIRMATION,0,NO,BKR
Research official issuer sources for FY2024 Q2. Verify Total Debt. Do not research other fields.,0,0,1,P3_LATEST8Q,1,P3_LATEST8Q,TOTAL_DEBT,0,NO,BLND
"Research official issuer sources for FY2024 Q3. Verify missing quarter existence/source evidence, Total Debt. Do not research other fields.; Research official issuer sources for FY2025 Q1. Verify missing quarter existence/source evidence, Total Debt. Do not research other fields.",0,0,4,P3_LATEST8Q,4,P3_LATEST8Q,MISSING_QUARTER_EXISTENCE|TOTAL_DEBT,0,YES,BLNK
"Research official issuer sources for FY2024 Q3. Verify Revenue, Total Debt. Do not research other fields.",0,0,2,P3_LATEST8Q,2,P3_LATEST8Q,REVENUE|TOTAL_DEBT,0,NO,BMEA
Research official issuer sources for FY2026 Q1. Verify Total Debt. Do not research other fields.; Research official issuer sources for FY2024 Q3. Verify Total Debt. Do not research other fields.,0,0,2,P2_LATEST4Q,2,P2_LATEST4Q,TOTAL_DEBT,0,NO,BMI
Research official issuer sources for FY2024 Q3. Verify Total Debt. Do not research other fields.; Research official issuer sources for FY2025 Q1. Verify Total Debt. Do not research other fields.; Research official issuer sources for FY2025 Q2. Verify Total Debt. Do not research other fields.,0,2,3,P3_LATEST8Q,5,P3_LATEST8Q,TOTAL_DEBT,0,NO,BMRA
"Research official issuer sources for FY2024 Q2. Verify EBIT, source semantics confirmation. Do not research other fields.; Research official issuer sources for FY2024 Q3. Verify EBIT, source semantics confirmation. Do not research other fields.; Research official issuer sources for FY2025 Q1. Verify EBIT, source semantics confirmation. Do not research other fields.",0,2,6,P3_LATEST8Q,8,P3_LATEST8Q,EBIT_DIRECT|SOURCE_SEMANTICS_CONFIRMATION,0,NO,BMY
"Research official issuer sources for FY2024 Q1. Verify Capex required to derive FCF, FCF, first-public result publication date, source semantics confirmation, Total Debt. Do not research other fields.; Research official issuer sources for FY2024 Q2. Verify Capex required to derive FCF, FCF, first-public result publication date, source semantics confirmation, Total Debt. Do not research other fields.; Research official issuer sources for FY2024 Q3. Verify first-public result publication date, Total Debt. Do not research other fields.",0,0,12,P3_LATEST8Q,12,P3_LATEST8Q,CAPEX_FOR_FCF|FCF_DIRECT|FIRST_PUBLIC_PUBLISH_DATE|SOURCE_SEMANTICS_CONFIRMATION|TOTAL_DEBT,0,YES,BNC
Research official issuer sources for FY2026 Q2. Verify first-public result publication date. Do not research other fields.; Research official issuer sources for FY2026 Q3. Verify first-public result publication date. Do not research other fields.,0,0,2,P2_LATEST4Q,2,P2_LATEST4Q,FIRST_PUBLIC_PUBLISH_DATE,0,NO,BNED
Research official issuer sources for FY2024 Q4. Verify Total Debt. Do not research other fields.,0,0,1,P3_LATEST8Q,1,P3_LATEST8Q,TOTAL_DEBT,0,NO,BNGO
"Research official issuer sources for FY2024 Q2. Verify EBIT, source semantics confirmation. Do not research other fields.; Research official issuer sources for FY2024 Q3. Verify EBIT, source semantics confirmation. Do not research other fields.; Research official issuer sources for FY2025 Q1. Verify EBIT, source semantics confirmation. Do not research other fields.",0,2,6,P3_LATEST8Q,8,P3_LATEST8Q,EBIT_DIRECT|SOURCE_SEMANTICS_CONFIRMATION,0,NO,BNL
Research official issuer sources for FY2025 Q1. Verify first-public result publication date. Do not research other fields.,0,2,1,P3_LATEST8Q,3,P3_LATEST8Q,FIRST_PUBLIC_PUBLISH_DATE,0,NO,BOC
"Research official issuer sources for FY2023 Q4. Verify missing quarter existence/source evidence, Total Debt. Do not research other fields.; Research official issuer sources for FY2024 Q2. Verify Cash, first-public result publication date, missing quarter existence/source evidence, Total Debt. Do not research other fields.; Research official issuer sources for FY2024 Q3. Verify Cash, first-public result publication date, missing quarter existence/source evidence, Total Debt. Do not research other fields.",0,0,10,P3_LATEST8Q,10,P3_LATEST8Q,CASH|FIRST_PUBLIC_PUBLISH_DATE|MISSING_QUARTER_EXISTENCE|TOTAL_DEBT,0,YES,BOF
"Research official issuer sources for FY2023 Q2. Verify lineage/source ownership evidence, Total Debt. Do not research other fields.; Research official issuer sources for FY2024 Q4. Verify EBIT, lineage/source ownership evidence, source semantics confirmation, target collision evidence. Do not research other fields.; Research official issuer sources for FY2025 Q1. Verify lineage/source ownership evidence, official period_end. Do not research other fields.",0,0,8,P3_LATEST8Q,8,P3_LATEST8Q,EBIT_DIRECT|LINEAGE_OWNERSHIP_EVIDENCE|OFFICIAL_PERIOD_END|SOURCE_SEMANTICS_CONFIRMATION|TARGET_COLLISION_EVIDENCE|TOTAL_DEBT,0,YES,BOOT
"Research official issuer sources for FY2024 Q2. Verify fiscal transition evidence, official period_end, source semantics confirmation, target collision evidence. Do not research other fields.; Research official issuer sources for FY2024 Q3. Verify fiscal transition evidence, official period_end, source semantics confirmation, target collision evidence. Do not research other fields.; Research official issuer sources for FY2024 Q4. Verify fiscal transition evidence, official period_end, source semantics confirmation, target collision evidence. Do not research other fields.; Research official issuer sources for FY2025 Q1. Verify fiscal transition evidence, official period_end, source semantics confirmation, target collision evidence. Do not research other fields.",0,0,16,P3_LATEST8Q,16,P3_LATEST8Q,FISCAL_TRANSITION_EVIDENCE|OFFICIAL_PERIOD_END|SOURCE_SEMANTICS_CONFIRMATION|TARGET_COLLISION_EVIDENCE,0,YES,BOX
"Research official issuer sources for FY2024 Q4. Verify Revenue, Total Debt. Do not research other fields.",0,0,2,P3_LATEST8Q,2,P3_LATEST8Q,REVENUE|TOTAL_DEBT,0,NO,BOXL
"Research official issuer sources for FY2024 Q2. Verify EBIT, source semantics confirmation. Do not research other fields.; Research official issuer sources for FY2024 Q3. Verify EBIT, source semantics confirmation. Do not research other fields.; Research official issuer sources for FY2025 Q1. Verify EBIT, source semantics confirmation. Do not research other fields.",0,2,6,P3_LATEST8Q,8,P3_LATEST8Q,EBIT_DIRECT|SOURCE_SEMANTICS_CONFIRMATION,0,NO,BRSP
Research official issuer sources for FY2025 Q2. Verify Total Debt. Do not research other fields.; Research official issuer sources for FY2025 Q3. Verify Total Debt. Do not research other fields.; Research official issuer sources for FY2025 Q4. Verify Total Debt. Do not research other fields.; Research official issuer sources for FY2024 Q2. Verify Total Debt. Do not research other fields.; Research official issuer sources for FY2025 Q1. Verify Total Debt. Do not research other fields.,0,0,5,P2_LATEST4Q,5,P2_LATEST4Q,TOTAL_DEBT,0,NO,BRTX
"Research official issuer sources for FY2024 Q2. Verify EBIT, source semantics confirmation. Do not research other fields.; Research official issuer sources for FY2024 Q3. Verify EBIT, source semantics confirmation. Do not research other fields.; Research official issuer sources for FY2025 Q1. Verify EBIT, source semantics confirmation. Do not research other fields.",0,2,6,P3_LATEST8Q,8,P3_LATEST8Q,EBIT_DIRECT|SOURCE_SEMANTICS_CONFIRMATION,0,NO,BRX
Research official issuer sources for FY2025 Q2. Verify Total Debt. Do not research other fields.; Research official issuer sources for FY2025 Q3. Verify Total Debt. Do not research other fields.,0,0,2,P3_LATEST8Q,2,P3_LATEST8Q,TOTAL_DEBT,0,YES,BRZE
"Research official issuer sources for FY2025 Q1. Verify first-public result publication date. Do not research other fields.; Research official issuer sources for FY2025 Q2. Verify first-public result publication date. Do not research other fields.; Research official issuer sources for FY2022 Q4. Verify Capex required to derive FCF, FCF, official fiscal year / fiscal quarter identity, Revenue, Shares Outstanding, source semantics confirmation, Total Debt. Do not research other fields.; Research official issuer sources for FY2023 Q1. Verify Capex required to derive FCF, FCF, first-public result publication date, Revenue, Shares Outstanding, source semantics confirmation, Total Debt. Do not research other fields.; Research official issuer sources for FY2023 Q2. Verify Capex required to derive FCF, FCF, first-public result publication date, Revenue, Shares Outstanding, source semantics confirmation, Total Debt. Do not research other fields.; Research official issuer sources for FY2024 Q3. Verify first-public result publication date, lineage/source ownership evidence, Total Debt. Do not research other fields.",0,0,26,P2_LATEST4Q,26,P2_LATEST4Q,CAPEX_FOR_FCF|FCF_DIRECT|FIRST_PUBLIC_PUBLISH_DATE|LINEAGE_OWNERSHIP_EVIDENCE|OFFICIAL_FY_FQ_IDENTITY|REVENUE|SHARES_OUTSTANDING|SOURCE_SEMANTICS_CONFIRMATION|TOTAL_DEBT,0,YES,BSLK
Research official issuer sources for FY2024 Q2. Verify Total Debt. Do not research other fields.; Research official issuer sources for FY2024 Q3. Verify Total Debt. Do not research other fields.,0,1,2,P3_LATEST8Q,3,P3_LATEST8Q,TOTAL_DEBT,0,NO,BSM
"Research official issuer sources for FY2024 Q1. Verify Capex required to derive FCF, FCF, source semantics confirmation. Do not research other fields.",0,0,3,P3_LATEST8Q,3,P3_LATEST8Q,CAPEX_FOR_FCF|FCF_DIRECT|SOURCE_SEMANTICS_CONFIRMATION,0,NO,BTAI
"Research official issuer sources for FY2025 Q2. Verify first-public result publication date, target collision evidence. Do not research other fields.; Research official issuer sources for FY2025 Q3. Verify first-public result publication date, missing quarter existence/source evidence, target collision evidence. Do not research other fields.; Research official issuer sources for FY2024 Q1. Verify Capex required to derive FCF, Cash, EBIT, FCF, first-public result publication date, lineage/source ownership evidence, OCF required to derive FCF, Revenue, Shares Outstanding, source semantics confirmation, Total Debt. Do not research other fields.; Research official issuer sources for FY2024 Q3. Verify first-public result publication date, lineage/source ownership evidence, Shares Outstanding, target collision evidence. Do not research other fields.; Research official issuer sources for FY2024 Q4. Verify lineage/source ownership evidence, official period_end, target collision evidence. Do not research other fields.; Research official issuer sources for FY2025 Q1. Verify first-public result publication date, target collision evidence. Do not research other fields.",0,0,25,P2_LATEST4Q,25,P2_LATEST4Q,CAPEX_FOR_FCF|CASH|EBIT_DIRECT|FCF_DIRECT|FIRST_PUBLIC_PUBLISH_DATE|LINEAGE_OWNERSHIP_EVIDENCE|MISSING_QUARTER_EXISTENCE|OCF_FOR_FCF|OFFICIAL_PERIOD_END|REVENUE|SHARES_OUTSTANDING|SOURCE_SEMANTICS_CONFIRMATION|TARGET_COLLISION_EVIDENCE|TOTAL_DEBT,0,YES,BTBD
"Research official issuer sources for FY2024 Q3. Verify first-public result publication date. Do not research other fields.; Research official issuer sources for FY2025 Q2. Verify Capex required to derive FCF, EBIT, FCF, first-public result publication date, OCF required to derive FCF, Revenue, source semantics confirmation. Do not research other fields.; Research official issuer sources for FY2023 Q3. Verify Cash, first-public result publication date, Total Debt. Do not research other fields.; Research official issuer sources for FY2023 Q4. Verify Revenue. Do not research other fields.; Research official issuer sources for FY2024 Q1. Verify first-public result publication date. Do not research other fields.; Research official issuer sources for FY2024 Q2. Verify first-public result publication date. Do not research other fields.",0,1,14,P2_LATEST4Q,15,P2_LATEST4Q,CAPEX_FOR_FCF|CASH|EBIT_DIRECT|FCF_DIRECT|FIRST_PUBLIC_PUBLISH_DATE|OCF_FOR_FCF|REVENUE|SOURCE_SEMANTICS_CONFIRMATION|TOTAL_DEBT,0,NO,BTCT
Research official issuer sources for FY2024 Q3. Verify missing quarter existence/source evidence. Do not research other fields.,0,0,1,P3_LATEST8Q,1,P3_LATEST8Q,MISSING_QUARTER_EXISTENCE,0,YES,BTMD
"Research official issuer sources for FY2024 Q2. Verify Cash, first-public result publication date, lineage/source ownership evidence, Total Debt. Do not research other fields.; Research official issuer sources for FY2024 Q3. Verify Cash, first-public result publication date, lineage/source ownership evidence, Total Debt. Do not research other fields.",0,0,8,P3_LATEST8Q,8,P3_LATEST8Q,CASH|FIRST_PUBLIC_PUBLISH_DATE|LINEAGE_OWNERSHIP_EVIDENCE|TOTAL_DEBT,0,NO,BTSG
,0,1,0,NO_EXTERNAL_RESEARCH_NEEDED,1,P3_LATEST8Q,,0,NO,BTU
"Research official issuer sources for FY2024 Q1. Verify EBIT, source semantics confirmation. Do not research other fields.; Research official issuer sources for FY2024 Q2. Verify EBIT, source semantics confirmation. Do not research other fields.; Research official issuer sources for FY2024 Q3. Verify EBIT, missing quarter existence/source evidence, source semantics confirmation. Do not research other fields.",0,0,7,P3_LATEST8Q,7,P3_LATEST8Q,EBIT_DIRECT|MISSING_QUARTER_EXISTENCE|SOURCE_SEMANTICS_CONFIRMATION,0,NO,BURL
,0,1,0,NO_EXTERNAL_RESEARCH_NEEDED,1,P3_LATEST8Q,,0,NO,BWA
"Research official issuer sources for FY2024 Q2. Verify EBIT, source semantics confirmation. Do not research other fields.; Research official issuer sources for FY2024 Q3. Verify EBIT, source semantics confirmation. Do not research other fields.",0,1,4,P3_LATEST8Q,5,P3_LATEST8Q,EBIT_DIRECT|SOURCE_SEMANTICS_CONFIRMATION,0,NO,BXP
Research official issuer sources for FY2025 Q4. Verify first-public result publication date. Do not research other fields.; Research official issuer sources for FY2026 Q1. Verify first-public result publication date. Do not research other fields.,0,0,2,P2_LATEST4Q,2,P2_LATEST4Q,FIRST_PUBLIC_PUBLISH_DATE,0,NO,BYND
"Research official issuer sources for FY2024 Q2. Verify Total Debt. Do not research other fields.; Research official issuer sources for FY2024 Q3. Verify Total Debt. Do not research other fields.; Research official issuer sources for FY2025 Q1. Verify Capex required to derive FCF, EBIT, FCF, lineage/source ownership evidence, OCF required to derive FCF, official period_end, Revenue, source semantics confirmation, target collision evidence, Total Debt. Do not research other fields.",0,0,12,P3_LATEST8Q,12,P3_LATEST8Q,CAPEX_FOR_FCF|EBIT_DIRECT|FCF_DIRECT|LINEAGE_OWNERSHIP_EVIDENCE|OCF_FOR_FCF|OFFICIAL_PERIOD_END|REVENUE|SOURCE_SEMANTICS_CONFIRMATION|TARGET_COLLISION_EVIDENCE|TOTAL_DEBT,0,YES,BYRN
"Research official issuer sources for FY2023 Q2. Verify Capex required to derive FCF, FCF, first-public result publication date, Revenue, Shares Outstanding, source semantics confirmation, Total Debt. Do not research other fields.; Research official issuer sources for FY2023 Q3. Verify Capex required to derive FCF, FCF, first-public result publication date, Revenue, Shares Outstanding, source semantics confirmation, Total Debt. Do not research other fields.",0,2,14,P3_LATEST8Q,16,P3_LATEST8Q,CAPEX_FOR_FCF|FCF_DIRECT|FIRST_PUBLIC_PUBLISH_DATE|REVENUE|SHARES_OUTSTANDING|SOURCE_SEMANTICS_CONFIRMATION|TOTAL_DEBT,0,NO,BZAI
"Research official issuer sources for FY2024 Q4. Verify EBIT, source semantics confirmation. Do not research other fields.; Research official issuer sources for FY2025 Q1. Verify Capex required to derive FCF, EBIT, FCF, source semantics confirmation. Do not research other fields.",0,0,6,P3_LATEST8Q,6,P3_LATEST8Q,CAPEX_FOR_FCF|EBIT_DIRECT|FCF_DIRECT|SOURCE_SEMANTICS_CONFIRMATION,0,NO,BZFD
"Research official issuer sources for FY2024 Q2. Verify Revenue, Total Debt. Do not research other fields.; Research official issuer sources for FY2024 Q3. Verify Revenue, Total Debt. Do not research other fields.; Research official issuer sources for FY2024 Q4. Verify EBIT, source semantics confirmation. Do not research other fields.",0,0,6,P3_LATEST8Q,6,P3_LATEST8Q,EBIT_DIRECT|REVENUE|SOURCE_SEMANTICS_CONFIRMATION|TOTAL_DEBT,0,NO,CABA
Research official issuer sources for FY2024 Q1. Verify Revenue. Do not research other fields.; Research official issuer sources for FY2024 Q2. Verify Revenue. Do not research other fields.; Research official issuer sources for FY2024 Q3. Verify Revenue. Do not research other fields.,0,2,3,P3_LATEST8Q,5,P3_LATEST8Q,REVENUE,0,NO,CADL
"Research official issuer sources for FY2025 Q4. Verify lineage/source ownership evidence, official period_end, target collision evidence. Do not research other fields.",0,0,3,P3_LATEST8Q,3,P3_LATEST8Q,LINEAGE_OWNERSHIP_EVIDENCE|OFFICIAL_PERIOD_END|TARGET_COLLISION_EVIDENCE,0,YES,CAG
"Research official issuer sources for FY2026 Q1. Verify missing quarter existence/source evidence, target collision evidence, Total Debt. Do not research other fields.; Research official issuer sources for FY2026 Q2. Verify missing quarter existence/source evidence, target collision evidence, Total Debt. Do not research other fields.; Research official issuer sources for FY2026 Q3. Verify missing quarter existence/source evidence, Total Debt. Do not research other fields.; Research official issuer sources for FY2025 Q1. Verify Total Debt. Do not research other fields.; Research official issuer sources for FY2025 Q2. Verify Total Debt. Do not research other fields.; Research official issuer sources for FY2025 Q3. Verify Total Debt. Do not research other fields.; Research official issuer sources for FY2025 Q4. Verify missing quarter existence/source evidence, Total Debt. Do not research other fields.",0,0,13,P2_LATEST4Q,13,P2_LATEST4Q,MISSING_QUARTER_EXISTENCE|TARGET_COLLISION_EVIDENCE|TOTAL_DEBT,0,YES,CALM
Research official issuer sources for FY2024 Q3. Verify Total Debt. Do not research other fields.; Research official issuer sources for FY2024 Q4. Verify Total Debt. Do not research other fields.,0,0,2,P3_LATEST8Q,2,P3_LATEST8Q,TOTAL_DEBT,0,NO,CALX
"Research official issuer sources for FY2024 Q1. Verify Total Debt. Do not research other fields.; Research official issuer sources for FY2024 Q2. Verify Total Debt. Do not research other fields.; Research official issuer sources for FY2024 Q3. Verify missing quarter existence/source evidence, Total Debt. Do not research other fields.; Research official issuer sources for FY2025 Q1. Verify missing quarter existence/source evidence. Do not research other fields.",0,0,5,P3_LATEST8Q,5,P3_LATEST8Q,MISSING_QUARTER_EXISTENCE|TOTAL_DEBT,0,YES,CAPR
"Research official issuer sources for FY2018 Q4. Verify Capex required to derive FCF, FCF, official fiscal year / fiscal quarter identity, Shares Outstanding, source semantics confirmation. Do not research other fields.; Research official issuer sources for FY2019 Q2. Verify Capex required to derive FCF, FCF, first-public result publication date, official fiscal year / fiscal quarter identity, Shares Outstanding, source semantics confirmation, Total Debt. Do not research other fields.; Research official issuer sources for FY2024 Q4. Verify first-public result publication date. Do not research other fields.; Research official issuer sources for FY2025 Q1. Verify first-public result publication date. Do not research other fields.",0,0,14,P3_LATEST8Q,14,P3_LATEST8Q,CAPEX_FOR_FCF|FCF_DIRECT|FIRST_PUBLIC_PUBLISH_DATE|OFFICIAL_FY_FQ_IDENTITY|SHARES_OUTSTANDING|SOURCE_SEMANTICS_CONFIRMATION|TOTAL_DEBT,0,YES,CAPS
"Research official issuer sources for FY2024 Q2. Verify EBIT, source semantics confirmation. Do not research other fields.; Research official issuer sources for FY2024 Q3. Verify EBIT, source semantics confirmation. Do not research other fields.",0,1,4,P3_LATEST8Q,5,P3_LATEST8Q,EBIT_DIRECT|SOURCE_SEMANTICS_CONFIRMATION,0,NO,CAR
Research official issuer sources for FY2024 Q3. Verify Total Debt. Do not research other fields.,0,0,1,P3_LATEST8Q,1,P3_LATEST8Q,TOTAL_DEBT,0,NO,CARG
Research official issuer sources for FY2023 Q4. Verify Total Debt. Do not research other fields.; Research official issuer sources for FY2024 Q3. Verify Total Debt. Do not research other fields.,0,3,2,P3_LATEST8Q,5,P3_LATEST8Q,TOTAL_DEBT,0,NO,CART
"Research official issuer sources for FY2025 Q1. Verify EBIT. Do not research other fields.; Research official issuer sources for FY2025 Q2. Verify EBIT. Do not research other fields.; Research official issuer sources for FY2025 Q3. Verify EBIT, source semantics confirmation. Do not research other fields.",0,0,4,P3_LATEST8Q,4,P3_LATEST8Q,EBIT_DIRECT|SOURCE_SEMANTICS_CONFIRMATION,0,NO,CASY
"Research official issuer sources for FY2023 Q4. Verify missing quarter existence/source evidence, Total Debt. Do not research other fields.; Research official issuer sources for FY2024 Q2. Verify missing quarter existence/source evidence, target collision evidence, Total Debt. Do not research other fields.; Research official issuer sources for FY2024 Q3. Verify missing quarter existence/source evidence, Total Debt. Do not research other fields.; Research official issuer sources for FY2025 Q1. Verify missing quarter existence/source evidence, target collision evidence, Total Debt. Do not research other fields.",0,0,10,P3_LATEST8Q,10,P3_LATEST8Q,MISSING_QUARTER_EXISTENCE|TARGET_COLLISION_EVIDENCE|TOTAL_DEBT,0,YES,CAVA
"Research official issuer sources for FY2024 Q2. Verify EBIT, source semantics confirmation. Do not research other fields.; Research official issuer sources for FY2024 Q3. Verify EBIT, source semantics confirmation. Do not research other fields.",0,1,4,P3_LATEST8Q,5,P3_LATEST8Q,EBIT_DIRECT|SOURCE_SEMANTICS_CONFIRMATION,0,NO,CBL
,0,1,0,NO_EXTERNAL_RESEARCH_NEEDED,1,P3_LATEST8Q,,0,NO,CBT
,0,2,0,NO_EXTERNAL_RESEARCH_NEEDED,2,P3_LATEST8Q,,0,NO,CBUS
"Research official issuer sources for FY2024 Q2. Verify EBIT, source semantics confirmation. Do not research other fields.; Research official issuer sources for FY2024 Q3. Verify EBIT, missing quarter existence/source evidence, source semantics confirmation. Do not research other fields.",0,0,5,P3_LATEST8Q,5,P3_LATEST8Q,EBIT_DIRECT|MISSING_QUARTER_EXISTENCE|SOURCE_SEMANTICS_CONFIRMATION,0,YES,CC
Research official issuer sources for FY2024 Q1. Verify Total Debt. Do not research other fields.; Research official issuer sources for FY2024 Q2. Verify Total Debt. Do not research other fields.; Research official issuer sources for FY2024 Q3. Verify Total Debt. Do not research other fields.,0,2,3,P3_LATEST8Q,5,P3_LATEST8Q,TOTAL_DEBT,0,NO,CCCC
"Research official issuer sources for FY2024 Q3. Verify Cash, Total Debt. Do not research other fields.",0,0,2,P3_LATEST8Q,2,P3_LATEST8Q,CASH|TOTAL_DEBT,0,NO,CCLD
"Research official issuer sources for FY2024 Q2. Verify EBIT, source semantics confirmation. Do not research other fields.; Research official issuer sources for FY2024 Q3. Verify EBIT, source semantics confirmation. Do not research other fields.",0,1,4,P3_LATEST8Q,5,P3_LATEST8Q,EBIT_DIRECT|SOURCE_SEMANTICS_CONFIRMATION,0,NO,CCS
"Research official issuer sources for FY2025 Q1. Verify EBIT, source semantics confirmation, Total Debt. Do not research other fields.",0,1,3,P3_LATEST8Q,4,P3_LATEST8Q,EBIT_DIRECT|SOURCE_SEMANTICS_CONFIRMATION|TOTAL_DEBT,0,NO,CDE
"Research official issuer sources for FY2024 Q2. Verify Total Debt. Do not research other fields.; Research official issuer sources for FY2024 Q3. Verify Total Debt. Do not research other fields.; Research official issuer sources for FY2025 Q1. Verify Cash, EBIT. Do not research other fields.",0,2,4,P3_LATEST8Q,6,P3_LATEST8Q,CASH|EBIT_DIRECT|TOTAL_DEBT,0,NO,CDNA
"Research official issuer sources for FY2025 Q3. Verify Capex required to derive FCF, EBIT, FCF, source semantics confirmation, Total Debt. Do not research other fields.; Research official issuer sources for FY2024 Q2. Verify Capex required to derive FCF, EBIT, FCF, source semantics confirmation, Total Debt. Do not research other fields.; Research official issuer sources for FY2024 Q3. Verify EBIT, source semantics confirmation. Do not research other fields.",0,1,12,P2_LATEST4Q,13,P2_LATEST4Q,CAPEX_FOR_FCF|EBIT_DIRECT|FCF_DIRECT|SOURCE_SEMANTICS_CONFIRMATION|TOTAL_DEBT,0,NO,CDP
"Research official issuer sources for FY2024 Q2. Verify first-public result publication date, Revenue, Total Debt. Do not research other fields.; Research official issuer sources for FY2024 Q3. Verify first-public result publication date, Revenue, Total Debt. Do not research other fields.",0,0,6,P3_LATEST8Q,6,P3_LATEST8Q,FIRST_PUBLIC_PUBLISH_DATE|REVENUE|TOTAL_DEBT,0,NO,CDT
Research official issuer sources for FY2024 Q3. Verify missing quarter existence/source evidence. Do not research other fields.,0,0,1,P3_LATEST8Q,1,P3_LATEST8Q,MISSING_QUARTER_EXISTENCE,0,YES,CECO
Research official issuer sources for FY2024 Q1. Verify Revenue. Do not research other fields.; Research official issuer sources for FY2024 Q2. Verify Revenue. Do not research other fields.; Research official issuer sources for FY2024 Q3. Verify Revenue. Do not research other fields.,0,2,3,P3_LATEST8Q,5,P3_LATEST8Q,REVENUE,0,NO,CELC
Research official issuer sources for FY2024 Q2. Verify Total Debt. Do not research other fields.; Research official issuer sources for FY2024 Q3. Verify Total Debt. Do not research other fields.,0,1,2,P3_LATEST8Q,3,P3_LATEST8Q,TOTAL_DEBT,0,NO,CELH
Research official issuer sources for FY2024 Q3. Verify missing quarter existence/source evidence. Do not research other fields.; Research official issuer sources for FY2025 Q1. Verify missing quarter existence/source evidence. Do not research other fields.; Research official issuer sources for FY2025 Q2. Verify missing quarter existence/source evidence. Do not research other fields.,0,0,3,P3_LATEST8Q,3,P3_LATEST8Q,MISSING_QUARTER_EXISTENCE,0,YES,CENTA
"Research official issuer sources for FY2024 Q3. Verify Cash, Total Debt. Do not research other fields.",0,0,2,P3_LATEST8Q,2,P3_LATEST8Q,CASH|TOTAL_DEBT,0,NO,CENX
"Research official issuer sources for FY2024 Q2. Verify Capex required to derive FCF, FCF, first-public result publication date, OCF required to derive FCF, Revenue, source semantics confirmation, Total Debt. Do not research other fields.; Research official issuer sources for FY2024 Q3. Verify Capex required to derive FCF, Cash, FCF, first-public result publication date, OCF required to derive FCF, source semantics confirmation, Total Debt. Do not research other fields.; Research official issuer sources for FY2024 Q4. Verify Capex required to derive FCF, FCF, OCF required to derive FCF, Revenue, source semantics confirmation. Do not research other fields.",0,0,19,P3_LATEST8Q,19,P3_LATEST8Q,CAPEX_FOR_FCF|CASH|FCF_DIRECT|FIRST_PUBLIC_PUBLISH_DATE|OCF_FOR_FCF|REVENUE|SOURCE_SEMANTICS_CONFIRMATION|TOTAL_DEBT,0,YES,CERO
Research official issuer sources for FY2024 Q1. Verify Total Debt. Do not research other fields.; Research official issuer sources for FY2024 Q2. Verify Total Debt. Do not research other fields.; Research official issuer sources for FY2024 Q3. Verify Total Debt. Do not research other fields.,0,1,3,P3_LATEST8Q,4,P3_LATEST8Q,TOTAL_DEBT,0,NO,CEVA
"Research official issuer sources for FY2024 Q2. Verify fiscal transition evidence, official period_end, source semantics confirmation. Do not research other fields.; Research official issuer sources for FY2024 Q3. Verify fiscal transition evidence, official period_end, source semantics confirmation, target collision evidence. Do not research other fields.; Research official issuer sources for FY2024 Q4. Verify fiscal transition evidence, official period_end, source semantics confirmation, target collision evidence. Do not research other fields.; Research official issuer sources for FY2025 Q2. Verify fiscal transition evidence, official period_end, source semantics confirmation, target collision evidence. Do not research other fields.",0,0,15,P3_LATEST8Q,15,P3_LATEST8Q,FISCAL_TRANSITION_EVIDENCE|OFFICIAL_PERIOD_END|SOURCE_SEMANTICS_CONFIRMATION|TARGET_COLLISION_EVIDENCE,0,YES,CGC
"Research official issuer sources for FY2024 Q3. Verify Revenue, Total Debt. Do not research other fields.",0,0,2,P3_LATEST8Q,2,P3_LATEST8Q,REVENUE|TOTAL_DEBT,0,NO,CGEM
Research official issuer sources for FY2024 Q3. Verify Total Debt. Do not research other fields.,0,0,1,P3_LATEST8Q,1,P3_LATEST8Q,TOTAL_DEBT,0,NO,CGNX
"Research official issuer sources for FY2024 Q3. Verify Revenue, Total Debt. Do not research other fields.",0,0,2,P3_LATEST8Q,2,P3_LATEST8Q,REVENUE|TOTAL_DEBT,0,NO,CGON
"Research official issuer sources for FY2024 Q3. Verify Total Debt. Do not research other fields.; Research official issuer sources for FY2024 Q4. Verify EBIT, Revenue, source semantics confirmation. Do not research other fields.",0,0,4,P3_LATEST8Q,4,P3_LATEST8Q,EBIT_DIRECT|REVENUE|SOURCE_SEMANTICS_CONFIRMATION|TOTAL_DEBT,0,NO,CGTX
"Research official issuer sources for FY2024 Q2. Verify EBIT, source semantics confirmation. Do not research other fields.; Research official issuer sources for FY2024 Q3. Verify EBIT, source semantics confirmation. Do not research other fields.",0,1,4,P3_LATEST8Q,5,P3_LATEST8Q,EBIT_DIRECT|SOURCE_SEMANTICS_CONFIRMATION,0,NO,CHCT
Research official issuer sources for FY2024 Q2. Verify Total Debt. Do not research other fields.; Research official issuer sources for FY2024 Q3. Verify Total Debt. Do not research other fields.,0,1,2,P3_LATEST8Q,3,P3_LATEST8Q,TOTAL_DEBT,0,NO,CHE
,0,1,0,NO_EXTERNAL_RESEARCH_NEEDED,1,P3_LATEST8Q,,0,NO,CHH
"Research official issuer sources for FY2024 Q1. Verify Capex required to derive FCF, EBIT, FCF, source semantics confirmation. Do not research other fields.; Research official issuer sources for FY2024 Q2. Verify EBIT, source semantics confirmation. Do not research other fields.; Research official issuer sources for FY2024 Q3. Verify EBIT, missing quarter existence/source evidence, source semantics confirmation. Do not research other fields.; Research official issuer sources for FY2025 Q1. Verify EBIT, missing quarter existence/source evidence, source semantics confirmation. Do not research other fields.",0,0,12,P3_LATEST8Q,12,P3_LATEST8Q,CAPEX_FOR_FCF|EBIT_DIRECT|FCF_DIRECT|MISSING_QUARTER_EXISTENCE|SOURCE_SEMANTICS_CONFIRMATION,0,YES,CHMI
"Research official issuer sources for FY2025 Q4. Verify EBIT, source semantics confirmation. Do not research other fields.",0,0,2,P3_LATEST8Q,2,P3_LATEST8Q,EBIT_DIRECT|SOURCE_SEMANTICS_CONFIRMATION,0,YES,CHPT
"Research official issuer sources for FY2024 Q2. Verify Capex required to derive FCF, FCF, source semantics confirmation. Do not research other fields.; Research official issuer sources for FY2024 Q3. Verify Capex required to derive FCF, FCF, source semantics confirmation. Do not research other fields.",0,2,6,P3_LATEST8Q,8,P3_LATEST8Q,CAPEX_FOR_FCF|FCF_DIRECT|SOURCE_SEMANTICS_CONFIRMATION,0,NO,CHRD
"Research official issuer sources for FY2024 Q2. Verify Capex required to derive FCF, FCF, source semantics confirmation. Do not research other fields.; Research official issuer sources for FY2024 Q3. Verify Capex required to derive FCF, FCF, source semantics confirmation. Do not research other fields.",0,2,6,P3_LATEST8Q,8,P3_LATEST8Q,CAPEX_FOR_FCF|FCF_DIRECT|SOURCE_SEMANTICS_CONFIRMATION,0,NO,CHRS
,0,1,0,NO_EXTERNAL_RESEARCH_NEEDED,1,P3_LATEST8Q,,0,NO,CHTR
"Research official issuer sources for FY2024 Q1. Verify Total Debt. Do not research other fields.; Research official issuer sources for FY2024 Q2. Verify Total Debt. Do not research other fields.; Research official issuer sources for FY2024 Q3. Verify missing quarter existence/source evidence, Total Debt. Do not research other fields.",0,0,4,P3_LATEST8Q,4,P3_LATEST8Q,MISSING_QUARTER_EXISTENCE|TOTAL_DEBT,0,NO,CHWY
"Research official issuer sources for FY2024 Q2. Verify Total Debt. Do not research other fields.; Research official issuer sources for FY2024 Q3. Verify missing quarter existence/source evidence, Total Debt. Do not research other fields.",0,0,3,P3_LATEST8Q,3,P3_LATEST8Q,MISSING_QUARTER_EXISTENCE|TOTAL_DEBT,0,YES,CIFR
"Research official issuer sources for FY2025 Q3. Verify EBIT, source semantics confirmation. Do not research other fields.; Research official issuer sources for FY2025 Q4. Verify EBIT, source semantics confirmation. Do not research other fields.; Research official issuer sources for FY2026 Q1. Verify EBIT, source semantics confirmation. Do not research other fields.; Research official issuer sources for FY2024 Q2. Verify Capex required to derive FCF, EBIT, FCF, source semantics confirmation. Do not research other fields.; Research official issuer sources for FY2024 Q3. Verify Capex required to derive FCF, EBIT, FCF, source semantics confirmation. Do not research other fields.; Research official issuer sources for FY2025 Q1. Verify EBIT, source semantics confirmation. Do not research other fields.; Research official issuer sources for FY2025 Q2. Verify EBIT, source semantics confirmation. Do not research other fields.",0,2,18,P2_LATEST4Q,20,P2_LATEST4Q,CAPEX_FOR_FCF|EBIT_DIRECT|FCF_DIRECT|SOURCE_SEMANTICS_CONFIRMATION,0,NO,CIM
"Research official issuer sources for FY2024 Q2. Verify Revenue, Total Debt. Do not research other fields.; Research official issuer sources for FY2024 Q3. Verify Revenue, Total Debt. Do not research other fields.; Research official issuer sources for FY2024 Q4. Verify EBIT, source semantics confirmation, Total Debt. Do not research other fields.",0,0,7,P3_LATEST8Q,7,P3_LATEST8Q,EBIT_DIRECT|REVENUE|SOURCE_SEMANTICS_CONFIRMATION|TOTAL_DEBT,0,YES,CING
Research official issuer sources for FY2025 Q3. Verify first-public result publication date. Do not research other fields.; Research official issuer sources for FY2024 Q1. Verify first-public result publication date. Do not research other fields.; Research official issuer sources for FY2024 Q2. Verify first-public result publication date. Do not research other fields.; Research official issuer sources for FY2024 Q3. Verify first-public result publication date. Do not research other fields.,0,1,4,P2_LATEST4Q,5,P2_LATEST4Q,FIRST_PUBLIC_PUBLISH_DATE,0,NO,CISO
Research official issuer sources for FY2024 Q2. Verify Total Debt. Do not research other fields.,0,0,1,P3_LATEST8Q,1,P3_LATEST8Q,TOTAL_DEBT,0,NO,CLAR
,0,1,0,NO_EXTERNAL_RESEARCH_NEEDED,1,P3_LATEST8Q,,0,NO,CLB
Research official issuer sources for FY2024 Q2. Verify Total Debt. Do not research other fields.; Research official issuer sources for FY2024 Q3. Verify Total Debt. Do not research other fields.,0,2,2,P3_LATEST8Q,4,P3_LATEST8Q,TOTAL_DEBT,0,NO,CLDX
"Research official issuer sources for FY2025 Q2. Verify Cash, EBIT, FCF, OCF required to derive FCF, Revenue, source semantics confirmation, Total Debt. Do not research other fields.",0,0,7,P3_LATEST8Q,7,P3_LATEST8Q,CASH|EBIT_DIRECT|FCF_DIRECT|OCF_FOR_FCF|REVENUE|SOURCE_SEMANTICS_CONFIRMATION|TOTAL_DEBT,0,NO,CLFD
,0,3,0,NO_EXTERNAL_RESEARCH_NEEDED,3,P3_LATEST8Q,,0,NO,CLMT
Research official issuer sources for FY2025 Q3. Verify Total Debt. Do not research other fields.; Research official issuer sources for FY2025 Q4. Verify Total Debt. Do not research other fields.; Research official issuer sources for FY2026 Q1. Verify Total Debt. Do not research other fields.; Research official issuer sources for FY2024 Q2. Verify Total Debt. Do not research other fields.; Research official issuer sources for FY2025 Q1. Verify Total Debt. Do not research other fields.; Research official issuer sources for FY2025 Q2. Verify Total Debt. Do not research other fields.,0,1,6,P2_LATEST4Q,7,P2_LATEST4Q,TOTAL_DEBT,0,NO,CLOV
Research official issuer sources for FY2024 Q3. Verify Total Debt. Do not research other fields.,0,1,1,P3_LATEST8Q,2,P3_LATEST8Q,TOTAL_DEBT,0,NO,CLPT
"Research official issuer sources for FY2024 Q2. Verify Revenue, Total Debt. Do not research other fields.; Research official issuer sources for FY2024 Q3. Verify Revenue, Total Debt. Do not research other fields.",0,0,4,P3_LATEST8Q,4,P3_LATEST8Q,REVENUE|TOTAL_DEBT,0,NO,CLRB
"Research official issuer sources for FY2025 Q2. Verify first-public result publication date. Do not research other fields.; Research official issuer sources for FY2024 Q2. Verify first-public result publication date, Revenue, Total Debt. Do not research other fields.; Research official issuer sources for FY2024 Q3. Verify first-public result publication date, Revenue, Total Debt. Do not research other fields.",0,0,7,P2_LATEST4Q,7,P2_LATEST4Q,FIRST_PUBLIC_PUBLISH_DATE|REVENUE|TOTAL_DEBT,0,NO,CLRO
"Research official issuer sources for FY2024 Q2. Verify Cash, Total Debt. Do not research other fields.; Research official issuer sources for FY2024 Q3. Verify Cash, Total Debt. Do not research other fields.; Research official issuer sources for FY2025 Q1. Verify EBIT, FCF, OCF required to derive FCF, source semantics confirmation. Do not research other fields.",0,2,8,P3_LATEST8Q,10,P3_LATEST8Q,CASH|EBIT_DIRECT|FCF_DIRECT|OCF_FOR_FCF|SOURCE_SEMANTICS_CONFIRMATION|TOTAL_DEBT,0,NO,CLS
"Research official issuer sources for FY2025 Q1. Verify EBIT, source semantics confirmation. Do not research other fields.; Research official issuer sources for FY2025 Q2. Verify EBIT, source semantics confirmation. Do not research other fields.",0,0,4,P3_LATEST8Q,4,P3_LATEST8Q,EBIT_DIRECT|SOURCE_SEMANTICS_CONFIRMATION,0,NO,CLX
"Research official issuer sources for FY2024 Q2. Verify first-public result publication date, Revenue, Total Debt. Do not research other fields.; Research official issuer sources for FY2024 Q3. Verify first-public result publication date, missing quarter existence/source evidence, Revenue, Total Debt. Do not research other fields.; Research official issuer sources for FY2025 Q1. Verify missing quarter existence/source evidence. Do not research other fields.",0,0,8,P3_LATEST8Q,8,P3_LATEST8Q,FIRST_PUBLIC_PUBLISH_DATE|MISSING_QUARTER_EXISTENCE|REVENUE|TOTAL_DEBT,0,YES,CLYM
"Research official issuer sources for FY2024 Q3. Verify EBIT, source semantics confirmation. Do not research other fields.; Research official issuer sources for FY2025 Q1. Verify EBIT, source semantics confirmation. Do not research other fields.",0,2,4,P3_LATEST8Q,6,P3_LATEST8Q,EBIT_DIRECT|SOURCE_SEMANTICS_CONFIRMATION,0,NO,CMC
"Research official issuer sources for FY2025 Q2. Verify first-public result publication date. Do not research other fields.; Research official issuer sources for FY2025 Q3. Verify first-public result publication date. Do not research other fields.; Research official issuer sources for FY2024 Q1. Verify Capex required to derive FCF, EBIT, FCF, source semantics confirmation, Total Debt. Do not research other fields.; Research official issuer sources for FY2024 Q2. Verify Capex required to derive FCF, EBIT, FCF, source semantics confirmation, Total Debt. Do not research other fields.; Research official issuer sources for FY2024 Q3. Verify Capex required to derive FCF, EBIT, FCF, source semantics confirmation, Total Debt. Do not research other fields.; Research official issuer sources for FY2025 Q1. Verify first-public result publication date. Do not research other fields.",0,2,18,P2_LATEST4Q,20,P2_LATEST4Q,CAPEX_FOR_FCF|EBIT_DIRECT|FCF_DIRECT|FIRST_PUBLIC_PUBLISH_DATE|SOURCE_SEMANTICS_CONFIRMATION|TOTAL_DEBT,0,NO,CMCT
Research official issuer sources for FY2024 Q3. Verify Total Debt. Do not research other fields.; Research official issuer sources for FY2024 Q4. Verify Total Debt. Do not research other fields.,0,0,2,P3_LATEST8Q,2,P3_LATEST8Q,TOTAL_DEBT,0,NO,CMG
"Research official issuer sources for FY2024 Q3. Verify Revenue. Do not research other fields.; Research official issuer sources for FY2024 Q4. Verify EBIT, source semantics confirmation. Do not research other fields.",0,0,3,P3_LATEST8Q,3,P3_LATEST8Q,EBIT_DIRECT|REVENUE|SOURCE_SEMANTICS_CONFIRMATION,0,NO,CMPS
"Research official issuer sources for FY2024 Q3. Verify Revenue. Do not research other fields.; Research official issuer sources for FY2025 Q1. Verify Cash, FCF, OCF required to derive FCF, source semantics confirmation. Do not research other fields.",0,2,5,P3_LATEST8Q,7,P3_LATEST8Q,CASH|FCF_DIRECT|OCF_FOR_FCF|REVENUE|SOURCE_SEMANTICS_CONFIRMATION,0,NO,CMPX
Research official issuer sources for FY2024 Q3. Verify Total Debt. Do not research other fields.,0,2,1,P3_LATEST8Q,3,P3_LATEST8Q,TOTAL_DEBT,0,NO,CMRC
"Research official issuer sources for FY2025 Q3. Verify EBIT, source semantics confirmation. Do not research other fields.; Research official issuer sources for FY2025 Q4. Verify EBIT, source semantics confirmation. Do not research other fields.; Research official issuer sources for FY2026 Q1. Verify EBIT, source semantics confirmation. Do not research other fields.; Research official issuer sources for FY2024 Q2. Verify EBIT, source semantics confirmation. Do not research other fields.; Research official issuer sources for FY2024 Q3. Verify EBIT, source semantics confirmation. Do not research other fields.; Research official issuer sources for FY2025 Q1. Verify EBIT, source semantics confirmation. Do not research other fields.; Research official issuer sources for FY2025 Q2. Verify EBIT, source semantics confirmation. Do not research other fields.",0,2,14,P2_LATEST4Q,16,P2_LATEST4Q,EBIT_DIRECT|SOURCE_SEMANTICS_CONFIRMATION,0,NO,CMTG
Research official issuer sources for FY2026 Q1. Verify first-public result publication date. Do not research other fields.,0,0,1,P2_LATEST4Q,1,P2_LATEST4Q,FIRST_PUBLIC_PUBLISH_DATE,0,NO,CMTL
"Research official issuer sources for FY2024 Q1. Verify EBIT, source semantics confirmation. Do not research other fields.; Research official issuer sources for FY2024 Q2. Verify EBIT, source semantics confirmation. Do not research other fields.; Research official issuer sources for FY2024 Q3. Verify EBIT, source semantics confirmation. Do not research other fields.",0,1,6,P3_LATEST8Q,7,P3_LATEST8Q,EBIT_DIRECT|SOURCE_SEMANTICS_CONFIRMATION,0,NO,CNDT
"Research official issuer sources for FY2023 Q3. Verify Capex required to derive FCF, EBIT, FCF, source semantics confirmation, Total Debt. Do not research other fields.; Research official issuer sources for FY2023 Q4. Verify Capex required to derive FCF, EBIT, FCF, source semantics confirmation, Total Debt. Do not research other fields.; Research official issuer sources for FY2025 Q1. Verify EBIT, source semantics confirmation. Do not research other fields.",0,2,12,P3_LATEST8Q,14,P3_LATEST8Q,CAPEX_FOR_FCF|EBIT_DIRECT|FCF_DIRECT|SOURCE_SEMANTICS_CONFIRMATION|TOTAL_DEBT,0,NO,CNH
"Research official issuer sources for FY2024 Q3. Verify EBIT, source semantics confirmation. Do not research other fields.",0,0,2,P3_LATEST8Q,2,P3_LATEST8Q,EBIT_DIRECT|SOURCE_SEMANTICS_CONFIRMATION,0,NO,CNK
,0,2,0,NO_EXTERNAL_RESEARCH_NEEDED,2,P3_LATEST8Q,,0,NO,CNR
"Research official issuer sources for FY2024 Q2. Verify Capex required to derive FCF, FCF, source semantics confirmation, Total Debt. Do not research other fields.; Research official issuer sources for FY2024 Q3. Verify Capex required to derive FCF, FCF, source semantics confirmation, Total Debt. Do not research other fields.",0,2,8,P3_LATEST8Q,10,P3_LATEST8Q,CAPEX_FOR_FCF|FCF_DIRECT|SOURCE_SEMANTICS_CONFIRMATION|TOTAL_DEBT,0,NO,CNVS
"Research official issuer sources for FY2024 Q2. Verify EBIT, source semantics confirmation. Do not research other fields.; Research official issuer sources for FY2024 Q3. Verify EBIT, source semantics confirmation. Do not research other fields.",0,1,4,P3_LATEST8Q,5,P3_LATEST8Q,EBIT_DIRECT|SOURCE_SEMANTICS_CONFIRMATION,0,NO,CNX
Research official issuer sources for FY2024 Q3. Verify Total Debt. Do not research other fields.; Research official issuer sources for FY2024 Q4. Verify Total Debt. Do not research other fields.,0,0,2,P3_LATEST8Q,2,P3_LATEST8Q,TOTAL_DEBT,0,NO,CNXN
"Research official issuer sources for FY2023 Q2. Verify first-public result publication date, Total Debt. Do not research other fields.; Research official issuer sources for FY2023 Q4. Verify Total Debt. Do not research other fields.; Research official issuer sources for FY2024 Q3. Verify Cash, Total Debt. Do not research other fields.",0,3,5,P3_LATEST8Q,8,P3_LATEST8Q,CASH|FIRST_PUBLIC_PUBLISH_DATE|TOTAL_DEBT,0,NO,COCH
"Research official issuer sources for FY2024 Q4. Verify EBIT, source semantics confirmation. Do not research other fields.; Research official issuer sources for FY2025 Q1. Verify first-public result publication date. Do not research other fields.",0,0,3,P3_LATEST8Q,3,P3_LATEST8Q,EBIT_DIRECT|FIRST_PUBLIC_PUBLISH_DATE|SOURCE_SEMANTICS_CONFIRMATION,0,NO,CODI
"Research official issuer sources for FY2024 Q1. Verify Revenue, Total Debt. Do not research other fields.; Research official issuer sources for FY2024 Q2. Verify Revenue, Total Debt. Do not research other fields.; Research official issuer sources for FY2024 Q3. Verify Revenue, Total Debt. Do not research other fields.",0,2,6,P3_LATEST8Q,8,P3_LATEST8Q,REVENUE|TOTAL_DEBT,0,NO,COGT
,0,1,0,NO_EXTERNAL_RESEARCH_NEEDED,1,P3_LATEST8Q,,0,NO,COHR
"Research official issuer sources for FY2024 Q2. Verify Capex required to derive FCF, FCF, source semantics confirmation. Do not research other fields.; Research official issuer sources for FY2024 Q3. Verify Capex required to derive FCF, FCF, source semantics confirmation. Do not research other fields.",0,2,6,P3_LATEST8Q,8,P3_LATEST8Q,CAPEX_FOR_FCF|FCF_DIRECT|SOURCE_SEMANTICS_CONFIRMATION,0,NO,COIN
Research official issuer sources for FY2024 Q2. Verify Total Debt. Do not research other fields.; Research official issuer sources for FY2024 Q3. Verify Total Debt. Do not research other fields.,0,1,2,P3_LATEST8Q,3,P3_LATEST8Q,TOTAL_DEBT,0,NO,COLM
"Research official issuer sources for FY2024 Q2. Verify EBIT, source semantics confirmation. Do not research other fields.; Research official issuer sources for FY2024 Q3. Verify EBIT, source semantics confirmation. Do not research other fields.",0,1,4,P3_LATEST8Q,5,P3_LATEST8Q,EBIT_DIRECT|SOURCE_SEMANTICS_CONFIRMATION,0,NO,COP
"Research official issuer sources for FY2025 Q1. Verify Cash, FCF, OCF required to derive FCF, source semantics confirmation, Total Debt. Do not research other fields.",0,1,5,P3_LATEST8Q,6,P3_LATEST8Q,CASH|FCF_DIRECT|OCF_FOR_FCF|SOURCE_SEMANTICS_CONFIRMATION|TOTAL_DEBT,0,NO,CORT
"Research official issuer sources for FY2025 Q1. Verify Capex required to derive FCF, EBIT, FCF, OCF required to derive FCF, source semantics confirmation, Total Debt. Do not research other fields.",0,1,6,P3_LATEST8Q,7,P3_LATEST8Q,CAPEX_FOR_FCF|EBIT_DIRECT|FCF_DIRECT|OCF_FOR_FCF|SOURCE_SEMANTICS_CONFIRMATION|TOTAL_DEBT,0,NO,CORZ
"Research official issuer sources for FY2024 Q3. Verify missing quarter existence/source evidence, official period_end. Do not research other fields.; Research official issuer sources for FY2025 Q2. Verify official period_end. Do not research other fields.",0,0,3,P3_LATEST8Q,3,P3_LATEST8Q,MISSING_QUARTER_EXISTENCE|OFFICIAL_PERIOD_END,0,NO,COST
Research official issuer sources for FY2026 Q1. Verify first-public result publication date. Do not research other fields.; Research official issuer sources for FY2026 Q2. Verify first-public result publication date. Do not research other fields.,0,0,2,P2_LATEST4Q,2,P2_LATEST4Q,FIRST_PUBLIC_PUBLISH_DATE,0,NO,COTY
"Research official issuer sources for FY2025 Q3. Verify Total Debt. Do not research other fields.; Research official issuer sources for FY2025 Q4. Verify Total Debt. Do not research other fields.; Research official issuer sources for FY2026 Q1. Verify Total Debt. Do not research other fields.; Research official issuer sources for FY2025 Q1. Verify Capex required to derive FCF, EBIT, FCF, source semantics confirmation. Do not research other fields.; Research official issuer sources for FY2025 Q2. Verify Total Debt. Do not research other fields.",0,0,8,P2_LATEST4Q,8,P2_LATEST4Q,CAPEX_FOR_FCF|EBIT_DIRECT|FCF_DIRECT|SOURCE_SEMANTICS_CONFIRMATION|TOTAL_DEBT,0,NO,COUR
,0,1,0,NO_EXTERNAL_RESEARCH_NEEDED,1,P3_LATEST8Q,,0,NO,CPAY
"Research official issuer sources for FY2025 Q1. Verify EBIT, source semantics confirmation, Total Debt. Do not research other fields.",0,1,3,P3_LATEST8Q,4,P3_LATEST8Q,EBIT_DIRECT|SOURCE_SEMANTICS_CONFIRMATION|TOTAL_DEBT,0,NO,CPIX
"Research official issuer sources for FY2024 Q4. Verify EBIT, lineage/source ownership evidence, source semantics confirmation, target collision evidence. Do not research other fields.; Research official issuer sources for FY2025 Q1. Verify lineage/source ownership evidence, official period_end. Do not research other fields.",0,0,6,P3_LATEST8Q,6,P3_LATEST8Q,EBIT_DIRECT|LINEAGE_OWNERSHIP_EVIDENCE|OFFICIAL_PERIOD_END|SOURCE_SEMANTICS_CONFIRMATION|TARGET_COLLISION_EVIDENCE,0,YES,CPRI
Research official issuer sources for FY2024 Q3. Verify Total Debt. Do not research other fields.; Research official issuer sources for FY2025 Q1. Verify Total Debt. Do not research other fields.,0,2,2,P3_LATEST8Q,4,P3_LATEST8Q,TOTAL_DEBT,0,NO,CPRT
"Research official issuer sources for FY2024 Q2. Verify EBIT, source semantics confirmation. Do not research other fields.; Research official issuer sources for FY2024 Q3. Verify EBIT, source semantics confirmation. Do not research other fields.",0,1,4,P3_LATEST8Q,5,P3_LATEST8Q,EBIT_DIRECT|SOURCE_SEMANTICS_CONFIRMATION,0,NO,CPT
"Research official issuer sources for FY2024 Q2. Verify Capex required to derive FCF, FCF, Revenue, source semantics confirmation. Do not research other fields.; Research official issuer sources for FY2024 Q3. Verify Capex required to derive FCF, FCF, Revenue, source semantics confirmation, Total Debt. Do not research other fields.; Research official issuer sources for FY2025 Q1. Verify Cash, EBIT, source semantics confirmation. Do not research other fields.",0,2,12,P3_LATEST8Q,14,P3_LATEST8Q,CAPEX_FOR_FCF|CASH|EBIT_DIRECT|FCF_DIRECT|REVENUE|SOURCE_SEMANTICS_CONFIRMATION|TOTAL_DEBT,0,NO,CRBP
Research official issuer sources for FY2024 Q2. Verify Total Debt. Do not research other fields.; Research official issuer sources for FY2024 Q3. Verify Total Debt. Do not research other fields.,0,0,2,P3_LATEST8Q,2,P3_LATEST8Q,TOTAL_DEBT,0,NO,CRBU
Research official issuer sources for FY2024 Q2. Verify Total Debt. Do not research other fields.; Research official issuer sources for FY2024 Q3. Verify Total Debt. Do not research other fields.,0,1,2,P3_LATEST8Q,3,P3_LATEST8Q,TOTAL_DEBT,0,NO,CRCT
"Research official issuer sources for FY2024 Q1. Verify Total Debt. Do not research other fields.; Research official issuer sources for FY2024 Q2. Verify Total Debt. Do not research other fields.; Research official issuer sources for FY2024 Q3. Verify missing quarter existence/source evidence, Total Debt. Do not research other fields.; Research official issuer sources for FY2025 Q1. Verify missing quarter existence/source evidence. Do not research other fields.",0,0,5,P3_LATEST8Q,5,P3_LATEST8Q,MISSING_QUARTER_EXISTENCE|TOTAL_DEBT,0,YES,CRDF
"Research official issuer sources for FY2025 Q1. Verify target collision evidence, Total Debt. Do not research other fields.; Research official issuer sources for FY2025 Q2. Verify target collision evidence, Total Debt. Do not research other fields.",0,0,4,P3_LATEST8Q,4,P3_LATEST8Q,TARGET_COLLISION_EVIDENCE|TOTAL_DEBT,0,YES,CRDO
"Research official issuer sources for FY2025 Q1. Verify EBIT, FCF, OCF required to derive FCF, source semantics confirmation, Total Debt. Do not research other fields.",0,1,5,P3_LATEST8Q,6,P3_LATEST8Q,EBIT_DIRECT|FCF_DIRECT|OCF_FOR_FCF|SOURCE_SEMANTICS_CONFIRMATION|TOTAL_DEBT,0,NO,CRK
"Research official issuer sources for FY2024 Q1. Verify Revenue, Total Debt. Do not research other fields.; Research official issuer sources for FY2024 Q2. Verify Total Debt. Do not research other fields.; Research official issuer sources for FY2024 Q3. Verify missing quarter existence/source evidence, Total Debt. Do not research other fields.",0,0,5,P3_LATEST8Q,5,P3_LATEST8Q,MISSING_QUARTER_EXISTENCE|REVENUE|TOTAL_DEBT,0,YES,CRMD
"Research official issuer sources for FY2025 Q1. Verify EBIT, Total Debt. Do not research other fields.; Research official issuer sources for FY2025 Q2. Verify EBIT, Total Debt. Do not research other fields.; Research official issuer sources for FY2025 Q3. Verify EBIT, source semantics confirmation. Do not research other fields.",0,0,6,P3_LATEST8Q,6,P3_LATEST8Q,EBIT_DIRECT|SOURCE_SEMANTICS_CONFIRMATION|TOTAL_DEBT,0,NO,CRMT
Research official issuer sources for FY2024 Q2. Verify Total Debt. Do not research other fields.; Research official issuer sources for FY2024 Q3. Verify Total Debt. Do not research other fields.; Research official issuer sources for FY2025 Q1. Verify Cash. Do not research other fields.,0,2,3,P3_LATEST8Q,5,P3_LATEST8Q,CASH|TOTAL_DEBT,0,NO,CRNX
,0,1,0,NO_EXTERNAL_RESEARCH_NEEDED,1,P3_LATEST8Q,,0,NO,CRON
Research official issuer sources for FY2024 Q2. Verify Total Debt. Do not research other fields.; Research official issuer sources for FY2024 Q3. Verify Total Debt. Do not research other fields.,0,1,2,P3_LATEST8Q,3,P3_LATEST8Q,TOTAL_DEBT,0,NO,CRSP
Research official issuer sources for FY2025 Q3. Verify first-public result publication date. Do not research other fields.; Research official issuer sources for FY2024 Q2. Verify Total Debt. Do not research other fields.; Research official issuer sources for FY2024 Q3. Verify Total Debt. Do not research other fields.,0,1,3,P2_LATEST4Q,4,P2_LATEST4Q,FIRST_PUBLIC_PUBLISH_DATE|TOTAL_DEBT,0,NO,CRTO
"Research official issuer sources for FY2024 Q2. Verify missing quarter existence/source evidence, Total Debt. Do not research other fields.; Research official issuer sources for FY2025 Q4. Verify EBIT, missing quarter existence/source evidence, source semantics confirmation. Do not research other fields.",0,0,5,P3_LATEST8Q,5,P3_LATEST8Q,EBIT_DIRECT|MISSING_QUARTER_EXISTENCE|SOURCE_SEMANTICS_CONFIRMATION|TOTAL_DEBT,0,NO,CRUS
"Research official issuer sources for FY2025 Q3. Verify Total Debt. Do not research other fields.; Research official issuer sources for FY2025 Q4. Verify Total Debt. Do not research other fields.; Research official issuer sources for FY2026 Q1. Verify Total Debt. Do not research other fields.; Research official issuer sources for FY2024 Q2. Verify Capex required to derive FCF, FCF, source semantics confirmation, Total Debt. Do not research other fields.; Research official issuer sources for FY2024 Q3. Verify Capex required to derive FCF, FCF, source semantics confirmation, Total Debt. Do not research other fields.; Research official issuer sources for FY2025 Q1. Verify Total Debt. Do not research other fields.; Research official issuer sources for FY2025 Q2. Verify Total Debt. Do not research other fields.",0,2,13,P2_LATEST4Q,15,P2_LATEST4Q,CAPEX_FOR_FCF|FCF_DIRECT|SOURCE_SEMANTICS_CONFIRMATION|TOTAL_DEBT,0,NO,CRVO
"Research official issuer sources for FY2024 Q2. Verify Capex required to derive FCF, FCF, Revenue, source semantics confirmation, Total Debt. Do not research other fields.; Research official issuer sources for FY2024 Q3. Verify Capex required to derive FCF, FCF, Revenue, source semantics confirmation, Total Debt. Do not research other fields.; Research official issuer sources for FY2025 Q1. Verify Cash. Do not research other fields.",0,2,11,P3_LATEST8Q,13,P3_LATEST8Q,CAPEX_FOR_FCF|CASH|FCF_DIRECT|REVENUE|SOURCE_SEMANTICS_CONFIRMATION|TOTAL_DEBT,0,NO,CRVS
"Research official issuer sources for FY2025 Q4. Verify EBIT, source semantics confirmation. Do not research other fields.",0,0,2,P3_LATEST8Q,2,P3_LATEST8Q,EBIT_DIRECT|SOURCE_SEMANTICS_CONFIRMATION,0,YES,CRWD
"Research official issuer sources for FY2024 Q2. Verify Capex required to derive FCF, FCF, source semantics confirmation. Do not research other fields.; Research official issuer sources for FY2024 Q3. Verify Capex required to derive FCF, FCF, missing quarter existence/source evidence, source semantics confirmation. Do not research other fields.; Research official issuer sources for FY2025 Q1. Verify missing quarter existence/source evidence. Do not research other fields.",0,0,8,P3_LATEST8Q,8,P3_LATEST8Q,CAPEX_FOR_FCF|FCF_DIRECT|MISSING_QUARTER_EXISTENCE|SOURCE_SEMANTICS_CONFIRMATION,0,YES,CSR
"Research official issuer sources for FY2024 Q2. Verify Cash, EBIT, source semantics confirmation, Total Debt. Do not research other fields.; Research official issuer sources for FY2024 Q3. Verify Cash, EBIT, source semantics confirmation, Total Debt. Do not research other fields.",0,1,8,P3_LATEST8Q,9,P3_LATEST8Q,CASH|EBIT_DIRECT|SOURCE_SEMANTICS_CONFIRMATION|TOTAL_DEBT,0,NO,CSTM
,0,1,0,NO_EXTERNAL_RESEARCH_NEEDED,1,P3_LATEST8Q,,0,NO,CSW
"Research official issuer sources for FY2025 Q3. Verify EBIT, FCF, OCF required to derive FCF, source semantics confirmation. Do not research other fields.",0,0,4,P3_LATEST8Q,4,P3_LATEST8Q,EBIT_DIRECT|FCF_DIRECT|OCF_FOR_FCF|SOURCE_SEMANTICS_CONFIRMATION,0,NO,CTAS
,0,2,0,NO_EXTERNAL_RESEARCH_NEEDED,2,P3_LATEST8Q,,0,NO,CTEV
Research official issuer sources for FY2024 Q3. Verify Total Debt. Do not research other fields.; Research official issuer sources for FY2025 Q1. Verify Cash. Do not research other fields.,0,0,2,P3_LATEST8Q,2,P3_LATEST8Q,CASH|TOTAL_DEBT,0,NO,CTMX
"Research official issuer sources for FY2023 Q3. Verify Cash, first-public result publication date, Total Debt. Do not research other fields.; Research official issuer sources for FY2023 Q4. Verify first-public result publication date, Total Debt. Do not research other fields.",0,2,5,P3_LATEST8Q,7,P3_LATEST8Q,CASH|FIRST_PUBLIC_PUBLISH_DATE|TOTAL_DEBT,0,NO,CTNM
"Research official issuer sources for FY2024 Q4. Verify EBIT, source semantics confirmation. Do not research other fields.",0,0,2,P3_LATEST8Q,2,P3_LATEST8Q,EBIT_DIRECT|SOURCE_SEMANTICS_CONFIRMATION,0,NO,CTNT
"Research official issuer sources for FY2024 Q1. Verify Capex required to derive FCF, Cash, FCF, first-public result publication date, lineage/source ownership evidence, Revenue, source semantics confirmation, target collision evidence, Total Debt. Do not research other fields.; Research official issuer sources for FY2024 Q2. Verify Capex required to derive FCF, Cash, FCF, first-public result publication date, lineage/source ownership evidence, Revenue, source semantics confirmation, Total Debt. Do not research other fields.; Research official issuer sources for FY2024 Q4. Verify lineage/source ownership evidence, target collision evidence. Do not research other fields.; Research official issuer sources for FY2025 Q1. Verify lineage/source ownership evidence, target collision evidence. Do not research other fields.",0,0,21,P3_LATEST8Q,21,P3_LATEST8Q,CAPEX_FOR_FCF|CASH|FCF_DIRECT|FIRST_PUBLIC_PUBLISH_DATE|LINEAGE_OWNERSHIP_EVIDENCE|REVENUE|SOURCE_SEMANTICS_CONFIRMATION|TARGET_COLLISION_EVIDENCE|TOTAL_DEBT,0,YES,CTOR
"Research official issuer sources for FY2024 Q2. Verify EBIT, source semantics confirmation. Do not research other fields.; Research official issuer sources for FY2024 Q3. Verify EBIT, source semantics confirmation. Do not research other fields.",0,1,4,P3_LATEST8Q,5,P3_LATEST8Q,EBIT_DIRECT|SOURCE_SEMANTICS_CONFIRMATION,0,NO,CTRE
"Research official issuer sources for FY2024 Q2. Verify EBIT, source semantics confirmation. Do not research other fields.; Research official issuer sources for FY2024 Q3. Verify EBIT, missing quarter existence/source evidence, source semantics confirmation. Do not research other fields.",0,0,5,P3_LATEST8Q,5,P3_LATEST8Q,EBIT_DIRECT|MISSING_QUARTER_EXISTENCE|SOURCE_SEMANTICS_CONFIRMATION,0,YES,CTVA
"Research official issuer sources for FY2024 Q2. Verify Capex required to derive FCF, FCF, Revenue, source semantics confirmation, Total Debt. Do not research other fields.; Research official issuer sources for FY2024 Q3. Verify Capex required to derive FCF, FCF, missing quarter existence/source evidence, Revenue, source semantics confirmation, Total Debt. Do not research other fields.; Research official issuer sources for FY2025 Q1. Verify EBIT, missing quarter existence/source evidence, source semantics confirmation. Do not research other fields.",0,0,14,P3_LATEST8Q,14,P3_LATEST8Q,CAPEX_FOR_FCF|EBIT_DIRECT|FCF_DIRECT|MISSING_QUARTER_EXISTENCE|REVENUE|SOURCE_SEMANTICS_CONFIRMATION|TOTAL_DEBT,0,YES,CTXR
"Research official issuer sources for FY2024 Q2. Verify EBIT, source semantics confirmation. Do not research other fields.; Research official issuer sources for FY2024 Q3. Verify EBIT, source semantics confirmation. Do not research other fields.",0,1,4,P3_LATEST8Q,5,P3_LATEST8Q,EBIT_DIRECT|SOURCE_SEMANTICS_CONFIRMATION,0,NO,CUBE
Research official issuer sources for FY2024 Q1. Verify Total Debt. Do not research other fields.; Research official issuer sources for FY2024 Q2. Verify Total Debt. Do not research other fields.; Research official issuer sources for FY2024 Q3. Verify Total Debt. Do not research other fields.,0,1,3,P3_LATEST8Q,4,P3_LATEST8Q,TOTAL_DEBT,0,NO,CURI
"Research official issuer sources for FY2025 Q1. Verify EBIT, FCF, OCF required to derive FCF, source semantics confirmation, Total Debt. Do not research other fields.",0,1,5,P3_LATEST8Q,6,P3_LATEST8Q,EBIT_DIRECT|FCF_DIRECT|OCF_FOR_FCF|SOURCE_SEMANTICS_CONFIRMATION|TOTAL_DEBT,0,NO,CUZ
"Research official issuer sources for FY2023 Q2. Verify lineage/source ownership evidence, Total Debt. Do not research other fields.; Research official issuer sources for FY2024 Q4. Verify lineage/source ownership evidence, official period_end. Do not research other fields.",0,0,4,P3_LATEST8Q,4,P3_LATEST8Q,LINEAGE_OWNERSHIP_EVIDENCE|OFFICIAL_PERIOD_END|TOTAL_DEBT,0,NO,CVCO
Research official issuer sources for FY2025 Q2. Verify Total Debt. Do not research other fields.,0,0,1,P3_LATEST8Q,1,P3_LATEST8Q,TOTAL_DEBT,0,YES,CVLT
Research official issuer sources for FY2024 Q3. Verify missing quarter existence/source evidence. Do not research other fields.,0,0,1,P3_LATEST8Q,1,P3_LATEST8Q,MISSING_QUARTER_EXISTENCE,0,YES,CVS
"Research official issuer sources for FY2024 Q2. Verify EBIT, source semantics confirmation. Do not research other fields.; Research official issuer sources for FY2024 Q3. Verify EBIT, source semantics confirmation. Do not research other fields.",0,1,4,P3_LATEST8Q,5,P3_LATEST8Q,EBIT_DIRECT|SOURCE_SEMANTICS_CONFIRMATION,0,NO,CVX
Research official issuer sources for FY2024 Q3. Verify missing quarter existence/source evidence. Do not research other fields.,0,0,1,P3_LATEST8Q,1,P3_LATEST8Q,MISSING_QUARTER_EXISTENCE,0,YES,CWCO
Research official issuer sources for FY2024 Q2. Verify Shares Outstanding. Do not research other fields.; Research official issuer sources for FY2024 Q3. Verify Shares Outstanding. Do not research other fields.; Research official issuer sources for FY2025 Q1. Verify EBIT. Do not research other fields.,0,2,3,P3_LATEST8Q,5,P3_LATEST8Q,EBIT_DIRECT|SHARES_OUTSTANDING,0,NO,CWEN
Research official issuer sources for FY2024 Q2. Verify Shares Outstanding. Do not research other fields.; Research official issuer sources for FY2024 Q3. Verify Shares Outstanding. Do not research other fields.,0,1,2,P3_LATEST8Q,3,P3_LATEST8Q,SHARES_OUTSTANDING,0,NO,CWH
"Research official issuer sources for FY2025 Q3. Verify first-public result publication date. Do not research other fields.; Research official issuer sources for FY2023 Q4. Verify missing quarter existence/source evidence, Total Debt. Do not research other fields.; Research official issuer sources for FY2024 Q4. Verify missing quarter existence/source evidence. Do not research other fields.",0,0,4,P2_LATEST4Q,4,P2_LATEST4Q,FIRST_PUBLIC_PUBLISH_DATE|MISSING_QUARTER_EXISTENCE|TOTAL_DEBT,0,YES,CWST
"Research official issuer sources for FY2024 Q4. Verify EBIT, source semantics confirmation, Total Debt. Do not research other fields.; Research official issuer sources for FY2025 Q1. Verify EBIT, source semantics confirmation, Total Debt. Do not research other fields.",0,0,6,P3_LATEST8Q,6,P3_LATEST8Q,EBIT_DIRECT|SOURCE_SEMANTICS_CONFIRMATION|TOTAL_DEBT,0,NO,CXDO
Research official issuer sources for FY2025 Q2. Verify Total Debt. Do not research other fields.; Research official issuer sources for FY2025 Q3. Verify Total Debt. Do not research other fields.,0,0,2,P3_LATEST8Q,2,P3_LATEST8Q,TOTAL_DEBT,0,YES,CXM
"Research official issuer sources for FY2024 Q2. Verify Capex required to derive FCF, FCF, source semantics confirmation. Do not research other fields.; Research official issuer sources for FY2024 Q3. Verify Capex required to derive FCF, FCF, source semantics confirmation. Do not research other fields.",0,2,6,P3_LATEST8Q,8,P3_LATEST8Q,CAPEX_FOR_FCF|FCF_DIRECT|SOURCE_SEMANTICS_CONFIRMATION,0,NO,CXT
"Research official issuer sources for FY2024 Q2. Verify EBIT, source semantics confirmation. Do not research other fields.; Research official issuer sources for FY2024 Q3. Verify EBIT, source semantics confirmation. Do not research other fields.",0,1,4,P3_LATEST8Q,5,P3_LATEST8Q,EBIT_DIRECT|SOURCE_SEMANTICS_CONFIRMATION,0,NO,CXW
"Research official issuer sources for FY2025 Q3. Verify Total Debt. Do not research other fields.; Research official issuer sources for FY2025 Q4. Verify Total Debt. Do not research other fields.; Research official issuer sources for FY2026 Q1. Verify first-public result publication date, Total Debt. Do not research other fields.; Research official issuer sources for FY2024 Q2. Verify Capex required to derive FCF, FCF, source semantics confirmation, Total Debt. Do not research other fields.; Research official issuer sources for FY2024 Q3. Verify Capex required to derive FCF, FCF, source semantics confirmation, Total Debt. Do not research other fields.; Research official issuer sources for FY2025 Q1. Verify Total Debt. Do not research other fields.; Research official issuer sources for FY2025 Q2. Verify Total Debt. Do not research other fields.",0,2,14,P2_LATEST4Q,16,P2_LATEST4Q,CAPEX_FOR_FCF|FCF_DIRECT|FIRST_PUBLIC_PUBLISH_DATE|SOURCE_SEMANTICS_CONFIRMATION|TOTAL_DEBT,0,NO,CYCN
"Research official issuer sources for FY2024 Q2. Verify Total Debt. Do not research other fields.; Research official issuer sources for FY2024 Q4. Verify EBIT, source semantics confirmation. Do not research other fields.",0,0,3,P3_LATEST8Q,3,P3_LATEST8Q,EBIT_DIRECT|SOURCE_SEMANTICS_CONFIRMATION|TOTAL_DEBT,0,NO,CYN
,0,1,0,NO_EXTERNAL_RESEARCH_NEEDED,1,P3_LATEST8Q,,0,NO,CYTK
"Research official issuer sources for FY2025 Q4. Verify lineage/source ownership evidence, official period_end, target collision evidence. Do not research other fields.",0,0,3,P3_LATEST8Q,3,P3_LATEST8Q,LINEAGE_OWNERSHIP_EVIDENCE|OFFICIAL_PERIOD_END|TARGET_COLLISION_EVIDENCE,0,YES,DAKT
,0,1,0,NO_EXTERNAL_RESEARCH_NEEDED,1,P3_LATEST8Q,,0,NO,DAL
Research official issuer sources for FY2024 Q2. Verify Total Debt. Do not research other fields.; Research official issuer sources for FY2024 Q3. Verify Total Debt. Do not research other fields.; Research official issuer sources for FY2024 Q4. Verify Total Debt. Do not research other fields.,0,0,3,P3_LATEST8Q,3,P3_LATEST8Q,TOTAL_DEBT,0,NO,DARE
Research official issuer sources for FY2024 Q3. Verify Total Debt. Do not research other fields.,0,0,1,P3_LATEST8Q,1,P3_LATEST8Q,TOTAL_DEBT,0,NO,DASH
"Research official issuer sources for FY2024 Q2. Verify EBIT. Do not research other fields.; Research official issuer sources for FY2024 Q3. Verify EBIT. Do not research other fields.; Research official issuer sources for FY2025 Q1. Verify EBIT, source semantics confirmation. Do not research other fields.",0,2,4,P3_LATEST8Q,6,P3_LATEST8Q,EBIT_DIRECT|SOURCE_SEMANTICS_CONFIRMATION,0,NO,DAVE
"Research official issuer sources for FY2024 Q4. Verify EBIT, FCF, OCF required to derive FCF, source semantics confirmation. Do not research other fields.",0,0,4,P3_LATEST8Q,4,P3_LATEST8Q,EBIT_DIRECT|FCF_DIRECT|OCF_FOR_FCF|SOURCE_SEMANTICS_CONFIRMATION,0,NO,DBGI
"Research official issuer sources for FY2024 Q3. Verify EBIT, source semantics confirmation. Do not research other fields.; Research official issuer sources for FY2025 Q1. Verify FCF, OCF required to derive FCF, Revenue, source semantics confirmation. Do not research other fields.",0,0,6,P3_LATEST8Q,6,P3_LATEST8Q,EBIT_DIRECT|FCF_DIRECT|OCF_FOR_FCF|REVENUE|SOURCE_SEMANTICS_CONFIRMATION,0,NO,DD
"Research official issuer sources for FY2024 Q2. Verify EBIT, source semantics confirmation. Do not research other fields.; Research official issuer sources for FY2024 Q3. Verify EBIT, source semantics confirmation. Do not research other fields.",0,0,4,P3_LATEST8Q,4,P3_LATEST8Q,EBIT_DIRECT|SOURCE_SEMANTICS_CONFIRMATION,0,NO,DDS
"Research official issuer sources for FY2024 Q2. Verify EBIT, source semantics confirmation. Do not research other fields.; Research official issuer sources for FY2024 Q3. Verify EBIT, missing quarter existence/source evidence, source semantics confirmation. Do not research other fields.",0,0,5,P3_LATEST8Q,5,P3_LATEST8Q,EBIT_DIRECT|MISSING_QUARTER_EXISTENCE|SOURCE_SEMANTICS_CONFIRMATION,0,YES,DE
"Research official issuer sources for FY2024 Q2. Verify EBIT, source semantics confirmation. Do not research other fields.; Research official issuer sources for FY2024 Q3. Verify EBIT, source semantics confirmation. Do not research other fields.",0,1,4,P3_LATEST8Q,5,P3_LATEST8Q,EBIT_DIRECT|SOURCE_SEMANTICS_CONFIRMATION,0,NO,DEA
"Research official issuer sources for FY2025 Q3. Verify Capex required to derive FCF, Cash, FCF, OCF required to derive FCF, Shares Outstanding, source semantics confirmation, Total Debt. Do not research other fields.; Research official issuer sources for FY2025 Q1. Verify Total Debt. Do not research other fields.",0,0,8,P2_LATEST4Q,8,P2_LATEST4Q,CAPEX_FOR_FCF|CASH|FCF_DIRECT|OCF_FOR_FCF|SHARES_OUTSTANDING|SOURCE_SEMANTICS_CONFIRMATION|TOTAL_DEBT,0,NO,DEC
"Research official issuer sources for FY2024 Q2. Verify lineage/source ownership evidence, Total Debt. Do not research other fields.; Research official issuer sources for FY2024 Q4. Verify EBIT, lineage/source ownership evidence, source semantics confirmation. Do not research other fields.",0,0,5,P3_LATEST8Q,5,P3_LATEST8Q,EBIT_DIRECT|LINEAGE_OWNERSHIP_EVIDENCE|SOURCE_SEMANTICS_CONFIRMATION|TOTAL_DEBT,0,YES,DECK
"Research official issuer sources for FY2024 Q1. Verify EBIT, source semantics confirmation. Do not research other fields.; Research official issuer sources for FY2024 Q2. Verify EBIT, source semantics confirmation. Do not research other fields.; Research official issuer sources for FY2024 Q3. Verify EBIT, source semantics confirmation. Do not research other fields.",0,1,6,P3_LATEST8Q,7,P3_LATEST8Q,EBIT_DIRECT|SOURCE_SEMANTICS_CONFIRMATION,0,NO,DEI
"Research official issuer sources for FY2024 Q4. Verify EBIT, lineage/source ownership evidence, source semantics confirmation, target collision evidence. Do not research other fields.",0,0,4,P3_LATEST8Q,4,P3_LATEST8Q,EBIT_DIRECT|LINEAGE_OWNERSHIP_EVIDENCE|SOURCE_SEMANTICS_CONFIRMATION|TARGET_COLLISION_EVIDENCE,0,YES,DELL
"Research official issuer sources for FY2024 Q1. Verify Capex required to derive FCF, FCF, source semantics confirmation. Do not research other fields.; Research official issuer sources for FY2024 Q2. Verify Capex required to derive FCF, FCF, source semantics confirmation. Do not research other fields.; Research official issuer sources for FY2024 Q3. Verify Capex required to derive FCF, FCF, source semantics confirmation. Do not research other fields.",0,2,9,P3_LATEST8Q,11,P3_LATEST8Q,CAPEX_FOR_FCF|FCF_DIRECT|SOURCE_SEMANTICS_CONFIRMATION,0,NO,DERM
"Research official issuer sources for FY2024 Q2. Verify EBIT, source semantics confirmation. Do not research other fields.; Research official issuer sources for FY2024 Q3. Verify EBIT, source semantics confirmation. Do not research other fields.",0,1,4,P3_LATEST8Q,5,P3_LATEST8Q,EBIT_DIRECT|SOURCE_SEMANTICS_CONFIRMATION,0,NO,DFH
"Research official issuer sources for FY2024 Q4. Verify EBIT, source semantics confirmation. Do not research other fields.; Research official issuer sources for FY2025 Q1. Verify EBIT. Do not research other fields.",0,0,3,P3_LATEST8Q,3,P3_LATEST8Q,EBIT_DIRECT|SOURCE_SEMANTICS_CONFIRMATION,0,NO,DFIN
"Research official issuer sources for FY2025 Q2. Verify first-public result publication date. Do not research other fields.; Research official issuer sources for FY2025 Q3. Verify first-public result publication date. Do not research other fields.; Research official issuer sources for FY2024 Q4. Verify EBIT, source semantics confirmation. Do not research other fields.; Research official issuer sources for FY2025 Q1. Verify first-public result publication date. Do not research other fields.",0,0,5,P2_LATEST4Q,5,P2_LATEST4Q,EBIT_DIRECT|FIRST_PUBLIC_PUBLISH_DATE|SOURCE_SEMANTICS_CONFIRMATION,0,NO,DGXX
"Research official issuer sources for FY2024 Q2. Verify Capex required to derive FCF, EBIT, FCF, source semantics confirmation, Total Debt. Do not research other fields.; Research official issuer sources for FY2024 Q3. Verify Capex required to derive FCF, EBIT, FCF, first-public result publication date, source semantics confirmation, Total Debt. Do not research other fields.; Research official issuer sources for FY2025 Q1. Verify EBIT, source semantics confirmation. Do not research other fields.",0,2,13,P3_LATEST8Q,15,P3_LATEST8Q,CAPEX_FOR_FCF|EBIT_DIRECT|FCF_DIRECT|FIRST_PUBLIC_PUBLISH_DATE|SOURCE_SEMANTICS_CONFIRMATION|TOTAL_DEBT,0,NO,DHC
"Research official issuer sources for FY2024 Q3. Verify EBIT, source semantics confirmation. Do not research other fields.; Research official issuer sources for FY2025 Q1. Verify EBIT, source semantics confirmation. Do not research other fields.",0,2,4,P3_LATEST8Q,6,P3_LATEST8Q,EBIT_DIRECT|SOURCE_SEMANTICS_CONFIRMATION,0,NO,DHI
Research official issuer sources for FY2024 Q2. Verify Total Debt. Do not research other fields.; Research official issuer sources for FY2024 Q3. Verify Total Debt. Do not research other fields.,0,1,2,P3_LATEST8Q,3,P3_LATEST8Q,TOTAL_DEBT,0,NO,DIBS
"Research official issuer sources for FY2024 Q2. Verify EBIT, source semantics confirmation. Do not research other fields.; Research official issuer sources for FY2024 Q3. Verify EBIT, missing quarter existence/source evidence, source semantics confirmation. Do not research other fields.",0,0,5,P3_LATEST8Q,5,P3_LATEST8Q,EBIT_DIRECT|MISSING_QUARTER_EXISTENCE|SOURCE_SEMANTICS_CONFIRMATION,0,YES,DIN
"Research official issuer sources for FY2024 Q2. Verify first-public result publication date, Total Debt. Do not research other fields.; Research official issuer sources for FY2024 Q3. Verify first-public result publication date. Do not research other fields.",0,0,3,P3_LATEST8Q,3,P3_LATEST8Q,FIRST_PUBLIC_PUBLISH_DATE|TOTAL_DEBT,0,NO,DJT
Research official issuer sources for FY2024 Q2. Verify Shares Outstanding. Do not research other fields.; Research official issuer sources for FY2024 Q3. Verify Shares Outstanding. Do not research other fields.,0,1,2,P3_LATEST8Q,3,P3_LATEST8Q,SHARES_OUTSTANDING,0,NO,DKL
Research official issuer sources for FY2023 Q4. Verify Total Debt. Do not research other fields.; Research official issuer sources for FY2024 Q1. Verify Total Debt. Do not research other fields.,0,2,2,P3_LATEST8Q,4,P3_LATEST8Q,TOTAL_DEBT,0,NO,DKNG
"Research official issuer sources for FY2024 Q3. Verify missing quarter existence/source evidence, Total Debt. Do not research other fields.",0,0,2,P3_LATEST8Q,2,P3_LATEST8Q,MISSING_QUARTER_EXISTENCE|TOTAL_DEBT,0,YES,DLB
"Research official issuer sources for FY2025 Q4. Verify first-public result publication date. Do not research other fields.; Research official issuer sources for FY2024 Q4. Verify EBIT, source semantics confirmation. Do not research other fields.",0,0,3,P2_LATEST4Q,3,P2_LATEST4Q,EBIT_DIRECT|FIRST_PUBLIC_PUBLISH_DATE|SOURCE_SEMANTICS_CONFIRMATION,0,NO,DLTH
Research official issuer sources for FY2024 Q1. Verify Revenue. Do not research other fields.; Research official issuer sources for FY2024 Q2. Verify Revenue. Do not research other fields.; Research official issuer sources for FY2024 Q3. Verify Revenue. Do not research other fields.,0,2,3,P3_LATEST8Q,5,P3_LATEST8Q,REVENUE,0,NO,DMAC
"Research official issuer sources for FY2024 Q2. Verify Capex required to derive FCF, EBIT, FCF, source semantics confirmation, Total Debt. Do not research other fields.; Research official issuer sources for FY2024 Q3. Verify Capex required to derive FCF, EBIT, FCF, source semantics confirmation, Total Debt. Do not research other fields.; Research official issuer sources for FY2025 Q1. Verify Revenue. Do not research other fields.",0,2,11,P3_LATEST8Q,13,P3_LATEST8Q,CAPEX_FOR_FCF|EBIT_DIRECT|FCF_DIRECT|REVENUE|SOURCE_SEMANTICS_CONFIRMATION|TOTAL_DEBT,0,NO,DMLP
Research official issuer sources for FY2024 Q1. Verify Total Debt. Do not research other fields.; Research official issuer sources for FY2024 Q2. Verify Total Debt. Do not research other fields.; Research official issuer sources for FY2024 Q3. Verify Total Debt. Do not research other fields.,0,1,3,P3_LATEST8Q,4,P3_LATEST8Q,TOTAL_DEBT,0,NO,DMRC
Research official issuer sources for FY2024 Q2. Verify Total Debt. Do not research other fields.; Research official issuer sources for FY2024 Q3. Verify Total Debt. Do not research other fields.,0,2,2,P3_LATEST8Q,4,P3_LATEST8Q,TOTAL_DEBT,0,NO,DNA
Research official issuer sources for FY2024 Q2. Verify Total Debt. Do not research other fields.; Research official issuer sources for FY2024 Q3. Verify Total Debt. Do not research other fields.; Research official issuer sources for FY2025 Q1. Verify Cash. Do not research other fields.,0,2,3,P3_LATEST8Q,5,P3_LATEST8Q,CASH|TOTAL_DEBT,0,NO,DNLI
Research official issuer sources for FY2024 Q2. Verify Total Debt. Do not research other fields.; Research official issuer sources for FY2024 Q3. Verify Total Debt. Do not research other fields.,0,1,2,P3_LATEST8Q,3,P3_LATEST8Q,TOTAL_DEBT,0,NO,DNOW
"Research official issuer sources for FY2023 Q3. Verify Capex required to derive FCF, FCF, source semantics confirmation, Total Debt. Do not research other fields.; Research official issuer sources for FY2023 Q4. Verify Capex required to derive FCF, FCF, source semantics confirmation, Total Debt. Do not research other fields.; Research official issuer sources for FY2024 Q1. Verify Capex required to derive FCF, FCF, source semantics confirmation, Total Debt. Do not research other fields.",0,2,12,P3_LATEST8Q,14,P3_LATEST8Q,CAPEX_FOR_FCF|FCF_DIRECT|SOURCE_SEMANTICS_CONFIRMATION|TOTAL_DEBT,0,NO,DNTH
"Research official issuer sources for FY2024 Q2. Verify Capex required to derive FCF, EBIT, FCF, source semantics confirmation, Total Debt. Do not research other fields.; Research official issuer sources for FY2024 Q3. Verify Capex required to derive FCF, EBIT, FCF, source semantics confirmation, Total Debt. Do not research other fields.; Research official issuer sources for FY2025 Q1. Verify EBIT, source semantics confirmation. Do not research other fields.",0,2,12,P3_LATEST8Q,14,P3_LATEST8Q,CAPEX_FOR_FCF|EBIT_DIRECT|FCF_DIRECT|SOURCE_SEMANTICS_CONFIRMATION|TOTAL_DEBT,0,NO,DOC
Research official issuer sources for FY2025 Q2. Verify Total Debt. Do not research other fields.; Research official issuer sources for FY2025 Q3. Verify Cash. Do not research other fields.,0,0,2,P3_LATEST8Q,2,P3_LATEST8Q,CASH|TOTAL_DEBT,0,YES,DOCS
"Research official issuer sources for FY2025 Q2. Verify Total Debt. Do not research other fields.; Research official issuer sources for FY2025 Q3. Verify Total Debt. Do not research other fields.; Research official issuer sources for FY2025 Q4. Verify EBIT, source semantics confirmation. Do not research other fields.",0,0,4,P3_LATEST8Q,4,P3_LATEST8Q,EBIT_DIRECT|SOURCE_SEMANTICS_CONFIRMATION|TOTAL_DEBT,0,YES,DOCU
Research official issuer sources for FY2025 Q3. Verify first-public result publication date. Do not research other fields.,0,0,1,P2_LATEST4Q,1,P2_LATEST4Q,FIRST_PUBLIC_PUBLISH_DATE,0,NO,DOLE
Research official issuer sources for FY2024 Q2. Verify Total Debt. Do not research other fields.,0,0,1,P3_LATEST8Q,1,P3_LATEST8Q,TOTAL_DEBT,0,NO,DOUG
"Research official issuer sources for FY2024 Q3. Verify EBIT, source semantics confirmation. Do not research other fields.; Research official issuer sources for FY2024 Q4. Verify EBIT, source semantics confirmation. Do not research other fields.",0,0,4,P3_LATEST8Q,4,P3_LATEST8Q,EBIT_DIRECT|SOURCE_SEMANTICS_CONFIRMATION,0,NO,DOW
"Research official issuer sources for FY2024 Q2. Verify official period_end. Do not research other fields.; Research official issuer sources for FY2024 Q3. Verify missing quarter existence/source evidence, official period_end, Total Debt. Do not research other fields.",0,0,4,P3_LATEST8Q,4,P3_LATEST8Q,MISSING_QUARTER_EXISTENCE|OFFICIAL_PERIOD_END|TOTAL_DEBT,0,YES,DPZ
"Research official issuer sources for FY2024 Q3. Verify EBIT, source semantics confirmation. Do not research other fields.; Research official issuer sources for FY2024 Q4. Verify EBIT, source semantics confirmation. Do not research other fields.",0,0,4,P3_LATEST8Q,4,P3_LATEST8Q,EBIT_DIRECT|SOURCE_SEMANTICS_CONFIRMATION,0,NO,DRH
"Research official issuer sources for FY2025 Q4. Verify lineage/source ownership evidence, official period_end, target collision evidence. Do not research other fields.",0,0,3,P3_LATEST8Q,3,P3_LATEST8Q,LINEAGE_OWNERSHIP_EVIDENCE|OFFICIAL_PERIOD_END|TARGET_COLLISION_EVIDENCE,0,YES,DRI
Research official issuer sources for FY2025 Q1. Verify lineage/source ownership evidence. Do not research other fields.,0,0,1,P3_LATEST8Q,1,P3_LATEST8Q,LINEAGE_OWNERSHIP_EVIDENCE,0,YES,DRVN
"Research official issuer sources for FY2024 Q2. Verify Revenue, Total Debt. Do not research other fields.; Research official issuer sources for FY2024 Q3. Verify Revenue, Total Debt. Do not research other fields.; Research official issuer sources for FY2025 Q1. Verify Cash. Do not research other fields.",0,2,5,P3_LATEST8Q,7,P3_LATEST8Q,CASH|REVENUE|TOTAL_DEBT,0,NO,DSGN
Research official issuer sources for FY2025 Q2. Verify Total Debt. Do not research other fields.,0,0,1,P3_LATEST8Q,1,P3_LATEST8Q,TOTAL_DEBT,0,YES,DT
"Research official issuer sources for FY2024 Q4. Verify EBIT, source semantics confirmation, Total Debt. Do not research other fields.; Research official issuer sources for FY2025 Q1. Verify EBIT, source semantics confirmation, Total Debt. Do not research other fields.",0,0,6,P3_LATEST8Q,6,P3_LATEST8Q,EBIT_DIRECT|SOURCE_SEMANTICS_CONFIRMATION|TOTAL_DEBT,0,NO,DTIL
,0,1,0,NO_EXTERNAL_RESEARCH_NEEDED,1,P3_LATEST8Q,,0,NO,DTM
Research official issuer sources for FY2025 Q3. Verify Total Debt. Do not research other fields.; Research official issuer sources for FY2025 Q4. Verify Total Debt. Do not research other fields.; Research official issuer sources for FY2024 Q2. Verify Total Debt. Do not research other fields.,0,0,3,P2_LATEST4Q,3,P2_LATEST4Q,TOTAL_DEBT,0,NO,DTST
,0,1,0,NO_EXTERNAL_RESEARCH_NEEDED,1,P3_LATEST8Q,,0,NO,DUOT
"Research official issuer sources for FY2024 Q2. Verify EBIT, source semantics confirmation. Do not research other fields.; Research official issuer sources for FY2024 Q3. Verify EBIT, source semantics confirmation. Do not research other fields.",0,1,4,P3_LATEST8Q,5,P3_LATEST8Q,EBIT_DIRECT|SOURCE_SEMANTICS_CONFIRMATION,0,NO,DVN
"Research official issuer sources for FY2024 Q1. Verify Capex required to derive FCF, FCF, Revenue, source semantics confirmation, Total Debt. Do not research other fields.; Research official issuer sources for FY2024 Q2. Verify Capex required to derive FCF, FCF, Revenue, source semantics confirmation, Total Debt. Do not research other fields.; Research official issuer sources for FY2024 Q3. Verify Capex required to derive FCF, FCF, Revenue, source semantics confirmation, Total Debt. Do not research other fields.",0,2,15,P3_LATEST8Q,17,P3_LATEST8Q,CAPEX_FOR_FCF|FCF_DIRECT|REVENUE|SOURCE_SEMANTICS_CONFIRMATION|TOTAL_DEBT,0,NO,DWTX
Research official issuer sources for FY2024 Q1. Verify Total Debt. Do not research other fields.,0,0,1,P3_LATEST8Q,1,P3_LATEST8Q,TOTAL_DEBT,0,YES,DXLG
"Research official issuer sources for FY2024 Q3. Verify EBIT, source semantics confirmation. Do not research other fields.; Research official issuer sources for FY2025 Q1. Verify lineage/source ownership evidence, official period_end. Do not research other fields.",0,0,4,P3_LATEST8Q,4,P3_LATEST8Q,EBIT_DIRECT|LINEAGE_OWNERSHIP_EVIDENCE|OFFICIAL_PERIOD_END|SOURCE_SEMANTICS_CONFIRMATION,0,YES,DY
"Research official issuer sources for FY2024 Q2. Verify Revenue, Total Debt. Do not research other fields.; Research official issuer sources for FY2024 Q3. Verify Revenue, Total Debt. Do not research other fields.",0,2,4,P3_LATEST8Q,6,P3_LATEST8Q,REVENUE|TOTAL_DEBT,0,NO,DYN
"Research official issuer sources for FY2024 Q1. Verify fiscal transition evidence, official period_end, source semantics confirmation, target collision evidence, Total Debt. Do not research other fields.; Research official issuer sources for FY2024 Q2. Verify fiscal transition evidence, official period_end, source semantics confirmation, target collision evidence, Total Debt. Do not research other fields.; Research official issuer sources for FY2024 Q3. Verify fiscal transition evidence, official period_end, source semantics confirmation, target collision evidence. Do not research other fields.; Research official issuer sources for FY2025 Q1. Verify fiscal transition evidence, official period_end, source semantics confirmation, target collision evidence. Do not research other fields.",0,0,18,P3_LATEST8Q,18,P3_LATEST8Q,FISCAL_TRANSITION_EVIDENCE|OFFICIAL_PERIOD_END|SOURCE_SEMANTICS_CONFIRMATION|TARGET_COLLISION_EVIDENCE|TOTAL_DEBT,0,YES,EBF
"Research official issuer sources for FY2024 Q3. Verify Capex required to derive FCF, FCF, source semantics confirmation, Total Debt. Do not research other fields.; Research official issuer sources for FY2025 Q1. Verify Cash. Do not research other fields.",0,0,5,P3_LATEST8Q,5,P3_LATEST8Q,CAPEX_FOR_FCF|CASH|FCF_DIRECT|SOURCE_SEMANTICS_CONFIRMATION|TOTAL_DEBT,0,NO,ECOR
,0,1,0,NO_EXTERNAL_RESEARCH_NEEDED,1,P3_LATEST8Q,,0,NO,ECVT
"Research official issuer sources for FY2024 Q1. Verify Cash, first-public result publication date. Do not research other fields.; Research official issuer sources for FY2024 Q2. Verify Cash. Do not research other fields.; Research official issuer sources for FY2024 Q3. Verify Cash. Do not research other fields.",0,1,4,P3_LATEST8Q,5,P3_LATEST8Q,CASH|FIRST_PUBLIC_PUBLISH_DATE,0,NO,EDBL
"Research official issuer sources for FY2024 Q2. Verify Total Debt. Do not research other fields.; Research official issuer sources for FY2024 Q3. Verify Total Debt. Do not research other fields.; Research official issuer sources for FY2025 Q1. Verify Cash, EBIT, Total Debt. Do not research other fields.",0,2,5,P3_LATEST8Q,7,P3_LATEST8Q,CASH|EBIT_DIRECT|TOTAL_DEBT,0,NO,EDIT
"Research official issuer sources for FY2024 Q2. Verify Capex required to derive FCF, FCF, lineage/source ownership evidence, source semantics confirmation, target collision evidence, Total Debt. Do not research other fields.; Research official issuer sources for FY2024 Q3. Verify Capex required to derive FCF, FCF, lineage/source ownership evidence, source semantics confirmation, target collision evidence. Do not research other fields.; Research official issuer sources for FY2024 Q4. Verify EBIT, lineage/source ownership evidence, Revenue, source semantics confirmation, target collision evidence. Do not research other fields.; Research official issuer sources for FY2025 Q1. Verify lineage/source ownership evidence, target collision evidence. Do not research other fields.",0,0,18,P3_LATEST8Q,18,P3_LATEST8Q,CAPEX_FOR_FCF|EBIT_DIRECT|FCF_DIRECT|LINEAGE_OWNERSHIP_EVIDENCE|REVENUE|SOURCE_SEMANTICS_CONFIRMATION|TARGET_COLLISION_EVIDENCE|TOTAL_DEBT,0,YES,EDSA
"Research official issuer sources for FY2024 Q2. Verify Capex required to derive FCF, FCF, source semantics confirmation. Do not research other fields.; Research official issuer sources for FY2024 Q3. Verify Capex required to derive FCF, FCF, source semantics confirmation. Do not research other fields.",0,2,6,P3_LATEST8Q,8,P3_LATEST8Q,CAPEX_FOR_FCF|FCF_DIRECT|SOURCE_SEMANTICS_CONFIRMATION,0,NO,EE
,0,1,0,NO_EXTERNAL_RESEARCH_NEEDED,1,P3_LATEST8Q,,0,NO,EEFT
"Research official issuer sources for FY2025 Q2. Verify EBIT, source semantics confirmation. Do not research other fields.; Research official issuer sources for FY2025 Q3. Verify EBIT, source semantics confirmation. Do not research other fields.; Research official issuer sources for FY2025 Q4. Verify EBIT, source semantics confirmation. Do not research other fields.; Research official issuer sources for FY2024 Q1. Verify Capex required to derive FCF, EBIT, FCF, source semantics confirmation. Do not research other fields.; Research official issuer sources for FY2024 Q2. Verify Capex required to derive FCF, EBIT, FCF, source semantics confirmation. Do not research other fields.; Research official issuer sources for FY2024 Q3. Verify Capex required to derive FCF, EBIT, FCF, source semantics confirmation. Do not research other fields.; Research official issuer sources for FY2025 Q1. Verify EBIT, source semantics confirmation. Do not research other fields.",0,2,20,P2_LATEST4Q,22,P2_LATEST4Q,CAPEX_FOR_FCF|EBIT_DIRECT|FCF_DIRECT|SOURCE_SEMANTICS_CONFIRMATION,0,NO,EFC
"Research official issuer sources for FY2025 Q4. Verify EBIT, source semantics confirmation. Do not research other fields.",0,0,2,P3_LATEST8Q,2,P3_LATEST8Q,EBIT_DIRECT|SOURCE_SEMANTICS_CONFIRMATION,0,YES,EGHT
"Research official issuer sources for FY2024 Q2. Verify EBIT, source semantics confirmation. Do not research other fields.; Research official issuer sources for FY2024 Q3. Verify EBIT, source semantics confirmation. Do not research other fields.",0,1,4,P3_LATEST8Q,5,P3_LATEST8Q,EBIT_DIRECT|SOURCE_SEMANTICS_CONFIRMATION,0,NO,EGP
"Research official issuer sources for FY2024 Q2. Verify EBIT, source semantics confirmation. Do not research other fields.; Research official issuer sources for FY2024 Q3. Verify EBIT, source semantics confirmation. Do not research other fields.",0,1,4,P3_LATEST8Q,5,P3_LATEST8Q,EBIT_DIRECT|SOURCE_SEMANTICS_CONFIRMATION,0,NO,EHC
Research official issuer sources for FY2026 Q1. Verify first-public result publication date. Do not research other fields.; Research official issuer sources for FY2026 Q2. Verify first-public result publication date. Do not research other fields.,0,0,2,P2_LATEST4Q,2,P2_LATEST4Q,FIRST_PUBLIC_PUBLISH_DATE,0,NO,EL
"Research official issuer sources for FY2025 Q2. Verify Total Debt. Do not research other fields.; Research official issuer sources for FY2024 Q2. Verify first-public result publication date, lineage/source ownership evidence, Total Debt. Do not research other fields.; Research official issuer sources for FY2024 Q3. Verify first-public result publication date, lineage/source ownership evidence, target collision evidence, Total Debt. Do not research other fields.; Research official issuer sources for FY2024 Q4. Verify EBIT, source semantics confirmation. Do not research other fields.; Research official issuer sources for FY2025 Q1. Verify Total Debt. Do not research other fields.",0,0,11,P2_LATEST4Q,11,P2_LATEST4Q,EBIT_DIRECT|FIRST_PUBLIC_PUBLISH_DATE|LINEAGE_OWNERSHIP_EVIDENCE|SOURCE_SEMANTICS_CONFIRMATION|TARGET_COLLISION_EVIDENCE|TOTAL_DEBT,0,YES,ELAB
"Research official issuer sources for FY2024 Q2. Verify EBIT, source semantics confirmation. Do not research other fields.; Research official issuer sources for FY2024 Q3. Verify EBIT, source semantics confirmation. Do not research other fields.",0,1,4,P3_LATEST8Q,5,P3_LATEST8Q,EBIT_DIRECT|SOURCE_SEMANTICS_CONFIRMATION,0,NO,ELAN
"Research official issuer sources for FY2024 Q1. Verify Capex required to derive FCF, FCF, Revenue, source semantics confirmation, Total Debt. Do not research other fields.; Research official issuer sources for FY2024 Q2. Verify Capex required to derive FCF, FCF, Revenue, source semantics confirmation, Total Debt. Do not research other fields.; Research official issuer sources for FY2024 Q3. Verify Capex required to derive FCF, FCF, Revenue, source semantics confirmation, Total Debt. Do not research other fields.",0,2,15,P3_LATEST8Q,17,P3_LATEST8Q,CAPEX_FOR_FCF|FCF_DIRECT|REVENUE|SOURCE_SEMANTICS_CONFIRMATION|TOTAL_DEBT,0,NO,ELDN
"Research official issuer sources for FY2024 Q4. Verify EBIT, lineage/source ownership evidence, source semantics confirmation. Do not research other fields.",0,0,3,P3_LATEST8Q,3,P3_LATEST8Q,EBIT_DIRECT|LINEAGE_OWNERSHIP_EVIDENCE|SOURCE_SEMANTICS_CONFIRMATION,0,YES,ELF
"Research official issuer sources for FY2025 Q4. Verify Capex required to derive FCF, EBIT, FCF, OCF required to derive FCF, source semantics confirmation. Do not research other fields.; Research official issuer sources for FY2026 Q1. Verify Capex required to derive FCF, EBIT, FCF, OCF required to derive FCF, Revenue, source semantics confirmation, Total Debt. Do not research other fields.; Research official issuer sources for FY2024 Q3. Verify Total Debt. Do not research other fields.",0,0,13,P2_LATEST4Q,13,P2_LATEST4Q,CAPEX_FOR_FCF|EBIT_DIRECT|FCF_DIRECT|OCF_FOR_FCF|REVENUE|SOURCE_SEMANTICS_CONFIRMATION|TOTAL_DEBT,0,NO,ELME
"Research official issuer sources for FY2024 Q2. Verify Revenue, Total Debt. Do not research other fields.; Research official issuer sources for FY2024 Q3. Verify Revenue, Total Debt. Do not research other fields.",0,2,4,P3_LATEST8Q,6,P3_LATEST8Q,REVENUE|TOTAL_DEBT,0,NO,ELVN
Research official issuer sources for FY2024 Q2. Verify Total Debt. Do not research other fields.; Research official issuer sources for FY2024 Q3. Verify Total Debt. Do not research other fields.,0,1,2,P3_LATEST8Q,3,P3_LATEST8Q,TOTAL_DEBT,0,NO,EME
"Research official issuer sources for FY2024 Q2. Verify EBIT, source semantics confirmation. Do not research other fields.; Research official issuer sources for FY2024 Q3. Verify EBIT, source semantics confirmation. Do not research other fields.",0,1,4,P3_LATEST8Q,5,P3_LATEST8Q,EBIT_DIRECT|SOURCE_SEMANTICS_CONFIRMATION,0,NO,EMN
"Research official issuer sources for FY2024 Q2. Verify Cash, first-public result publication date, Total Debt. Do not research other fields.; Research official issuer sources for FY2024 Q3. Verify Cash, first-public result publication date, Total Debt. Do not research other fields.; Research official issuer sources for FY2025 Q1. Verify first-public result publication date. Do not research other fields.",0,2,7,P3_LATEST8Q,9,P3_LATEST8Q,CASH|FIRST_PUBLIC_PUBLISH_DATE|TOTAL_DEBT,0,NO,EMPD
"Research official issuer sources for FY2024 Q3. Verify EBIT, source semantics confirmation. Do not research other fields.",0,1,2,P3_LATEST8Q,3,P3_LATEST8Q,EBIT_DIRECT|SOURCE_SEMANTICS_CONFIRMATION,0,NO,EMR
"Research official issuer sources for FY2023 Q3. Verify Cash, first-public result publication date, Revenue, Total Debt. Do not research other fields.; Research official issuer sources for FY2023 Q4. Verify Revenue, Total Debt. Do not research other fields.",0,2,6,P3_LATEST8Q,8,P3_LATEST8Q,CASH|FIRST_PUBLIC_PUBLISH_DATE|REVENUE|TOTAL_DEBT,0,NO,ENGN
"Research official issuer sources for FY2025 Q1. Verify lineage/source ownership evidence, official period_end, target collision evidence. Do not research other fields.",0,0,3,P3_LATEST8Q,3,P3_LATEST8Q,LINEAGE_OWNERSHIP_EVIDENCE|OFFICIAL_PERIOD_END|TARGET_COLLISION_EVIDENCE,0,YES,ENOV
"Research official issuer sources for FY2024 Q3. Verify EBIT, source semantics confirmation. Do not research other fields.",0,1,2,P3_LATEST8Q,3,P3_LATEST8Q,EBIT_DIRECT|SOURCE_SEMANTICS_CONFIRMATION,0,NO,ENR
"Research official issuer sources for FY2023 Q1. Verify lineage/source ownership evidence, official period_end. Do not research other fields.",0,0,2,P3_LATEST8Q,2,P3_LATEST8Q,LINEAGE_OWNERSHIP_EVIDENCE|OFFICIAL_PERIOD_END,0,NO,ENS
"Research official issuer sources for FY2024 Q1. Verify Capex required to derive FCF, FCF, source semantics confirmation, Total Debt. Do not research other fields.; Research official issuer sources for FY2024 Q2. Verify Capex required to derive FCF, FCF, source semantics confirmation, Total Debt. Do not research other fields.; Research official issuer sources for FY2024 Q3. Verify Capex required to derive FCF, FCF, missing quarter existence/source evidence, source semantics confirmation, Total Debt. Do not research other fields.; Research official issuer sources for FY2025 Q1. Verify missing quarter existence/source evidence. Do not research other fields.",0,0,14,P3_LATEST8Q,14,P3_LATEST8Q,CAPEX_FOR_FCF|FCF_DIRECT|MISSING_QUARTER_EXISTENCE|SOURCE_SEMANTICS_CONFIRMATION|TOTAL_DEBT,0,YES,ENSC
"Research official issuer sources for FY2025 Q1. Verify Cash, EBIT, missing quarter existence/source evidence, source semantics confirmation. Do not research other fields.",0,0,4,P3_LATEST8Q,4,P3_LATEST8Q,CASH|EBIT_DIRECT|MISSING_QUARTER_EXISTENCE|SOURCE_SEMANTICS_CONFIRMATION,0,YES,ENSG
,0,2,0,NO_EXTERNAL_RESEARCH_NEEDED,2,P3_LATEST8Q,,0,NO,ENTA
,0,1,0,NO_EXTERNAL_RESEARCH_NEEDED,1,P3_LATEST8Q,,0,NO,EOG
,0,1,0,NO_EXTERNAL_RESEARCH_NEEDED,1,P3_LATEST8Q,,0,NO,EPD
,0,1,0,NO_EXTERNAL_RESEARCH_NEEDED,1,P3_LATEST8Q,,0,NO,EPR
,0,1,0,NO_EXTERNAL_RESEARCH_NEEDED,1,P3_LATEST8Q,,0,NO,EPRT
"Research official issuer sources for FY2024 Q2. Verify Total Debt. Do not research other fields.; Research official issuer sources for FY2024 Q3. Verify Total Debt. Do not research other fields.; Research official issuer sources for FY2024 Q4. Verify EBIT, source semantics confirmation. Do not research other fields.",0,0,4,P3_LATEST8Q,4,P3_LATEST8Q,EBIT_DIRECT|SOURCE_SEMANTICS_CONFIRMATION|TOTAL_DEBT,0,NO,EPSN
"Research official issuer sources for FY2024 Q2. Verify Total Debt. Do not research other fields.; Research official issuer sources for FY2024 Q3. Verify Total Debt. Do not research other fields.; Research official issuer sources for FY2024 Q4. Verify EBIT, source semantics confirmation. Do not research other fields.",0,0,4,P3_LATEST8Q,4,P3_LATEST8Q,EBIT_DIRECT|SOURCE_SEMANTICS_CONFIRMATION|TOTAL_DEBT,0,NO,EQ
"Research official issuer sources for FY2024 Q2. Verify EBIT, source semantics confirmation. Do not research other fields.; Research official issuer sources for FY2024 Q3. Verify EBIT, source semantics confirmation. Do not research other fields.",0,1,4,P3_LATEST8Q,5,P3_LATEST8Q,EBIT_DIRECT|SOURCE_SEMANTICS_CONFIRMATION,0,NO,EQR
"Research official issuer sources for FY2024 Q2. Verify Revenue, Total Debt. Do not research other fields.; Research official issuer sources for FY2024 Q3. Verify Revenue, Total Debt. Do not research other fields.",0,0,4,P3_LATEST8Q,4,P3_LATEST8Q,REVENUE|TOTAL_DEBT,0,NO,ERAS
Research official issuer sources for FY2024 Q2. Verify Total Debt. Do not research other fields.; Research official issuer sources for FY2024 Q3. Verify Total Debt. Do not research other fields.,0,1,2,P3_LATEST8Q,3,P3_LATEST8Q,TOTAL_DEBT,0,NO,ERII
,0,1,0,NO_EXTERNAL_RESEARCH_NEEDED,1,P3_LATEST8Q,,0,NO,ES
"Research official issuer sources for FY2025 Q1. Verify lineage/source ownership evidence, official period_end, target collision evidence. Do not research other fields.",0,0,3,P3_LATEST8Q,3,P3_LATEST8Q,LINEAGE_OWNERSHIP_EVIDENCE|OFFICIAL_PERIOD_END|TARGET_COLLISION_EVIDENCE,0,YES,ESAB
"Research official issuer sources for FY2024 Q2. Verify EBIT, source semantics confirmation. Do not research other fields.; Research official issuer sources for FY2024 Q3. Verify EBIT, source semantics confirmation. Do not research other fields.",0,1,4,P3_LATEST8Q,5,P3_LATEST8Q,EBIT_DIRECT|SOURCE_SEMANTICS_CONFIRMATION,0,NO,ESE
"Research official issuer sources for FY2024 Q4. Verify EBIT, lineage/source ownership evidence, source semantics confirmation, target collision evidence. Do not research other fields.",0,0,4,P3_LATEST8Q,4,P3_LATEST8Q,EBIT_DIRECT|LINEAGE_OWNERSHIP_EVIDENCE|SOURCE_SEMANTICS_CONFIRMATION|TARGET_COLLISION_EVIDENCE,0,YES,ESOA
Research official issuer sources for FY2024 Q3. Verify Total Debt. Do not research other fields.; Research official issuer sources for FY2025 Q1. Verify Total Debt. Do not research other fields.; Research official issuer sources for FY2025 Q2. Verify Total Debt. Do not research other fields.,0,2,3,P3_LATEST8Q,5,P3_LATEST8Q,TOTAL_DEBT,0,NO,ETD
"Research official issuer sources for FY2024 Q2. Verify EBIT, source semantics confirmation. Do not research other fields.; Research official issuer sources for FY2024 Q3. Verify EBIT, source semantics confirmation. Do not research other fields.",0,1,4,P3_LATEST8Q,5,P3_LATEST8Q,EBIT_DIRECT|SOURCE_SEMANTICS_CONFIRMATION,0,NO,ETN
Research official issuer sources for FY2024 Q2. Verify Total Debt. Do not research other fields.; Research official issuer sources for FY2024 Q3. Verify Total Debt. Do not research other fields.,0,1,2,P3_LATEST8Q,3,P3_LATEST8Q,TOTAL_DEBT,0,NO,EVER
Research official issuer sources for FY2024 Q2. Verify Revenue. Do not research other fields.; Research official issuer sources for FY2024 Q3. Verify Revenue. Do not research other fields.,0,2,2,P3_LATEST8Q,4,P3_LATEST8Q,REVENUE,0,NO,EVEX
Research official issuer sources for FY2024 Q2. Verify Total Debt. Do not research other fields.; Research official issuer sources for FY2024 Q3. Verify Total Debt. Do not research other fields.,0,1,2,P3_LATEST8Q,3,P3_LATEST8Q,TOTAL_DEBT,0,NO,EVGO
Research official issuer sources for FY2024 Q1. Verify Total Debt. Do not research other fields.; Research official issuer sources for FY2024 Q2. Verify Total Debt. Do not research other fields.; Research official issuer sources for FY2024 Q3. Verify Total Debt. Do not research other fields.,0,1,3,P3_LATEST8Q,4,P3_LATEST8Q,TOTAL_DEBT,0,NO,EVLV
,0,1,0,NO_EXTERNAL_RESEARCH_NEEDED,1,P3_LATEST8Q,,0,NO,EVRG
"Research official issuer sources for FY2024 Q2. Verify Revenue, Total Debt. Do not research other fields.; Research official issuer sources for FY2024 Q3. Verify Revenue, Total Debt. Do not research other fields.",0,2,4,P3_LATEST8Q,6,P3_LATEST8Q,REVENUE|TOTAL_DEBT,0,NO,EWTX
"Research official issuer sources for FY2024 Q2. Verify Total Debt. Do not research other fields.; Research official issuer sources for FY2024 Q3. Verify missing quarter existence/source evidence, Total Debt. Do not research other fields.",0,0,3,P3_LATEST8Q,3,P3_LATEST8Q,MISSING_QUARTER_EXISTENCE|TOTAL_DEBT,0,YES,EXEL
"Research official issuer sources for FY2024 Q2. Verify fiscal transition evidence, official period_end, source semantics confirmation, target collision evidence. Do not research other fields.; Research official issuer sources for FY2024 Q3. Verify fiscal transition evidence, official period_end, source semantics confirmation, target collision evidence. Do not research other fields.; Research official issuer sources for FY2024 Q4. Verify fiscal transition evidence, official period_end, source semantics confirmation, target collision evidence. Do not research other fields.; Research official issuer sources for FY2025 Q1. Verify fiscal transition evidence, official period_end, source semantics confirmation, target collision evidence. Do not research other fields.",0,0,16,P3_LATEST8Q,16,P3_LATEST8Q,FISCAL_TRANSITION_EVIDENCE|OFFICIAL_PERIOD_END|SOURCE_SEMANTICS_CONFIRMATION|TARGET_COLLISION_EVIDENCE,0,YES,EXP
Research official issuer sources for FY2024 Q2. Verify Total Debt. Do not research other fields.; Research official issuer sources for FY2024 Q3. Verify Total Debt. Do not research other fields.,0,1,2,P3_LATEST8Q,3,P3_LATEST8Q,TOTAL_DEBT,0,NO,EXPD
"Research official issuer sources for FY2025 Q2. Verify missing quarter existence/source evidence. Do not research other fields.; Research official issuer sources for FY2025 Q3. Verify missing quarter existence/source evidence. Do not research other fields.; Research official issuer sources for FY2024 Q2. Verify Total Debt. Do not research other fields.; Research official issuer sources for FY2024 Q4. Verify missing quarter existence/source evidence, Total Debt. Do not research other fields.",0,0,5,P2_LATEST4Q,5,P2_LATEST4Q,MISSING_QUARTER_EXISTENCE|TOTAL_DEBT,0,YES,EXPO
,0,2,0,NO_EXTERNAL_RESEARCH_NEEDED,2,P3_LATEST8Q,,0,NO,EXTR
"Research official issuer sources for FY2024 Q2. Verify Total Debt. Do not research other fields.; Research official issuer sources for FY2024 Q3. Verify missing quarter existence/source evidence, Total Debt. Do not research other fields.",0,0,3,P3_LATEST8Q,3,P3_LATEST8Q,MISSING_QUARTER_EXISTENCE|TOTAL_DEBT,0,YES,EYPT
"Research official issuer sources for FY2024 Q3. Verify missing quarter existence/source evidence. Do not research other fields.; Research official issuer sources for FY2025 Q1. Verify missing quarter existence/source evidence, target collision evidence. Do not research other fields.",0,0,3,P3_LATEST8Q,3,P3_LATEST8Q,MISSING_QUARTER_EXISTENCE|TARGET_COLLISION_EVIDENCE,0,YES,FBIN
"Research official issuer sources for FY2024 Q4. Verify EBIT, source semantics confirmation, Total Debt. Do not research other fields.",0,0,3,P3_LATEST8Q,3,P3_LATEST8Q,EBIT_DIRECT|SOURCE_SEMANTICS_CONFIRMATION|TOTAL_DEBT,0,YES,FBIO
"Research official issuer sources for FY2024 Q2. Verify Capex required to derive FCF, EBIT, FCF, source semantics confirmation. Do not research other fields.; Research official issuer sources for FY2024 Q3. Verify Capex required to derive FCF, EBIT, FCF, source semantics confirmation. Do not research other fields.",0,2,8,P3_LATEST8Q,10,P3_LATEST8Q,CAPEX_FOR_FCF|EBIT_DIRECT|FCF_DIRECT|SOURCE_SEMANTICS_CONFIRMATION,0,NO,FBRT
"Research official issuer sources for FY2025 Q1. Verify missing quarter existence/source evidence. Do not research other fields.; Research official issuer sources for FY2025 Q2. Verify EBIT, FCF, OCF required to derive FCF, source semantics confirmation. Do not research other fields.",0,0,5,P3_LATEST8Q,5,P3_LATEST8Q,EBIT_DIRECT|FCF_DIRECT|MISSING_QUARTER_EXISTENCE|OCF_FOR_FCF|SOURCE_SEMANTICS_CONFIRMATION,0,YES,FC
Research official issuer sources for FY2024 Q3. Verify Total Debt. Do not research other fields.,0,1,1,P3_LATEST8Q,2,P3_LATEST8Q,TOTAL_DEBT,0,NO,FCN
"Research official issuer sources for FY2024 Q2. Verify Capex required to derive FCF, EBIT, FCF, source semantics confirmation. Do not research other fields.; Research official issuer sources for FY2024 Q3. Verify Capex required to derive FCF, EBIT, FCF, source semantics confirmation. Do not research other fields.",0,2,8,P3_LATEST8Q,10,P3_LATEST8Q,CAPEX_FOR_FCF|EBIT_DIRECT|FCF_DIRECT|SOURCE_SEMANTICS_CONFIRMATION,0,NO,FCPT
Research official issuer sources for FY2024 Q2. Verify Total Debt. Do not research other fields.; Research official issuer sources for FY2024 Q3. Verify Total Debt. Do not research other fields.,0,0,2,P3_LATEST8Q,2,P3_LATEST8Q,TOTAL_DEBT,0,YES,FDMT
"Research official issuer sources for FY2025 Q1. Verify first-public result publication date, Total Debt. Do not research other fields.; Research official issuer sources for FY2025 Q2. Verify first-public result publication date, Total Debt. Do not research other fields.; Research official issuer sources for FY2025 Q3. Verify first-public result publication date. Do not research other fields.",0,0,5,P3_LATEST8Q,5,P3_LATEST8Q,FIRST_PUBLIC_PUBLISH_DATE|TOTAL_DEBT,0,NO,FEIM
"Research official issuer sources for FY2025 Q2. Verify fiscal transition evidence, official period_end, source semantics confirmation. Do not research other fields.; Research official issuer sources for FY2025 Q3. Verify fiscal transition evidence, official period_end, source semantics confirmation. Do not research other fields.; Research official issuer sources for FY2026 Q1. Verify first-public result publication date, fiscal transition evidence, official period_end, source semantics confirmation. Do not research other fields.; Research official issuer sources for FY2022 Q4. Verify first-public result publication date, missing quarter existence/source evidence. Do not research other fields.; Research official issuer sources for FY2024 Q3. Verify first-public result publication date, missing quarter existence/source evidence. Do not research other fields.",0,0,14,P2_LATEST4Q,14,P2_LATEST4Q,FIRST_PUBLIC_PUBLISH_DATE|FISCAL_TRANSITION_EVIDENCE|MISSING_QUARTER_EXISTENCE|OFFICIAL_PERIOD_END|SOURCE_SEMANTICS_CONFIRMATION,0,YES,FERG
"Research official issuer sources for FY2025 Q2. Verify Total Debt. Do not research other fields.; Research official issuer sources for FY2025 Q3. Verify Total Debt. Do not research other fields.; Research official issuer sources for FY2024 Q2. Verify Total Debt. Do not research other fields.; Research official issuer sources for FY2024 Q4. Verify EBIT, source semantics confirmation. Do not research other fields.; Research official issuer sources for FY2025 Q1. Verify Total Debt. Do not research other fields.",0,0,6,P2_LATEST4Q,6,P2_LATEST4Q,EBIT_DIRECT|SOURCE_SEMANTICS_CONFIRMATION|TOTAL_DEBT,0,NO,FF
"Research official issuer sources for FY2025 Q2. Verify first-public result publication date. Do not research other fields.; Research official issuer sources for FY2024 Q2. Verify first-public result publication date, Shares Outstanding, Total Debt. Do not research other fields.; Research official issuer sources for FY2024 Q3. Verify first-public result publication date, Total Debt. Do not research other fields.; Research official issuer sources for FY2025 Q1. Verify first-public result publication date. Do not research other fields.",0,0,7,P2_LATEST4Q,7,P2_LATEST4Q,FIRST_PUBLIC_PUBLISH_DATE|SHARES_OUTSTANDING|TOTAL_DEBT,0,NO,FFAI
Research official issuer sources for FY2024 Q3. Verify Total Debt. Do not research other fields.,0,1,1,P3_LATEST8Q,2,P3_LATEST8Q,TOTAL_DEBT,0,NO,FFIV
Research official issuer sources for FY2024 Q3. Verify Total Debt. Do not research other fields.; Research official issuer sources for FY2025 Q1. Verify Cash. Do not research other fields.,0,0,2,P3_LATEST8Q,2,P3_LATEST8Q,CASH|TOTAL_DEBT,0,NO,FHTX
"Research official issuer sources for FY2025 Q2. Verify first-public result publication date. Do not research other fields.; Research official issuer sources for FY2025 Q3. Verify first-public result publication date. Do not research other fields.; Research official issuer sources for FY2024 Q2. Verify Capex required to derive FCF, FCF, first-public result publication date, source semantics confirmation, Total Debt. Do not research other fields.; Research official issuer sources for FY2024 Q3. Verify first-public result publication date, Total Debt. Do not research other fields.; Research official issuer sources for FY2025 Q1. Verify first-public result publication date. Do not research other fields.",0,0,10,P2_LATEST4Q,10,P2_LATEST4Q,CAPEX_FOR_FCF|FCF_DIRECT|FIRST_PUBLIC_PUBLISH_DATE|SOURCE_SEMANTICS_CONFIRMATION|TOTAL_DEBT,0,NO,FIEE
Research official issuer sources for FY2024 Q2. Verify Total Debt. Do not research other fields.; Research official issuer sources for FY2024 Q3. Verify Total Debt. Do not research other fields.,0,1,2,P3_LATEST8Q,3,P3_LATEST8Q,TOTAL_DEBT,0,NO,FIGS
"Research official issuer sources for FY2024 Q1. Verify EBIT, source semantics confirmation. Do not research other fields.; Research official issuer sources for FY2024 Q2. Verify EBIT, source semantics confirmation. Do not research other fields.; Research official issuer sources for FY2024 Q3. Verify EBIT, missing quarter existence/source evidence, source semantics confirmation. Do not research other fields.; Research official issuer sources for FY2025 Q1. Verify missing quarter existence/source evidence. Do not research other fields.",0,0,8,P3_LATEST8Q,8,P3_LATEST8Q,EBIT_DIRECT|MISSING_QUARTER_EXISTENCE|SOURCE_SEMANTICS_CONFIRMATION,0,YES,FIP
Research official issuer sources for FY2024 Q2. Verify Total Debt. Do not research other fields.; Research official issuer sources for FY2024 Q3. Verify Total Debt. Do not research other fields.,0,0,2,P3_LATEST8Q,2,P3_LATEST8Q,TOTAL_DEBT,0,NO,FIVE
Research official issuer sources for FY2025 Q1. Verify Total Debt. Do not research other fields.; Research official issuer sources for FY2025 Q2. Verify Total Debt. Do not research other fields.,0,0,2,P3_LATEST8Q,2,P3_LATEST8Q,TOTAL_DEBT,0,NO,FIZZ
"Research official issuer sources for FY2024 Q3. Verify EBIT, source semantics confirmation. Do not research other fields.",0,1,2,P3_LATEST8Q,3,P3_LATEST8Q,EBIT_DIRECT|SOURCE_SEMANTICS_CONFIRMATION,0,NO,FLNC
"Research official issuer sources for FY2024 Q2. Verify Total Debt. Do not research other fields.; Research official issuer sources for FY2024 Q3. Verify Total Debt. Do not research other fields.; Research official issuer sources for FY2025 Q1. Verify Cash, EBIT, FCF, OCF required to derive FCF, source semantics confirmation. Do not research other fields.",0,2,7,P3_LATEST8Q,9,P3_LATEST8Q,CASH|EBIT_DIRECT|FCF_DIRECT|OCF_FOR_FCF|SOURCE_SEMANTICS_CONFIRMATION|TOTAL_DEBT,0,NO,FLYW
"Research official issuer sources for FY2024 Q2. Verify Capex required to derive FCF, FCF, source semantics confirmation, Total Debt. Do not research other fields.; Research official issuer sources for FY2024 Q3. Verify Total Debt. Do not research other fields.; Research official issuer sources for FY2025 Q1. Verify EBIT, FCF, lineage/source ownership evidence, OCF required to derive FCF, Revenue, source semantics confirmation, target collision evidence, Total Debt. Do not research other fields.",0,0,13,P3_LATEST8Q,13,P3_LATEST8Q,CAPEX_FOR_FCF|EBIT_DIRECT|FCF_DIRECT|LINEAGE_OWNERSHIP_EVIDENCE|OCF_FOR_FCF|REVENUE|SOURCE_SEMANTICS_CONFIRMATION|TARGET_COLLISION_EVIDENCE|TOTAL_DEBT,0,YES,FNGR
"Research official issuer sources for FY2024 Q3. Verify EBIT, source semantics confirmation. Do not research other fields.; Research official issuer sources for FY2025 Q1. Verify EBIT, source semantics confirmation. Do not research other fields.",0,2,4,P3_LATEST8Q,6,P3_LATEST8Q,EBIT_DIRECT|SOURCE_SEMANTICS_CONFIRMATION,0,NO,FOR
Research official issuer sources for FY2024 Q2. Verify Shares Outstanding. Do not research other fields.; Research official issuer sources for FY2024 Q3. Verify Shares Outstanding. Do not research other fields.,0,1,2,P3_LATEST8Q,3,P3_LATEST8Q,SHARES_OUTSTANDING,0,NO,FOUR
"Research official issuer sources for FY2025 Q1. Verify EBIT, source semantics confirmation. Do not research other fields.",0,0,2,P3_LATEST8Q,2,P3_LATEST8Q,EBIT_DIRECT|SOURCE_SEMANTICS_CONFIRMATION,0,NO,FOX
"Research official issuer sources for FY2025 Q1. Verify Cash, EBIT. Do not research other fields.; Research official issuer sources for FY2025 Q2. Verify EBIT, source semantics confirmation. Do not research other fields.; Research official issuer sources for FY2025 Q3. Verify EBIT, source semantics confirmation. Do not research other fields.",0,0,6,P3_LATEST8Q,6,P3_LATEST8Q,CASH|EBIT_DIRECT|SOURCE_SEMANTICS_CONFIRMATION,0,NO,FOXA
"Research official issuer sources for FY2024 Q2. Verify Cash, Total Debt. Do not research other fields.; Research official issuer sources for FY2024 Q3. Verify Cash, Total Debt. Do not research other fields.",0,1,4,P3_LATEST8Q,5,P3_LATEST8Q,CASH|TOTAL_DEBT,0,NO,FOXX
"Research official issuer sources for FY2024 Q2. Verify EBIT, source semantics confirmation. Do not research other fields.; Research official issuer sources for FY2024 Q3. Verify EBIT, source semantics confirmation. Do not research other fields.",0,1,4,P3_LATEST8Q,5,P3_LATEST8Q,EBIT_DIRECT|SOURCE_SEMANTICS_CONFIRMATION,0,NO,FPH
"Research official issuer sources for FY2024 Q3. Verify EBIT, source semantics confirmation. Do not research other fields.; Research official issuer sources for FY2024 Q4. Verify EBIT, source semantics confirmation. Do not research other fields.; Research official issuer sources for FY2025 Q1. Verify Total Debt. Do not research other fields.",0,0,5,P3_LATEST8Q,5,P3_LATEST8Q,EBIT_DIRECT|SOURCE_SEMANTICS_CONFIRMATION|TOTAL_DEBT,0,NO,FPI
"Research official issuer sources for FY2024 Q2. Verify EBIT, source semantics confirmation. Do not research other fields.; Research official issuer sources for FY2024 Q3. Verify EBIT, source semantics confirmation. Do not research other fields.",0,1,4,P3_LATEST8Q,5,P3_LATEST8Q,EBIT_DIRECT|SOURCE_SEMANTICS_CONFIRMATION,0,NO,FR
Research official issuer sources for FY2025 Q1. Verify first-public result publication date. Do not research other fields.; Research official issuer sources for FY2025 Q2. Verify first-public result publication date. Do not research other fields.; Research official issuer sources for FY2025 Q3. Verify first-public result publication date. Do not research other fields.,0,0,3,P2_LATEST4Q,3,P2_LATEST4Q,FIRST_PUBLIC_PUBLISH_DATE,0,NO,FRGT
Research official issuer sources for FY2024 Q2. Verify Total Debt. Do not research other fields.; Research official issuer sources for FY2024 Q3. Verify Total Debt. Do not research other fields.,0,1,2,P3_LATEST8Q,3,P3_LATEST8Q,TOTAL_DEBT,0,NO,FROG
Research official issuer sources for FY2024 Q2. Verify Total Debt. Do not research other fields.; Research official issuer sources for FY2024 Q3. Verify Total Debt. Do not research other fields.,0,2,2,P3_LATEST8Q,4,P3_LATEST8Q,TOTAL_DEBT,0,NO,FRSH
"Research official issuer sources for FY2024 Q2. Verify EBIT, source semantics confirmation. Do not research other fields.; Research official issuer sources for FY2024 Q3. Verify EBIT, source semantics confirmation. Do not research other fields.",0,1,4,P3_LATEST8Q,5,P3_LATEST8Q,EBIT_DIRECT|SOURCE_SEMANTICS_CONFIRMATION,0,NO,FTAI
"Research official issuer sources for FY2024 Q2. Verify EBIT, source semantics confirmation. Do not research other fields.; Research official issuer sources for FY2024 Q3. Verify EBIT, source semantics confirmation. Do not research other fields.",0,1,4,P3_LATEST8Q,5,P3_LATEST8Q,EBIT_DIRECT|SOURCE_SEMANTICS_CONFIRMATION,0,NO,FTDR
"Research official issuer sources for FY2025 Q2. Verify first-public result publication date. Do not research other fields.; Research official issuer sources for FY2024 Q1. Verify Cash, first-public result publication date, Total Debt. Do not research other fields.; Research official issuer sources for FY2024 Q3. Verify first-public result publication date, Total Debt. Do not research other fields.",0,2,6,P2_LATEST4Q,8,P2_LATEST4Q,CASH|FIRST_PUBLIC_PUBLISH_DATE|TOTAL_DEBT,0,NO,FTFT
"Research official issuer sources for FY2025 Q1. Verify fiscal transition evidence, official period_end, source semantics confirmation. Do not research other fields.; Research official issuer sources for FY2025 Q2. Verify fiscal transition evidence, official period_end, source semantics confirmation. Do not research other fields.",0,0,6,P3_LATEST8Q,6,P3_LATEST8Q,FISCAL_TRANSITION_EVIDENCE|OFFICIAL_PERIOD_END|SOURCE_SEMANTICS_CONFIRMATION,0,YES,FUBO
"Research official issuer sources for FY2024 Q3. Verify Revenue, Total Debt. Do not research other fields.; Research official issuer sources for FY2024 Q4. Verify Total Debt. Do not research other fields.",0,0,3,P3_LATEST8Q,3,P3_LATEST8Q,REVENUE|TOTAL_DEBT,0,NO,FULC
Research official issuer sources for FY2023 Q2. Verify Shares Outstanding. Do not research other fields.; Research official issuer sources for FY2023 Q3. Verify Shares Outstanding. Do not research other fields.; Research official issuer sources for FY2024 Q1. Verify Shares Outstanding. Do not research other fields.,0,2,3,P3_LATEST8Q,5,P3_LATEST8Q,SHARES_OUTSTANDING,0,NO,FUN
Research official issuer sources for FY2024 Q2. Verify Shares Outstanding. Do not research other fields.; Research official issuer sources for FY2024 Q3. Verify Shares Outstanding. Do not research other fields.,0,2,2,P3_LATEST8Q,4,P3_LATEST8Q,SHARES_OUTSTANDING,0,NO,FWONA
Research official issuer sources for FY2024 Q2. Verify Shares Outstanding. Do not research other fields.; Research official issuer sources for FY2024 Q3. Verify Shares Outstanding. Do not research other fields.,0,2,2,P3_LATEST8Q,4,P3_LATEST8Q,SHARES_OUTSTANDING,0,NO,FWONK
,0,1,0,NO_EXTERNAL_RESEARCH_NEEDED,1,P3_LATEST8Q,,0,NO,FWRD
"Research official issuer sources for FY2024 Q2. Verify Capex required to derive FCF, FCF, Revenue, source semantics confirmation. Do not research other fields.; Research official issuer sources for FY2024 Q3. Verify Capex required to derive FCF, FCF, Revenue, source semantics confirmation. Do not research other fields.; Research official issuer sources for FY2024 Q4. Verify EBIT, source semantics confirmation. Do not research other fields.",0,0,10,P3_LATEST8Q,10,P3_LATEST8Q,CAPEX_FOR_FCF|EBIT_DIRECT|FCF_DIRECT|REVENUE|SOURCE_SEMANTICS_CONFIRMATION,0,YES,GALT
Research official issuer sources for FY2024 Q2. Verify Revenue. Do not research other fields.; Research official issuer sources for FY2024 Q3. Verify Revenue. Do not research other fields.,0,0,2,P3_LATEST8Q,2,P3_LATEST8Q,REVENUE,0,NO,GANX
Research official issuer sources for FY2024 Q3. Verify missing quarter existence/source evidence. Do not research other fields.,0,0,1,P3_LATEST8Q,1,P3_LATEST8Q,MISSING_QUARTER_EXISTENCE,0,NO,GAP
"Research official issuer sources for FY2024 Q1. Verify EBIT, source semantics confirmation. Do not research other fields.; Research official issuer sources for FY2024 Q2. Verify EBIT, source semantics confirmation. Do not research other fields.; Research official issuer sources for FY2024 Q3. Verify EBIT, source semantics confirmation. Do not research other fields.",0,1,6,P3_LATEST8Q,7,P3_LATEST8Q,EBIT_DIRECT|SOURCE_SEMANTICS_CONFIRMATION,0,NO,GATX
"Research official issuer sources for FY2024 Q4. Verify EBIT, lineage/source ownership evidence, source semantics confirmation, target collision evidence. Do not research other fields.",0,0,4,P3_LATEST8Q,4,P3_LATEST8Q,EBIT_DIRECT|LINEAGE_OWNERSHIP_EVIDENCE|SOURCE_SEMANTICS_CONFIRMATION|TARGET_COLLISION_EVIDENCE,0,YES,GCO
Research official issuer sources for FY2024 Q2. Verify Total Debt. Do not research other fields.; Research official issuer sources for FY2024 Q3. Verify Total Debt. Do not research other fields.,0,1,2,P3_LATEST8Q,3,P3_LATEST8Q,TOTAL_DEBT,0,NO,GCT
"Research official issuer sources for FY2024 Q2. Verify first-public result publication date, Revenue, Total Debt. Do not research other fields.; Research official issuer sources for FY2024 Q3. Verify first-public result publication date, Revenue, Total Debt. Do not research other fields.",0,0,6,P3_LATEST8Q,6,P3_LATEST8Q,FIRST_PUBLIC_PUBLISH_DATE|REVENUE|TOTAL_DEBT,0,NO,GCTK
"Research official issuer sources for FY2023 Q2. Verify first-public result publication date, Total Debt. Do not research other fields.; Research official issuer sources for FY2023 Q3. Verify first-public result publication date, Total Debt. Do not research other fields.; Research official issuer sources for FY2023 Q4. Verify first-public result publication date. Do not research other fields.",0,1,5,P3_LATEST8Q,6,P3_LATEST8Q,FIRST_PUBLIC_PUBLISH_DATE|TOTAL_DEBT,0,NO,GCTS
"Research official issuer sources for FY2024 Q2. Verify Capex required to derive FCF, FCF, first-public result publication date, Revenue, source semantics confirmation, Total Debt. Do not research other fields.; Research official issuer sources for FY2024 Q3. Verify first-public result publication date, Revenue, Total Debt. Do not research other fields.; Research official issuer sources for FY2024 Q4. Verify Revenue, Total Debt. Do not research other fields.",0,0,11,P3_LATEST8Q,11,P3_LATEST8Q,CAPEX_FOR_FCF|FCF_DIRECT|FIRST_PUBLIC_PUBLISH_DATE|REVENUE|SOURCE_SEMANTICS_CONFIRMATION|TOTAL_DEBT,0,NO,GDC
Research official issuer sources for FY2024 Q2. Verify Total Debt. Do not research other fields.; Research official issuer sources for FY2024 Q3. Verify Total Debt. Do not research other fields.,0,1,2,P3_LATEST8Q,3,P3_LATEST8Q,TOTAL_DEBT,0,NO,GDYN
"Research official issuer sources for FY2024 Q2. Verify EBIT, source semantics confirmation. Do not research other fields.; Research official issuer sources for FY2024 Q3. Verify EBIT, source semantics confirmation. Do not research other fields.",0,1,4,P3_LATEST8Q,5,P3_LATEST8Q,EBIT_DIRECT|SOURCE_SEMANTICS_CONFIRMATION,0,NO,GE
"Research official issuer sources for FY2024 Q4. Verify EBIT, source semantics confirmation. Do not research other fields.",0,0,2,P3_LATEST8Q,2,P3_LATEST8Q,EBIT_DIRECT|SOURCE_SEMANTICS_CONFIRMATION,0,NO,GEL
"Research official issuer sources for FY2024 Q4. Verify EBIT, lineage/source ownership evidence, source semantics confirmation, target collision evidence. Do not research other fields.; Research official issuer sources for FY2025 Q1. Verify lineage/source ownership evidence, official period_end. Do not research other fields.",0,0,6,P3_LATEST8Q,6,P3_LATEST8Q,EBIT_DIRECT|LINEAGE_OWNERSHIP_EVIDENCE|OFFICIAL_PERIOD_END|SOURCE_SEMANTICS_CONFIRMATION|TARGET_COLLISION_EVIDENCE,0,YES,GEN
,0,2,0,NO_EXTERNAL_RESEARCH_NEEDED,2,P3_LATEST8Q,,0,NO,GEO
Research official issuer sources for FY2024 Q3. Verify Total Debt. Do not research other fields.,0,1,1,P3_LATEST8Q,2,P3_LATEST8Q,TOTAL_DEBT,0,NO,GEOS
"Research official issuer sources for FY2024 Q4. Verify Cash, EBIT, FCF, OCF required to derive FCF, source semantics confirmation. Do not research other fields.",0,0,5,P3_LATEST8Q,5,P3_LATEST8Q,CASH|EBIT_DIRECT|FCF_DIRECT|OCF_FOR_FCF|SOURCE_SEMANTICS_CONFIRMATION,0,NO,GERN
"Research official issuer sources for FY2025 Q3. Verify Total Debt. Do not research other fields.; Research official issuer sources for FY2024 Q3. Verify first-public result publication date, lineage/source ownership evidence, Total Debt. Do not research other fields.; Research official issuer sources for FY2025 Q1. Verify Total Debt. Do not research other fields.; Research official issuer sources for FY2025 Q2. Verify Total Debt. Do not research other fields.",0,0,6,P2_LATEST4Q,6,P2_LATEST4Q,FIRST_PUBLIC_PUBLISH_DATE|LINEAGE_OWNERSHIP_EVIDENCE|TOTAL_DEBT,0,NO,GEV
"Research official issuer sources for FY2024 Q1. Verify fiscal transition evidence, official period_end, source semantics confirmation, target collision evidence. Do not research other fields.; Research official issuer sources for FY2024 Q2. Verify fiscal transition evidence, official period_end, source semantics confirmation, target collision evidence. Do not research other fields.; Research official issuer sources for FY2024 Q3. Verify fiscal transition evidence, official period_end, source semantics confirmation, target collision evidence. Do not research other fields.; Research official issuer sources for FY2025 Q1. Verify fiscal transition evidence, official period_end, source semantics confirmation, target collision evidence. Do not research other fields.",0,0,16,P3_LATEST8Q,16,P3_LATEST8Q,FISCAL_TRANSITION_EVIDENCE|OFFICIAL_PERIOD_END|SOURCE_SEMANTICS_CONFIRMATION|TARGET_COLLISION_EVIDENCE,0,YES,GHM
Research official issuer sources for FY2024 Q2. Verify Total Debt. Do not research other fields.; Research official issuer sources for FY2024 Q3. Verify Total Debt. Do not research other fields.,0,2,2,P3_LATEST8Q,4,P3_LATEST8Q,TOTAL_DEBT,0,NO,GIC
"Research official issuer sources for FY2025 Q4. Verify lineage/source ownership evidence, official period_end, target collision evidence. Do not research other fields.",0,0,3,P3_LATEST8Q,3,P3_LATEST8Q,LINEAGE_OWNERSHIP_EVIDENCE|OFFICIAL_PERIOD_END|TARGET_COLLISION_EVIDENCE,0,YES,GIS
"Research official issuer sources for FY2024 Q2. Verify Capex required to derive FCF, FCF, first-public result publication date, source semantics confirmation. Do not research other fields.; Research official issuer sources for FY2024 Q3. Verify first-public result publication date. Do not research other fields.",0,0,5,P3_LATEST8Q,5,P3_LATEST8Q,CAPEX_FOR_FCF|FCF_DIRECT|FIRST_PUBLIC_PUBLISH_DATE|SOURCE_SEMANTICS_CONFIRMATION,0,NO,GITS
,0,1,0,NO_EXTERNAL_RESEARCH_NEEDED,1,P3_LATEST8Q,,0,NO,GLPI
Research official issuer sources for FY2024 Q2. Verify Total Debt. Do not research other fields.; Research official issuer sources for FY2024 Q3. Verify Total Debt. Do not research other fields.,0,2,2,P3_LATEST8Q,4,P3_LATEST8Q,TOTAL_DEBT,0,NO,GLUE
"Research official issuer sources for FY2024 Q3. Verify first-public result publication date, lineage/source ownership evidence. Do not research other fields.",0,0,2,P3_LATEST8Q,2,P3_LATEST8Q,FIRST_PUBLIC_PUBLISH_DATE|LINEAGE_OWNERSHIP_EVIDENCE,0,NO,GME
"Research official issuer sources for FY2025 Q1. Verify Cash, EBIT, FCF, OCF required to derive FCF, source semantics confirmation, Total Debt. Do not research other fields.",0,0,6,P3_LATEST8Q,6,P3_LATEST8Q,CASH|EBIT_DIRECT|FCF_DIRECT|OCF_FOR_FCF|SOURCE_SEMANTICS_CONFIRMATION|TOTAL_DEBT,0,YES,GNE
Research official issuer sources for FY2025 Q2. Verify first-public result publication date. Do not research other fields.; Research official issuer sources for FY2024 Q2. Verify first-public result publication date. Do not research other fields.; Research official issuer sources for FY2024 Q3. Verify first-public result publication date. Do not research other fields.,0,0,3,P2_LATEST4Q,3,P2_LATEST4Q,FIRST_PUBLIC_PUBLISH_DATE,0,NO,GNLN
Research official issuer sources for FY2024 Q1. Verify Total Debt. Do not research other fields.; Research official issuer sources for FY2024 Q2. Verify Total Debt. Do not research other fields.; Research official issuer sources for FY2024 Q3. Verify Total Debt. Do not research other fields.,0,2,3,P3_LATEST8Q,5,P3_LATEST8Q,TOTAL_DEBT,0,NO,GNLX
Research official issuer sources for FY2024 Q2. Verify Total Debt. Do not research other fields.; Research official issuer sources for FY2024 Q3. Verify Total Debt. Do not research other fields.; Research official issuer sources for FY2025 Q1. Verify Total Debt. Do not research other fields.,0,2,3,P3_LATEST8Q,5,P3_LATEST8Q,TOTAL_DEBT,0,NO,GNTX
"Research official issuer sources for FY2024 Q2. Verify EBIT, source semantics confirmation. Do not research other fields.; Research official issuer sources for FY2024 Q3. Verify EBIT, source semantics confirmation. Do not research other fields.",0,1,4,P3_LATEST8Q,5,P3_LATEST8Q,EBIT_DIRECT|SOURCE_SEMANTICS_CONFIRMATION,0,NO,GOOD
,0,2,0,NO_EXTERNAL_RESEARCH_NEEDED,2,P3_LATEST8Q,,0,NO,GOSS
"Research official issuer sources for FY2024 Q2. Verify EBIT, source semantics confirmation. Do not research other fields.; Research official issuer sources for FY2024 Q3. Verify EBIT, source semantics confirmation. Do not research other fields.",0,1,4,P3_LATEST8Q,5,P3_LATEST8Q,EBIT_DIRECT|SOURCE_SEMANTICS_CONFIRMATION,0,NO,GPC
"Research official issuer sources for FY2024 Q2. Verify Revenue, Total Debt. Do not research other fields.; Research official issuer sources for FY2024 Q3. Verify Revenue, Total Debt. Do not research other fields.; Research official issuer sources for FY2025 Q1. Verify Cash. Do not research other fields.",0,2,5,P3_LATEST8Q,7,P3_LATEST8Q,CASH|REVENUE|TOTAL_DEBT,0,NO,GPCR
"Research official issuer sources for FY2024 Q4. Verify EBIT, source semantics confirmation. Do not research other fields.; Research official issuer sources for FY2025 Q1. Verify Total Debt. Do not research other fields.",0,0,3,P3_LATEST8Q,3,P3_LATEST8Q,EBIT_DIRECT|SOURCE_SEMANTICS_CONFIRMATION|TOTAL_DEBT,0,NO,GPK
"Research official issuer sources for FY2025 Q3. Verify EBIT. Do not research other fields.; Research official issuer sources for FY2025 Q4. Verify EBIT. Do not research other fields.; Research official issuer sources for FY2026 Q1. Verify EBIT. Do not research other fields.; Research official issuer sources for FY2024 Q3. Verify Capex required to derive FCF, EBIT, FCF, Revenue, source semantics confirmation, Total Debt. Do not research other fields.; Research official issuer sources for FY2024 Q4. Verify EBIT. Do not research other fields.; Research official issuer sources for FY2025 Q1. Verify EBIT. Do not research other fields.; Research official issuer sources for FY2025 Q2. Verify EBIT. Do not research other fields.",0,0,12,P2_LATEST4Q,12,P2_LATEST4Q,CAPEX_FOR_FCF|EBIT_DIRECT|FCF_DIRECT|REVENUE|SOURCE_SEMANTICS_CONFIRMATION|TOTAL_DEBT,0,NO,GPMT
"Research official issuer sources for FY2024 Q3. Verify EBIT, source semantics confirmation. Do not research other fields.",0,0,2,P3_LATEST8Q,2,P3_LATEST8Q,EBIT_DIRECT|SOURCE_SEMANTICS_CONFIRMATION,0,YES,GRBK
"Research official issuer sources for FY2024 Q2. Verify first-public result publication date, Revenue, Total Debt. Do not research other fields.; Research official issuer sources for FY2024 Q3. Verify Revenue, Total Debt. Do not research other fields.",0,0,5,P3_LATEST8Q,5,P3_LATEST8Q,FIRST_PUBLIC_PUBLISH_DATE|REVENUE|TOTAL_DEBT,0,NO,GRI
"Research official issuer sources for FY2024 Q2. Verify Total Debt. Do not research other fields.; Research official issuer sources for FY2024 Q3. Verify missing quarter existence/source evidence, Total Debt. Do not research other fields.",0,0,3,P3_LATEST8Q,3,P3_LATEST8Q,MISSING_QUARTER_EXISTENCE|TOTAL_DEBT,0,YES,GRMN
Research official issuer sources for FY2024 Q1. Verify Total Debt. Do not research other fields.; Research official issuer sources for FY2024 Q2. Verify Total Debt. Do not research other fields.; Research official issuer sources for FY2024 Q3. Verify Total Debt. Do not research other fields.,0,1,3,P3_LATEST8Q,4,P3_LATEST8Q,TOTAL_DEBT,0,NO,GRWG
Research official issuer sources for FY2025 Q1. Verify EBIT. Do not research other fields.,0,1,1,P3_LATEST8Q,2,P3_LATEST8Q,EBIT_DIRECT,0,NO,GSAT
Research official issuer sources for FY2025 Q1. Verify Total Debt. Do not research other fields.; Research official issuer sources for FY2025 Q2. Verify Total Debt. Do not research other fields.,0,0,2,P3_LATEST8Q,2,P3_LATEST8Q,TOTAL_DEBT,0,NO,GSIT
"Research official issuer sources for FY2024 Q3. Verify EBIT, source semantics confirmation. Do not research other fields.",0,0,2,P3_LATEST8Q,2,P3_LATEST8Q,EBIT_DIRECT|SOURCE_SEMANTICS_CONFIRMATION,0,NO,GT
Research official issuer sources for FY2025 Q2. Verify first-public result publication date. Do not research other fields.; Research official issuer sources for FY2025 Q3. Verify first-public result publication date. Do not research other fields.; Research official issuer sources for FY2024 Q2. Verify Total Debt. Do not research other fields.; Research official issuer sources for FY2024 Q3. Verify Total Debt. Do not research other fields.; Research official issuer sources for FY2025 Q1. Verify first-public result publication date. Do not research other fields.,0,0,5,P2_LATEST4Q,5,P2_LATEST4Q,FIRST_PUBLIC_PUBLISH_DATE|TOTAL_DEBT,0,NO,GTEC
"Research official issuer sources for FY2025 Q1. Verify fiscal transition evidence, official period_end, source semantics confirmation, target collision evidence. Do not research other fields.; Research official issuer sources for FY2025 Q2. Verify fiscal transition evidence, official period_end, source semantics confirmation, target collision evidence. Do not research other fields.",0,0,8,P3_LATEST8Q,8,P3_LATEST8Q,FISCAL_TRANSITION_EVIDENCE|OFFICIAL_PERIOD_END|SOURCE_SEMANTICS_CONFIRMATION|TARGET_COLLISION_EVIDENCE,0,YES,GTES
"Research official issuer sources for FY2026 Q2. Verify Total Debt. Do not research other fields.; Research official issuer sources for FY2026 Q3. Verify Total Debt. Do not research other fields.; Research official issuer sources for FY2025 Q1. Verify lineage/source ownership evidence, target collision evidence, Total Debt. Do not research other fields.; Research official issuer sources for FY2025 Q2. Verify Total Debt. Do not research other fields.",0,0,6,P2_LATEST4Q,6,P2_LATEST4Q,LINEAGE_OWNERSHIP_EVIDENCE|TARGET_COLLISION_EVIDENCE|TOTAL_DEBT,0,YES,GTLB
,0,2,0,NO_EXTERNAL_RESEARCH_NEEDED,2,P3_LATEST8Q,,0,NO,GTM
,0,1,0,NO_EXTERNAL_RESEARCH_NEEDED,1,P3_LATEST8Q,,0,NO,GTN
"Research official issuer sources for FY2024 Q2. Verify EBIT, source semantics confirmation. Do not research other fields.; Research official issuer sources for FY2024 Q3. Verify EBIT, source semantics confirmation. Do not research other fields.",0,1,4,P3_LATEST8Q,5,P3_LATEST8Q,EBIT_DIRECT|SOURCE_SEMANTICS_CONFIRMATION,0,NO,GTX
"Research official issuer sources for FY2024 Q2. Verify Cash, first-public result publication date, lineage/source ownership evidence, Revenue, Total Debt. Do not research other fields.; Research official issuer sources for FY2024 Q3. Verify Cash, first-public result publication date, lineage/source ownership evidence, Revenue, Total Debt. Do not research other fields.",0,0,10,P3_LATEST8Q,10,P3_LATEST8Q,CASH|FIRST_PUBLIC_PUBLISH_DATE|LINEAGE_OWNERSHIP_EVIDENCE|REVENUE|TOTAL_DEBT,0,NO,GUTS
Research official issuer sources for FY2024 Q2. Verify Total Debt. Do not research other fields.,0,0,1,P3_LATEST8Q,1,P3_LATEST8Q,TOTAL_DEBT,0,NO,GWH
"Research official issuer sources for FY2025 Q2. Verify first-public result publication date, Total Debt. Do not research other fields.; Research official issuer sources for FY2025 Q3. Verify first-public result publication date, Total Debt. Do not research other fields.; Research official issuer sources for FY2025 Q4. Verify Total Debt. Do not research other fields.; Research official issuer sources for FY2024 Q1. Verify Capex required to derive FCF, FCF, first-public result publication date, source semantics confirmation, Total Debt. Do not research other fields.; Research official issuer sources for FY2024 Q2. Verify Capex required to derive FCF, FCF, first-public result publication date, source semantics confirmation, Total Debt. Do not research other fields.; Research official issuer sources for FY2024 Q3. Verify Capex required to derive FCF, Cash, FCF, first-public result publication date, source semantics confirmation, Total Debt. Do not research other fields.; Research official issuer sources for FY2025 Q1. Verify first-public result publication date, Total Debt. Do not research other fields.",0,2,23,P2_LATEST4Q,25,P2_LATEST4Q,CAPEX_FOR_FCF|CASH|FCF_DIRECT|FIRST_PUBLIC_PUBLISH_DATE|SOURCE_SEMANTICS_CONFIRMATION|TOTAL_DEBT,0,NO,GXAI
"Research official issuer sources for FY2023 Q3. Verify first-public result publication date, Total Debt. Do not research other fields.; Research official issuer sources for FY2023 Q4. Verify Total Debt. Do not research other fields.; Research official issuer sources for FY2025 Q1. Verify first-public result publication date. Do not research other fields.",0,2,4,P3_LATEST8Q,6,P3_LATEST8Q,FIRST_PUBLIC_PUBLISH_DATE|TOTAL_DEBT,0,NO,GYRE
"Research official issuer sources for FY2024 Q3. Verify EBIT, source semantics confirmation. Do not research other fields.; Research official issuer sources for FY2024 Q4. Verify EBIT, source semantics confirmation. Do not research other fields.",0,0,4,P3_LATEST8Q,4,P3_LATEST8Q,EBIT_DIRECT|SOURCE_SEMANTICS_CONFIRMATION,0,NO,H
"Research official issuer sources for FY2025 Q1. Verify lineage/source ownership evidence, official period_end. Do not research other fields.",0,0,2,P3_LATEST8Q,2,P3_LATEST8Q,LINEAGE_OWNERSHIP_EVIDENCE|OFFICIAL_PERIOD_END,0,YES,HAE
"Research official issuer sources for FY2024 Q2. Verify EBIT, source semantics confirmation. Do not research other fields.; Research official issuer sources for FY2024 Q3. Verify EBIT, source semantics confirmation. Do not research other fields.",0,1,4,P3_LATEST8Q,5,P3_LATEST8Q,EBIT_DIRECT|SOURCE_SEMANTICS_CONFIRMATION,0,NO,HCA
"Research official issuer sources for FY2024 Q2. Verify EBIT, source semantics confirmation. Do not research other fields.; Research official issuer sources for FY2024 Q3. Verify EBIT, source semantics confirmation. Do not research other fields.",0,1,4,P3_LATEST8Q,5,P3_LATEST8Q,EBIT_DIRECT|SOURCE_SEMANTICS_CONFIRMATION,0,NO,HCSG
"Research official issuer sources for FY2024 Q1. Verify Capex required to derive FCF, FCF, source semantics confirmation. Do not research other fields.; Research official issuer sources for FY2024 Q2. Verify Capex required to derive FCF, FCF, source semantics confirmation. Do not research other fields.",0,0,6,P3_LATEST8Q,6,P3_LATEST8Q,CAPEX_FOR_FCF|FCF_DIRECT|SOURCE_SEMANTICS_CONFIRMATION,0,NO,HCTI
"Research official issuer sources for FY2024 Q2. Verify Revenue, Total Debt. Do not research other fields.; Research official issuer sources for FY2024 Q3. Verify Revenue. Do not research other fields.; Research official issuer sources for FY2025 Q1. Verify first-public result publication date. Do not research other fields.",0,0,4,P3_LATEST8Q,4,P3_LATEST8Q,FIRST_PUBLIC_PUBLISH_DATE|REVENUE|TOTAL_DEBT,0,NO,HCWB
Research official issuer sources for FY2024 Q2. Verify Total Debt. Do not research other fields.; Research official issuer sources for FY2024 Q3. Verify Total Debt. Do not research other fields.,0,1,2,P3_LATEST8Q,3,P3_LATEST8Q,TOTAL_DEBT,0,NO,HDSN
Research official issuer sources for FY2024 Q3. Verify Total Debt. Do not research other fields.,0,1,1,P3_LATEST8Q,2,P3_LATEST8Q,TOTAL_DEBT,0,NO,HE
"Research official issuer sources for FY2025 Q4. Verify EBIT, source semantics confirmation. Do not research other fields.",0,0,2,P3_LATEST8Q,2,P3_LATEST8Q,EBIT_DIRECT|SOURCE_SEMANTICS_CONFIRMATION,0,YES,HELE
,0,1,0,NO_EXTERNAL_RESEARCH_NEEDED,1,P3_LATEST8Q,,0,NO,HESM
"Research official issuer sources for FY2024 Q2. Verify EBIT, source semantics confirmation. Do not research other fields.; Research official issuer sources for FY2024 Q3. Verify EBIT, source semantics confirmation. Do not research other fields.",0,1,4,P3_LATEST8Q,5,P3_LATEST8Q,EBIT_DIRECT|SOURCE_SEMANTICS_CONFIRMATION,0,NO,HGV
"Research official issuer sources for FY2023 Q2. Verify Capex required to derive FCF, FCF, source semantics confirmation, Total Debt. Do not research other fields.; Research official issuer sources for FY2023 Q3. Verify Capex required to derive FCF, FCF, source semantics confirmation, Total Debt. Do not research other fields.; Research official issuer sources for FY2025 Q1. Verify Capex required to derive FCF, FCF, lineage/source ownership evidence, source semantics confirmation, target collision evidence, Total Debt. Do not research other fields.",0,0,14,P3_LATEST8Q,14,P3_LATEST8Q,CAPEX_FOR_FCF|FCF_DIRECT|LINEAGE_OWNERSHIP_EVIDENCE|SOURCE_SEMANTICS_CONFIRMATION|TARGET_COLLISION_EVIDENCE|TOTAL_DEBT,0,YES,HHH
Research official issuer sources for FY2024 Q1. Verify Total Debt. Do not research other fields.; Research official issuer sources for FY2024 Q2. Verify Total Debt. Do not research other fields.; Research official issuer sources for FY2024 Q3. Verify Total Debt. Do not research other fields.,0,1,3,P3_LATEST8Q,4,P3_LATEST8Q,TOTAL_DEBT,0,NO,HIMS
"Research official issuer sources for FY2025 Q2. Verify Capex required to derive FCF, FCF, first-public result publication date, source semantics confirmation, Total Debt. Do not research other fields.; Research official issuer sources for FY2025 Q3. Verify Capex required to derive FCF, FCF, source semantics confirmation. Do not research other fields.; Research official issuer sources for FY2024 Q2. Verify Capex required to derive FCF, FCF, first-public result publication date, source semantics confirmation, Total Debt. Do not research other fields.; Research official issuer sources for FY2024 Q3. Verify first-public result publication date, Total Debt. Do not research other fields.; Research official issuer sources for FY2025 Q1. Verify Total Debt. Do not research other fields.",0,0,16,P2_LATEST4Q,16,P2_LATEST4Q,CAPEX_FOR_FCF|FCF_DIRECT|FIRST_PUBLIC_PUBLISH_DATE|SOURCE_SEMANTICS_CONFIRMATION|TOTAL_DEBT,0,NO,HIND
"Research official issuer sources for FY2024 Q4. Verify lineage/source ownership evidence, official period_end, target collision evidence. Do not research other fields.",0,0,3,P3_LATEST8Q,3,P3_LATEST8Q,LINEAGE_OWNERSHIP_EVIDENCE|OFFICIAL_PERIOD_END|TARGET_COLLISION_EVIDENCE,0,YES,HLIO
"Research official issuer sources for FY2024 Q3. Verify EBIT, source semantics confirmation. Do not research other fields.; Research official issuer sources for FY2024 Q4. Verify EBIT, source semantics confirmation. Do not research other fields.",0,0,4,P3_LATEST8Q,4,P3_LATEST8Q,EBIT_DIRECT|SOURCE_SEMANTICS_CONFIRMATION,0,NO,HLLY
Research official issuer sources for FY2024 Q3. Verify missing quarter existence/source evidence. Do not research other fields.,0,0,1,P3_LATEST8Q,1,P3_LATEST8Q,MISSING_QUARTER_EXISTENCE,0,YES,HNI
Research official issuer sources for FY2024 Q3. Verify Total Debt. Do not research other fields.,0,0,1,P3_LATEST8Q,1,P3_LATEST8Q,TOTAL_DEBT,0,NO,HNST
,0,1,0,NO_EXTERNAL_RESEARCH_NEEDED,1,P3_LATEST8Q,,0,NO,HOG
"Research official issuer sources for FY2023 Q1. Verify Total Debt. Do not research other fields.; Research official issuer sources for FY2024 Q4. Verify Capex required to derive FCF, EBIT, FCF, OCF required to derive FCF, Revenue, source semantics confirmation. Do not research other fields.; Research official issuer sources for FY2025 Q2. Verify Capex required to derive FCF, EBIT, FCF, first-public result publication date, OCF required to derive FCF, Revenue, source semantics confirmation. Do not research other fields.; Research official issuer sources for FY2021 Q4. Verify first-public result publication date, Total Debt. Do not research other fields.; Research official issuer sources for FY2022 Q1. Verify first-public result publication date, Total Debt. Do not research other fields.; Research official issuer sources for FY2022 Q2. Verify Cash, EBIT, Revenue, source semantics confirmation, Total Debt. Do not research other fields.",0,3,23,P2_LATEST4Q,26,P2_LATEST4Q,CAPEX_FOR_FCF|CASH|EBIT_DIRECT|FCF_DIRECT|FIRST_PUBLIC_PUBLISH_DATE|OCF_FOR_FCF|REVENUE|SOURCE_SEMANTICS_CONFIRMATION|TOTAL_DEBT,0,NO,HOLO
"Research official issuer sources for FY2025 Q1. Verify Cash, EBIT, FCF, OCF required to derive FCF, Revenue, source semantics confirmation, Total Debt. Do not research other fields.",0,0,7,P3_LATEST8Q,7,P3_LATEST8Q,CASH|EBIT_DIRECT|FCF_DIRECT|OCF_FOR_FCF|REVENUE|SOURCE_SEMANTICS_CONFIRMATION|TOTAL_DEBT,0,NO,HON
"Research official issuer sources for FY2024 Q4. Verify EBIT, source semantics confirmation. Do not research other fields.",0,0,2,P3_LATEST8Q,2,P3_LATEST8Q,EBIT_DIRECT|SOURCE_SEMANTICS_CONFIRMATION,0,NO,HOUR
"Research official issuer sources for FY2024 Q3. Verify EBIT, source semantics confirmation. Do not research other fields.; Research official issuer sources for FY2024 Q4. Verify EBIT, source semantics confirmation. Do not research other fields.",0,0,4,P3_LATEST8Q,4,P3_LATEST8Q,EBIT_DIRECT|SOURCE_SEMANTICS_CONFIRMATION,0,NO,HOV
"Research official issuer sources for FY2025 Q1. Verify Capex required to derive FCF, Cash, FCF, first-public result publication date, Revenue, source semantics confirmation, Total Debt. Do not research other fields.; Research official issuer sources for FY2025 Q2. Verify Cash, first-public result publication date, Revenue, Total Debt. Do not research other fields.; Research official issuer sources for FY2025 Q3. Verify first-public result publication date. Do not research other fields.",0,0,12,P3_LATEST8Q,12,P3_LATEST8Q,CAPEX_FOR_FCF|CASH|FCF_DIRECT|FIRST_PUBLIC_PUBLISH_DATE|REVENUE|SOURCE_SEMANTICS_CONFIRMATION|TOTAL_DEBT,0,NO,HOVR
"Research official issuer sources for FY2024 Q3. Verify Revenue. Do not research other fields.; Research official issuer sources for FY2024 Q4. Verify EBIT, source semantics confirmation, Total Debt. Do not research other fields.; Research official issuer sources for FY2025 Q1. Verify EBIT, source semantics confirmation, Total Debt. Do not research other fields.",0,0,7,P3_LATEST8Q,7,P3_LATEST8Q,EBIT_DIRECT|REVENUE|SOURCE_SEMANTICS_CONFIRMATION|TOTAL_DEBT,0,NO,HOWL
"Research official issuer sources for FY2024 Q1. Verify EBIT, source semantics confirmation. Do not research other fields.; Research official issuer sources for FY2024 Q2. Verify EBIT, source semantics confirmation. Do not research other fields.; Research official issuer sources for FY2024 Q3. Verify EBIT, source semantics confirmation. Do not research other fields.",0,1,6,P3_LATEST8Q,7,P3_LATEST8Q,EBIT_DIRECT|SOURCE_SEMANTICS_CONFIRMATION,0,NO,HPP
"Research official issuer sources for FY2025 Q4. Verify EBIT, source semantics confirmation. Do not research other fields.",0,0,2,P3_LATEST8Q,2,P3_LATEST8Q,EBIT_DIRECT|SOURCE_SEMANTICS_CONFIRMATION,0,YES,HQY
"Research official issuer sources for FY2026 Q1. Verify first-public result publication date. Do not research other fields.; Research official issuer sources for FY2024 Q2. Verify Capex required to derive FCF, EBIT, FCF, source semantics confirmation, Total Debt. Do not research other fields.; Research official issuer sources for FY2024 Q3. Verify Capex required to derive FCF, EBIT, FCF, source semantics confirmation, Total Debt. Do not research other fields.; Research official issuer sources for FY2025 Q1. Verify EBIT, source semantics confirmation. Do not research other fields.",0,2,13,P2_LATEST4Q,15,P2_LATEST4Q,CAPEX_FOR_FCF|EBIT_DIRECT|FCF_DIRECT|FIRST_PUBLIC_PUBLISH_DATE|SOURCE_SEMANTICS_CONFIRMATION|TOTAL_DEBT,0,NO,HR
"Research official issuer sources for FY2024 Q3. Verify EBIT, missing quarter existence/source evidence, source semantics confirmation. Do not research other fields.; Research official issuer sources for FY2025 Q1. Verify EBIT, missing quarter existence/source evidence, source semantics confirmation. Do not research other fields.",0,0,6,P3_LATEST8Q,6,P3_LATEST8Q,EBIT_DIRECT|MISSING_QUARTER_EXISTENCE|SOURCE_SEMANTICS_CONFIRMATION,0,NO,HRB
"Research official issuer sources for FY2024 Q2. Verify EBIT, source semantics confirmation. Do not research other fields.; Research official issuer sources for FY2024 Q3. Verify EBIT, source semantics confirmation. Do not research other fields.",0,1,4,P3_LATEST8Q,5,P3_LATEST8Q,EBIT_DIRECT|SOURCE_SEMANTICS_CONFIRMATION,0,NO,HRI
"Research official issuer sources for FY2024 Q4. Verify EBIT, source semantics confirmation. Do not research other fields.; Research official issuer sources for FY2025 Q1. Verify Cash, EBIT, source semantics confirmation. Do not research other fields.",0,0,5,P3_LATEST8Q,5,P3_LATEST8Q,CASH|EBIT_DIRECT|SOURCE_SEMANTICS_CONFIRMATION,0,NO,HRMY
"Research official issuer sources for FY2024 Q4. Verify EBIT, source semantics confirmation. Do not research other fields.",0,0,2,P3_LATEST8Q,2,P3_LATEST8Q,EBIT_DIRECT|SOURCE_SEMANTICS_CONFIRMATION,0,NO,HRTX
"Research official issuer sources for FY2024 Q2. Verify Cash. Do not research other fields.; Research official issuer sources for FY2024 Q3. Verify Cash, missing quarter existence/source evidence. Do not research other fields.; Research official issuer sources for FY2025 Q1. Verify missing quarter existence/source evidence. Do not research other fields.",0,0,4,P3_LATEST8Q,4,P3_LATEST8Q,CASH|MISSING_QUARTER_EXISTENCE,0,YES,HSIC
Research official issuer sources for FY2024 Q2. Verify Total Debt. Do not research other fields.; Research official issuer sources for FY2024 Q3. Verify Total Debt. Do not research other fields.,0,1,2,P3_LATEST8Q,3,P3_LATEST8Q,TOTAL_DEBT,0,NO,HSTM
"Research official issuer sources for FY2025 Q3. Verify Capex required to derive FCF, FCF, source semantics confirmation. Do not research other fields.; Research official issuer sources for FY2024 Q2. Verify Capex required to derive FCF, FCF, source semantics confirmation. Do not research other fields.; Research official issuer sources for FY2024 Q3. Verify Capex required to derive FCF, FCF, source semantics confirmation. Do not research other fields.",0,1,9,P2_LATEST4Q,10,P2_LATEST4Q,CAPEX_FOR_FCF|FCF_DIRECT|SOURCE_SEMANTICS_CONFIRMATION,0,NO,HTO
"Research official issuer sources for FY2024 Q2. Verify EBIT, source semantics confirmation. Do not research other fields.; Research official issuer sources for FY2024 Q3. Verify EBIT, source semantics confirmation. Do not research other fields.",0,1,4,P3_LATEST8Q,5,P3_LATEST8Q,EBIT_DIRECT|SOURCE_SEMANTICS_CONFIRMATION,0,NO,HTZ
"Research official issuer sources for FY2023 Q4. Verify Capex required to derive FCF, EBIT, FCF, lineage/source ownership evidence, Revenue, source semantics confirmation, target collision evidence, Total Debt. Do not research other fields.; Research official issuer sources for FY2024 Q1. Verify Capex required to derive FCF, EBIT, FCF, first-public result publication date, lineage/source ownership evidence, Revenue, source semantics confirmation, target collision evidence, Total Debt. Do not research other fields.; Research official issuer sources for FY2024 Q3. Verify Capex required to derive FCF, EBIT, FCF, first-public result publication date, lineage/source ownership evidence, source semantics confirmation, target collision evidence, Total Debt. Do not research other fields.",0,0,25,P3_LATEST8Q,25,P3_LATEST8Q,CAPEX_FOR_FCF|EBIT_DIRECT|FCF_DIRECT|FIRST_PUBLIC_PUBLISH_DATE|LINEAGE_OWNERSHIP_EVIDENCE|REVENUE|SOURCE_SEMANTICS_CONFIRMATION|TARGET_COLLISION_EVIDENCE|TOTAL_DEBT,0,YES,HURA
"Research official issuer sources for FY2024 Q2. Verify EBIT, source semantics confirmation, Total Debt. Do not research other fields.; Research official issuer sources for FY2024 Q3. Verify EBIT, source semantics confirmation, Total Debt. Do not research other fields.",0,1,6,P3_LATEST8Q,7,P3_LATEST8Q,EBIT_DIRECT|SOURCE_SEMANTICS_CONFIRMATION|TOTAL_DEBT,0,NO,HVT
"Research official issuer sources for FY2024 Q3. Verify Cash, EBIT, first-public result publication date, lineage/source ownership evidence, Shares Outstanding, target collision evidence, Total Debt. Do not research other fields.; Research official issuer sources for FY2024 Q4. Verify EBIT, source semantics confirmation. Do not research other fields.; Research official issuer sources for FY2025 Q1. Verify EBIT, first-public result publication date, source semantics confirmation. Do not research other fields.",0,0,12,P3_LATEST8Q,12,P3_LATEST8Q,CASH|EBIT_DIRECT|FIRST_PUBLIC_PUBLISH_DATE|LINEAGE_OWNERSHIP_EVIDENCE|SHARES_OUTSTANDING|SOURCE_SEMANTICS_CONFIRMATION|TARGET_COLLISION_EVIDENCE|TOTAL_DEBT,0,YES,HWH
"Research official issuer sources for FY2024 Q1. Verify fiscal transition evidence, official period_end, source semantics confirmation, target collision evidence. Do not research other fields.; Research official issuer sources for FY2024 Q4. Verify EBIT, fiscal transition evidence, official period_end, source semantics confirmation, target collision evidence. Do not research other fields.; Research official issuer sources for FY2025 Q1. Verify fiscal transition evidence, official period_end, source semantics confirmation, target collision evidence. Do not research other fields.",0,0,13,P3_LATEST8Q,13,P3_LATEST8Q,EBIT_DIRECT|FISCAL_TRANSITION_EVIDENCE|OFFICIAL_PERIOD_END|SOURCE_SEMANTICS_CONFIRMATION|TARGET_COLLISION_EVIDENCE,0,YES,HWKN
Research official issuer sources for FY2024 Q3. Verify Revenue. Do not research other fields.,0,0,1,P3_LATEST8Q,1,P3_LATEST8Q,REVENUE,0,NO,HYMC
Research official issuer sources for FY2025 Q2. Verify first-public result publication date. Do not research other fields.; Research official issuer sources for FY2024 Q2. Verify Total Debt. Do not research other fields.; Research official issuer sources for FY2024 Q3. Verify Total Debt. Do not research other fields.,0,0,3,P2_LATEST4Q,3,P2_LATEST4Q,FIRST_PUBLIC_PUBLISH_DATE|TOTAL_DEBT,0,NO,HYPD
Research official issuer sources for FY2024 Q2. Verify Total Debt. Do not research other fields.; Research official issuer sources for FY2024 Q3. Verify Total Debt. Do not research other fields.,0,1,2,P3_LATEST8Q,3,P3_LATEST8Q,TOTAL_DEBT,0,NO,HYPR
"Research official issuer sources for FY2024 Q2. Verify EBIT, source semantics confirmation. Do not research other fields.; Research official issuer sources for FY2024 Q3. Verify EBIT, source semantics confirmation. Do not research other fields.",0,1,4,P3_LATEST8Q,5,P3_LATEST8Q,EBIT_DIRECT|SOURCE_SEMANTICS_CONFIRMATION,0,NO,IBM
,0,1,0,NO_EXTERNAL_RESEARCH_NEEDED,1,P3_LATEST8Q,,0,NO,IBRX
"Research official issuer sources for FY2025 Q1. Verify EBIT, source semantics confirmation. Do not research other fields.",0,1,2,P3_LATEST8Q,3,P3_LATEST8Q,EBIT_DIRECT|SOURCE_SEMANTICS_CONFIRMATION,0,NO,ICFI
,0,1,0,NO_EXTERNAL_RESEARCH_NEEDED,1,P3_LATEST8Q,,0,NO,IDA
Research official issuer sources for FY2024 Q1. Verify first-public result publication date. Do not research other fields.,0,2,1,P3_LATEST8Q,3,P3_LATEST8Q,FIRST_PUBLIC_PUBLISH_DATE,0,NO,IDAI
Research official issuer sources for FY2024 Q3. Verify missing quarter existence/source evidence. Do not research other fields.,0,0,1,P3_LATEST8Q,1,P3_LATEST8Q,MISSING_QUARTER_EXISTENCE,0,YES,IDCC
"Research official issuer sources for FY2025 Q2. Verify first-public result publication date, Total Debt. Do not research other fields.; Research official issuer sources for FY2025 Q3. Verify Total Debt. Do not research other fields.; Research official issuer sources for FY2025 Q4. Verify Total Debt. Do not research other fields.; Research official issuer sources for FY2024 Q1. Verify first-public result publication date, Total Debt. Do not research other fields.; Research official issuer sources for FY2024 Q2. Verify first-public result publication date, Total Debt. Do not research other fields.; Research official issuer sources for FY2024 Q3. Verify Total Debt. Do not research other fields.; Research official issuer sources for FY2025 Q1. Verify Total Debt. Do not research other fields.",0,2,10,P2_LATEST4Q,12,P2_LATEST4Q,FIRST_PUBLIC_PUBLISH_DATE|TOTAL_DEBT,0,NO,IDN
Research official issuer sources for FY2024 Q3. Verify Total Debt. Do not research other fields.; Research official issuer sources for FY2025 Q1. Verify Total Debt. Do not research other fields.,0,2,2,P3_LATEST8Q,4,P3_LATEST8Q,TOTAL_DEBT,0,NO,IDT
Research official issuer sources for FY2024 Q2. Verify Total Debt. Do not research other fields.; Research official issuer sources for FY2024 Q3. Verify Total Debt. Do not research other fields.,0,2,2,P3_LATEST8Q,4,P3_LATEST8Q,TOTAL_DEBT,0,NO,IDYA
"Research official issuer sources for FY2024 Q3. Verify EBIT, source semantics confirmation. Do not research other fields.",0,0,2,P3_LATEST8Q,2,P3_LATEST8Q,EBIT_DIRECT|SOURCE_SEMANTICS_CONFIRMATION,0,NO,IEP
"Research official issuer sources for FY2024 Q3. Verify missing quarter existence/source evidence, Total Debt. Do not research other fields.; Research official issuer sources for FY2025 Q1. Verify missing quarter existence/source evidence, target collision evidence, Total Debt. Do not research other fields.",0,0,5,P3_LATEST8Q,5,P3_LATEST8Q,MISSING_QUARTER_EXISTENCE|TARGET_COLLISION_EVIDENCE|TOTAL_DEBT,0,YES,IIIN
Research official issuer sources for FY2024 Q3. Verify missing quarter existence/source evidence. Do not research other fields.,0,0,1,P3_LATEST8Q,1,P3_LATEST8Q,MISSING_QUARTER_EXISTENCE,0,YES,IIPR
"Research official issuer sources for FY2024 Q4. Verify EBIT, source semantics confirmation. Do not research other fields.",0,0,2,P3_LATEST8Q,2,P3_LATEST8Q,EBIT_DIRECT|SOURCE_SEMANTICS_CONFIRMATION,0,NO,IKT
"Research official issuer sources for FY2024 Q2. Verify Capex required to derive FCF, FCF, first-public result publication date, source semantics confirmation. Do not research other fields.; Research official issuer sources for FY2024 Q3. Verify Capex required to derive FCF, FCF, first-public result publication date, source semantics confirmation. Do not research other fields.; Research official issuer sources for FY2024 Q4. Verify Capex required to derive FCF, FCF, first-public result publication date, source semantics confirmation. Do not research other fields.; Research official issuer sources for FY2025 Q1. Verify first-public result publication date. Do not research other fields.",0,0,13,P3_LATEST8Q,13,P3_LATEST8Q,CAPEX_FOR_FCF|FCF_DIRECT|FIRST_PUBLIC_PUBLISH_DATE|SOURCE_SEMANTICS_CONFIRMATION,0,YES,ILLR
"Research official issuer sources for FY2024 Q2. Verify EBIT, source semantics confirmation. Do not research other fields.; Research official issuer sources for FY2024 Q3. Verify EBIT, source semantics confirmation. Do not research other fields.",0,1,4,P3_LATEST8Q,5,P3_LATEST8Q,EBIT_DIRECT|SOURCE_SEMANTICS_CONFIRMATION,0,NO,ILPT
"Research official issuer sources for FY2024 Q3. Verify missing quarter existence/source evidence, Shares Outstanding. Do not research other fields.",0,0,2,P3_LATEST8Q,2,P3_LATEST8Q,MISSING_QUARTER_EXISTENCE|SHARES_OUTSTANDING,0,YES,IMKTA
"Research official issuer sources for FY2024 Q2. Verify Revenue, Total Debt. Do not research other fields.; Research official issuer sources for FY2024 Q3. Verify Revenue, Total Debt. Do not research other fields.",0,2,4,P3_LATEST8Q,6,P3_LATEST8Q,REVENUE|TOTAL_DEBT,0,NO,IMMX
Research official issuer sources for FY2024 Q1. Verify Total Debt. Do not research other fields.; Research official issuer sources for FY2024 Q2. Verify Total Debt. Do not research other fields.; Research official issuer sources for FY2024 Q3. Verify Total Debt. Do not research other fields.,0,2,3,P3_LATEST8Q,5,P3_LATEST8Q,TOTAL_DEBT,0,NO,IMNM
"Research official issuer sources for FY2024 Q2. Verify Revenue, Total Debt. Do not research other fields.; Research official issuer sources for FY2024 Q3. Verify Revenue, Total Debt. Do not research other fields.",0,0,4,P3_LATEST8Q,4,P3_LATEST8Q,REVENUE|TOTAL_DEBT,0,NO,IMNN
"Research official issuer sources for FY2024 Q2. Verify Revenue, Total Debt. Do not research other fields.; Research official issuer sources for FY2024 Q3. Verify Revenue, Total Debt. Do not research other fields.",0,2,4,P3_LATEST8Q,6,P3_LATEST8Q,REVENUE|TOTAL_DEBT,0,NO,IMRX
"Research official issuer sources for FY2026 Q2. Verify Total Debt. Do not research other fields.; Research official issuer sources for FY2026 Q3. Verify Total Debt. Do not research other fields.; Research official issuer sources for FY2026 Q4. Verify missing quarter existence/source evidence. Do not research other fields.; Research official issuer sources for FY2025 Q1. Verify lineage/source ownership evidence, target collision evidence, Total Debt. Do not research other fields.; Research official issuer sources for FY2025 Q2. Verify EBIT, Revenue, source semantics confirmation. Do not research other fields.",0,0,9,P2_LATEST4Q,9,P2_LATEST4Q,EBIT_DIRECT|LINEAGE_OWNERSHIP_EVIDENCE|MISSING_QUARTER_EXISTENCE|REVENUE|SOURCE_SEMANTICS_CONFIRMATION|TARGET_COLLISION_EVIDENCE|TOTAL_DEBT,0,YES,IMVT
Research official issuer sources for FY2024 Q3. Verify missing quarter existence/source evidence. Do not research other fields.,0,0,1,P3_LATEST8Q,1,P3_LATEST8Q,MISSING_QUARTER_EXISTENCE,0,YES,IMXI
"Research official issuer sources for FY2024 Q2. Verify Revenue. Do not research other fields.; Research official issuer sources for FY2024 Q3. Verify Revenue. Do not research other fields.; Research official issuer sources for FY2024 Q4. Verify EBIT, source semantics confirmation, Total Debt. Do not research other fields.",0,0,5,P3_LATEST8Q,5,P3_LATEST8Q,EBIT_DIRECT|REVENUE|SOURCE_SEMANTICS_CONFIRMATION|TOTAL_DEBT,0,NO,INAB
"Research official issuer sources for FY2024 Q1. Verify Capex required to derive FCF, FCF, source semantics confirmation, Total Debt. Do not research other fields.; Research official issuer sources for FY2024 Q2. Verify Capex required to derive FCF, FCF, source semantics confirmation, Total Debt. Do not research other fields.; Research official issuer sources for FY2024 Q3. Verify Capex required to derive FCF, FCF, source semantics confirmation, Total Debt. Do not research other fields.",0,1,12,P3_LATEST8Q,13,P3_LATEST8Q,CAPEX_FOR_FCF|FCF_DIRECT|SOURCE_SEMANTICS_CONFIRMATION|TOTAL_DEBT,0,NO,INBS
Research official issuer sources for FY2024 Q3. Verify Total Debt. Do not research other fields.; Research official issuer sources for FY2024 Q4. Verify Total Debt. Do not research other fields.,0,0,2,P3_LATEST8Q,2,P3_LATEST8Q,TOTAL_DEBT,0,NO,INCY
"Research official issuer sources for FY2024 Q2. Verify Capex required to derive FCF, FCF, Revenue, source semantics confirmation, Total Debt. Do not research other fields.; Research official issuer sources for FY2024 Q3. Verify Capex required to derive FCF, FCF, Revenue, source semantics confirmation. Do not research other fields.",0,0,9,P3_LATEST8Q,9,P3_LATEST8Q,CAPEX_FOR_FCF|FCF_DIRECT|REVENUE|SOURCE_SEMANTICS_CONFIRMATION|TOTAL_DEBT,0,NO,INDP
"Research official issuer sources for FY2024 Q2. Verify Cash, Total Debt. Do not research other fields.; Research official issuer sources for FY2024 Q3. Verify Cash, Total Debt. Do not research other fields.",0,1,4,P3_LATEST8Q,5,P3_LATEST8Q,CASH|TOTAL_DEBT,0,NO,INDV
Research official issuer sources for FY2024 Q2. Verify Total Debt. Do not research other fields.; Research official issuer sources for FY2024 Q3. Verify Total Debt. Do not research other fields.,0,1,2,P3_LATEST8Q,3,P3_LATEST8Q,TOTAL_DEBT,0,NO,INGN
"Research official issuer sources for FY2024 Q4. Verify Cash, EBIT, Total Debt. Do not research other fields.",0,0,3,P3_LATEST8Q,3,P3_LATEST8Q,CASH|EBIT_DIRECT|TOTAL_DEBT,0,NO,INGR
"Research official issuer sources for FY2023 Q3. Verify Cash, first-public result publication date, Total Debt. Do not research other fields.",0,2,3,P3_LATEST8Q,5,P3_LATEST8Q,CASH|FIRST_PUBLIC_PUBLISH_DATE|TOTAL_DEBT,0,NO,INHD
"Research official issuer sources for FY2024 Q2. Verify Capex required to derive FCF, FCF, Revenue, source semantics confirmation, Total Debt. Do not research other fields.; Research official issuer sources for FY2024 Q3. Verify Revenue. Do not research other fields.; Research official issuer sources for FY2024 Q4. Verify EBIT, source semantics confirmation. Do not research other fields.",0,0,8,P3_LATEST8Q,8,P3_LATEST8Q,CAPEX_FOR_FCF|EBIT_DIRECT|FCF_DIRECT|REVENUE|SOURCE_SEMANTICS_CONFIRMATION|TOTAL_DEBT,0,NO,INKT
"Research official issuer sources for FY2024 Q2. Verify EBIT, first-public result publication date, Total Debt. Do not research other fields.; Research official issuer sources for FY2025 Q1. Verify Capex required to derive FCF, EBIT, FCF, first-public result publication date, source semantics confirmation, Total Debt. Do not research other fields.; Research official issuer sources for FY2025 Q2. Verify EBIT, source semantics confirmation. Do not research other fields.",0,2,11,P3_LATEST8Q,13,P3_LATEST8Q,CAPEX_FOR_FCF|EBIT_DIRECT|FCF_DIRECT|FIRST_PUBLIC_PUBLISH_DATE|SOURCE_SEMANTICS_CONFIRMATION|TOTAL_DEBT,0,NO,INM
"Research official issuer sources for FY2024 Q2. Verify Capex required to derive FCF, FCF, source semantics confirmation. Do not research other fields.; Research official issuer sources for FY2024 Q3. Verify Capex required to derive FCF, FCF, source semantics confirmation. Do not research other fields.",0,2,6,P3_LATEST8Q,8,P3_LATEST8Q,CAPEX_FOR_FCF|FCF_DIRECT|SOURCE_SEMANTICS_CONFIRMATION,0,NO,INMB
Research official issuer sources for FY2024 Q1. Verify Total Debt. Do not research other fields.; Research official issuer sources for FY2024 Q2. Verify Total Debt. Do not research other fields.; Research official issuer sources for FY2024 Q3. Verify Total Debt. Do not research other fields.,0,2,3,P3_LATEST8Q,5,P3_LATEST8Q,TOTAL_DEBT,0,NO,INO
"Research official issuer sources for FY2024 Q3. Verify Total Debt. Do not research other fields.; Research official issuer sources for FY2024 Q4. Verify EBIT, source semantics confirmation. Do not research other fields.; Research official issuer sources for FY2025 Q1. Verify Cash. Do not research other fields.",0,0,4,P3_LATEST8Q,4,P3_LATEST8Q,CASH|EBIT_DIRECT|SOURCE_SEMANTICS_CONFIRMATION|TOTAL_DEBT,0,NO,INSP
Research official issuer sources for FY2024 Q3. Verify Total Debt. Do not research other fields.; Research official issuer sources for FY2025 Q1. Verify Total Debt. Do not research other fields.,0,2,2,P3_LATEST8Q,4,P3_LATEST8Q,TOTAL_DEBT,0,NO,INTA
Research official issuer sources for FY2024 Q1. Verify Total Debt. Do not research other fields.; Research official issuer sources for FY2024 Q2. Verify Total Debt. Do not research other fields.; Research official issuer sources for FY2024 Q3. Verify Total Debt. Do not research other fields.,0,1,3,P3_LATEST8Q,4,P3_LATEST8Q,TOTAL_DEBT,0,NO,IONQ
"Research official issuer sources for FY2024 Q2. Verify Capex required to derive FCF, FCF, source semantics confirmation, Total Debt. Do not research other fields.; Research official issuer sources for FY2024 Q3. Verify Capex required to derive FCF, FCF, source semantics confirmation, Total Debt. Do not research other fields.",0,1,8,P3_LATEST8Q,9,P3_LATEST8Q,CAPEX_FOR_FCF|FCF_DIRECT|SOURCE_SEMANTICS_CONFIRMATION|TOTAL_DEBT,0,NO,IOSP
Research official issuer sources for FY2025 Q2. Verify Total Debt. Do not research other fields.; Research official issuer sources for FY2025 Q3. Verify Total Debt. Do not research other fields.,0,0,2,P3_LATEST8Q,2,P3_LATEST8Q,TOTAL_DEBT,0,NO,IOT
Research official issuer sources for FY2025 Q1. Verify Total Debt. Do not research other fields.,0,0,1,P3_LATEST8Q,1,P3_LATEST8Q,TOTAL_DEBT,0,NO,IP
Research official issuer sources for FY2024 Q2. Verify Total Debt. Do not research other fields.; Research official issuer sources for FY2024 Q3. Verify Total Debt. Do not research other fields.,0,0,2,P3_LATEST8Q,2,P3_LATEST8Q,TOTAL_DEBT,0,NO,IPDN
Research official issuer sources for FY2024 Q2. Verify Total Debt. Do not research other fields.; Research official issuer sources for FY2024 Q3. Verify Total Debt. Do not research other fields.,0,1,2,P3_LATEST8Q,3,P3_LATEST8Q,TOTAL_DEBT,0,NO,IPGP
"Research official issuer sources for FY2024 Q2. Verify Total Debt. Do not research other fields.; Research official issuer sources for FY2024 Q3. Verify missing quarter existence/source evidence, Total Debt. Do not research other fields.",0,0,3,P3_LATEST8Q,3,P3_LATEST8Q,MISSING_QUARTER_EXISTENCE|TOTAL_DEBT,0,YES,IPI
"Research official issuer sources for FY2024 Q2. Verify Capex required to derive FCF, FCF, source semantics confirmation, Total Debt. Do not research other fields.; Research official issuer sources for FY2024 Q3. Verify Capex required to derive FCF, FCF, source semantics confirmation, Total Debt. Do not research other fields.; Research official issuer sources for FY2025 Q1. Verify Total Debt. Do not research other fields.",0,2,9,P3_LATEST8Q,11,P3_LATEST8Q,CAPEX_FOR_FCF|FCF_DIRECT|SOURCE_SEMANTICS_CONFIRMATION|TOTAL_DEBT,0,NO,IRD
"Research official issuer sources for FY2024 Q3. Verify Revenue, Total Debt. Do not research other fields.",0,0,2,P3_LATEST8Q,2,P3_LATEST8Q,REVENUE|TOTAL_DEBT,0,NO,IRON
"Research official issuer sources for FY2024 Q2. Verify EBIT, source semantics confirmation. Do not research other fields.; Research official issuer sources for FY2024 Q3. Verify EBIT, source semantics confirmation. Do not research other fields.",0,1,4,P3_LATEST8Q,5,P3_LATEST8Q,EBIT_DIRECT|SOURCE_SEMANTICS_CONFIRMATION,0,NO,IRT
"Research official issuer sources for FY2025 Q1. Verify EBIT, Total Debt. Do not research other fields.",0,2,2,P3_LATEST8Q,4,P3_LATEST8Q,EBIT_DIRECT|TOTAL_DEBT,0,NO,IRWD
"Research official issuer sources for FY2024 Q4. Verify EBIT, source semantics confirmation. Do not research other fields.",0,0,2,P3_LATEST8Q,2,P3_LATEST8Q,EBIT_DIRECT|SOURCE_SEMANTICS_CONFIRMATION,0,NO,ISPC
Research official issuer sources for FY2025 Q3. Verify Total Debt. Do not research other fields.; Research official issuer sources for FY2025 Q4. Verify Total Debt. Do not research other fields.; Research official issuer sources for FY2026 Q1. Verify Total Debt. Do not research other fields.; Research official issuer sources for FY2024 Q2. Verify Total Debt. Do not research other fields.; Research official issuer sources for FY2024 Q3. Verify Total Debt. Do not research other fields.; Research official issuer sources for FY2025 Q1. Verify Total Debt. Do not research other fields.; Research official issuer sources for FY2025 Q2. Verify Total Debt. Do not research other fields.,0,2,7,P2_LATEST4Q,9,P2_LATEST4Q,TOTAL_DEBT,0,NO,ISRG
Research official issuer sources for FY2024 Q3. Verify first-public result publication date. Do not research other fields.; Research official issuer sources for FY2024 Q4. Verify first-public result publication date. Do not research other fields.; Research official issuer sources for FY2025 Q1. Verify first-public result publication date. Do not research other fields.,0,0,3,P3_LATEST8Q,3,P3_LATEST8Q,FIRST_PUBLIC_PUBLISH_DATE,0,YES,IVDA
,0,1,0,NO_EXTERNAL_RESEARCH_NEEDED,1,P3_LATEST8Q,,0,NO,IVT
Research official issuer sources for FY2024 Q2. Verify Total Debt. Do not research other fields.,0,0,1,P3_LATEST8Q,1,P3_LATEST8Q,TOTAL_DEBT,0,NO,IVVD
Research official issuer sources for FY2024 Q3. Verify missing quarter existence/source evidence. Do not research other fields.,0,0,1,P3_LATEST8Q,1,P3_LATEST8Q,MISSING_QUARTER_EXISTENCE,0,YES,J
Research official issuer sources for FY2024 Q2. Verify target collision evidence. Do not research other fields.,0,0,1,P3_LATEST8Q,1,P3_LATEST8Q,TARGET_COLLISION_EVIDENCE,0,YES,JACK
"Research official issuer sources for FY2024 Q4. Verify EBIT, source semantics confirmation, Total Debt. Do not research other fields.",0,0,3,P3_LATEST8Q,3,P3_LATEST8Q,EBIT_DIRECT|SOURCE_SEMANTICS_CONFIRMATION|TOTAL_DEBT,0,NO,JAGX
Research official issuer sources for FY2024 Q2. Verify Total Debt. Do not research other fields.; Research official issuer sources for FY2024 Q3. Verify Total Debt. Do not research other fields.,0,2,2,P3_LATEST8Q,4,P3_LATEST8Q,TOTAL_DEBT,0,NO,JANX
"Research official issuer sources for FY2024 Q1. Verify EBIT, source semantics confirmation. Do not research other fields.; Research official issuer sources for FY2024 Q2. Verify EBIT, source semantics confirmation. Do not research other fields.; Research official issuer sources for FY2024 Q3. Verify EBIT, source semantics confirmation. Do not research other fields.",0,1,6,P3_LATEST8Q,7,P3_LATEST8Q,EBIT_DIRECT|SOURCE_SEMANTICS_CONFIRMATION,0,NO,JBGS
"Research official issuer sources for FY2024 Q1. Verify Capex required to derive FCF, FCF, first-public result publication date, Revenue, source semantics confirmation, Total Debt. Do not research other fields.; Research official issuer sources for FY2024 Q2. Verify Capex required to derive FCF, FCF, first-public result publication date, Revenue, source semantics confirmation, Total Debt. Do not research other fields.; Research official issuer sources for FY2024 Q3. Verify first-public result publication date. Do not research other fields.; Research official issuer sources for FY2025 Q1. Verify Total Debt. Do not research other fields.",0,2,14,P3_LATEST8Q,16,P3_LATEST8Q,CAPEX_FOR_FCF|FCF_DIRECT|FIRST_PUBLIC_PUBLISH_DATE|REVENUE|SOURCE_SEMANTICS_CONFIRMATION|TOTAL_DEBT,0,NO,JBIO
Research official issuer sources for FY2024 Q2. Verify Cash. Do not research other fields.,0,2,1,P3_LATEST8Q,3,P3_LATEST8Q,CASH,0,NO,JBTM
"Research official issuer sources for FY2024 Q3. Verify EBIT, source semantics confirmation. Do not research other fields.",0,1,2,P3_LATEST8Q,3,P3_LATEST8Q,EBIT_DIRECT|SOURCE_SEMANTICS_CONFIRMATION,0,NO,JCI
"Research official issuer sources for FY2026 Q1. Verify first-public result publication date. Do not research other fields.; Research official issuer sources for FY2026 Q2. Verify first-public result publication date. Do not research other fields.; Research official issuer sources for FY2025 Q2. Verify EBIT, source semantics confirmation. Do not research other fields.",0,1,4,P2_LATEST4Q,5,P2_LATEST4Q,EBIT_DIRECT|FIRST_PUBLIC_PUBLISH_DATE|SOURCE_SEMANTICS_CONFIRMATION,0,NO,JKHY
Research official issuer sources for FY2024 Q3. Verify Total Debt. Do not research other fields.,0,0,1,P3_LATEST8Q,1,P3_LATEST8Q,TOTAL_DEBT,0,NO,JOBY
"Research official issuer sources for FY2024 Q2. Verify Capex required to derive FCF, FCF, Revenue, source semantics confirmation, Total Debt. Do not research other fields.; Research official issuer sources for FY2024 Q3. Verify Revenue, Total Debt. Do not research other fields.",0,0,7,P3_LATEST8Q,7,P3_LATEST8Q,CAPEX_FOR_FCF|FCF_DIRECT|REVENUE|SOURCE_SEMANTICS_CONFIRMATION|TOTAL_DEBT,0,YES,JSPR
"Research official issuer sources for FY2024 Q2. Verify first-public result publication date, lineage/source ownership evidence, Total Debt. Do not research other fields.; Research official issuer sources for FY2024 Q3. Verify Total Debt. Do not research other fields.",0,0,4,P3_LATEST8Q,4,P3_LATEST8Q,FIRST_PUBLIC_PUBLISH_DATE|LINEAGE_OWNERSHIP_EVIDENCE|TOTAL_DEBT,0,NO,JTAI
"Research official issuer sources for FY2024 Q2. Verify Revenue. Do not research other fields.; Research official issuer sources for FY2024 Q3. Verify Revenue. Do not research other fields.; Research official issuer sources for FY2024 Q4. Verify EBIT, source semantics confirmation. Do not research other fields.",0,0,4,P3_LATEST8Q,4,P3_LATEST8Q,EBIT_DIRECT|REVENUE|SOURCE_SEMANTICS_CONFIRMATION,0,NO,KALA
"Research official issuer sources for FY2024 Q2. Verify EBIT, source semantics confirmation. Do not research other fields.; Research official issuer sources for FY2024 Q3. Verify EBIT, source semantics confirmation. Do not research other fields.; Research official issuer sources for FY2025 Q1. Verify Cash, FCF, OCF required to derive FCF, source semantics confirmation, Total Debt. Do not research other fields.",0,2,9,P3_LATEST8Q,11,P3_LATEST8Q,CASH|EBIT_DIRECT|FCF_DIRECT|OCF_FOR_FCF|SOURCE_SEMANTICS_CONFIRMATION|TOTAL_DEBT,0,NO,KBH
"Research official issuer sources for FY2023 Q3. Verify EBIT, lineage/source ownership evidence, source semantics confirmation. Do not research other fields.; Research official issuer sources for FY2024 Q3. Verify EBIT, lineage/source ownership evidence, source semantics confirmation, target collision evidence. Do not research other fields.; Research official issuer sources for FY2025 Q1. Verify EBIT, source semantics confirmation. Do not research other fields.",0,0,9,P3_LATEST8Q,9,P3_LATEST8Q,EBIT_DIRECT|LINEAGE_OWNERSHIP_EVIDENCE|SOURCE_SEMANTICS_CONFIRMATION|TARGET_COLLISION_EVIDENCE,0,YES,KD
"Research official issuer sources for FY2024 Q1. Verify missing quarter existence/source evidence, Total Debt. Do not research other fields.; Research official issuer sources for FY2024 Q3. Verify missing quarter existence/source evidence. Do not research other fields.",0,0,3,P3_LATEST8Q,3,P3_LATEST8Q,MISSING_QUARTER_EXISTENCE|TOTAL_DEBT,0,YES,KELYA
,0,1,0,NO_EXTERNAL_RESEARCH_NEEDED,1,P3_LATEST8Q,,0,NO,KEYS
"Research official issuer sources for FY2024 Q4. Verify EBIT, source semantics confirmation. Do not research other fields.",0,0,2,P3_LATEST8Q,2,P3_LATEST8Q,EBIT_DIRECT|SOURCE_SEMANTICS_CONFIRMATION,0,YES,KITT
"Research official issuer sources for FY2025 Q1. Verify EBIT, source semantics confirmation. Do not research other fields.; Research official issuer sources for FY2025 Q2. Verify EBIT, source semantics confirmation. Do not research other fields.",0,0,4,P3_LATEST8Q,4,P3_LATEST8Q,EBIT_DIRECT|SOURCE_SEMANTICS_CONFIRMATION,0,NO,KLAC
"Research official issuer sources for FY2024 Q3. Verify missing quarter existence/source evidence, Total Debt. Do not research other fields.",0,0,2,P3_LATEST8Q,2,P3_LATEST8Q,MISSING_QUARTER_EXISTENCE|TOTAL_DEBT,0,YES,KLIC
"Research official issuer sources for FY2025 Q2. Verify Total Debt. Do not research other fields.; Research official issuer sources for FY2024 Q2. Verify Capex required to derive FCF, FCF, first-public result publication date, Revenue, source semantics confirmation, Total Debt. Do not research other fields.; Research official issuer sources for FY2024 Q3. Verify Capex required to derive FCF, FCF, first-public result publication date, Revenue, source semantics confirmation. Do not research other fields.; Research official issuer sources for FY2025 Q1. Verify Total Debt. Do not research other fields.",0,0,13,P2_LATEST4Q,13,P2_LATEST4Q,CAPEX_FOR_FCF|FCF_DIRECT|FIRST_PUBLIC_PUBLISH_DATE|REVENUE|SOURCE_SEMANTICS_CONFIRMATION|TOTAL_DEBT,0,NO,KLRS
"Research official issuer sources for FY2026 Q2. Verify EBIT, source semantics confirmation. Do not research other fields.; Research official issuer sources for FY2026 Q3. Verify EBIT, source semantics confirmation. Do not research other fields.; Research official issuer sources for FY2026 Q4. Verify EBIT, missing quarter existence/source evidence, source semantics confirmation. Do not research other fields.; Research official issuer sources for FY2025 Q1. Verify EBIT, lineage/source ownership evidence, source semantics confirmation, target collision evidence. Do not research other fields.; Research official issuer sources for FY2025 Q2. Verify EBIT, source semantics confirmation. Do not research other fields.; Research official issuer sources for FY2025 Q3. Verify EBIT, source semantics confirmation. Do not research other fields.; Research official issuer sources for FY2025 Q4. Verify EBIT, source semantics confirmation. Do not research other fields.",0,0,17,P2_LATEST4Q,17,P2_LATEST4Q,EBIT_DIRECT|LINEAGE_OWNERSHIP_EVIDENCE|MISSING_QUARTER_EXISTENCE|SOURCE_SEMANTICS_CONFIRMATION|TARGET_COLLISION_EVIDENCE,0,YES,KMX
Research official issuer sources for FY2024 Q2. Verify Total Debt. Do not research other fields.; Research official issuer sources for FY2024 Q3. Verify Total Debt. Do not research other fields.,0,1,2,P3_LATEST8Q,3,P3_LATEST8Q,TOTAL_DEBT,0,NO,KNSA
Research official issuer sources for FY2024 Q3. Verify Total Debt. Do not research other fields.,0,2,1,P3_LATEST8Q,3,P3_LATEST8Q,TOTAL_DEBT,0,NO,KNTK
"Research official issuer sources for FY2024 Q1. Verify Revenue, Total Debt. Do not research other fields.; Research official issuer sources for FY2024 Q2. Verify Revenue, Total Debt. Do not research other fields.; Research official issuer sources for FY2024 Q3. Verify Revenue, Total Debt. Do not research other fields.",0,2,6,P3_LATEST8Q,8,P3_LATEST8Q,REVENUE|TOTAL_DEBT,0,NO,KOD
"Research official issuer sources for FY2025 Q1. Verify Capex required to derive FCF, EBIT, FCF, Revenue, source semantics confirmation, Total Debt. Do not research other fields.",0,1,6,P3_LATEST8Q,7,P3_LATEST8Q,CAPEX_FOR_FCF|EBIT_DIRECT|FCF_DIRECT|REVENUE|SOURCE_SEMANTICS_CONFIRMATION|TOTAL_DEBT,0,NO,KODK
"Research official issuer sources for FY2024 Q1. Verify Total Debt. Do not research other fields.; Research official issuer sources for FY2024 Q2. Verify Total Debt. Do not research other fields.; Research official issuer sources for FY2024 Q3. Verify missing quarter existence/source evidence, Total Debt. Do not research other fields.",0,0,4,P3_LATEST8Q,4,P3_LATEST8Q,MISSING_QUARTER_EXISTENCE|TOTAL_DEBT,0,YES,KOPN
"Research official issuer sources for FY2024 Q3. Verify EBIT, source semantics confirmation. Do not research other fields.",0,0,2,P3_LATEST8Q,2,P3_LATEST8Q,EBIT_DIRECT|SOURCE_SEMANTICS_CONFIRMATION,0,NO,KOS
Research official issuer sources for FY2023 Q4. Verify Total Debt. Do not research other fields.; Research official issuer sources for FY2024 Q3. Verify Total Debt. Do not research other fields.; Research official issuer sources for FY2025 Q1. Verify Total Debt. Do not research other fields.,0,3,3,P3_LATEST8Q,6,P3_LATEST8Q,TOTAL_DEBT,0,NO,KOSS
"Research official issuer sources for FY2024 Q4. Verify EBIT, source semantics confirmation, Total Debt. Do not research other fields.",0,0,3,P3_LATEST8Q,3,P3_LATEST8Q,EBIT_DIRECT|SOURCE_SEMANTICS_CONFIRMATION|TOTAL_DEBT,0,NO,KPTI
Research official issuer sources for FY2024 Q2. Verify target collision evidence. Do not research other fields.,0,0,1,P3_LATEST8Q,1,P3_LATEST8Q,TARGET_COLLISION_EVIDENCE,0,YES,KR
"Research official issuer sources for FY2024 Q1. Verify EBIT, source semantics confirmation. Do not research other fields.; Research official issuer sources for FY2024 Q2. Verify EBIT, source semantics confirmation. Do not research other fields.; Research official issuer sources for FY2024 Q3. Verify EBIT, source semantics confirmation. Do not research other fields.",0,1,6,P3_LATEST8Q,7,P3_LATEST8Q,EBIT_DIRECT|SOURCE_SEMANTICS_CONFIRMATION,0,NO,KRC
"Research official issuer sources for FY2025 Q1. Verify Capex required to derive FCF, EBIT, FCF, OCF required to derive FCF, Revenue, source semantics confirmation. Do not research other fields.",0,0,6,P3_LATEST8Q,6,P3_LATEST8Q,CAPEX_FOR_FCF|EBIT_DIRECT|FCF_DIRECT|OCF_FOR_FCF|REVENUE|SOURCE_SEMANTICS_CONFIRMATION,0,NO,KRG
Research official issuer sources for FY2024 Q2. Verify Total Debt. Do not research other fields.,0,0,1,P3_LATEST8Q,1,P3_LATEST8Q,TOTAL_DEBT,0,NO,KRMD
"Research official issuer sources for FY2024 Q4. Verify EBIT, source semantics confirmation. Do not research other fields.",0,0,2,P3_LATEST8Q,2,P3_LATEST8Q,EBIT_DIRECT|SOURCE_SEMANTICS_CONFIRMATION,0,NO,KRO
Research official issuer sources for FY2024 Q3. Verify Total Debt. Do not research other fields.,0,0,1,P3_LATEST8Q,1,P3_LATEST8Q,TOTAL_DEBT,0,NO,KROS
,0,1,0,NO_EXTERNAL_RESEARCH_NEEDED,1,P3_LATEST8Q,,0,NO,KRP
Research official issuer sources for FY2024 Q1. Verify Total Debt. Do not research other fields.; Research official issuer sources for FY2024 Q3. Verify Total Debt. Do not research other fields.,0,3,2,P3_LATEST8Q,5,P3_LATEST8Q,TOTAL_DEBT,0,NO,KRRO
Research official issuer sources for FY2024 Q3. Verify Total Debt. Do not research other fields.; Research official issuer sources for FY2025 Q1. Verify Total Debt. Do not research other fields.,0,2,2,P3_LATEST8Q,4,P3_LATEST8Q,TOTAL_DEBT,0,NO,KRUS
Research official issuer sources for FY2024 Q2. Verify Total Debt. Do not research other fields.; Research official issuer sources for FY2024 Q3. Verify Total Debt. Do not research other fields.,0,1,2,P3_LATEST8Q,3,P3_LATEST8Q,TOTAL_DEBT,0,NO,KRYS
Research official issuer sources for FY2025 Q1. Verify missing quarter existence/source evidence. Do not research other fields.,0,0,1,P3_LATEST8Q,1,P3_LATEST8Q,MISSING_QUARTER_EXISTENCE,0,YES,KTOS
Research official issuer sources for FY2024 Q1. Verify Revenue. Do not research other fields.; Research official issuer sources for FY2024 Q2. Verify Revenue. Do not research other fields.; Research official issuer sources for FY2024 Q3. Verify Revenue. Do not research other fields.,0,1,3,P3_LATEST8Q,4,P3_LATEST8Q,REVENUE,0,NO,KURA
"Research official issuer sources for FY2023 Q4. Verify missing quarter existence/source evidence, Total Debt. Do not research other fields.; Research official issuer sources for FY2024 Q3. Verify missing quarter existence/source evidence, Total Debt. Do not research other fields.; Research official issuer sources for FY2025 Q1. Verify missing quarter existence/source evidence. Do not research other fields.",0,0,5,P3_LATEST8Q,5,P3_LATEST8Q,MISSING_QUARTER_EXISTENCE|TOTAL_DEBT,0,YES,KVYO
Research official issuer sources for FY2024 Q2. Verify Total Debt. Do not research other fields.; Research official issuer sources for FY2024 Q3. Verify Total Debt. Do not research other fields.,0,2,2,P3_LATEST8Q,4,P3_LATEST8Q,TOTAL_DEBT,0,NO,KYMR
"Research official issuer sources for FY2024 Q2. Verify first-public result publication date, lineage/source ownership evidence, Revenue, Total Debt. Do not research other fields.; Research official issuer sources for FY2024 Q3. Verify first-public result publication date, lineage/source ownership evidence, Revenue, Total Debt. Do not research other fields.",0,0,8,P3_LATEST8Q,8,P3_LATEST8Q,FIRST_PUBLIC_PUBLISH_DATE|LINEAGE_OWNERSHIP_EVIDENCE|REVENUE|TOTAL_DEBT,0,NO,KYTX
Research official issuer sources for FY2023 Q4. Verify Total Debt. Do not research other fields.; Research official issuer sources for FY2024 Q2. Verify Total Debt. Do not research other fields.,0,3,2,P3_LATEST8Q,5,P3_LATEST8Q,TOTAL_DEBT,0,NO,LAB
"Research official issuer sources for FY2024 Q4. Verify Cash, Total Debt. Do not research other fields.",0,0,2,P3_LATEST8Q,2,P3_LATEST8Q,CASH|TOTAL_DEBT,0,NO,LAC
"Research official issuer sources for FY2025 Q3. Verify EBIT, source semantics confirmation. Do not research other fields.; Research official issuer sources for FY2025 Q4. Verify EBIT, source semantics confirmation. Do not research other fields.; Research official issuer sources for FY2026 Q1. Verify EBIT, source semantics confirmation. Do not research other fields.; Research official issuer sources for FY2024 Q2. Verify EBIT, source semantics confirmation. Do not research other fields.; Research official issuer sources for FY2024 Q3. Verify EBIT, source semantics confirmation. Do not research other fields.; Research official issuer sources for FY2025 Q1. Verify EBIT, source semantics confirmation. Do not research other fields.; Research official issuer sources for FY2025 Q2. Verify EBIT, source semantics confirmation. Do not research other fields.",0,2,14,P2_LATEST4Q,16,P2_LATEST4Q,EBIT_DIRECT|SOURCE_SEMANTICS_CONFIRMATION,0,NO,LADR
"Research official issuer sources for FY2025 Q4. Verify EBIT, Revenue, Total Debt. Do not research other fields.",0,0,3,P3_LATEST8Q,3,P3_LATEST8Q,EBIT_DIRECT|REVENUE|TOTAL_DEBT,0,YES,LAKE
"Research official issuer sources for FY2024 Q1. Verify EBIT, source semantics confirmation. Do not research other fields.; Research official issuer sources for FY2024 Q2. Verify EBIT, source semantics confirmation. Do not research other fields.; Research official issuer sources for FY2024 Q3. Verify EBIT, source semantics confirmation. Do not research other fields.",0,1,6,P3_LATEST8Q,7,P3_LATEST8Q,EBIT_DIRECT|SOURCE_SEMANTICS_CONFIRMATION,0,NO,LAND
"Research official issuer sources for FY2022 Q2. Verify Capex required to derive FCF, FCF, first-public result publication date, source semantics confirmation, Total Debt. Do not research other fields.; Research official issuer sources for FY2024 Q1. Verify Capex required to derive FCF, FCF, first-public result publication date, source semantics confirmation, Total Debt. Do not research other fields.",0,3,10,P3_LATEST8Q,13,P3_LATEST8Q,CAPEX_FOR_FCF|FCF_DIRECT|FIRST_PUBLIC_PUBLISH_DATE|SOURCE_SEMANTICS_CONFIRMATION|TOTAL_DEBT,0,NO,LASE
Research official issuer sources for FY2024 Q3. Verify Total Debt. Do not research other fields.,0,0,1,P3_LATEST8Q,1,P3_LATEST8Q,TOTAL_DEBT,0,NO,LASR
Research official issuer sources for FY2024 Q2. Verify Total Debt. Do not research other fields.; Research official issuer sources for FY2024 Q3. Verify Total Debt. Do not research other fields.,0,2,2,P3_LATEST8Q,4,P3_LATEST8Q,TOTAL_DEBT,0,NO,LAW
"Research official issuer sources for FY2025 Q1. Verify EBIT, FCF, OCF required to derive FCF, Revenue, source semantics confirmation. Do not research other fields.",0,0,5,P3_LATEST8Q,5,P3_LATEST8Q,EBIT_DIRECT|FCF_DIRECT|OCF_FOR_FCF|REVENUE|SOURCE_SEMANTICS_CONFIRMATION,0,NO,LBRDA
Research official issuer sources for FY2024 Q2. Verify first-public result publication date. Do not research other fields.; Research official issuer sources for FY2024 Q3. Verify first-public result publication date. Do not research other fields.; Research official issuer sources for FY2025 Q1. Verify first-public result publication date. Do not research other fields.,0,2,3,P3_LATEST8Q,5,P3_LATEST8Q,FIRST_PUBLIC_PUBLISH_DATE,0,NO,LBTYK
"Research official issuer sources for FY2024 Q2. Verify Total Debt. Do not research other fields.; Research official issuer sources for FY2024 Q4. Verify missing quarter existence/source evidence, Total Debt. Do not research other fields.; Research official issuer sources for FY2025 Q1. Verify missing quarter existence/source evidence, target collision evidence, Total Debt. Do not research other fields.",0,0,6,P3_LATEST8Q,6,P3_LATEST8Q,MISSING_QUARTER_EXISTENCE|TARGET_COLLISION_EVIDENCE|TOTAL_DEBT,0,YES,LDOS
"Research official issuer sources for FY2024 Q2. Verify EBIT, source semantics confirmation. Do not research other fields.; Research official issuer sources for FY2024 Q3. Verify EBIT, source semantics confirmation. Do not research other fields.",0,1,4,P3_LATEST8Q,5,P3_LATEST8Q,EBIT_DIRECT|SOURCE_SEMANTICS_CONFIRMATION,0,NO,LEG
"Research official issuer sources for FY2024 Q2. Verify EBIT, source semantics confirmation. Do not research other fields.; Research official issuer sources for FY2024 Q3. Verify Cash, EBIT, Total Debt. Do not research other fields.; Research official issuer sources for FY2025 Q1. Verify EBIT, source semantics confirmation. Do not research other fields.",0,2,7,P3_LATEST8Q,9,P3_LATEST8Q,CASH|EBIT_DIRECT|SOURCE_SEMANTICS_CONFIRMATION|TOTAL_DEBT,0,NO,LEN
"Research official issuer sources for FY2024 Q1. Verify Revenue, Total Debt. Do not research other fields.; Research official issuer sources for FY2024 Q2. Verify Revenue, Total Debt. Do not research other fields.; Research official issuer sources for FY2024 Q3. Verify Revenue, Total Debt. Do not research other fields.",0,1,6,P3_LATEST8Q,7,P3_LATEST8Q,REVENUE|TOTAL_DEBT,0,NO,LENZ
"Research official issuer sources for FY2023 Q4. Verify missing quarter existence/source evidence, Total Debt. Do not research other fields.; Research official issuer sources for FY2024 Q2. Verify Cash, missing quarter existence/source evidence, Total Debt. Do not research other fields.; Research official issuer sources for FY2024 Q3. Verify Cash, Total Debt. Do not research other fields.",0,0,7,P3_LATEST8Q,7,P3_LATEST8Q,CASH|MISSING_QUARTER_EXISTENCE|TOTAL_DEBT,0,YES,LEXX
"Research official issuer sources for FY2023 Q4. Verify Capex required to derive FCF, FCF, Revenue, source semantics confirmation. Do not research other fields.; Research official issuer sources for FY2024 Q1. Verify Revenue. Do not research other fields.",0,0,5,P3_LATEST8Q,5,P3_LATEST8Q,CAPEX_FOR_FCF|FCF_DIRECT|REVENUE|SOURCE_SEMANTICS_CONFIRMATION,0,YES,LFCR
Research official issuer sources for FY2024 Q2. Verify Total Debt. Do not research other fields.; Research official issuer sources for FY2024 Q3. Verify Total Debt. Do not research other fields.,0,2,2,P3_LATEST8Q,4,P3_LATEST8Q,TOTAL_DEBT,0,NO,LFMD
Research official issuer sources for FY2024 Q3. Verify missing quarter existence/source evidence. Do not research other fields.,0,0,1,P3_LATEST8Q,1,P3_LATEST8Q,MISSING_QUARTER_EXISTENCE,0,YES,LFST
Research official issuer sources for FY2024 Q3. Verify Total Debt. Do not research other fields.; Research official issuer sources for FY2025 Q1. Verify Total Debt. Do not research other fields.,0,2,2,P3_LATEST8Q,4,P3_LATEST8Q,TOTAL_DEBT,0,NO,LFVN
"Research official issuer sources for FY2025 Q1. Verify FCF, OCF required to derive FCF, source semantics confirmation, Total Debt. Do not research other fields.",0,1,4,P3_LATEST8Q,5,P3_LATEST8Q,FCF_DIRECT|OCF_FOR_FCF|SOURCE_SEMANTICS_CONFIRMATION|TOTAL_DEBT,0,NO,LGIH
"Research official issuer sources for FY2024 Q2. Verify Total Debt. Do not research other fields.; Research official issuer sources for FY2024 Q3. Verify missing quarter existence/source evidence, Total Debt. Do not research other fields.",0,0,3,P3_LATEST8Q,3,P3_LATEST8Q,MISSING_QUARTER_EXISTENCE|TOTAL_DEBT,0,YES,LGND
"Research official issuer sources for FY2026 Q1. Verify first-public result publication date. Do not research other fields.; Research official issuer sources for FY2024 Q3. Verify Revenue, Total Debt. Do not research other fields.",0,2,3,P2_LATEST4Q,5,P2_LATEST4Q,FIRST_PUBLIC_PUBLISH_DATE|REVENUE|TOTAL_DEBT,0,NO,LILA
"Research official issuer sources for FY2024 Q2. Verify Revenue, Total Debt. Do not research other fields.; Research official issuer sources for FY2024 Q3. Verify Revenue, Total Debt. Do not research other fields.",0,2,4,P3_LATEST8Q,6,P3_LATEST8Q,REVENUE|TOTAL_DEBT,0,NO,LILAK
"Research official issuer sources for FY2024 Q1. Verify Total Debt. Do not research other fields.; Research official issuer sources for FY2024 Q2. Verify Total Debt. Do not research other fields.; Research official issuer sources for FY2024 Q3. Verify missing quarter existence/source evidence, Total Debt. Do not research other fields.",0,0,4,P3_LATEST8Q,4,P3_LATEST8Q,MISSING_QUARTER_EXISTENCE|TOTAL_DEBT,0,YES,LINC
"Research official issuer sources for FY2022 Q4. Verify Capex required to derive FCF, Cash, EBIT, FCF, first-public result publication date, OCF required to derive FCF, Revenue, Shares Outstanding, source semantics confirmation, Total Debt. Do not research other fields.",0,1,10,P3_LATEST8Q,11,P3_LATEST8Q,CAPEX_FOR_FCF|CASH|EBIT_DIRECT|FCF_DIRECT|FIRST_PUBLIC_PUBLISH_DATE|OCF_FOR_FCF|REVENUE|SHARES_OUTSTANDING|SOURCE_SEMANTICS_CONFIRMATION|TOTAL_DEBT,0,NO,LION
"Research official issuer sources for FY2025 Q4. Verify Total Debt. Do not research other fields.; Research official issuer sources for FY2026 Q1. Verify Total Debt. Do not research other fields.; Research official issuer sources for FY2026 Q2. Verify Total Debt. Do not research other fields.; Research official issuer sources for FY2024 Q4. Verify Total Debt. Do not research other fields.; Research official issuer sources for FY2025 Q1. Verify Capex required to derive FCF, FCF, first-public result publication date, source semantics confirmation, Total Debt. Do not research other fields.; Research official issuer sources for FY2025 Q2. Verify first-public result publication date, Total Debt. Do not research other fields.; Research official issuer sources for FY2025 Q3. Verify Total Debt. Do not research other fields.",0,0,12,P2_LATEST4Q,12,P2_LATEST4Q,CAPEX_FOR_FCF|FCF_DIRECT|FIRST_PUBLIC_PUBLISH_DATE|SOURCE_SEMANTICS_CONFIRMATION|TOTAL_DEBT,0,NO,LITS
"Research official issuer sources for FY2025 Q2. Verify Total Debt. Do not research other fields.; Research official issuer sources for FY2025 Q3. Verify Total Debt. Do not research other fields.; Research official issuer sources for FY2024 Q2. Verify Capex required to derive FCF, FCF, Revenue, source semantics confirmation, Total Debt. Do not research other fields.; Research official issuer sources for FY2024 Q3. Verify Capex required to derive FCF, FCF, Revenue, source semantics confirmation, Total Debt. Do not research other fields.; Research official issuer sources for FY2024 Q4. Verify EBIT, source semantics confirmation. Do not research other fields.; Research official issuer sources for FY2025 Q1. Verify Total Debt. Do not research other fields.",0,0,15,P2_LATEST4Q,15,P2_LATEST4Q,CAPEX_FOR_FCF|EBIT_DIRECT|FCF_DIRECT|REVENUE|SOURCE_SEMANTICS_CONFIRMATION|TOTAL_DEBT,0,NO,LIXT
"Research official issuer sources for FY2025 Q1. Verify Revenue, Total Debt. Do not research other fields.",0,1,2,P3_LATEST8Q,3,P3_LATEST8Q,REVENUE|TOTAL_DEBT,0,NO,LKQ
"Research official issuer sources for FY2024 Q2. Verify EBIT, source semantics confirmation. Do not research other fields.; Research official issuer sources for FY2024 Q3. Verify EBIT, missing quarter existence/source evidence, source semantics confirmation. Do not research other fields.",0,0,5,P3_LATEST8Q,5,P3_LATEST8Q,EBIT_DIRECT|MISSING_QUARTER_EXISTENCE|SOURCE_SEMANTICS_CONFIRMATION,0,YES,LLY
Research official issuer sources for FY2024 Q4. Verify first-public result publication date. Do not research other fields.; Research official issuer sources for FY2025 Q1. Verify first-public result publication date. Do not research other fields.; Research official issuer sources for FY2025 Q2. Verify first-public result publication date. Do not research other fields.,0,0,3,P3_LATEST8Q,3,P3_LATEST8Q,FIRST_PUBLIC_PUBLISH_DATE,0,NO,LLYVA
Research official issuer sources for FY2025 Q1. Verify first-public result publication date. Do not research other fields.; Research official issuer sources for FY2025 Q2. Verify first-public result publication date. Do not research other fields.,0,0,2,P3_LATEST8Q,2,P3_LATEST8Q,FIRST_PUBLIC_PUBLISH_DATE,0,NO,LLYVK
Research official issuer sources for FY2024 Q2. Verify Total Debt. Do not research other fields.; Research official issuer sources for FY2024 Q3. Verify Total Debt. Do not research other fields.,0,1,2,P3_LATEST8Q,3,P3_LATEST8Q,TOTAL_DEBT,0,NO,LMAT
"Research official issuer sources for FY2023 Q4. Verify missing quarter existence/source evidence, Revenue, Total Debt. Do not research other fields.; Research official issuer sources for FY2025 Q1. Verify Capex required to derive FCF, FCF, first-public result publication date, missing quarter existence/source evidence, Revenue, source semantics confirmation, Total Debt. Do not research other fields.; Research official issuer sources for FY2025 Q2. Verify first-public result publication date. Do not research other fields.",0,0,11,P3_LATEST8Q,11,P3_LATEST8Q,CAPEX_FOR_FCF|FCF_DIRECT|FIRST_PUBLIC_PUBLISH_DATE|MISSING_QUARTER_EXISTENCE|REVENUE|SOURCE_SEMANTICS_CONFIRMATION|TOTAL_DEBT,0,YES,LNAI
Research official issuer sources for FY2024 Q2. Verify Total Debt. Do not research other fields.; Research official issuer sources for FY2024 Q3. Verify Total Debt. Do not research other fields.,0,0,2,P3_LATEST8Q,2,P3_LATEST8Q,TOTAL_DEBT,0,NO,LNSR
"Research official issuer sources for FY2025 Q2. Verify Total Debt. Do not research other fields.; Research official issuer sources for FY2025 Q4. Verify EBIT, source semantics confirmation. Do not research other fields.",0,0,3,P3_LATEST8Q,3,P3_LATEST8Q,EBIT_DIRECT|SOURCE_SEMANTICS_CONFIRMATION|TOTAL_DEBT,0,YES,LOGI
"Research official issuer sources for FY2024 Q2. Verify Total Debt. Do not research other fields.; Research official issuer sources for FY2024 Q3. Verify missing quarter existence/source evidence, Total Debt. Do not research other fields.",0,0,3,P3_LATEST8Q,3,P3_LATEST8Q,MISSING_QUARTER_EXISTENCE|TOTAL_DEBT,0,YES,LOPE
"Research official issuer sources for FY2024 Q3. Verify first-public result publication date, Total Debt. Do not research other fields.",0,0,2,P3_LATEST8Q,2,P3_LATEST8Q,FIRST_PUBLIC_PUBLISH_DATE|TOTAL_DEBT,0,YES,LOVE
"Research official issuer sources for FY2025 Q4. Verify EBIT, source semantics confirmation. Do not research other fields.",0,0,2,P3_LATEST8Q,2,P3_LATEST8Q,EBIT_DIRECT|SOURCE_SEMANTICS_CONFIRMATION,0,YES,LPG
Research official issuer sources for FY2024 Q3. Verify Total Debt. Do not research other fields.,0,1,1,P3_LATEST8Q,2,P3_LATEST8Q,TOTAL_DEBT,0,NO,LQDT
"Research official issuer sources for FY2025 Q4. Verify lineage/source ownership evidence, official period_end, target collision evidence. Do not research other fields.",0,0,3,P3_LATEST8Q,3,P3_LATEST8Q,LINEAGE_OWNERSHIP_EVIDENCE|OFFICIAL_PERIOD_END|TARGET_COLLISION_EVIDENCE,0,YES,LRCX
"Research official issuer sources for FY2025 Q2. Verify first-public result publication date. Do not research other fields.; Research official issuer sources for FY2025 Q3. Verify first-public result publication date. Do not research other fields.; Research official issuer sources for FY2025 Q4. Verify first-public result publication date. Do not research other fields.; Research official issuer sources for FY2024 Q1. Verify Capex required to derive FCF, FCF, first-public result publication date, lineage/source ownership evidence, Total Debt. Do not research other fields.; Research official issuer sources for FY2024 Q2. Verify Capex required to derive FCF, FCF, first-public result publication date, lineage/source ownership evidence, Total Debt. Do not research other fields.; Research official issuer sources for FY2025 Q1. Verify first-public result publication date. Do not research other fields.",0,0,14,P2_LATEST4Q,16,P2_LATEST4Q,CAPEX_FOR_FCF|FCF_DIRECT|FIRST_PUBLIC_PUBLISH_DATE|LINEAGE_OWNERSHIP_EVIDENCE|TOTAL_DEBT,2,NO,LRHC
"Research official issuer sources for FY2024 Q3. Verify Revenue, Total Debt. Do not research other fields.; Research official issuer sources for FY2025 Q1. Verify Cash. Do not research other fields.",0,0,3,P3_LATEST8Q,3,P3_LATEST8Q,CASH|REVENUE|TOTAL_DEBT,0,NO,LRMR
"Research official issuer sources for FY2024 Q2. Verify Total Debt. Do not research other fields.; Research official issuer sources for FY2024 Q3. Verify missing quarter existence/source evidence, Total Debt. Do not research other fields.",0,0,3,P3_LATEST8Q,3,P3_LATEST8Q,MISSING_QUARTER_EXISTENCE|TOTAL_DEBT,0,YES,LSCC
"Research official issuer sources for FY2025 Q3. Verify Total Debt. Do not research other fields.; Research official issuer sources for FY2025 Q4. Verify Total Debt. Do not research other fields.; Research official issuer sources for FY2026 Q1. Verify first-public result publication date, Total Debt. Do not research other fields.; Research official issuer sources for FY2024 Q2. Verify Capex required to derive FCF, FCF, source semantics confirmation, Total Debt. Do not research other fields.; Research official issuer sources for FY2024 Q3. Verify Capex required to derive FCF, FCF, source semantics confirmation, Total Debt. Do not research other fields.; Research official issuer sources for FY2025 Q1. Verify Total Debt. Do not research other fields.; Research official issuer sources for FY2025 Q2. Verify Total Debt. Do not research other fields.",0,2,14,P2_LATEST4Q,16,P2_LATEST4Q,CAPEX_FOR_FCF|FCF_DIRECT|FIRST_PUBLIC_PUBLISH_DATE|SOURCE_SEMANTICS_CONFIRMATION|TOTAL_DEBT,0,NO,LTBR
"Research official issuer sources for FY2024 Q4. Verify EBIT, source semantics confirmation. Do not research other fields.; Research official issuer sources for FY2025 Q1. Verify EBIT, source semantics confirmation. Do not research other fields.",0,0,4,P3_LATEST8Q,4,P3_LATEST8Q,EBIT_DIRECT|SOURCE_SEMANTICS_CONFIRMATION,0,NO,LTC
"Research official issuer sources for FY2024 Q2. Verify Revenue, Total Debt. Do not research other fields.; Research official issuer sources for FY2024 Q3. Verify Revenue, Total Debt. Do not research other fields.",0,0,4,P3_LATEST8Q,4,P3_LATEST8Q,REVENUE|TOTAL_DEBT,0,NO,LTRN
"Research official issuer sources for FY2024 Q3. Verify Cash, missing quarter existence/source evidence. Do not research other fields.; Research official issuer sources for FY2025 Q1. Verify Cash, missing quarter existence/source evidence. Do not research other fields.",0,0,4,P3_LATEST8Q,4,P3_LATEST8Q,CASH|MISSING_QUARTER_EXISTENCE,0,YES,LUCK
"Research official issuer sources for FY2024 Q2. Verify EBIT, source semantics confirmation, Total Debt. Do not research other fields.; Research official issuer sources for FY2024 Q3. Verify EBIT, source semantics confirmation, Total Debt. Do not research other fields.; Research official issuer sources for FY2024 Q4. Verify Total Debt. Do not research other fields.; Research official issuer sources for FY2025 Q1. Verify Total Debt. Do not research other fields.",0,0,8,P3_LATEST8Q,8,P3_LATEST8Q,EBIT_DIRECT|SOURCE_SEMANTICS_CONFIRMATION|TOTAL_DEBT,0,NO,LUCY
"Research official issuer sources for FY2025 Q1. Verify Cash, EBIT, FCF, OCF required to derive FCF, source semantics confirmation, Total Debt. Do not research other fields.",0,0,6,P3_LATEST8Q,6,P3_LATEST8Q,CASH|EBIT_DIRECT|FCF_DIRECT|OCF_FOR_FCF|SOURCE_SEMANTICS_CONFIRMATION|TOTAL_DEBT,0,NO,LUV
Research official issuer sources for FY2024 Q2. Verify Total Debt. Do not research other fields.; Research official issuer sources for FY2024 Q3. Verify Total Debt. Do not research other fields.,0,1,2,P3_LATEST8Q,3,P3_LATEST8Q,TOTAL_DEBT,0,NO,LVWR
"Research official issuer sources for FY2025 Q4. Verify lineage/source ownership evidence, official period_end, target collision evidence. Do not research other fields.",0,0,3,P3_LATEST8Q,3,P3_LATEST8Q,LINEAGE_OWNERSHIP_EVIDENCE|OFFICIAL_PERIOD_END|TARGET_COLLISION_EVIDENCE,0,YES,LW
"Research official issuer sources for FY2025 Q2. Verify first-public result publication date. Do not research other fields.; Research official issuer sources for FY2025 Q3. Verify first-public result publication date. Do not research other fields.; Research official issuer sources for FY2024 Q1. Verify first-public result publication date, Total Debt. Do not research other fields.; Research official issuer sources for FY2024 Q2. Verify first-public result publication date, Total Debt. Do not research other fields.; Research official issuer sources for FY2024 Q3. Verify first-public result publication date, Total Debt. Do not research other fields.",0,1,8,P2_LATEST4Q,9,P2_LATEST4Q,FIRST_PUBLIC_PUBLISH_DATE|TOTAL_DEBT,0,NO,LWLG
"Research official issuer sources for FY2023 Q2. Verify Cash, first-public result publication date, Revenue, Total Debt. Do not research other fields.; Research official issuer sources for FY2023 Q4. Verify Revenue, Total Debt. Do not research other fields.; Research official issuer sources for FY2024 Q3. Verify Revenue, Total Debt. Do not research other fields.",0,4,8,P3_LATEST8Q,12,P3_LATEST8Q,CASH|FIRST_PUBLIC_PUBLISH_DATE|REVENUE|TOTAL_DEBT,0,NO,LXEO
"Research official issuer sources for FY2024 Q2. Verify EBIT, source semantics confirmation. Do not research other fields.; Research official issuer sources for FY2024 Q3. Verify EBIT, source semantics confirmation. Do not research other fields.",0,1,4,P3_LATEST8Q,5,P3_LATEST8Q,EBIT_DIRECT|SOURCE_SEMANTICS_CONFIRMATION,0,NO,LXP
"Research official issuer sources for FY2024 Q4. Verify Cash, EBIT, source semantics confirmation. Do not research other fields.",0,0,3,P3_LATEST8Q,3,P3_LATEST8Q,CASH|EBIT_DIRECT|SOURCE_SEMANTICS_CONFIRMATION,0,NO,LXRX
Research official issuer sources for FY2024 Q1. Verify Total Debt. Do not research other fields.; Research official issuer sources for FY2024 Q2. Verify Total Debt. Do not research other fields.; Research official issuer sources for FY2024 Q3. Verify Total Debt. Do not research other fields.,0,0,3,P3_LATEST8Q,3,P3_LATEST8Q,TOTAL_DEBT,0,NO,LYRA
Research official issuer sources for FY2026 Q1. Verify first-public result publication date. Do not research other fields.; Research official issuer sources for FY2026 Q2. Verify first-public result publication date. Do not research other fields.,0,1,2,P2_LATEST4Q,3,P2_LATEST4Q,FIRST_PUBLIC_PUBLISH_DATE,0,NO,LYTS
Research official issuer sources for FY2024 Q3. Verify Total Debt. Do not research other fields.,0,1,1,P3_LATEST8Q,2,P3_LATEST8Q,TOTAL_DEBT,0,NO,LYV
Research official issuer sources for FY2024 Q2. Verify Total Debt. Do not research other fields.; Research official issuer sources for FY2024 Q3. Verify Total Debt. Do not research other fields.,0,1,2,P3_LATEST8Q,3,P3_LATEST8Q,TOTAL_DEBT,0,NO,LZ
"Research official issuer sources for FY2025 Q1. Verify Total Debt. Do not research other fields.; Research official issuer sources for FY2025 Q2. Verify Total Debt. Do not research other fields.; Research official issuer sources for FY2025 Q4. Verify lineage/source ownership evidence, official period_end, target collision evidence. Do not research other fields.",0,0,5,P3_LATEST8Q,5,P3_LATEST8Q,LINEAGE_OWNERSHIP_EVIDENCE|OFFICIAL_PERIOD_END|TARGET_COLLISION_EVIDENCE|TOTAL_DEBT,0,YES,LZB
"Research official issuer sources for FY2024 Q2. Verify EBIT, source semantics confirmation. Do not research other fields.; Research official issuer sources for FY2024 Q3. Verify EBIT, source semantics confirmation. Do not research other fields.",0,1,4,P3_LATEST8Q,5,P3_LATEST8Q,EBIT_DIRECT|SOURCE_SEMANTICS_CONFIRMATION,0,NO,MAA
"Research official issuer sources for FY2024 Q2. Verify EBIT, source semantics confirmation. Do not research other fields.; Research official issuer sources for FY2024 Q3. Verify EBIT, source semantics confirmation. Do not research other fields.",0,1,4,P3_LATEST8Q,5,P3_LATEST8Q,EBIT_DIRECT|SOURCE_SEMANTICS_CONFIRMATION,0,NO,MAC
"Research official issuer sources for FY2025 Q1. Verify first-public result publication date, target collision evidence. Do not research other fields.; Research official issuer sources for FY2025 Q2. Verify first-public result publication date, target collision evidence. Do not research other fields.; Research official issuer sources for FY2025 Q3. Verify first-public result publication date. Do not research other fields.",0,0,5,P2_LATEST4Q,5,P2_LATEST4Q,FIRST_PUBLIC_PUBLISH_DATE|TARGET_COLLISION_EVIDENCE,0,YES,MAGN
"Research official issuer sources for FY2024 Q2. Verify Total Debt. Do not research other fields.; Research official issuer sources for FY2024 Q3. Verify Total Debt. Do not research other fields.; Research official issuer sources for FY2024 Q4. Verify missing quarter existence/source evidence, Total Debt. Do not research other fields.",0,0,4,P3_LATEST8Q,4,P3_LATEST8Q,MISSING_QUARTER_EXISTENCE|TOTAL_DEBT,0,YES,MAMA
"Research official issuer sources for FY2025 Q1. Verify EBIT, source semantics confirmation, Total Debt. Do not research other fields.",0,1,3,P3_LATEST8Q,4,P3_LATEST8Q,EBIT_DIRECT|SOURCE_SEMANTICS_CONFIRMATION|TOTAL_DEBT,0,NO,MAN
Research official issuer sources for FY2024 Q2. Verify Total Debt. Do not research other fields.; Research official issuer sources for FY2024 Q3. Verify Total Debt. Do not research other fields.,0,1,2,P3_LATEST8Q,3,P3_LATEST8Q,TOTAL_DEBT,0,NO,MANH
Research official issuer sources for FY2024 Q2. Verify Total Debt. Do not research other fields.; Research official issuer sources for FY2024 Q3. Verify Total Debt. Do not research other fields.,0,1,2,P3_LATEST8Q,3,P3_LATEST8Q,TOTAL_DEBT,0,NO,MAPS
,0,1,0,NO_EXTERNAL_RESEARCH_NEEDED,1,P3_LATEST8Q,,0,NO,MAS
Research official issuer sources for FY2024 Q2. Verify Total Debt. Do not research other fields.; Research official issuer sources for FY2024 Q3. Verify Total Debt. Do not research other fields.,0,0,2,P3_LATEST8Q,2,P3_LATEST8Q,TOTAL_DEBT,0,NO,MASS
,0,2,0,NO_EXTERNAL_RESEARCH_NEEDED,2,P3_LATEST8Q,,0,NO,MATV
,0,1,0,NO_EXTERNAL_RESEARCH_NEEDED,1,P3_LATEST8Q,,0,NO,MATX
"Research official issuer sources for FY2026 Q1. Verify Total Debt. Do not research other fields.; Research official issuer sources for FY2024 Q3. Verify Revenue, Total Debt. Do not research other fields.; Research official issuer sources for FY2024 Q4. Verify EBIT, source semantics confirmation. Do not research other fields.",0,0,5,P2_LATEST4Q,5,P2_LATEST4Q,EBIT_DIRECT|REVENUE|SOURCE_SEMANTICS_CONFIRMATION|TOTAL_DEBT,0,NO,MBIO
"Research official issuer sources for FY2024 Q2. Verify Total Debt. Do not research other fields.; Research official issuer sources for FY2024 Q3. Verify missing quarter existence/source evidence, Total Debt. Do not research other fields.; Research official issuer sources for FY2025 Q1. Verify missing quarter existence/source evidence, target collision evidence, Total Debt. Do not research other fields.; Research official issuer sources for FY2025 Q2. Verify target collision evidence, Total Debt. Do not research other fields.",0,0,8,P3_LATEST8Q,8,P3_LATEST8Q,MISSING_QUARTER_EXISTENCE|TARGET_COLLISION_EVIDENCE|TOTAL_DEBT,0,YES,MBLY
"Research official issuer sources for FY2024 Q1. Verify Revenue, Total Debt. Do not research other fields.; Research official issuer sources for FY2024 Q2. Verify Revenue, Total Debt. Do not research other fields.; Research official issuer sources for FY2024 Q3. Verify Revenue, Total Debt. Do not research other fields.",0,1,6,P3_LATEST8Q,7,P3_LATEST8Q,REVENUE|TOTAL_DEBT,0,NO,MBOT
"Research official issuer sources for FY2026 Q1. Verify first-public result publication date, Total Debt. Do not research other fields.; Research official issuer sources for FY2026 Q2. Verify first-public result publication date, Total Debt. Do not research other fields.",0,0,4,P2_LATEST4Q,4,P2_LATEST4Q,FIRST_PUBLIC_PUBLISH_DATE|TOTAL_DEBT,0,NO,MCFT
"Research official issuer sources for FY2025 Q4. Verify EBIT, source semantics confirmation. Do not research other fields.",0,0,2,P3_LATEST8Q,2,P3_LATEST8Q,EBIT_DIRECT|SOURCE_SEMANTICS_CONFIRMATION,0,YES,MCHP
"Research official issuer sources for FY2025 Q4. Verify EBIT, source semantics confirmation. Do not research other fields.",0,0,2,P3_LATEST8Q,2,P3_LATEST8Q,EBIT_DIRECT|SOURCE_SEMANTICS_CONFIRMATION,0,YES,MCK
"Research official issuer sources for FY2024 Q3. Verify Total Debt. Do not research other fields.; Research official issuer sources for FY2024 Q4. Verify EBIT, source semantics confirmation. Do not research other fields.; Research official issuer sources for FY2025 Q1. Verify EBIT, source semantics confirmation. Do not research other fields.",0,0,5,P3_LATEST8Q,5,P3_LATEST8Q,EBIT_DIRECT|SOURCE_SEMANTICS_CONFIRMATION|TOTAL_DEBT,0,NO,MCRB
"Research official issuer sources for FY2024 Q2. Verify EBIT, source semantics confirmation. Do not research other fields.; Research official issuer sources for FY2024 Q3. Verify EBIT, source semantics confirmation. Do not research other fields.",0,1,4,P3_LATEST8Q,5,P3_LATEST8Q,EBIT_DIRECT|SOURCE_SEMANTICS_CONFIRMATION,0,NO,MCRI
"Research official issuer sources for FY2025 Q2. Verify lineage/source ownership evidence. Do not research other fields.; Research official issuer sources for FY2025 Q4. Verify fiscal transition evidence, official period_end, source semantics confirmation, target collision evidence. Do not research other fields.",0,0,5,P3_LATEST8Q,5,P3_LATEST8Q,FISCAL_TRANSITION_EVIDENCE|LINEAGE_OWNERSHIP_EVIDENCE|OFFICIAL_PERIOD_END|SOURCE_SEMANTICS_CONFIRMATION|TARGET_COLLISION_EVIDENCE,0,YES,MCS
"Research official issuer sources for FY2023 Q2. Verify Capex required to derive FCF, FCF, first-public result publication date, source semantics confirmation, Total Debt. Do not research other fields.; Research official issuer sources for FY2023 Q4. Verify Capex required to derive FCF, FCF, source semantics confirmation, Total Debt. Do not research other fields.; Research official issuer sources for FY2024 Q3. Verify Capex required to derive FCF, FCF, source semantics confirmation, Total Debt. Do not research other fields.",0,4,13,P3_LATEST8Q,17,P3_LATEST8Q,CAPEX_FOR_FCF|FCF_DIRECT|FIRST_PUBLIC_PUBLISH_DATE|SOURCE_SEMANTICS_CONFIRMATION|TOTAL_DEBT,0,NO,MDAI
"Research official issuer sources for FY2025 Q4. Verify EBIT, source semantics confirmation. Do not research other fields.",0,0,2,P3_LATEST8Q,2,P3_LATEST8Q,EBIT_DIRECT|SOURCE_SEMANTICS_CONFIRMATION,0,YES,MDB
"Research official issuer sources for FY2024 Q4. Verify EBIT, source semantics confirmation. Do not research other fields.",0,0,2,P3_LATEST8Q,2,P3_LATEST8Q,EBIT_DIRECT|SOURCE_SEMANTICS_CONFIRMATION,0,NO,MDGL
"Research official issuer sources for FY2024 Q4. Verify EBIT, source semantics confirmation. Do not research other fields.",0,0,2,P3_LATEST8Q,2,P3_LATEST8Q,EBIT_DIRECT|SOURCE_SEMANTICS_CONFIRMATION,0,NO,MDIA
"Research official issuer sources for FY2025 Q4. Verify lineage/source ownership evidence, official period_end, target collision evidence. Do not research other fields.",0,0,3,P3_LATEST8Q,3,P3_LATEST8Q,LINEAGE_OWNERSHIP_EVIDENCE|OFFICIAL_PERIOD_END|TARGET_COLLISION_EVIDENCE,0,YES,MDT
"Research official issuer sources for FY2024 Q4. Verify EBIT, source semantics confirmation. Do not research other fields.; Research official issuer sources for FY2025 Q1. Verify EBIT, FCF, OCF required to derive FCF, Revenue, source semantics confirmation. Do not research other fields.",0,0,7,P3_LATEST8Q,7,P3_LATEST8Q,EBIT_DIRECT|FCF_DIRECT|OCF_FOR_FCF|REVENUE|SOURCE_SEMANTICS_CONFIRMATION,0,NO,MDU
"Research official issuer sources for FY2025 Q1. Verify EBIT, source semantics confirmation. Do not research other fields.",0,1,2,P3_LATEST8Q,3,P3_LATEST8Q,EBIT_DIRECT|SOURCE_SEMANTICS_CONFIRMATION,0,NO,MDXG
Research official issuer sources for FY2024 Q3. Verify Total Debt. Do not research other fields.,0,0,1,P3_LATEST8Q,1,P3_LATEST8Q,TOTAL_DEBT,0,NO,MEDP
"Research official issuer sources for FY2025 Q3. Verify first-public result publication date. Do not research other fields.; Research official issuer sources for FY2026 Q1. Verify first-public result publication date. Do not research other fields.; Research official issuer sources for FY2024 Q1. Verify first-public result publication date, Revenue, Shares Outstanding. Do not research other fields.; Research official issuer sources for FY2024 Q3. Verify Capex required to derive FCF, FCF, first-public result publication date, Shares Outstanding, source semantics confirmation. Do not research other fields.; Research official issuer sources for FY2025 Q1. Verify first-public result publication date. Do not research other fields.; Research official issuer sources for FY2025 Q2. Verify first-public result publication date. Do not research other fields.",0,3,12,P2_LATEST4Q,15,P2_LATEST4Q,CAPEX_FOR_FCF|FCF_DIRECT|FIRST_PUBLIC_PUBLISH_DATE|REVENUE|SHARES_OUTSTANDING|SOURCE_SEMANTICS_CONFIRMATION,0,NO,METCB
"Research official issuer sources for FY2025 Q3. Verify EBIT. Do not research other fields.; Research official issuer sources for FY2025 Q4. Verify EBIT. Do not research other fields.; Research official issuer sources for FY2026 Q1. Verify EBIT. Do not research other fields.; Research official issuer sources for FY2024 Q2. Verify Capex required to derive FCF, EBIT, FCF, Revenue, source semantics confirmation, Total Debt. Do not research other fields.; Research official issuer sources for FY2024 Q3. Verify Capex required to derive FCF, EBIT, FCF, Revenue, source semantics confirmation, Total Debt. Do not research other fields.; Research official issuer sources for FY2025 Q1. Verify EBIT. Do not research other fields.; Research official issuer sources for FY2025 Q2. Verify EBIT. Do not research other fields.",0,2,17,P2_LATEST4Q,19,P2_LATEST4Q,CAPEX_FOR_FCF|EBIT_DIRECT|FCF_DIRECT|REVENUE|SOURCE_SEMANTICS_CONFIRMATION|TOTAL_DEBT,0,NO,MFA
Research official issuer sources for FY2024 Q1. Verify Total Debt. Do not research other fields.; Research official issuer sources for FY2024 Q2. Verify Total Debt. Do not research other fields.; Research official issuer sources for FY2024 Q3. Verify Total Debt. Do not research other fields.,0,1,3,P3_LATEST8Q,4,P3_LATEST8Q,TOTAL_DEBT,0,NO,MGNX
"Research official issuer sources for FY2024 Q2. Verify Capex required to derive FCF, FCF, first-public result publication date, source semantics confirmation, Total Debt. Do not research other fields.; Research official issuer sources for FY2024 Q3. Verify first-public result publication date. Do not research other fields.",0,0,6,P3_LATEST8Q,6,P3_LATEST8Q,CAPEX_FOR_FCF|FCF_DIRECT|FIRST_PUBLIC_PUBLISH_DATE|SOURCE_SEMANTICS_CONFIRMATION|TOTAL_DEBT,0,NO,MGRX
"Research official issuer sources for FY2024 Q1. Verify first-public result publication date, lineage/source ownership evidence, Total Debt. Do not research other fields.; Research official issuer sources for FY2024 Q2. Verify first-public result publication date, lineage/source ownership evidence, Total Debt. Do not research other fields.; Research official issuer sources for FY2024 Q3. Verify first-public result publication date, lineage/source ownership evidence, Total Debt. Do not research other fields.",0,0,9,P3_LATEST8Q,9,P3_LATEST8Q,FIRST_PUBLIC_PUBLISH_DATE|LINEAGE_OWNERSHIP_EVIDENCE|TOTAL_DEBT,0,NO,MGX
"Research official issuer sources for FY2024 Q4. Verify lineage/source ownership evidence, official period_end, target collision evidence. Do not research other fields.",0,0,3,P3_LATEST8Q,3,P3_LATEST8Q,LINEAGE_OWNERSHIP_EVIDENCE|OFFICIAL_PERIOD_END|TARGET_COLLISION_EVIDENCE,0,YES,MIDD
"Research official issuer sources for FY2025 Q2. Verify Total Debt. Do not research other fields.; Research official issuer sources for FY2025 Q4. Verify EBIT, source semantics confirmation. Do not research other fields.",0,0,3,P3_LATEST8Q,3,P3_LATEST8Q,EBIT_DIRECT|SOURCE_SEMANTICS_CONFIRMATION|TOTAL_DEBT,0,YES,MIND
"Research official issuer sources for FY2025 Q2. Verify Total Debt. Do not research other fields.; Research official issuer sources for FY2025 Q3. Verify Total Debt. Do not research other fields.; Research official issuer sources for FY2025 Q4. Verify first-public result publication date, Total Debt. Do not research other fields.; Research official issuer sources for FY2024 Q2. Verify Capex required to derive FCF, EBIT, FCF, Revenue, source semantics confirmation, Total Debt. Do not research other fields.; Research official issuer sources for FY2024 Q3. Verify Capex required to derive FCF, EBIT, FCF, Revenue, source semantics confirmation. Do not research other fields.; Research official issuer sources for FY2024 Q4. Verify EBIT, source semantics confirmation. Do not research other fields.; Research official issuer sources for FY2025 Q1. Verify Total Debt. Do not research other fields.",0,0,18,P2_LATEST4Q,18,P2_LATEST4Q,CAPEX_FOR_FCF|EBIT_DIRECT|FCF_DIRECT|FIRST_PUBLIC_PUBLISH_DATE|REVENUE|SOURCE_SEMANTICS_CONFIRMATION|TOTAL_DEBT,0,NO,MIRA
"Research official issuer sources for FY2024 Q1. Verify Capex required to derive FCF, FCF, Revenue, source semantics confirmation. Do not research other fields.; Research official issuer sources for FY2024 Q2. Verify Revenue. Do not research other fields.; Research official issuer sources for FY2024 Q3. Verify Revenue. Do not research other fields.",0,1,6,P3_LATEST8Q,7,P3_LATEST8Q,CAPEX_FOR_FCF|FCF_DIRECT|REVENUE|SOURCE_SEMANTICS_CONFIRMATION,0,NO,MIST
"Research official issuer sources for FY2025 Q2. Verify EBIT, source semantics confirmation. Do not research other fields.; Research official issuer sources for FY2025 Q3. Verify EBIT, source semantics confirmation. Do not research other fields.; Research official issuer sources for FY2025 Q4. Verify EBIT, source semantics confirmation. Do not research other fields.; Research official issuer sources for FY2024 Q1. Verify Capex required to derive FCF, EBIT, FCF, source semantics confirmation. Do not research other fields.; Research official issuer sources for FY2024 Q2. Verify Capex required to derive FCF, EBIT, FCF, source semantics confirmation. Do not research other fields.; Research official issuer sources for FY2024 Q3. Verify Capex required to derive FCF, EBIT, FCF, source semantics confirmation. Do not research other fields.; Research official issuer sources for FY2025 Q1. Verify EBIT, source semantics confirmation. Do not research other fields.",0,2,20,P2_LATEST4Q,22,P2_LATEST4Q,CAPEX_FOR_FCF|EBIT_DIRECT|FCF_DIRECT|SOURCE_SEMANTICS_CONFIRMATION,0,NO,MITT
"Research official issuer sources for FY2023 Q1. Verify Total Debt. Do not research other fields.; Research official issuer sources for FY2024 Q4. Verify Capex required to derive FCF, EBIT, FCF, OCF required to derive FCF, Revenue, source semantics confirmation. Do not research other fields.; Research official issuer sources for FY2025 Q2. Verify Capex required to derive FCF, EBIT, FCF, first-public result publication date, OCF required to derive FCF, Revenue, source semantics confirmation. Do not research other fields.; Research official issuer sources for FY2021 Q4. Verify first-public result publication date, Total Debt. Do not research other fields.; Research official issuer sources for FY2022 Q1. Verify first-public result publication date. Do not research other fields.; Research official issuer sources for FY2022 Q2. Verify EBIT, Revenue, source semantics confirmation. Do not research other fields.; Research official issuer sources for FY2022 Q3. Verify Capex required to derive FCF, EBIT, FCF, Revenue, source semantics confirmation. Do not research other fields.",0,4,25,P2_LATEST4Q,29,P2_LATEST4Q,CAPEX_FOR_FCF|EBIT_DIRECT|FCF_DIRECT|FIRST_PUBLIC_PUBLISH_DATE|OCF_FOR_FCF|REVENUE|SOURCE_SEMANTICS_CONFIRMATION|TOTAL_DEBT,0,NO,MLGO
"Research official issuer sources for FY2025 Q1. Verify Capex required to derive FCF, EBIT, FCF, source semantics confirmation. Do not research other fields.",0,1,4,P3_LATEST8Q,5,P3_LATEST8Q,CAPEX_FOR_FCF|EBIT_DIRECT|FCF_DIRECT|SOURCE_SEMANTICS_CONFIRMATION,0,NO,MLM
"Research official issuer sources for FY2024 Q3. Verify EBIT, source semantics confirmation. Do not research other fields.",0,0,2,P3_LATEST8Q,2,P3_LATEST8Q,EBIT_DIRECT|SOURCE_SEMANTICS_CONFIRMATION,0,NO,MLR
"Research official issuer sources for FY2024 Q2. Verify Revenue. Do not research other fields.; Research official issuer sources for FY2024 Q3. Verify Revenue. Do not research other fields.; Research official issuer sources for FY2024 Q4. Verify EBIT, source semantics confirmation, Total Debt. Do not research other fields.",0,0,5,P3_LATEST8Q,5,P3_LATEST8Q,EBIT_DIRECT|REVENUE|SOURCE_SEMANTICS_CONFIRMATION|TOTAL_DEBT,0,YES,MLTX
"Research official issuer sources for FY2025 Q2. Verify Total Debt. Do not research other fields.; Research official issuer sources for FY2025 Q3. Verify Total Debt. Do not research other fields.; Research official issuer sources for FY2025 Q4. Verify Total Debt. Do not research other fields.; Research official issuer sources for FY2024 Q2. Verify Revenue, Total Debt. Do not research other fields.; Research official issuer sources for FY2024 Q3. Verify Revenue, Total Debt. Do not research other fields.; Research official issuer sources for FY2024 Q4. Verify Total Debt. Do not research other fields.; Research official issuer sources for FY2025 Q1. Verify Total Debt. Do not research other fields.",0,0,9,P2_LATEST4Q,9,P2_LATEST4Q,REVENUE|TOTAL_DEBT,0,NO,MLYS
Research official issuer sources for FY2024 Q2. Verify Total Debt. Do not research other fields.; Research official issuer sources for FY2024 Q3. Verify Total Debt. Do not research other fields.,0,1,2,P3_LATEST8Q,3,P3_LATEST8Q,TOTAL_DEBT,0,NO,MMI
"Research official issuer sources for FY2025 Q3. Verify first-public result publication date. Do not research other fields.; Research official issuer sources for FY2023 Q2. Verify Capex required to derive FCF, Cash, FCF, first-public result publication date, Shares Outstanding, source semantics confirmation, Total Debt. Do not research other fields.; Research official issuer sources for FY2023 Q4. Verify Capex required to derive FCF, FCF, source semantics confirmation. Do not research other fields.",0,3,11,P2_LATEST4Q,14,P2_LATEST4Q,CAPEX_FOR_FCF|CASH|FCF_DIRECT|FIRST_PUBLIC_PUBLISH_DATE|SHARES_OUTSTANDING|SOURCE_SEMANTICS_CONFIRMATION|TOTAL_DEBT,0,NO,MNR
"Research official issuer sources for FY2025 Q4. Verify EBIT, missing quarter existence/source evidence, source semantics confirmation. Do not research other fields.",0,0,3,P3_LATEST8Q,3,P3_LATEST8Q,EBIT_DIRECT|MISSING_QUARTER_EXISTENCE|SOURCE_SEMANTICS_CONFIRMATION,0,NO,MNRO
"Research official issuer sources for FY2025 Q3. Verify Total Debt. Do not research other fields.; Research official issuer sources for FY2025 Q4. Verify Total Debt. Do not research other fields.; Research official issuer sources for FY2026 Q1. Verify Total Debt. Do not research other fields.; Research official issuer sources for FY2025 Q1. Verify Capex required to derive FCF, EBIT, FCF, source semantics confirmation. Do not research other fields.; Research official issuer sources for FY2025 Q2. Verify Total Debt. Do not research other fields.",0,0,8,P2_LATEST4Q,8,P2_LATEST4Q,CAPEX_FOR_FCF|EBIT_DIRECT|FCF_DIRECT|SOURCE_SEMANTICS_CONFIRMATION|TOTAL_DEBT,0,NO,MNST
"Research official issuer sources for FY2024 Q2. Verify first-public result publication date, Total Debt. Do not research other fields.; Research official issuer sources for FY2024 Q3. Verify first-public result publication date, Total Debt. Do not research other fields.",0,0,4,P3_LATEST8Q,4,P3_LATEST8Q,FIRST_PUBLIC_PUBLISH_DATE|TOTAL_DEBT,0,NO,MNTS
"Research official issuer sources for FY2025 Q4. Verify EBIT, source semantics confirmation. Do not research other fields.",0,0,2,P3_LATEST8Q,2,P3_LATEST8Q,EBIT_DIRECT|SOURCE_SEMANTICS_CONFIRMATION,0,YES,MOD
Research official issuer sources for FY2025 Q1. Verify Cash. Do not research other fields.,0,1,1,P3_LATEST8Q,2,P3_LATEST8Q,CASH,0,NO,MOH
"Research official issuer sources for FY2024 Q2. Verify lineage/source ownership evidence, target collision evidence, Total Debt. Do not research other fields.; Research official issuer sources for FY2025 Q3. Verify Total Debt. Do not research other fields.; Research official issuer sources for FY2025 Q4. Verify EBIT, source semantics confirmation. Do not research other fields.",0,0,6,P3_LATEST8Q,6,P3_LATEST8Q,EBIT_DIRECT|LINEAGE_OWNERSHIP_EVIDENCE|SOURCE_SEMANTICS_CONFIRMATION|TARGET_COLLISION_EVIDENCE|TOTAL_DEBT,0,YES,MOV
"Research official issuer sources for FY2025 Q2. Verify Capex required to derive FCF, FCF, source semantics confirmation, Total Debt. Do not research other fields.; Research official issuer sources for FY2025 Q3. Verify Capex required to derive FCF, FCF, source semantics confirmation. Do not research other fields.; Research official issuer sources for FY2024 Q1. Verify first-public result publication date, Total Debt. Do not research other fields.; Research official issuer sources for FY2024 Q2. Verify Total Debt. Do not research other fields.; Research official issuer sources for FY2024 Q3. Verify Total Debt. Do not research other fields.; Research official issuer sources for FY2025 Q1. Verify Total Debt. Do not research other fields.",0,2,12,P2_LATEST4Q,14,P2_LATEST4Q,CAPEX_FOR_FCF|FCF_DIRECT|FIRST_PUBLIC_PUBLISH_DATE|SOURCE_SEMANTICS_CONFIRMATION|TOTAL_DEBT,0,NO,MOVE
"Research official issuer sources for FY2025 Q1. Verify Capex required to derive FCF, EBIT, FCF, Revenue, source semantics confirmation, Total Debt. Do not research other fields.",0,1,6,P3_LATEST8Q,7,P3_LATEST8Q,CAPEX_FOR_FCF|EBIT_DIRECT|FCF_DIRECT|REVENUE|SOURCE_SEMANTICS_CONFIRMATION|TOTAL_DEBT,0,NO,MPC
Research official issuer sources for FY2024 Q2. Verify Total Debt. Do not research other fields.; Research official issuer sources for FY2024 Q3. Verify Total Debt. Do not research other fields.,0,1,2,P3_LATEST8Q,3,P3_LATEST8Q,TOTAL_DEBT,0,NO,MPWR
Research official issuer sources for FY2024 Q2. Verify Total Debt. Do not research other fields.; Research official issuer sources for FY2024 Q3. Verify Total Debt. Do not research other fields.,0,1,2,P3_LATEST8Q,3,P3_LATEST8Q,TOTAL_DEBT,0,NO,MQ
Research official issuer sources for FY2024 Q2. Verify Total Debt. Do not research other fields.; Research official issuer sources for FY2024 Q3. Verify Total Debt. Do not research other fields.,0,1,2,P3_LATEST8Q,3,P3_LATEST8Q,TOTAL_DEBT,0,NO,MRAM
"Research official issuer sources for FY2024 Q4. Verify EBIT, source semantics confirmation. Do not research other fields.",0,0,2,P3_LATEST8Q,2,P3_LATEST8Q,EBIT_DIRECT|SOURCE_SEMANTICS_CONFIRMATION,0,NO,MREO
"Research official issuer sources for FY2024 Q2. Verify EBIT, source semantics confirmation. Do not research other fields.; Research official issuer sources for FY2024 Q3. Verify EBIT, missing quarter existence/source evidence, source semantics confirmation. Do not research other fields.",0,0,5,P3_LATEST8Q,5,P3_LATEST8Q,EBIT_DIRECT|MISSING_QUARTER_EXISTENCE|SOURCE_SEMANTICS_CONFIRMATION,0,YES,MRK
Research official issuer sources for FY2024 Q3. Verify Total Debt. Do not research other fields.,0,0,1,P3_LATEST8Q,1,P3_LATEST8Q,TOTAL_DEBT,0,NO,MRNA
Research official issuer sources for FY2024 Q2. Verify Total Debt. Do not research other fields.; Research official issuer sources for FY2024 Q3. Verify Total Debt. Do not research other fields.,0,1,2,P3_LATEST8Q,3,P3_LATEST8Q,TOTAL_DEBT,0,NO,MRTN
"Research official issuer sources for FY2024 Q4. Verify EBIT, lineage/source ownership evidence, source semantics confirmation, target collision evidence. Do not research other fields.",0,0,4,P3_LATEST8Q,4,P3_LATEST8Q,EBIT_DIRECT|LINEAGE_OWNERSHIP_EVIDENCE|SOURCE_SEMANTICS_CONFIRMATION|TARGET_COLLISION_EVIDENCE,0,YES,MRVL
Research official issuer sources for FY2024 Q3. Verify missing quarter existence/source evidence. Do not research other fields.,0,0,1,P3_LATEST8Q,1,P3_LATEST8Q,MISSING_QUARTER_EXISTENCE,0,YES,MSCI
,0,1,0,NO_EXTERNAL_RESEARCH_NEEDED,1,P3_LATEST8Q,,0,NO,MSEX
"Research official issuer sources for FY2024 Q2. Verify Total Debt. Do not research other fields.; Research official issuer sources for FY2024 Q3. Verify Total Debt. Do not research other fields.; Research official issuer sources for FY2024 Q4. Verify EBIT, source semantics confirmation. Do not research other fields.",0,0,4,P3_LATEST8Q,4,P3_LATEST8Q,EBIT_DIRECT|SOURCE_SEMANTICS_CONFIRMATION|TOTAL_DEBT,0,NO,MSGM
"Research official issuer sources for FY2023 Q3. Verify first-public result publication date, Revenue, Shares Outstanding, Total Debt. Do not research other fields.; Research official issuer sources for FY2024 Q1. Verify Cash, first-public result publication date, Revenue, Shares Outstanding, Total Debt. Do not research other fields.; Research official issuer sources for FY2024 Q2. Verify Cash, first-public result publication date, Revenue, Shares Outstanding, Total Debt. Do not research other fields.; Research official issuer sources for FY2024 Q3. Verify first-public result publication date. Do not research other fields.",0,2,15,P3_LATEST8Q,17,P3_LATEST8Q,CASH|FIRST_PUBLIC_PUBLISH_DATE|REVENUE|SHARES_OUTSTANDING|TOTAL_DEBT,0,NO,MSPR
,0,2,0,NO_EXTERNAL_RESEARCH_NEEDED,2,P3_LATEST8Q,,0,NO,MSTR
"Research official issuer sources for FY2024 Q2. Verify EBIT, source semantics confirmation. Do not research other fields.; Research official issuer sources for FY2024 Q3. Verify EBIT, source semantics confirmation. Do not research other fields.",0,1,4,P3_LATEST8Q,5,P3_LATEST8Q,EBIT_DIRECT|SOURCE_SEMANTICS_CONFIRMATION,0,NO,MTD
"Research official issuer sources for FY2024 Q2. Verify EBIT, source semantics confirmation. Do not research other fields.; Research official issuer sources for FY2024 Q3. Verify EBIT, source semantics confirmation. Do not research other fields.",0,1,4,P3_LATEST8Q,5,P3_LATEST8Q,EBIT_DIRECT|SOURCE_SEMANTICS_CONFIRMATION,0,NO,MTH
Research official issuer sources for FY2024 Q4. Verify Total Debt. Do not research other fields.; Research official issuer sources for FY2025 Q1. Verify Total Debt. Do not research other fields.,0,0,2,P3_LATEST8Q,2,P3_LATEST8Q,TOTAL_DEBT,0,NO,MTRX
"Research official issuer sources for FY2024 Q2. Verify Capex required to derive FCF, EBIT, FCF, source semantics confirmation. Do not research other fields.; Research official issuer sources for FY2024 Q3. Verify Capex required to derive FCF, EBIT, FCF, source semantics confirmation. Do not research other fields.; Research official issuer sources for FY2025 Q1. Verify EBIT, source semantics confirmation. Do not research other fields.",0,2,10,P3_LATEST8Q,12,P3_LATEST8Q,CAPEX_FOR_FCF|EBIT_DIRECT|FCF_DIRECT|SOURCE_SEMANTICS_CONFIRMATION,0,NO,MTUS
"Research official issuer sources for FY2025 Q4. Verify first-public result publication date. Do not research other fields.; Research official issuer sources for FY2024 Q3. Verify Revenue, Total Debt. Do not research other fields.",0,0,3,P2_LATEST4Q,3,P2_LATEST4Q,FIRST_PUBLIC_PUBLISH_DATE|REVENUE|TOTAL_DEBT,0,NO,MTVA
"Research official issuer sources for FY2024 Q2. Verify EBIT, source semantics confirmation. Do not research other fields.; Research official issuer sources for FY2024 Q3. Verify EBIT, source semantics confirmation. Do not research other fields.",0,1,4,P3_LATEST8Q,5,P3_LATEST8Q,EBIT_DIRECT|SOURCE_SEMANTICS_CONFIRMATION,0,NO,MTZ
Research official issuer sources for FY2026 Q1. Verify first-public result publication date. Do not research other fields.; Research official issuer sources for FY2024 Q2. Verify Total Debt. Do not research other fields.; Research official issuer sources for FY2024 Q3. Verify Total Debt. Do not research other fields.,0,1,3,P2_LATEST4Q,4,P2_LATEST4Q,FIRST_PUBLIC_PUBLISH_DATE|TOTAL_DEBT,0,NO,MVIS
Research official issuer sources for FY2024 Q1. Verify Total Debt. Do not research other fields.; Research official issuer sources for FY2024 Q2. Verify Total Debt. Do not research other fields.; Research official issuer sources for FY2024 Q3. Verify Total Debt. Do not research other fields.,0,1,3,P3_LATEST8Q,4,P3_LATEST8Q,TOTAL_DEBT,0,NO,MXCT
"Research official issuer sources for FY2024 Q2. Verify Capex required to derive FCF, FCF, first-public result publication date, source semantics confirmation, Total Debt. Do not research other fields.; Research official issuer sources for FY2024 Q3. Verify first-public result publication date. Do not research other fields.; Research official issuer sources for FY2025 Q1. Verify Total Debt. Do not research other fields.",0,0,7,P3_LATEST8Q,7,P3_LATEST8Q,CAPEX_FOR_FCF|FCF_DIRECT|FIRST_PUBLIC_PUBLISH_DATE|SOURCE_SEMANTICS_CONFIRMATION|TOTAL_DEBT,0,NO,MYSE
"Research official issuer sources for FY2024 Q1. Verify Capex required to derive FCF, FCF, source semantics confirmation. Do not research other fields.; Research official issuer sources for FY2024 Q2. Verify Capex required to derive FCF, FCF, source semantics confirmation. Do not research other fields.; Research official issuer sources for FY2024 Q3. Verify missing quarter existence/source evidence. Do not research other fields.; Research official issuer sources for FY2025 Q1. Verify first-public result publication date, missing quarter existence/source evidence. Do not research other fields.",0,0,9,P3_LATEST8Q,9,P3_LATEST8Q,CAPEX_FOR_FCF|FCF_DIRECT|FIRST_PUBLIC_PUBLISH_DATE|MISSING_QUARTER_EXISTENCE|SOURCE_SEMANTICS_CONFIRMATION,0,YES,MYSZ
Research official issuer sources for FY2026 Q1. Verify Total Debt. Do not research other fields.; Research official issuer sources for FY2024 Q2. Verify Total Debt. Do not research other fields.; Research official issuer sources for FY2024 Q3. Verify Total Debt. Do not research other fields.,0,1,3,P2_LATEST4Q,4,P2_LATEST4Q,TOTAL_DEBT,0,NO,MZTI
"Research official issuer sources for FY2024 Q2. Verify Capex required to derive FCF, FCF, first-public result publication date, source semantics confirmation, Total Debt. Do not research other fields.; Research official issuer sources for FY2024 Q3. Verify Capex required to derive FCF, FCF, source semantics confirmation, Total Debt. Do not research other fields.",0,2,9,P3_LATEST8Q,11,P3_LATEST8Q,CAPEX_FOR_FCF|FCF_DIRECT|FIRST_PUBLIC_PUBLISH_DATE|SOURCE_SEMANTICS_CONFIRMATION|TOTAL_DEBT,0,NO,NAGE
Research official issuer sources for FY2024 Q2. Verify Total Debt. Do not research other fields.; Research official issuer sources for FY2024 Q3. Verify Total Debt. Do not research other fields.,0,2,2,P3_LATEST8Q,4,P3_LATEST8Q,TOTAL_DEBT,0,NO,NAMS
Research official issuer sources for FY2023 Q4. Verify first-public result publication date. Do not research other fields.; Research official issuer sources for FY2024 Q3. Verify first-public result publication date. Do not research other fields.,0,3,2,P3_LATEST8Q,5,P3_LATEST8Q,FIRST_PUBLIC_PUBLISH_DATE,0,NO,NATL
"Research official issuer sources for FY2024 Q3. Verify Capex required to derive FCF, EBIT, FCF, first-public result publication date, Revenue, source semantics confirmation, Total Debt. Do not research other fields.; Research official issuer sources for FY2025 Q1. Verify EBIT, first-public result publication date, source semantics confirmation. Do not research other fields.",0,2,10,P3_LATEST8Q,12,P3_LATEST8Q,CAPEX_FOR_FCF|EBIT_DIRECT|FCF_DIRECT|FIRST_PUBLIC_PUBLISH_DATE|REVENUE|SOURCE_SEMANTICS_CONFIRMATION|TOTAL_DEBT,0,NO,NB
"Research official issuer sources for FY2024 Q2. Verify Total Debt. Do not research other fields.; Research official issuer sources for FY2024 Q3. Verify Total Debt. Do not research other fields.; Research official issuer sources for FY2025 Q1. Verify Cash, EBIT, FCF, OCF required to derive FCF, source semantics confirmation. Do not research other fields.",0,2,7,P3_LATEST8Q,9,P3_LATEST8Q,CASH|EBIT_DIRECT|FCF_DIRECT|OCF_FOR_FCF|SOURCE_SEMANTICS_CONFIRMATION|TOTAL_DEBT,0,NO,NBIX
"Research official issuer sources for FY2025 Q4. Verify EBIT, source semantics confirmation. Do not research other fields.",0,0,2,P3_LATEST8Q,2,P3_LATEST8Q,EBIT_DIRECT|SOURCE_SEMANTICS_CONFIRMATION,0,NO,NCNO
"Research official issuer sources for FY2023 Q4. Verify Cash, Revenue. Do not research other fields.; Research official issuer sources for FY2024 Q1. Verify Cash, Revenue, Shares Outstanding. Do not research other fields.; Research official issuer sources for FY2024 Q2. Verify Cash, Revenue, Shares Outstanding. Do not research other fields.",0,2,8,P3_LATEST8Q,10,P3_LATEST8Q,CASH|REVENUE|SHARES_OUTSTANDING,0,NO,NDRA
"Research official issuer sources for FY2024 Q3. Verify Capex required to derive FCF, FCF, source semantics confirmation. Do not research other fields.; Research official issuer sources for FY2024 Q4. Verify Capex required to derive FCF, FCF, source semantics confirmation. Do not research other fields.",0,0,6,P3_LATEST8Q,6,P3_LATEST8Q,CAPEX_FOR_FCF|FCF_DIRECT|SOURCE_SEMANTICS_CONFIRMATION,0,NO,NE
"Research official issuer sources for FY2025 Q1. Verify Cash, first-public result publication date, Total Debt. Do not research other fields.; Research official issuer sources for FY2025 Q2. Verify first-public result publication date. Do not research other fields.; Research official issuer sources for FY2025 Q4. Verify Capex required to derive FCF, EBIT, FCF, OCF required to derive FCF, Revenue, source semantics confirmation. Do not research other fields.; Research official issuer sources for FY2024 Q4. Verify Capex required to derive FCF, EBIT, FCF, first-public result publication date, OCF required to derive FCF, Revenue, source semantics confirmation. Do not research other fields.",0,2,17,P2_LATEST4Q,19,P2_LATEST4Q,CAPEX_FOR_FCF|CASH|EBIT_DIRECT|FCF_DIRECT|FIRST_PUBLIC_PUBLISH_DATE|OCF_FOR_FCF|REVENUE|SOURCE_SEMANTICS_CONFIRMATION|TOTAL_DEBT,0,NO,NEGG
"Research official issuer sources for FY2024 Q2. Verify EBIT, source semantics confirmation. Do not research other fields.; Research official issuer sources for FY2024 Q3. Verify EBIT, source semantics confirmation. Do not research other fields.",0,1,4,P3_LATEST8Q,5,P3_LATEST8Q,EBIT_DIRECT|SOURCE_SEMANTICS_CONFIRMATION,0,NO,NEM
"Research official issuer sources for FY2024 Q1. Verify Capex required to derive FCF, FCF, source semantics confirmation. Do not research other fields.",0,0,3,P3_LATEST8Q,3,P3_LATEST8Q,CAPEX_FOR_FCF|FCF_DIRECT|SOURCE_SEMANTICS_CONFIRMATION,0,NO,NEON
"Research official issuer sources for FY2023 Q4. Verify Capex required to derive FCF, FCF, source semantics confirmation, Total Debt. Do not research other fields.; Research official issuer sources for FY2024 Q3. Verify Capex required to derive FCF, FCF, source semantics confirmation, Total Debt. Do not research other fields.; Research official issuer sources for FY2025 Q1. Verify Capex required to derive FCF, FCF, source semantics confirmation, Total Debt. Do not research other fields.",0,4,12,P3_LATEST8Q,16,P3_LATEST8Q,CAPEX_FOR_FCF|FCF_DIRECT|SOURCE_SEMANTICS_CONFIRMATION|TOTAL_DEBT,0,NO,NEOV
"Research official issuer sources for FY2025 Q4. Verify Capex required to derive FCF, FCF, source semantics confirmation, Total Debt. Do not research other fields.; Research official issuer sources for FY2022 Q4. Verify Capex required to derive FCF, Cash, EBIT, FCF, first-public result publication date, OCF required to derive FCF, Revenue, Shares Outstanding, source semantics confirmation, Total Debt. Do not research other fields.; Research official issuer sources for FY2025 Q1. Verify Capex required to derive FCF, FCF, first-public result publication date, lineage/source ownership evidence, Revenue, Total Debt. Do not research other fields.",0,0,20,P2_LATEST4Q,21,P2_LATEST4Q,CAPEX_FOR_FCF|CASH|EBIT_DIRECT|FCF_DIRECT|FIRST_PUBLIC_PUBLISH_DATE|LINEAGE_OWNERSHIP_EVIDENCE|OCF_FOR_FCF|REVENUE|SHARES_OUTSTANDING|SOURCE_SEMANTICS_CONFIRMATION|TOTAL_DEBT,1,NO,NEUP
Research official issuer sources for FY2024 Q3. Verify missing quarter existence/source evidence. Do not research other fields.,0,0,1,P3_LATEST8Q,1,P3_LATEST8Q,MISSING_QUARTER_EXISTENCE,0,YES,NEXT
"Research official issuer sources for FY2025 Q1. Verify EBIT, FCF, OCF required to derive FCF, Revenue, source semantics confirmation. Do not research other fields.",0,1,5,P3_LATEST8Q,6,P3_LATEST8Q,EBIT_DIRECT|FCF_DIRECT|OCF_FOR_FCF|REVENUE|SOURCE_SEMANTICS_CONFIRMATION,0,NO,NFE
"Research official issuer sources for FY2024 Q1. Verify Revenue, Total Debt. Do not research other fields.; Research official issuer sources for FY2024 Q2. Verify Total Debt. Do not research other fields.; Research official issuer sources for FY2024 Q3. Verify Total Debt. Do not research other fields.",0,2,4,P3_LATEST8Q,6,P3_LATEST8Q,REVENUE|TOTAL_DEBT,0,NO,NGNE
"Research official issuer sources for FY2024 Q2. Verify EBIT, source semantics confirmation. Do not research other fields.; Research official issuer sources for FY2024 Q3. Verify EBIT, source semantics confirmation. Do not research other fields.; Research official issuer sources for FY2024 Q4. Verify FCF, OCF required to derive FCF, Revenue, source semantics confirmation. Do not research other fields.",0,0,8,P3_LATEST8Q,8,P3_LATEST8Q,EBIT_DIRECT|FCF_DIRECT|OCF_FOR_FCF|REVENUE|SOURCE_SEMANTICS_CONFIRMATION,0,NO,NHI
"Research official issuer sources for FY2023 Q4. Verify Total Debt. Do not research other fields.; Research official issuer sources for FY2024 Q1. Verify Capex required to derive FCF, FCF, first-public result publication date, missing quarter existence/source evidence, source semantics confirmation, Total Debt. Do not research other fields.; Research official issuer sources for FY2024 Q3. Verify Capex required to derive FCF, Cash, FCF, first-public result publication date, missing quarter existence/source evidence, source semantics confirmation, Total Debt. Do not research other fields.",0,0,14,P3_LATEST8Q,14,P3_LATEST8Q,CAPEX_FOR_FCF|CASH|FCF_DIRECT|FIRST_PUBLIC_PUBLISH_DATE|MISSING_QUARTER_EXISTENCE|SOURCE_SEMANTICS_CONFIRMATION|TOTAL_DEBT,0,YES,NIXX
"Research official issuer sources for FY2024 Q3. Verify Capex required to derive FCF, FCF, source semantics confirmation. Do not research other fields.",0,2,3,P3_LATEST8Q,5,P3_LATEST8Q,CAPEX_FOR_FCF|FCF_DIRECT|SOURCE_SEMANTICS_CONFIRMATION,0,NO,NJR
"Research official issuer sources for FY2025 Q1. Verify EBIT, source semantics confirmation. Do not research other fields.; Research official issuer sources for FY2025 Q2. Verify EBIT, source semantics confirmation. Do not research other fields.",0,0,4,P3_LATEST8Q,4,P3_LATEST8Q,EBIT_DIRECT|SOURCE_SEMANTICS_CONFIRMATION,0,NO,NKE
"Research official issuer sources for FY2024 Q2. Verify Total Debt. Do not research other fields.; Research official issuer sources for FY2024 Q3. Verify Total Debt. Do not research other fields.; Research official issuer sources for FY2024 Q4. Verify EBIT, source semantics confirmation. Do not research other fields.",0,0,4,P3_LATEST8Q,4,P3_LATEST8Q,EBIT_DIRECT|SOURCE_SEMANTICS_CONFIRMATION|TOTAL_DEBT,0,NO,NKTR
"Research official issuer sources for FY2024 Q2. Verify Revenue, Total Debt. Do not research other fields.; Research official issuer sources for FY2024 Q3. Verify Revenue, Total Debt. Do not research other fields.",0,0,4,P3_LATEST8Q,4,P3_LATEST8Q,REVENUE|TOTAL_DEBT,0,NO,NKTX
"Research official issuer sources for FY2024 Q2. Verify Capex required to derive FCF, Cash, EBIT, FCF, first-public result publication date, lineage/source ownership evidence, Total Debt. Do not research other fields.; Research official issuer sources for FY2024 Q3. Verify Capex required to derive FCF, EBIT, FCF, first-public result publication date, lineage/source ownership evidence, Total Debt. Do not research other fields.; Research official issuer sources for FY2025 Q1. Verify EBIT, first-public result publication date, source semantics confirmation. Do not research other fields.",0,0,16,P3_LATEST8Q,18,P3_LATEST8Q,CAPEX_FOR_FCF|CASH|EBIT_DIRECT|FCF_DIRECT|FIRST_PUBLIC_PUBLISH_DATE|LINEAGE_OWNERSHIP_EVIDENCE|SOURCE_SEMANTICS_CONFIRMATION|TOTAL_DEBT,2,NO,NLOP
"Research official issuer sources for FY2024 Q2. Verify Capex required to derive FCF, FCF, Revenue, source semantics confirmation, Total Debt. Do not research other fields.; Research official issuer sources for FY2024 Q3. Verify Revenue. Do not research other fields.",0,0,6,P3_LATEST8Q,6,P3_LATEST8Q,CAPEX_FOR_FCF|FCF_DIRECT|REVENUE|SOURCE_SEMANTICS_CONFIRMATION|TOTAL_DEBT,0,NO,NMRA
Research official issuer sources for FY2025 Q3. Verify first-public result publication date. Do not research other fields.,0,0,1,P2_LATEST4Q,1,P2_LATEST4Q,FIRST_PUBLIC_PUBLISH_DATE,0,NO,NNDM
"Research official issuer sources for FY2023 Q2. Verify Capex required to derive FCF, Cash, EBIT, FCF, first-public result publication date, Revenue, source semantics confirmation, Total Debt. Do not research other fields.; Research official issuer sources for FY2023 Q3. Verify Capex required to derive FCF, Cash, EBIT, FCF, first-public result publication date, Revenue, source semantics confirmation, Total Debt. Do not research other fields.; Research official issuer sources for FY2023 Q4. Verify Capex required to derive FCF, Cash, EBIT, FCF, first-public result publication date, Revenue, source semantics confirmation, Total Debt. Do not research other fields.; Research official issuer sources for FY2025 Q1. Verify lineage/source ownership evidence, target collision evidence. Do not research other fields.",0,0,26,P3_LATEST8Q,26,P3_LATEST8Q,CAPEX_FOR_FCF|CASH|EBIT_DIRECT|FCF_DIRECT|FIRST_PUBLIC_PUBLISH_DATE|LINEAGE_OWNERSHIP_EVIDENCE|REVENUE|SOURCE_SEMANTICS_CONFIRMATION|TARGET_COLLISION_EVIDENCE|TOTAL_DEBT,0,YES,NNE
Research official issuer sources for FY2024 Q3. Verify first-public result publication date. Do not research other fields.,0,1,1,P3_LATEST8Q,2,P3_LATEST8Q,FIRST_PUBLIC_PUBLISH_DATE,0,NO,NPKI
Research official issuer sources for FY2024 Q2. Verify Total Debt. Do not research other fields.,0,0,1,P3_LATEST8Q,1,P3_LATEST8Q,TOTAL_DEBT,0,NO,NPWR
"Research official issuer sources for FY2025 Q3. Verify Total Debt. Do not research other fields.; Research official issuer sources for FY2026 Q1. Verify Total Debt. Do not research other fields.; Research official issuer sources for FY2024 Q3. Verify Total Debt. Do not research other fields.; Research official issuer sources for FY2024 Q4. Verify EBIT, source semantics confirmation. Do not research other fields.; Research official issuer sources for FY2025 Q1. Verify Total Debt. Do not research other fields.; Research official issuer sources for FY2025 Q2. Verify Total Debt. Do not research other fields.",0,0,7,P2_LATEST4Q,7,P2_LATEST4Q,EBIT_DIRECT|SOURCE_SEMANTICS_CONFIRMATION|TOTAL_DEBT,0,NO,NRDS
Research official issuer sources for FY2025 Q3. Verify Total Debt. Do not research other fields.; Research official issuer sources for FY2024 Q3. Verify Total Debt. Do not research other fields.; Research official issuer sources for FY2025 Q1. Verify Total Debt. Do not research other fields.; Research official issuer sources for FY2025 Q2. Verify Total Debt. Do not research other fields.,0,0,4,P2_LATEST4Q,4,P2_LATEST4Q,TOTAL_DEBT,0,NO,NRDY
Research official issuer sources for FY2023 Q4. Verify Total Debt. Do not research other fields.; Research official issuer sources for FY2024 Q2. Verify Total Debt. Do not research other fields.; Research official issuer sources for FY2024 Q3. Verify Total Debt. Do not research other fields.,0,3,3,P3_LATEST8Q,6,P3_LATEST8Q,TOTAL_DEBT,0,NO,NRGV
Research official issuer sources for FY2024 Q2. Verify Total Debt. Do not research other fields.; Research official issuer sources for FY2024 Q3. Verify Total Debt. Do not research other fields.,0,2,2,P3_LATEST8Q,4,P3_LATEST8Q,TOTAL_DEBT,0,NO,NRIX
Research official issuer sources for FY2024 Q2. Verify Total Debt. Do not research other fields.,0,0,1,P3_LATEST8Q,1,P3_LATEST8Q,TOTAL_DEBT,0,YES,NRXP
Research official issuer sources for FY2024 Q3. Verify Total Debt. Do not research other fields.; Research official issuer sources for FY2025 Q1. Verify Total Debt. Do not research other fields.,0,2,2,P3_LATEST8Q,4,P3_LATEST8Q,TOTAL_DEBT,0,NO,NSSC
"Research official issuer sources for FY2026 Q2. Verify first-public result publication date, target collision evidence. Do not research other fields.; Research official issuer sources for FY2025 Q4. Verify lineage/source ownership evidence, official period_end, target collision evidence. Do not research other fields.",0,0,5,P2_LATEST4Q,5,P2_LATEST4Q,FIRST_PUBLIC_PUBLISH_DATE|LINEAGE_OWNERSHIP_EVIDENCE|OFFICIAL_PERIOD_END|TARGET_COLLISION_EVIDENCE,0,YES,NTAP
"Research official issuer sources for FY2024 Q2. Verify fiscal transition evidence, official period_end, source semantics confirmation, target collision evidence. Do not research other fields.; Research official issuer sources for FY2024 Q3. Verify fiscal transition evidence, official period_end, source semantics confirmation, target collision evidence. Do not research other fields.; Research official issuer sources for FY2024 Q4. Verify EBIT, fiscal transition evidence, official period_end, source semantics confirmation, target collision evidence. Do not research other fields.; Research official issuer sources for FY2025 Q1. Verify fiscal transition evidence, official period_end, source semantics confirmation, target collision evidence. Do not research other fields.",0,0,17,P3_LATEST8Q,17,P3_LATEST8Q,EBIT_DIRECT|FISCAL_TRANSITION_EVIDENCE|OFFICIAL_PERIOD_END|SOURCE_SEMANTICS_CONFIRMATION|TARGET_COLLISION_EVIDENCE,0,YES,NTCT
Research official issuer sources for FY2024 Q2. Verify Total Debt. Do not research other fields.; Research official issuer sources for FY2024 Q3. Verify Total Debt. Do not research other fields.,0,1,2,P3_LATEST8Q,3,P3_LATEST8Q,TOTAL_DEBT,0,NO,NTGR
"Research official issuer sources for FY2024 Q2. Verify Total Debt. Do not research other fields.; Research official issuer sources for FY2024 Q3. Verify missing quarter existence/source evidence, Total Debt. Do not research other fields.; Research official issuer sources for FY2025 Q1. Verify missing quarter existence/source evidence. Do not research other fields.",0,0,4,P3_LATEST8Q,4,P3_LATEST8Q,MISSING_QUARTER_EXISTENCE|TOTAL_DEBT,0,YES,NTLA
Research official issuer sources for FY2024 Q2. Verify Cash. Do not research other fields.; Research official issuer sources for FY2024 Q3. Verify Cash. Do not research other fields.,0,2,2,P3_LATEST8Q,4,P3_LATEST8Q,CASH,0,NO,NTRA
"Research official issuer sources for FY2024 Q2. Verify EBIT, source semantics confirmation. Do not research other fields.; Research official issuer sources for FY2024 Q3. Verify EBIT, source semantics confirmation. Do not research other fields.; Research official issuer sources for FY2025 Q1. Verify FCF, OCF required to derive FCF, source semantics confirmation, Total Debt. Do not research other fields.",0,2,8,P3_LATEST8Q,10,P3_LATEST8Q,EBIT_DIRECT|FCF_DIRECT|OCF_FOR_FCF|SOURCE_SEMANTICS_CONFIRMATION|TOTAL_DEBT,0,NO,NTST
"Research official issuer sources for FY2025 Q2. Verify first-public result publication date. Do not research other fields.; Research official issuer sources for FY2025 Q3. Verify first-public result publication date. Do not research other fields.; Research official issuer sources for FY2025 Q4. Verify first-public result publication date, Total Debt. Do not research other fields.; Research official issuer sources for FY2025 Q1. Verify first-public result publication date. Do not research other fields.",0,0,5,P2_LATEST4Q,5,P2_LATEST4Q,FIRST_PUBLIC_PUBLISH_DATE|TOTAL_DEBT,0,NO,NUAI
"Research official issuer sources for FY2024 Q1. Verify EBIT, source semantics confirmation. Do not research other fields.; Research official issuer sources for FY2024 Q2. Verify EBIT, source semantics confirmation. Do not research other fields.; Research official issuer sources for FY2024 Q3. Verify EBIT, source semantics confirmation. Do not research other fields.",0,1,6,P3_LATEST8Q,7,P3_LATEST8Q,EBIT_DIRECT|SOURCE_SEMANTICS_CONFIRMATION,0,NO,NUE
"Research official issuer sources for FY2024 Q2. Verify Capex required to derive FCF, FCF, source semantics confirmation. Do not research other fields.",0,0,3,P3_LATEST8Q,3,P3_LATEST8Q,CAPEX_FOR_FCF|FCF_DIRECT|SOURCE_SEMANTICS_CONFIRMATION,0,NO,NUVB
Research official issuer sources for FY2024 Q2. Verify Total Debt. Do not research other fields.; Research official issuer sources for FY2024 Q3. Verify Total Debt. Do not research other fields.,0,0,2,P3_LATEST8Q,2,P3_LATEST8Q,TOTAL_DEBT,0,NO,NUWE
"Research official issuer sources for FY2025 Q3. Verify Total Debt. Do not research other fields.; Research official issuer sources for FY2025 Q4. Verify Total Debt. Do not research other fields.; Research official issuer sources for FY2026 Q1. Verify Total Debt. Do not research other fields.; Research official issuer sources for FY2024 Q2. Verify Capex required to derive FCF, FCF, Revenue, source semantics confirmation, Total Debt. Do not research other fields.; Research official issuer sources for FY2024 Q3. Verify Capex required to derive FCF, FCF, Revenue, source semantics confirmation, Total Debt. Do not research other fields.; Research official issuer sources for FY2025 Q1. Verify Total Debt. Do not research other fields.; Research official issuer sources for FY2025 Q2. Verify Total Debt. Do not research other fields.",0,2,15,P2_LATEST4Q,17,P2_LATEST4Q,CAPEX_FOR_FCF|FCF_DIRECT|REVENUE|SOURCE_SEMANTICS_CONFIRMATION|TOTAL_DEBT,0,NO,NVCT
"Research official issuer sources for FY2024 Q4. Verify EBIT, lineage/source ownership evidence, source semantics confirmation, target collision evidence. Do not research other fields.; Research official issuer sources for FY2025 Q1. Verify lineage/source ownership evidence, official period_end. Do not research other fields.",0,0,6,P3_LATEST8Q,6,P3_LATEST8Q,EBIT_DIRECT|LINEAGE_OWNERSHIP_EVIDENCE|OFFICIAL_PERIOD_END|SOURCE_SEMANTICS_CONFIRMATION|TARGET_COLLISION_EVIDENCE,0,YES,NVDA
,0,1,0,NO_EXTERNAL_RESEARCH_NEEDED,1,P2_LATEST4Q,,0,NO,NVRI
Research official issuer sources for FY2024 Q2. Verify Total Debt. Do not research other fields.; Research official issuer sources for FY2024 Q3. Verify Total Debt. Do not research other fields.,0,1,2,P3_LATEST8Q,3,P3_LATEST8Q,TOTAL_DEBT,0,NO,NVTS
,0,2,0,NO_EXTERNAL_RESEARCH_NEEDED,2,P3_LATEST8Q,,0,NO,NWE
"Research official issuer sources for FY2025 Q1. Verify EBIT, source semantics confirmation. Do not research other fields.; Research official issuer sources for FY2025 Q3. Verify FCF, OCF required to derive FCF, source semantics confirmation. Do not research other fields.",0,0,5,P3_LATEST8Q,5,P3_LATEST8Q,EBIT_DIRECT|FCF_DIRECT|OCF_FOR_FCF|SOURCE_SEMANTICS_CONFIRMATION,0,NO,NWS
"Research official issuer sources for FY2025 Q1. Verify EBIT. Do not research other fields.; Research official issuer sources for FY2025 Q2. Verify EBIT, source semantics confirmation. Do not research other fields.; Research official issuer sources for FY2025 Q3. Verify EBIT, source semantics confirmation. Do not research other fields.",0,0,5,P3_LATEST8Q,5,P3_LATEST8Q,EBIT_DIRECT|SOURCE_SEMANTICS_CONFIRMATION,0,NO,NWSA
Research official issuer sources for FY2024 Q2. Verify Total Debt. Do not research other fields.,0,0,1,P3_LATEST8Q,1,P3_LATEST8Q,TOTAL_DEBT,0,NO,NWTG
Research official issuer sources for FY2024 Q2. Verify Total Debt. Do not research other fields.; Research official issuer sources for FY2024 Q3. Verify Total Debt. Do not research other fields.,0,2,2,P3_LATEST8Q,4,P3_LATEST8Q,TOTAL_DEBT,0,NO,NXDR
"Research official issuer sources for FY2024 Q1. Verify Capex required to derive FCF, FCF, first-public result publication date, source semantics confirmation, Total Debt. Do not research other fields.; Research official issuer sources for FY2024 Q2. Verify Capex required to derive FCF, FCF, first-public result publication date, source semantics confirmation, Total Debt. Do not research other fields.; Research official issuer sources for FY2024 Q3. Verify Capex required to derive FCF, FCF, first-public result publication date, source semantics confirmation, Total Debt. Do not research other fields.",0,2,15,P3_LATEST8Q,17,P3_LATEST8Q,CAPEX_FOR_FCF|FCF_DIRECT|FIRST_PUBLIC_PUBLISH_DATE|SOURCE_SEMANTICS_CONFIRMATION|TOTAL_DEBT,0,NO,NXDT
Research official issuer sources for FY2024 Q2. Verify Total Debt. Do not research other fields.; Research official issuer sources for FY2024 Q3. Verify Total Debt. Do not research other fields.,0,1,2,P3_LATEST8Q,3,P3_LATEST8Q,TOTAL_DEBT,0,NO,NXRT
"Research official issuer sources for FY2026 Q2. Verify first-public result publication date, missing quarter existence/source evidence, Total Debt. Do not research other fields.; Research official issuer sources for FY2026 Q3. Verify Total Debt. Do not research other fields.; Research official issuer sources for FY2026 Q4. Verify missing quarter existence/source evidence, Total Debt. Do not research other fields.; Research official issuer sources for FY2024 Q4. Verify EBIT, lineage/source ownership evidence, source semantics confirmation, target collision evidence. Do not research other fields.; Research official issuer sources for FY2025 Q3. Verify lineage/source ownership evidence, target collision evidence, Total Debt. Do not research other fields.; Research official issuer sources for FY2026 Q1. Verify Total Debt. Do not research other fields.",0,0,14,P2_LATEST4Q,14,P2_LATEST4Q,EBIT_DIRECT|FIRST_PUBLIC_PUBLISH_DATE|LINEAGE_OWNERSHIP_EVIDENCE|MISSING_QUARTER_EXISTENCE|SOURCE_SEMANTICS_CONFIRMATION|TARGET_COLLISION_EVIDENCE|TOTAL_DEBT,0,YES,NXT
"Research official issuer sources for FY2024 Q2. Verify Capex required to derive FCF, FCF, first-public result publication date, source semantics confirmation, Total Debt. Do not research other fields.; Research official issuer sources for FY2024 Q3. Verify Capex required to derive FCF, Cash, FCF, first-public result publication date, source semantics confirmation, Total Debt. Do not research other fields.",0,0,11,P3_LATEST8Q,11,P3_LATEST8Q,CAPEX_FOR_FCF|CASH|FCF_DIRECT|FIRST_PUBLIC_PUBLISH_DATE|SOURCE_SEMANTICS_CONFIRMATION|TOTAL_DEBT,0,NO,NXXT
"Research official issuer sources for FY2025 Q3. Verify Total Debt. Do not research other fields.; Research official issuer sources for FY2026 Q1. Verify Total Debt. Do not research other fields.; Research official issuer sources for FY2024 Q3. Verify Total Debt. Do not research other fields.; Research official issuer sources for FY2024 Q4. Verify EBIT, source semantics confirmation. Do not research other fields.; Research official issuer sources for FY2025 Q1. Verify Total Debt. Do not research other fields.; Research official issuer sources for FY2025 Q2. Verify Total Debt. Do not research other fields.",0,0,7,P2_LATEST4Q,7,P2_LATEST4Q,EBIT_DIRECT|SOURCE_SEMANTICS_CONFIRMATION|TOTAL_DEBT,0,NO,NYT
"Research official issuer sources for FY2024 Q2. Verify EBIT, source semantics confirmation. Do not research other fields.; Research official issuer sources for FY2024 Q3. Verify EBIT, source semantics confirmation. Do not research other fields.",0,1,4,P3_LATEST8Q,5,P3_LATEST8Q,EBIT_DIRECT|SOURCE_SEMANTICS_CONFIRMATION,0,NO,O
"Research official issuer sources for FY2024 Q2. Verify Total Debt. Do not research other fields.; Research official issuer sources for FY2024 Q3. Verify missing quarter existence/source evidence, Total Debt. Do not research other fields.",0,0,3,P3_LATEST8Q,3,P3_LATEST8Q,MISSING_QUARTER_EXISTENCE|TOTAL_DEBT,0,YES,OABI
"Research official issuer sources for FY2024 Q1. Verify Total Debt. Do not research other fields.; Research official issuer sources for FY2024 Q2. Verify Total Debt. Do not research other fields.; Research official issuer sources for FY2024 Q3. Verify missing quarter existence/source evidence, Total Debt. Do not research other fields.",0,0,4,P3_LATEST8Q,4,P3_LATEST8Q,MISSING_QUARTER_EXISTENCE|TOTAL_DEBT,0,YES,OBIO
"Research official issuer sources for FY2025 Q1. Verify Capex required to derive FCF, EBIT, FCF, source semantics confirmation. Do not research other fields.",0,1,4,P3_LATEST8Q,5,P3_LATEST8Q,CAPEX_FOR_FCF|EBIT_DIRECT|FCF_DIRECT|SOURCE_SEMANTICS_CONFIRMATION,0,NO,OCC
,0,2,0,NO_EXTERNAL_RESEARCH_NEEDED,2,P3_LATEST8Q,,0,NO,OCGN
,0,1,0,NO_EXTERNAL_RESEARCH_NEEDED,1,P3_LATEST8Q,,0,NO,ODFL
,0,2,0,NO_EXTERNAL_RESEARCH_NEEDED,2,P3_LATEST8Q,,0,NO,OGE
"Research official issuer sources for FY2024 Q3. Verify EBIT, source semantics confirmation. Do not research other fields.",0,0,2,P3_LATEST8Q,2,P3_LATEST8Q,EBIT_DIRECT|SOURCE_SEMANTICS_CONFIRMATION,0,NO,OGN
"Research official issuer sources for FY2024 Q2. Verify EBIT, source semantics confirmation. Do not research other fields.; Research official issuer sources for FY2024 Q3. Verify EBIT, source semantics confirmation. Do not research other fields.",0,1,4,P3_LATEST8Q,5,P3_LATEST8Q,EBIT_DIRECT|SOURCE_SEMANTICS_CONFIRMATION,0,NO,OHI
"Research official issuer sources for FY2023 Q4. Verify first-public result publication date, Revenue, Total Debt. Do not research other fields.; Research official issuer sources for FY2024 Q1. Verify first-public result publication date, Revenue, Total Debt. Do not research other fields.",0,2,6,P3_LATEST8Q,8,P3_LATEST8Q,FIRST_PUBLIC_PUBLISH_DATE|REVENUE|TOTAL_DEBT,0,NO,OKLO
"Research official issuer sources for FY2025 Q4. Verify EBIT, source semantics confirmation. Do not research other fields.",0,0,2,P3_LATEST8Q,2,P3_LATEST8Q,EBIT_DIRECT|SOURCE_SEMANTICS_CONFIRMATION,0,YES,OKTA
"Research official issuer sources for FY2025 Q2. Verify first-public result publication date. Do not research other fields.; Research official issuer sources for FY2025 Q3. Verify first-public result publication date. Do not research other fields.; Research official issuer sources for FY2025 Q4. Verify first-public result publication date. Do not research other fields.; Research official issuer sources for FY2024 Q2. Verify Capex required to derive FCF, FCF, first-public result publication date, Revenue, source semantics confirmation, Total Debt. Do not research other fields.; Research official issuer sources for FY2024 Q3. Verify first-public result publication date, Total Debt. Do not research other fields.; Research official issuer sources for FY2025 Q1. Verify first-public result publication date. Do not research other fields.",0,0,12,P2_LATEST4Q,12,P2_LATEST4Q,CAPEX_FOR_FCF|FCF_DIRECT|FIRST_PUBLIC_PUBLISH_DATE|REVENUE|SOURCE_SEMANTICS_CONFIRMATION|TOTAL_DEBT,0,NO,OLB
Research official issuer sources for FY2024 Q2. Verify Total Debt. Do not research other fields.; Research official issuer sources for FY2024 Q3. Verify Total Debt. Do not research other fields.,0,1,2,P3_LATEST8Q,3,P3_LATEST8Q,TOTAL_DEBT,0,NO,OLED
"Research official issuer sources for FY2024 Q2. Verify lineage/source ownership evidence, target collision evidence, Total Debt. Do not research other fields.; Research official issuer sources for FY2024 Q3. Verify lineage/source ownership evidence, target collision evidence, Total Debt. Do not research other fields.; Research official issuer sources for FY2024 Q4. Verify missing quarter existence/source evidence, target collision evidence, Total Debt. Do not research other fields.; Research official issuer sources for FY2025 Q4. Verify missing quarter existence/source evidence. Do not research other fields.",0,0,10,P3_LATEST8Q,10,P3_LATEST8Q,LINEAGE_OWNERSHIP_EVIDENCE|MISSING_QUARTER_EXISTENCE|TARGET_COLLISION_EVIDENCE|TOTAL_DEBT,0,YES,OLLI
"Research official issuer sources for FY2024 Q2. Verify Revenue, Total Debt. Do not research other fields.; Research official issuer sources for FY2024 Q3. Verify Revenue, Total Debt. Do not research other fields.",0,0,4,P3_LATEST8Q,4,P3_LATEST8Q,REVENUE|TOTAL_DEBT,0,NO,OLMA
"Research official issuer sources for FY2024 Q4. Verify EBIT, source semantics confirmation. Do not research other fields.",0,0,2,P3_LATEST8Q,2,P3_LATEST8Q,EBIT_DIRECT|SOURCE_SEMANTICS_CONFIRMATION,0,NO,OLN
"Research official issuer sources for FY2024 Q2. Verify Revenue. Do not research other fields.; Research official issuer sources for FY2024 Q3. Verify Revenue. Do not research other fields.; Research official issuer sources for FY2024 Q4. Verify EBIT, source semantics confirmation, Total Debt. Do not research other fields.",0,0,5,P3_LATEST8Q,5,P3_LATEST8Q,EBIT_DIRECT|REVENUE|SOURCE_SEMANTICS_CONFIRMATION|TOTAL_DEBT,0,NO,OMER
Research official issuer sources for FY2025 Q2. Verify first-public result publication date. Do not research other fields.; Research official issuer sources for FY2025 Q3. Verify first-public result publication date. Do not research other fields.; Research official issuer sources for FY2025 Q4. Verify first-public result publication date. Do not research other fields.; Research official issuer sources for FY2024 Q1. Verify Total Debt. Do not research other fields.; Research official issuer sources for FY2025 Q1. Verify first-public result publication date. Do not research other fields.,0,2,5,P2_LATEST4Q,7,P2_LATEST4Q,FIRST_PUBLIC_PUBLISH_DATE|TOTAL_DEBT,0,NO,OMEX
"Research official issuer sources for FY2025 Q1. Verify lineage/source ownership evidence, official period_end, target collision evidence. Do not research other fields.",0,0,3,P3_LATEST8Q,3,P3_LATEST8Q,LINEAGE_OWNERSHIP_EVIDENCE|OFFICIAL_PERIOD_END|TARGET_COLLISION_EVIDENCE,0,YES,ON
,0,2,0,NO_EXTERNAL_RESEARCH_NEEDED,2,P3_LATEST8Q,,0,NO,ONC
"Research official issuer sources for FY2024 Q2. Verify Cash, first-public result publication date, Total Debt. Do not research other fields.; Research official issuer sources for FY2024 Q3. Verify Cash, first-public result publication date. Do not research other fields.",0,0,5,P3_LATEST8Q,5,P3_LATEST8Q,CASH|FIRST_PUBLIC_PUBLISH_DATE|TOTAL_DEBT,0,NO,ONCO
Research official issuer sources for FY2025 Q2. Verify first-public result publication date. Do not research other fields.; Research official issuer sources for FY2025 Q3. Verify first-public result publication date. Do not research other fields.; Research official issuer sources for FY2025 Q1. Verify first-public result publication date. Do not research other fields.,0,0,3,P2_LATEST4Q,3,P2_LATEST4Q,FIRST_PUBLIC_PUBLISH_DATE,0,NO,ONCY
"Research official issuer sources for FY2024 Q1. Verify Cash, first-public result publication date, Total Debt. Do not research other fields.; Research official issuer sources for FY2024 Q2. Verify Cash, Total Debt. Do not research other fields.; Research official issuer sources for FY2024 Q3. Verify Cash, Total Debt. Do not research other fields.",0,1,7,P3_LATEST8Q,8,P3_LATEST8Q,CASH|FIRST_PUBLIC_PUBLISH_DATE|TOTAL_DEBT,0,NO,ONDS
"Research official issuer sources for FY2024 Q2. Verify EBIT, source semantics confirmation. Do not research other fields.; Research official issuer sources for FY2024 Q3. Verify EBIT, source semantics confirmation. Do not research other fields.",0,1,4,P3_LATEST8Q,5,P3_LATEST8Q,EBIT_DIRECT|SOURCE_SEMANTICS_CONFIRMATION,0,NO,ONL
"Research official issuer sources for FY2025 Q4. Verify first-public result publication date, missing quarter existence/source evidence. Do not research other fields.; Research official issuer sources for FY2026 Q1. Verify Total Debt. Do not research other fields.; Research official issuer sources for FY2023 Q4. Verify Total Debt. Do not research other fields.; Research official issuer sources for FY2024 Q1. Verify missing quarter existence/source evidence, Total Debt. Do not research other fields.; Research official issuer sources for FY2025 Q1. Verify missing quarter existence/source evidence, target collision evidence. Do not research other fields.",0,0,8,P2_LATEST4Q,8,P2_LATEST4Q,FIRST_PUBLIC_PUBLISH_DATE|MISSING_QUARTER_EXISTENCE|TARGET_COLLISION_EVIDENCE|TOTAL_DEBT,0,YES,ONTO
"Research official issuer sources for FY2025 Q1. Verify EBIT, source semantics confirmation, Total Debt. Do not research other fields.",0,0,3,P3_LATEST8Q,3,P3_LATEST8Q,EBIT_DIRECT|SOURCE_SEMANTICS_CONFIRMATION|TOTAL_DEBT,0,NO,OPAD
"Research official issuer sources for FY2024 Q4. Verify EBIT, source semantics confirmation. Do not research other fields.",0,0,2,P3_LATEST8Q,2,P3_LATEST8Q,EBIT_DIRECT|SOURCE_SEMANTICS_CONFIRMATION,0,NO,OPRX
"Research official issuer sources for FY2025 Q2. Verify Cash, first-public result publication date. Do not research other fields.; Research official issuer sources for FY2023 Q2. Verify first-public result publication date, Total Debt. Do not research other fields.; Research official issuer sources for FY2023 Q3. Verify first-public result publication date, Total Debt. Do not research other fields.; Research official issuer sources for FY2023 Q4. Verify Cash. Do not research other fields.; Research official issuer sources for FY2025 Q1. Verify Cash, first-public result publication date. Do not research other fields.",0,2,9,P2_LATEST4Q,11,P2_LATEST4Q,CASH|FIRST_PUBLIC_PUBLISH_DATE|TOTAL_DEBT,0,NO,OPTX
"Research official issuer sources for FY2025 Q1. Verify EBIT, FCF, OCF required to derive FCF, source semantics confirmation, Total Debt. Do not research other fields.",0,1,5,P3_LATEST8Q,6,P3_LATEST8Q,EBIT_DIRECT|FCF_DIRECT|OCF_FOR_FCF|SOURCE_SEMANTICS_CONFIRMATION|TOTAL_DEBT,0,NO,ORA
Research official issuer sources for FY2025 Q3. Verify first-public result publication date. Do not research other fields.; Research official issuer sources for FY2025 Q4. Verify first-public result publication date. Do not research other fields.; Research official issuer sources for FY2026 Q1. Verify first-public result publication date. Do not research other fields.; Research official issuer sources for FY2024 Q3. Verify first-public result publication date. Do not research other fields.; Research official issuer sources for FY2025 Q1. Verify first-public result publication date. Do not research other fields.; Research official issuer sources for FY2025 Q2. Verify first-public result publication date. Do not research other fields.,0,0,6,P2_LATEST4Q,6,P2_LATEST4Q,FIRST_PUBLIC_PUBLISH_DATE,0,NO,ORBS
"Research official issuer sources for FY2024 Q2. Verify Revenue, Total Debt. Do not research other fields.; Research official issuer sources for FY2024 Q3. Verify Revenue, Total Debt. Do not research other fields.",0,2,4,P3_LATEST8Q,6,P3_LATEST8Q,REVENUE|TOTAL_DEBT,0,NO,ORIC
"Research official issuer sources for FY2024 Q1. Verify Capex required to derive FCF, FCF, first-public result publication date, fiscal transition evidence, official period_end, source semantics confirmation, Total Debt. Do not research other fields.; Research official issuer sources for FY2024 Q2. Verify Capex required to derive FCF, FCF, first-public result publication date, fiscal transition evidence, official period_end, source semantics confirmation, Total Debt. Do not research other fields.; Research official issuer sources for FY2024 Q3. Verify fiscal transition evidence, official period_end, source semantics confirmation, Total Debt. Do not research other fields.",0,0,18,P3_LATEST8Q,18,P3_LATEST8Q,CAPEX_FOR_FCF|FCF_DIRECT|FIRST_PUBLIC_PUBLISH_DATE|FISCAL_TRANSITION_EVIDENCE|OFFICIAL_PERIOD_END|SOURCE_SEMANTICS_CONFIRMATION|TOTAL_DEBT,0,YES,ORKA
Research official issuer sources for FY2026 Q1. Verify first-public result publication date. Do not research other fields.; Research official issuer sources for FY2026 Q2. Verify first-public result publication date. Do not research other fields.,0,0,2,P2_LATEST4Q,2,P2_LATEST4Q,FIRST_PUBLIC_PUBLISH_DATE,0,NO,OSIS
Research official issuer sources for FY2024 Q2. Verify Total Debt. Do not research other fields.; Research official issuer sources for FY2024 Q3. Verify Total Debt. Do not research other fields.,0,1,2,P3_LATEST8Q,3,P3_LATEST8Q,TOTAL_DEBT,0,NO,OSPN
"Research official issuer sources for FY2025 Q1. Verify Cash, EBIT, FCF, OCF required to derive FCF, Revenue, source semantics confirmation. Do not research other fields.",0,1,6,P3_LATEST8Q,7,P3_LATEST8Q,CASH|EBIT_DIRECT|FCF_DIRECT|OCF_FOR_FCF|REVENUE|SOURCE_SEMANTICS_CONFIRMATION,0,NO,OSS
Research official issuer sources for FY2024 Q2. Verify Total Debt. Do not research other fields.; Research official issuer sources for FY2024 Q3. Verify Total Debt. Do not research other fields.,0,1,2,P3_LATEST8Q,3,P3_LATEST8Q,TOTAL_DEBT,0,NO,OSUR
,0,1,0,NO_EXTERNAL_RESEARCH_NEEDED,1,P3_LATEST8Q,,0,NO,OUT
"Research official issuer sources for FY2024 Q2. Verify Total Debt. Do not research other fields.; Research official issuer sources for FY2024 Q3. Verify Total Debt. Do not research other fields.; Research official issuer sources for FY2024 Q4. Verify EBIT, source semantics confirmation. Do not research other fields.",0,0,4,P3_LATEST8Q,4,P3_LATEST8Q,EBIT_DIRECT|SOURCE_SEMANTICS_CONFIRMATION|TOTAL_DEBT,0,NO,OVID
"Research official issuer sources for FY2024 Q2. Verify EBIT, source semantics confirmation. Do not research other fields.; Research official issuer sources for FY2024 Q3. Verify EBIT, source semantics confirmation. Do not research other fields.",0,1,4,P3_LATEST8Q,5,P3_LATEST8Q,EBIT_DIRECT|SOURCE_SEMANTICS_CONFIRMATION,0,NO,OXY
"Research official issuer sources for FY2025 Q1. Verify Cash, EBIT, Total Debt. Do not research other fields.",0,1,3,P3_LATEST8Q,4,P3_LATEST8Q,CASH|EBIT_DIRECT|TOTAL_DEBT,0,NO,PACB
"Research official issuer sources for FY2024 Q2. Verify Capex required to derive FCF, FCF, first-public result publication date, lineage/source ownership evidence, Total Debt. Do not research other fields.; Research official issuer sources for FY2024 Q3. Verify Capex required to derive FCF, FCF, first-public result publication date, lineage/source ownership evidence, Total Debt. Do not research other fields.; Research official issuer sources for FY2025 Q1. Verify first-public result publication date. Do not research other fields.",0,0,11,P3_LATEST8Q,13,P3_LATEST8Q,CAPEX_FOR_FCF|FCF_DIRECT|FIRST_PUBLIC_PUBLISH_DATE|LINEAGE_OWNERSHIP_EVIDENCE|TOTAL_DEBT,2,NO,PACS
Research official issuer sources for FY2025 Q2. Verify Total Debt. Do not research other fields.; Research official issuer sources for FY2025 Q3. Verify Total Debt. Do not research other fields.,0,0,2,P3_LATEST8Q,2,P3_LATEST8Q,TOTAL_DEBT,0,YES,PATH
Research official issuer sources for FY2024 Q2. Verify Total Debt. Do not research other fields.; Research official issuer sources for FY2024 Q3. Verify Total Debt. Do not research other fields.,0,1,2,P3_LATEST8Q,3,P3_LATEST8Q,TOTAL_DEBT,0,NO,PAY
Research official issuer sources for FY2024 Q3. Verify Total Debt. Do not research other fields.,0,0,1,P3_LATEST8Q,1,P3_LATEST8Q,TOTAL_DEBT,0,NO,PAYC
"Research official issuer sources for FY2024 Q4. Verify EBIT, source semantics confirmation. Do not research other fields.; Research official issuer sources for FY2025 Q1. Verify EBIT, FCF, OCF required to derive FCF, source semantics confirmation. Do not research other fields.",0,0,6,P3_LATEST8Q,6,P3_LATEST8Q,EBIT_DIRECT|FCF_DIRECT|OCF_FOR_FCF|SOURCE_SEMANTICS_CONFIRMATION,0,NO,PAYO
Research official issuer sources for FY2024 Q2. Verify Total Debt. Do not research other fields.; Research official issuer sources for FY2024 Q3. Verify Total Debt. Do not research other fields.,0,1,2,P3_LATEST8Q,3,P3_LATEST8Q,TOTAL_DEBT,0,NO,PAYS
"Research official issuer sources for FY2025 Q4. Verify EBIT, source semantics confirmation. Do not research other fields.",0,0,2,P3_LATEST8Q,2,P3_LATEST8Q,EBIT_DIRECT|SOURCE_SEMANTICS_CONFIRMATION,0,YES,PBH
"Research official issuer sources for FY2024 Q2. Verify EBIT, source semantics confirmation. Do not research other fields.; Research official issuer sources for FY2024 Q3. Verify EBIT, source semantics confirmation. Do not research other fields.",0,1,4,P3_LATEST8Q,5,P3_LATEST8Q,EBIT_DIRECT|SOURCE_SEMANTICS_CONFIRMATION,0,NO,PBI
"Research official issuer sources for FY2024 Q4. Verify EBIT, source semantics confirmation. Do not research other fields.; Research official issuer sources for FY2025 Q1. Verify Cash, EBIT, source semantics confirmation. Do not research other fields.",0,0,5,P3_LATEST8Q,5,P3_LATEST8Q,CASH|EBIT_DIRECT|SOURCE_SEMANTICS_CONFIRMATION,0,NO,PBYI
"Research official issuer sources for FY2024 Q3. Verify EBIT, source semantics confirmation. Do not research other fields.; Research official issuer sources for FY2024 Q4. Verify EBIT, source semantics confirmation. Do not research other fields.",0,0,4,P3_LATEST8Q,4,P3_LATEST8Q,EBIT_DIRECT|SOURCE_SEMANTICS_CONFIRMATION,0,NO,PCAR
Research official issuer sources for FY2024 Q2. Verify Total Debt. Do not research other fields.; Research official issuer sources for FY2024 Q3. Verify Total Debt. Do not research other fields.,0,1,2,P3_LATEST8Q,3,P3_LATEST8Q,TOTAL_DEBT,0,NO,PCOR
"Research official issuer sources for FY2025 Q1. Verify EBIT, source semantics confirmation, Total Debt. Do not research other fields.",0,1,3,P3_LATEST8Q,4,P3_LATEST8Q,EBIT_DIRECT|SOURCE_SEMANTICS_CONFIRMATION|TOTAL_DEBT,0,NO,PCT
"Research official issuer sources for FY2024 Q2. Verify Revenue, Total Debt. Do not research other fields.; Research official issuer sources for FY2024 Q3. Verify Revenue, Total Debt. Do not research other fields.",0,2,4,P3_LATEST8Q,6,P3_LATEST8Q,REVENUE|TOTAL_DEBT,0,NO,PCVX
"Research official issuer sources for FY2025 Q4. Verify EBIT, source semantics confirmation. Do not research other fields.",0,0,2,P3_LATEST8Q,2,P3_LATEST8Q,EBIT_DIRECT|SOURCE_SEMANTICS_CONFIRMATION,0,YES,PD
Research official issuer sources for FY2024 Q2. Verify Total Debt. Do not research other fields.; Research official issuer sources for FY2024 Q3. Verify Total Debt. Do not research other fields.,0,1,2,P3_LATEST8Q,3,P3_LATEST8Q,TOTAL_DEBT,0,NO,PDFS
"Research official issuer sources for FY2024 Q2. Verify EBIT, source semantics confirmation. Do not research other fields.; Research official issuer sources for FY2024 Q3. Verify EBIT, source semantics confirmation. Do not research other fields.",0,1,4,P3_LATEST8Q,5,P3_LATEST8Q,EBIT_DIRECT|SOURCE_SEMANTICS_CONFIRMATION,0,NO,PDM
"Research official issuer sources for FY2024 Q2. Verify Revenue. Do not research other fields.; Research official issuer sources for FY2024 Q3. Verify Revenue. Do not research other fields.; Research official issuer sources for FY2024 Q4. Verify EBIT, source semantics confirmation. Do not research other fields.",0,0,4,P3_LATEST8Q,4,P3_LATEST8Q,EBIT_DIRECT|REVENUE|SOURCE_SEMANTICS_CONFIRMATION,0,NO,PDSB
"Research official issuer sources for FY2024 Q2. Verify first-public result publication date, Total Debt. Do not research other fields.; Research official issuer sources for FY2024 Q3. Verify Total Debt. Do not research other fields.",0,2,3,P3_LATEST8Q,5,P3_LATEST8Q,FIRST_PUBLIC_PUBLISH_DATE|TOTAL_DEBT,0,NO,PDYN
"Research official issuer sources for FY2024 Q2. Verify EBIT, source semantics confirmation. Do not research other fields.; Research official issuer sources for FY2024 Q3. Verify EBIT, source semantics confirmation. Do not research other fields.",0,1,4,P3_LATEST8Q,5,P3_LATEST8Q,EBIT_DIRECT|SOURCE_SEMANTICS_CONFIRMATION,0,NO,PECO
Research official issuer sources for FY2024 Q2. Verify Total Debt. Do not research other fields.; Research official issuer sources for FY2024 Q3. Verify Total Debt. Do not research other fields.,0,1,2,P3_LATEST8Q,3,P3_LATEST8Q,TOTAL_DEBT,0,NO,PEN
Research official issuer sources for FY2025 Q2. Verify missing quarter existence/source evidence. Do not research other fields.,0,0,1,P3_LATEST8Q,1,P3_LATEST8Q,MISSING_QUARTER_EXISTENCE,0,YES,PENG
"Research official issuer sources for FY2024 Q2. Verify official period_end. Do not research other fields.; Research official issuer sources for FY2024 Q3. Verify missing quarter existence/source evidence, official period_end. Do not research other fields.",0,0,3,P3_LATEST8Q,3,P3_LATEST8Q,MISSING_QUARTER_EXISTENCE|OFFICIAL_PERIOD_END,0,YES,PEP
"Research official issuer sources for FY2024 Q3. Verify Revenue, Total Debt. Do not research other fields.; Research official issuer sources for FY2025 Q1. Verify Cash. Do not research other fields.",0,0,3,P3_LATEST8Q,3,P3_LATEST8Q,CASH|REVENUE|TOTAL_DEBT,0,NO,PEPG
Research official issuer sources for FY2024 Q1. Verify Cash. Do not research other fields.; Research official issuer sources for FY2024 Q2. Verify Cash. Do not research other fields.; Research official issuer sources for FY2024 Q3. Verify Cash. Do not research other fields.,0,1,3,P3_LATEST8Q,4,P3_LATEST8Q,CASH,0,NO,PESI
"Research official issuer sources for FY2026 Q1. Verify first-public result publication date. Do not research other fields.; Research official issuer sources for FY2025 Q1. Verify Total Debt. Do not research other fields.; Research official issuer sources for FY2025 Q4. Verify first-public result publication date, Total Debt. Do not research other fields.",0,0,4,P2_LATEST4Q,4,P2_LATEST4Q,FIRST_PUBLIC_PUBLISH_DATE|TOTAL_DEBT,0,NO,PETS
"Research official issuer sources for FY2025 Q2. Verify Cash, Total Debt. Do not research other fields.; Research official issuer sources for FY2024 Q3. Verify Cash, Total Debt. Do not research other fields.; Research official issuer sources for FY2025 Q1. Verify Cash, Total Debt. Do not research other fields.",0,0,6,P2_LATEST4Q,6,P2_LATEST4Q,CASH|TOTAL_DEBT,0,NO,PEW
"Research official issuer sources for FY2024 Q3. Verify EBIT, source semantics confirmation. Do not research other fields.",0,0,2,P3_LATEST8Q,2,P3_LATEST8Q,EBIT_DIRECT|SOURCE_SEMANTICS_CONFIRMATION,0,NO,PFE
"Research official issuer sources for FY2024 Q2. Verify EBIT, source semantics confirmation, Total Debt. Do not research other fields.; Research official issuer sources for FY2024 Q3. Verify EBIT, source semantics confirmation, Total Debt. Do not research other fields.",0,1,6,P3_LATEST8Q,7,P3_LATEST8Q,EBIT_DIRECT|SOURCE_SEMANTICS_CONFIRMATION|TOTAL_DEBT,0,NO,PGEN
Research official issuer sources for FY2024 Q2. Verify Total Debt. Do not research other fields.; Research official issuer sources for FY2024 Q3. Verify Total Debt. Do not research other fields.,0,1,2,P3_LATEST8Q,3,P3_LATEST8Q,TOTAL_DEBT,0,NO,PGNY
,0,1,0,NO_EXTERNAL_RESEARCH_NEEDED,1,P3_LATEST8Q,,0,NO,PHIN
"Research official issuer sources for FY2025 Q2. Verify Total Debt. Do not research other fields.; Research official issuer sources for FY2025 Q3. Verify Total Debt. Do not research other fields.; Research official issuer sources for FY2025 Q4. Verify Total Debt. Do not research other fields.; Research official issuer sources for FY2024 Q2. Verify Revenue, Total Debt. Do not research other fields.; Research official issuer sources for FY2024 Q3. Verify Revenue. Do not research other fields.; Research official issuer sources for FY2025 Q1. Verify first-public result publication date, Total Debt. Do not research other fields.",0,0,8,P2_LATEST4Q,8,P2_LATEST4Q,FIRST_PUBLIC_PUBLISH_DATE|REVENUE|TOTAL_DEBT,0,NO,PHIO
"Research official issuer sources for FY2024 Q2. Verify EBIT, source semantics confirmation. Do not research other fields.; Research official issuer sources for FY2024 Q3. Verify EBIT, source semantics confirmation. Do not research other fields.",0,1,4,P3_LATEST8Q,5,P3_LATEST8Q,EBIT_DIRECT|SOURCE_SEMANTICS_CONFIRMATION,0,NO,PHM
"Research official issuer sources for FY2025 Q4. Verify EBIT, source semantics confirmation. Do not research other fields.",0,0,2,P3_LATEST8Q,2,P3_LATEST8Q,EBIT_DIRECT|SOURCE_SEMANTICS_CONFIRMATION,0,YES,PHR
"Research official issuer sources for FY2024 Q1. Verify Capex required to derive FCF, FCF, source semantics confirmation. Do not research other fields.; Research official issuer sources for FY2024 Q2. Verify Capex required to derive FCF, FCF, source semantics confirmation, Total Debt. Do not research other fields.; Research official issuer sources for FY2024 Q3. Verify Capex required to derive FCF, FCF, missing quarter existence/source evidence, source semantics confirmation, Total Debt. Do not research other fields.; Research official issuer sources for FY2025 Q1. Verify missing quarter existence/source evidence. Do not research other fields.",0,0,13,P3_LATEST8Q,13,P3_LATEST8Q,CAPEX_FOR_FCF|FCF_DIRECT|MISSING_QUARTER_EXISTENCE|SOURCE_SEMANTICS_CONFIRMATION|TOTAL_DEBT,0,YES,PHUN
Research official issuer sources for FY2024 Q2. Verify Total Debt. Do not research other fields.; Research official issuer sources for FY2024 Q3. Verify Total Debt. Do not research other fields.,0,1,2,P3_LATEST8Q,3,P3_LATEST8Q,TOTAL_DEBT,0,NO,PINS
Research official issuer sources for FY2025 Q2. Verify Total Debt. Do not research other fields.; Research official issuer sources for FY2025 Q3. Verify Total Debt. Do not research other fields.,0,0,2,P3_LATEST8Q,2,P3_LATEST8Q,TOTAL_DEBT,0,YES,PL
"Research official issuer sources for FY2025 Q1. Verify lineage/source ownership evidence, official period_end, target collision evidence. Do not research other fields.",0,0,3,P3_LATEST8Q,3,P3_LATEST8Q,LINEAGE_OWNERSHIP_EVIDENCE|OFFICIAL_PERIOD_END|TARGET_COLLISION_EVIDENCE,0,YES,PLAB
"Research official issuer sources for FY2024 Q4. Verify EBIT, source semantics confirmation. Do not research other fields.",0,0,2,P3_LATEST8Q,2,P3_LATEST8Q,EBIT_DIRECT|SOURCE_SEMANTICS_CONFIRMATION,0,NO,PLOW
"Research official issuer sources for FY2024 Q4. Verify EBIT, source semantics confirmation, Total Debt. Do not research other fields.",0,0,3,P3_LATEST8Q,3,P3_LATEST8Q,EBIT_DIRECT|SOURCE_SEMANTICS_CONFIRMATION|TOTAL_DEBT,0,NO,PLRX
"Research official issuer sources for FY2024 Q2. Verify Total Debt. Do not research other fields.; Research official issuer sources for FY2024 Q3. Verify missing quarter existence/source evidence, Total Debt. Do not research other fields.; Research official issuer sources for FY2025 Q1. Verify missing quarter existence/source evidence. Do not research other fields.",0,0,4,P3_LATEST8Q,4,P3_LATEST8Q,MISSING_QUARTER_EXISTENCE|TOTAL_DEBT,0,YES,PLSE
"Research official issuer sources for FY2024 Q2. Verify Total Debt. Do not research other fields.; Research official issuer sources for FY2024 Q3. Verify missing quarter existence/source evidence, Total Debt. Do not research other fields.",0,0,3,P3_LATEST8Q,3,P3_LATEST8Q,MISSING_QUARTER_EXISTENCE|TOTAL_DEBT,0,YES,PLTR
"Research official issuer sources for FY2025 Q3. Verify Capex required to derive FCF, EBIT, FCF, OCF required to derive FCF, Revenue, source semantics confirmation. Do not research other fields.",0,0,6,P3_LATEST8Q,6,P3_LATEST8Q,CAPEX_FOR_FCF|EBIT_DIRECT|FCF_DIRECT|OCF_FOR_FCF|REVENUE|SOURCE_SEMANTICS_CONFIRMATION,0,YES,PLUS
"Research official issuer sources for FY2024 Q3. Verify Cash, EBIT, Revenue, Total Debt. Do not research other fields.; Research official issuer sources for FY2024 Q4. Verify EBIT. Do not research other fields.; Research official issuer sources for FY2025 Q1. Verify EBIT. Do not research other fields.; Research official issuer sources for FY2025 Q2. Verify EBIT. Do not research other fields.",0,0,7,P3_LATEST8Q,7,P3_LATEST8Q,CASH|EBIT_DIRECT|REVENUE|TOTAL_DEBT,0,YES,PMT
"Research official issuer sources for FY2024 Q2. Verify Revenue, Total Debt. Do not research other fields.; Research official issuer sources for FY2024 Q3. Verify Revenue, Total Debt. Do not research other fields.; Research official issuer sources for FY2024 Q4. Verify EBIT, source semantics confirmation. Do not research other fields.",0,0,6,P3_LATEST8Q,6,P3_LATEST8Q,EBIT_DIRECT|REVENUE|SOURCE_SEMANTICS_CONFIRMATION|TOTAL_DEBT,0,NO,PMVP
Research official issuer sources for FY2024 Q2. Verify Cash. Do not research other fields.; Research official issuer sources for FY2024 Q3. Verify Cash. Do not research other fields.,0,1,2,P3_LATEST8Q,3,P3_LATEST8Q,CASH,0,NO,POR
Research official issuer sources for FY2025 Q3. Verify Total Debt. Do not research other fields.; Research official issuer sources for FY2025 Q4. Verify Total Debt. Do not research other fields.; Research official issuer sources for FY2026 Q1. Verify Total Debt. Do not research other fields.; Research official issuer sources for FY2024 Q2. Verify Total Debt. Do not research other fields.; Research official issuer sources for FY2024 Q3. Verify Total Debt. Do not research other fields.; Research official issuer sources for FY2025 Q1. Verify Total Debt. Do not research other fields.; Research official issuer sources for FY2025 Q2. Verify Total Debt. Do not research other fields.,0,2,7,P2_LATEST4Q,9,P2_LATEST4Q,TOTAL_DEBT,0,NO,POWI
Research official issuer sources for FY2024 Q3. Verify Total Debt. Do not research other fields.,0,1,1,P3_LATEST8Q,2,P3_LATEST8Q,TOTAL_DEBT,0,NO,POWL
"Research official issuer sources for FY2024 Q2. Verify fiscal transition evidence, official period_end, source semantics confirmation, target collision evidence. Do not research other fields.; Research official issuer sources for FY2024 Q3. Verify first-public result publication date, fiscal transition evidence, official period_end, source semantics confirmation, target collision evidence, Total Debt. Do not research other fields.; Research official issuer sources for FY2024 Q4. Verify EBIT, fiscal transition evidence, official period_end, source semantics confirmation, target collision evidence. Do not research other fields.; Research official issuer sources for FY2025 Q1. Verify first-public result publication date, fiscal transition evidence, official period_end, source semantics confirmation. Do not research other fields.",0,0,19,P3_LATEST8Q,19,P3_LATEST8Q,EBIT_DIRECT|FIRST_PUBLIC_PUBLISH_DATE|FISCAL_TRANSITION_EVIDENCE|OFFICIAL_PERIOD_END|SOURCE_SEMANTICS_CONFIRMATION|TARGET_COLLISION_EVIDENCE|TOTAL_DEBT,0,YES,POWW
"Research official issuer sources for FY2024 Q3. Verify Capex required to derive FCF, Cash, FCF, first-public result publication date, Revenue, source semantics confirmation, Total Debt. Do not research other fields.; Research official issuer sources for FY2025 Q1. Verify Cash, first-public result publication date, Revenue, Total Debt. Do not research other fields.",0,2,11,P3_LATEST8Q,13,P3_LATEST8Q,CAPEX_FOR_FCF|CASH|FCF_DIRECT|FIRST_PUBLIC_PUBLISH_DATE|REVENUE|SOURCE_SEMANTICS_CONFIRMATION|TOTAL_DEBT,0,NO,PPCB
Research official issuer sources for FY2024 Q1. Verify Total Debt. Do not research other fields.; Research official issuer sources for FY2024 Q2. Verify Total Debt. Do not research other fields.; Research official issuer sources for FY2024 Q3. Verify Total Debt. Do not research other fields.,0,1,3,P3_LATEST8Q,4,P3_LATEST8Q,TOTAL_DEBT,0,NO,PPSI
"Research official issuer sources for FY2024 Q2. Verify Revenue, Total Debt. Do not research other fields.; Research official issuer sources for FY2024 Q3. Verify Revenue. Do not research other fields.; Research official issuer sources for FY2024 Q4. Verify EBIT, source semantics confirmation. Do not research other fields.",0,0,5,P3_LATEST8Q,5,P3_LATEST8Q,EBIT_DIRECT|REVENUE|SOURCE_SEMANTICS_CONFIRMATION|TOTAL_DEBT,0,NO,PPTA
Research official issuer sources for FY2024 Q3. Verify missing quarter existence/source evidence. Do not research other fields.,0,0,1,P3_LATEST8Q,1,P3_LATEST8Q,MISSING_QUARTER_EXISTENCE,0,YES,PR
Research official issuer sources for FY2024 Q2. Verify Total Debt. Do not research other fields.; Research official issuer sources for FY2024 Q3. Verify Total Debt. Do not research other fields.,0,0,2,P3_LATEST8Q,2,P3_LATEST8Q,TOTAL_DEBT,0,NO,PRAX
Research official issuer sources for FY2024 Q2. Verify Total Debt. Do not research other fields.; Research official issuer sources for FY2024 Q3. Verify Total Debt. Do not research other fields.,0,1,2,P3_LATEST8Q,3,P3_LATEST8Q,TOTAL_DEBT,0,NO,PRDO
"Research official issuer sources for FY2025 Q1. Verify EBIT, FCF, OCF required to derive FCF, Revenue, source semantics confirmation, Total Debt. Do not research other fields.",0,2,6,P3_LATEST8Q,8,P3_LATEST8Q,EBIT_DIRECT|FCF_DIRECT|OCF_FOR_FCF|REVENUE|SOURCE_SEMANTICS_CONFIRMATION|TOTAL_DEBT,0,NO,PRG
Research official issuer sources for FY2024 Q3. Verify Total Debt. Do not research other fields.,0,0,1,P3_LATEST8Q,1,P3_LATEST8Q,TOTAL_DEBT,0,YES,PRLB
"Research official issuer sources for FY2024 Q2. Verify Revenue, Total Debt. Do not research other fields.; Research official issuer sources for FY2024 Q3. Verify Total Debt. Do not research other fields.; Research official issuer sources for FY2024 Q4. Verify Revenue. Do not research other fields.",0,0,4,P3_LATEST8Q,4,P3_LATEST8Q,REVENUE|TOTAL_DEBT,0,NO,PRLD
"Research official issuer sources for FY2022 Q4. Verify Cash, first-public result publication date, Total Debt. Do not research other fields.; Research official issuer sources for FY2024 Q3. Verify Capex required to derive FCF, Cash, EBIT, FCF, first-public result publication date, lineage/source ownership evidence, OCF required to derive FCF, official period_end, Revenue, Shares Outstanding, source semantics confirmation, Total Debt. Do not research other fields.",0,0,15,P3_LATEST8Q,15,P3_LATEST8Q,CAPEX_FOR_FCF|CASH|EBIT_DIRECT|FCF_DIRECT|FIRST_PUBLIC_PUBLISH_DATE|LINEAGE_OWNERSHIP_EVIDENCE|OCF_FOR_FCF|OFFICIAL_PERIOD_END|REVENUE|SHARES_OUTSTANDING|SOURCE_SEMANTICS_CONFIRMATION|TOTAL_DEBT,0,NO,PRMB
Research official issuer sources for FY2024 Q2. Verify Total Debt. Do not research other fields.; Research official issuer sources for FY2024 Q3. Verify Total Debt. Do not research other fields.,0,2,2,P3_LATEST8Q,4,P3_LATEST8Q,TOTAL_DEBT,0,NO,PRME
"Research official issuer sources for FY2024 Q2. Verify Capex required to derive FCF, Cash, FCF, source semantics confirmation, Total Debt. Do not research other fields.; Research official issuer sources for FY2024 Q3. Verify Capex required to derive FCF, Cash, FCF, source semantics confirmation, Total Debt. Do not research other fields.",0,2,10,P3_LATEST8Q,12,P3_LATEST8Q,CAPEX_FOR_FCF|CASH|FCF_DIRECT|SOURCE_SEMANTICS_CONFIRMATION|TOTAL_DEBT,0,NO,PROF
"Research official issuer sources for FY2024 Q1. Verify Revenue, Total Debt. Do not research other fields.; Research official issuer sources for FY2024 Q2. Verify Revenue, Total Debt. Do not research other fields.; Research official issuer sources for FY2024 Q3. Verify Revenue, Total Debt. Do not research other fields.",0,2,6,P3_LATEST8Q,8,P3_LATEST8Q,REVENUE|TOTAL_DEBT,0,NO,PROK
"Research official issuer sources for FY2024 Q1. Verify Capex required to derive FCF, FCF, first-public result publication date, Revenue, source semantics confirmation, Total Debt. Do not research other fields.; Research official issuer sources for FY2024 Q2. Verify Capex required to derive FCF, FCF, first-public result publication date, Revenue, source semantics confirmation, Total Debt. Do not research other fields.",0,2,12,P3_LATEST8Q,14,P3_LATEST8Q,CAPEX_FOR_FCF|FCF_DIRECT|FIRST_PUBLIC_PUBLISH_DATE|REVENUE|SOURCE_SEMANTICS_CONFIRMATION|TOTAL_DEBT,0,NO,PROP
"Research official issuer sources for FY2024 Q1. Verify Capex required to derive FCF, FCF, source semantics confirmation, Total Debt. Do not research other fields.; Research official issuer sources for FY2024 Q2. Verify Capex required to derive FCF, FCF, source semantics confirmation, Total Debt. Do not research other fields.; Research official issuer sources for FY2024 Q3. Verify Total Debt. Do not research other fields.",0,1,9,P3_LATEST8Q,10,P3_LATEST8Q,CAPEX_FOR_FCF|FCF_DIRECT|SOURCE_SEMANTICS_CONFIRMATION|TOTAL_DEBT,0,NO,PRSO
"Research official issuer sources for FY2025 Q3. Verify EBIT, Total Debt. Do not research other fields.; Research official issuer sources for FY2024 Q4. Verify EBIT, source semantics confirmation. Do not research other fields.",0,0,4,P2_LATEST4Q,4,P2_LATEST4Q,EBIT_DIRECT|SOURCE_SEMANTICS_CONFIRMATION|TOTAL_DEBT,0,NO,PRSU
Research official issuer sources for FY2024 Q3. Verify Total Debt. Do not research other fields.,0,0,1,P3_LATEST8Q,1,P3_LATEST8Q,TOTAL_DEBT,0,NO,PRTA
"Research official issuer sources for FY2024 Q2. Verify Capex required to derive FCF, FCF, source semantics confirmation, Total Debt. Do not research other fields.; Research official issuer sources for FY2024 Q3. Verify Capex required to derive FCF, FCF, source semantics confirmation, Total Debt. Do not research other fields.",0,2,8,P3_LATEST8Q,10,P3_LATEST8Q,CAPEX_FOR_FCF|FCF_DIRECT|SOURCE_SEMANTICS_CONFIRMATION|TOTAL_DEBT,0,NO,PRVA
"Research official issuer sources for FY2024 Q2. Verify EBIT, source semantics confirmation. Do not research other fields.; Research official issuer sources for FY2024 Q3. Verify EBIT, source semantics confirmation. Do not research other fields.",0,1,4,P3_LATEST8Q,5,P3_LATEST8Q,EBIT_DIRECT|SOURCE_SEMANTICS_CONFIRMATION,0,NO,PSA
"Research official issuer sources for FY2024 Q3. Verify Cash, Total Debt. Do not research other fields.",0,0,2,P3_LATEST8Q,2,P3_LATEST8Q,CASH|TOTAL_DEBT,0,NO,PSKY
"Research official issuer sources for FY2025 Q1. Verify EBIT, Total Debt. Do not research other fields.",0,0,2,P3_LATEST8Q,2,P3_LATEST8Q,EBIT_DIRECT|TOTAL_DEBT,0,YES,PSN
Research official issuer sources for FY2024 Q3. Verify Total Debt. Do not research other fields.,0,1,1,P3_LATEST8Q,2,P3_LATEST8Q,TOTAL_DEBT,0,NO,PSNL
Research official issuer sources for FY2024 Q3. Verify Total Debt. Do not research other fields.,0,0,1,P3_LATEST8Q,1,P3_LATEST8Q,TOTAL_DEBT,0,NO,PSQH
"Research official issuer sources for FY2024 Q4. Verify EBIT, source semantics confirmation. Do not research other fields.; Research official issuer sources for FY2025 Q1. Verify EBIT. Do not research other fields.",0,0,3,P3_LATEST8Q,3,P3_LATEST8Q,EBIT_DIRECT|SOURCE_SEMANTICS_CONFIRMATION,0,NO,PSTL
"Research official issuer sources for FY2024 Q2. Verify EBIT, source semantics confirmation. Do not research other fields.; Research official issuer sources for FY2024 Q3. Verify EBIT, source semantics confirmation. Do not research other fields.",0,1,4,P3_LATEST8Q,5,P3_LATEST8Q,EBIT_DIRECT|SOURCE_SEMANTICS_CONFIRMATION,0,NO,PSX
Research official issuer sources for FY2024 Q2. Verify Total Debt. Do not research other fields.; Research official issuer sources for FY2024 Q3. Verify Total Debt. Do not research other fields.,0,2,2,P3_LATEST8Q,4,P3_LATEST8Q,TOTAL_DEBT,0,NO,PTGX
"Research official issuer sources for FY2024 Q1. Verify Capex required to derive FCF, FCF, fiscal transition evidence, official period_end, source semantics confirmation, target collision evidence, Total Debt. Do not research other fields.; Research official issuer sources for FY2024 Q2. Verify Capex required to derive FCF, FCF, fiscal transition evidence, official period_end, source semantics confirmation, target collision evidence, Total Debt. Do not research other fields.; Research official issuer sources for FY2024 Q3. Verify fiscal transition evidence, official period_end, source semantics confirmation, target collision evidence, Total Debt. Do not research other fields.; Research official issuer sources for FY2024 Q4. Verify fiscal transition evidence, official period_end, source semantics confirmation, target collision evidence, Total Debt. Do not research other fields.",0,0,24,P3_LATEST8Q,24,P3_LATEST8Q,CAPEX_FOR_FCF|FCF_DIRECT|FISCAL_TRANSITION_EVIDENCE|OFFICIAL_PERIOD_END|SOURCE_SEMANTICS_CONFIRMATION|TARGET_COLLISION_EVIDENCE|TOTAL_DEBT,0,YES,PTIX
Research official issuer sources for FY2024 Q2. Verify Total Debt. Do not research other fields.; Research official issuer sources for FY2024 Q3. Verify Total Debt. Do not research other fields.,0,1,2,P3_LATEST8Q,3,P3_LATEST8Q,TOTAL_DEBT,0,NO,PUBM
"Research official issuer sources for FY2025 Q3. Verify Total Debt. Do not research other fields.; Research official issuer sources for FY2024 Q3. Verify first-public result publication date, Total Debt. Do not research other fields.; Research official issuer sources for FY2025 Q1. Verify Total Debt. Do not research other fields.; Research official issuer sources for FY2025 Q2. Verify Total Debt. Do not research other fields.",0,0,5,P2_LATEST4Q,5,P2_LATEST4Q,FIRST_PUBLIC_PUBLISH_DATE|TOTAL_DEBT,0,NO,PVLA
"Research official issuer sources for FY2024 Q2. Verify Total Debt. Do not research other fields.; Research official issuer sources for FY2024 Q3. Verify Total Debt. Do not research other fields.; Research official issuer sources for FY2024 Q4. Verify EBIT, Revenue, source semantics confirmation. Do not research other fields.",0,0,5,P3_LATEST8Q,5,P3_LATEST8Q,EBIT_DIRECT|REVENUE|SOURCE_SEMANTICS_CONFIRMATION|TOTAL_DEBT,0,NO,PYXS
"Research official issuer sources for FY2024 Q2. Verify Capex required to derive FCF, FCF, first-public result publication date, Revenue, source semantics confirmation, Total Debt. Do not research other fields.; Research official issuer sources for FY2024 Q3. Verify Capex required to derive FCF, FCF, first-public result publication date, Revenue, source semantics confirmation, Total Debt. Do not research other fields.",0,0,12,P3_LATEST8Q,12,P3_LATEST8Q,CAPEX_FOR_FCF|FCF_DIRECT|FIRST_PUBLIC_PUBLISH_DATE|REVENUE|SOURCE_SEMANTICS_CONFIRMATION|TOTAL_DEBT,0,NO,QCLS
"Research official issuer sources for FY2024 Q3. Verify missing quarter existence/source evidence. Do not research other fields.; Research official issuer sources for FY2025 Q1. Verify missing quarter existence/source evidence, target collision evidence. Do not research other fields.",0,0,3,P3_LATEST8Q,3,P3_LATEST8Q,MISSING_QUARTER_EXISTENCE|TARGET_COLLISION_EVIDENCE,0,YES,QDEL
Research official issuer sources for FY2024 Q2. Verify Total Debt. Do not research other fields.; Research official issuer sources for FY2024 Q3. Verify Total Debt. Do not research other fields.,0,1,2,P3_LATEST8Q,3,P3_LATEST8Q,TOTAL_DEBT,0,NO,QLYS
"Research official issuer sources for FY2025 Q3. Verify EBIT, FCF, OCF required to derive FCF, Revenue, source semantics confirmation, Total Debt. Do not research other fields.",0,0,6,P3_LATEST8Q,6,P3_LATEST8Q,EBIT_DIRECT|FCF_DIRECT|OCF_FOR_FCF|REVENUE|SOURCE_SEMANTICS_CONFIRMATION|TOTAL_DEBT,0,NO,QMCO
"Research official issuer sources for FY2024 Q2. Verify Revenue. Do not research other fields.; Research official issuer sources for FY2024 Q3. Verify Revenue. Do not research other fields.; Research official issuer sources for FY2024 Q4. Verify Cash, EBIT, source semantics confirmation, Total Debt. Do not research other fields.",0,0,6,P3_LATEST8Q,6,P3_LATEST8Q,CASH|EBIT_DIRECT|REVENUE|SOURCE_SEMANTICS_CONFIRMATION|TOTAL_DEBT,0,NO,QNCX
"Research official issuer sources for FY2025 Q2. Verify Total Debt. Do not research other fields.; Research official issuer sources for FY2025 Q3. Verify Total Debt. Do not research other fields.; Research official issuer sources for FY2025 Q4. Verify Total Debt. Do not research other fields.; Research official issuer sources for FY2024 Q1. Verify Capex required to derive FCF, EBIT, FCF, Revenue, Shares Outstanding, source semantics confirmation, Total Debt. Do not research other fields.; Research official issuer sources for FY2024 Q2. Verify Capex required to derive FCF, EBIT, FCF, Revenue, Shares Outstanding, source semantics confirmation, Total Debt. Do not research other fields.; Research official issuer sources for FY2024 Q3. Verify Capex required to derive FCF, EBIT, FCF, Revenue, Shares Outstanding, source semantics confirmation, Total Debt. Do not research other fields.; Research official issuer sources for FY2025 Q1. Verify Total Debt. Do not research other fields.",0,2,25,P2_LATEST4Q,27,P2_LATEST4Q,CAPEX_FOR_FCF|EBIT_DIRECT|FCF_DIRECT|REVENUE|SHARES_OUTSTANDING|SOURCE_SEMANTICS_CONFIRMATION|TOTAL_DEBT,0,NO,QNRX
Research official issuer sources for FY2024 Q3. Verify Total Debt. Do not research other fields.; Research official issuer sources for FY2025 Q1. Verify Total Debt. Do not research other fields.,0,2,2,P3_LATEST8Q,4,P3_LATEST8Q,TOTAL_DEBT,0,NO,QNST
"Research official issuer sources for FY2024 Q4. Verify EBIT, lineage/source ownership evidence, source semantics confirmation, target collision evidence. Do not research other fields.; Research official issuer sources for FY2025 Q1. Verify lineage/source ownership evidence, official period_end. Do not research other fields.",0,0,6,P3_LATEST8Q,6,P3_LATEST8Q,EBIT_DIRECT|LINEAGE_OWNERSHIP_EVIDENCE|OFFICIAL_PERIOD_END|SOURCE_SEMANTICS_CONFIRMATION|TARGET_COLLISION_EVIDENCE,0,YES,QRVO
"Research official issuer sources for FY2024 Q2. Verify Revenue, Total Debt. Do not research other fields.; Research official issuer sources for FY2024 Q3. Verify Revenue, Total Debt. Do not research other fields.",0,2,4,P3_LATEST8Q,6,P3_LATEST8Q,REVENUE|TOTAL_DEBT,0,NO,QS
Research official issuer sources for FY2024 Q2. Verify Total Debt. Do not research other fields.; Research official issuer sources for FY2024 Q3. Verify Total Debt. Do not research other fields.,0,0,2,P3_LATEST8Q,2,P3_LATEST8Q,TOTAL_DEBT,0,NO,QSI
Research official issuer sources for FY2024 Q2. Verify Total Debt. Do not research other fields.; Research official issuer sources for FY2024 Q3. Verify Total Debt. Do not research other fields.,0,0,2,P3_LATEST8Q,2,P3_LATEST8Q,TOTAL_DEBT,0,NO,QTRX
Research official issuer sources for FY2024 Q3. Verify Total Debt. Do not research other fields.,0,0,1,P3_LATEST8Q,1,P3_LATEST8Q,TOTAL_DEBT,0,NO,QTTB
Research official issuer sources for FY2024 Q1. Verify Total Debt. Do not research other fields.; Research official issuer sources for FY2024 Q2. Verify Total Debt. Do not research other fields.,0,0,2,P3_LATEST8Q,2,P3_LATEST8Q,TOTAL_DEBT,0,NO,QUBT
"Research official issuer sources for FY2024 Q4. Verify lineage/source ownership evidence, official period_end, target collision evidence, Total Debt. Do not research other fields.",0,0,4,P3_LATEST8Q,4,P3_LATEST8Q,LINEAGE_OWNERSHIP_EVIDENCE|OFFICIAL_PERIOD_END|TARGET_COLLISION_EVIDENCE|TOTAL_DEBT,0,YES,QUIK
"Research official issuer sources for FY2025 Q1. Verify Cash, EBIT. Do not research other fields.",0,1,2,P3_LATEST8Q,3,P3_LATEST8Q,CASH|EBIT_DIRECT,0,NO,QURE
Research official issuer sources for FY2024 Q1. Verify first-public result publication date. Do not research other fields.,0,2,1,P3_LATEST8Q,3,P3_LATEST8Q,FIRST_PUBLIC_PUBLISH_DATE,0,NO,QXO
"Research official issuer sources for FY2024 Q2. Verify EBIT, source semantics confirmation. Do not research other fields.; Research official issuer sources for FY2024 Q3. Verify EBIT, source semantics confirmation. Do not research other fields.",0,1,4,P3_LATEST8Q,5,P3_LATEST8Q,EBIT_DIRECT|SOURCE_SEMANTICS_CONFIRMATION,0,NO,R
Research official issuer sources for FY2025 Q2. Verify Total Debt. Do not research other fields.,0,0,1,P3_LATEST8Q,1,P3_LATEST8Q,TOTAL_DEBT,0,YES,RAMP
"Research official issuer sources for FY2026 Q1. Verify Total Debt. Do not research other fields.; Research official issuer sources for FY2024 Q3. Verify Total Debt. Do not research other fields.; Research official issuer sources for FY2024 Q4. Verify EBIT, source semantics confirmation. Do not research other fields.; Research official issuer sources for FY2025 Q1. Verify Capex required to derive FCF, Cash, EBIT, FCF, source semantics confirmation. Do not research other fields.",0,0,9,P2_LATEST4Q,9,P2_LATEST4Q,CAPEX_FOR_FCF|CASH|EBIT_DIRECT|FCF_DIRECT|SOURCE_SEMANTICS_CONFIRMATION|TOTAL_DEBT,0,NO,RARE
"Research official issuer sources for FY2023 Q2. Verify Capex required to derive FCF, FCF, source semantics confirmation. Do not research other fields.; Research official issuer sources for FY2023 Q3. Verify Capex required to derive FCF, FCF, missing quarter existence/source evidence, source semantics confirmation. Do not research other fields.; Research official issuer sources for FY2024 Q4. Verify Capex required to derive FCF, FCF, first-public result publication date, missing quarter existence/source evidence, source semantics confirmation. Do not research other fields.",0,0,12,P3_LATEST8Q,12,P3_LATEST8Q,CAPEX_FOR_FCF|FCF_DIRECT|FIRST_PUBLIC_PUBLISH_DATE|MISSING_QUARTER_EXISTENCE|SOURCE_SEMANTICS_CONFIRMATION,0,NO,RBC
"Research official issuer sources for FY2024 Q2. Verify Total Debt. Do not research other fields.; Research official issuer sources for FY2024 Q3. Verify Total Debt. Do not research other fields.; Research official issuer sources for FY2024 Q4. Verify EBIT, source semantics confirmation. Do not research other fields.",0,0,4,P3_LATEST8Q,4,P3_LATEST8Q,EBIT_DIRECT|SOURCE_SEMANTICS_CONFIRMATION|TOTAL_DEBT,0,NO,RCKT
"Research official issuer sources for FY2024 Q4. Verify EBIT, source semantics confirmation, Total Debt. Do not research other fields.; Research official issuer sources for FY2025 Q1. Verify Cash, EBIT, source semantics confirmation, Total Debt. Do not research other fields.",0,0,7,P3_LATEST8Q,7,P3_LATEST8Q,CASH|EBIT_DIRECT|SOURCE_SEMANTICS_CONFIRMATION|TOTAL_DEBT,0,NO,RCUS
Research official issuer sources for FY2023 Q3. Verify Total Debt. Do not research other fields.; Research official issuer sources for FY2024 Q3. Verify Total Debt. Do not research other fields.,0,2,2,P3_LATEST8Q,4,P3_LATEST8Q,TOTAL_DEBT,0,NO,RDDT
Research official issuer sources for FY2024 Q1. Verify Total Debt. Do not research other fields.; Research official issuer sources for FY2024 Q2. Verify Total Debt. Do not research other fields.; Research official issuer sources for FY2024 Q3. Verify Total Debt. Do not research other fields.,0,1,3,P3_LATEST8Q,4,P3_LATEST8Q,TOTAL_DEBT,0,NO,RDVT
"Research official issuer sources for FY2024 Q4. Verify EBIT, source semantics confirmation. Do not research other fields.",0,0,2,P3_LATEST8Q,2,P3_LATEST8Q,EBIT_DIRECT|SOURCE_SEMANTICS_CONFIRMATION,0,YES,REBN
"Research official issuer sources for FY2025 Q2. Verify EBIT, source semantics confirmation. Do not research other fields.; Research official issuer sources for FY2025 Q3. Verify EBIT, source semantics confirmation. Do not research other fields.; Research official issuer sources for FY2025 Q4. Verify EBIT, source semantics confirmation. Do not research other fields.; Research official issuer sources for FY2024 Q1. Verify Capex required to derive FCF, EBIT, FCF, Revenue, source semantics confirmation. Do not research other fields.; Research official issuer sources for FY2024 Q2. Verify Capex required to derive FCF, EBIT, FCF, Revenue, source semantics confirmation. Do not research other fields.; Research official issuer sources for FY2024 Q3. Verify Capex required to derive FCF, EBIT, FCF, Revenue, source semantics confirmation. Do not research other fields.; Research official issuer sources for FY2025 Q1. Verify EBIT, source semantics confirmation. Do not research other fields.",0,2,23,P2_LATEST4Q,25,P2_LATEST4Q,CAPEX_FOR_FCF|EBIT_DIRECT|FCF_DIRECT|REVENUE|SOURCE_SEMANTICS_CONFIRMATION,0,NO,REFI
"Research official issuer sources for FY2024 Q1. Verify Cash, Shares Outstanding. Do not research other fields.; Research official issuer sources for FY2024 Q2. Verify Cash, Shares Outstanding. Do not research other fields.; Research official issuer sources for FY2024 Q3. Verify Cash, Shares Outstanding. Do not research other fields.",0,2,6,P3_LATEST8Q,8,P3_LATEST8Q,CASH|SHARES_OUTSTANDING,0,NO,REG
,0,2,0,NO_EXTERNAL_RESEARCH_NEEDED,2,P3_LATEST8Q,,0,NO,RELY
Research official issuer sources for FY2025 Q1. Verify Revenue. Do not research other fields.; Research official issuer sources for FY2025 Q2. Verify Revenue. Do not research other fields.,0,0,2,P3_LATEST8Q,2,P3_LATEST8Q,REVENUE,0,NO,REPL
"Research official issuer sources for FY2025 Q3. Verify Total Debt. Do not research other fields.; Research official issuer sources for FY2024 Q3. Verify Revenue, Total Debt. Do not research other fields.; Research official issuer sources for FY2025 Q1. Verify Total Debt. Do not research other fields.; Research official issuer sources for FY2025 Q2. Verify Total Debt. Do not research other fields.",0,0,5,P2_LATEST4Q,5,P2_LATEST4Q,REVENUE|TOTAL_DEBT,0,NO,REVB
"Research official issuer sources for FY2024 Q1. Verify EBIT, source semantics confirmation, Total Debt. Do not research other fields.; Research official issuer sources for FY2024 Q2. Verify EBIT, source semantics confirmation, Total Debt. Do not research other fields.; Research official issuer sources for FY2024 Q3. Verify EBIT, source semantics confirmation, Total Debt. Do not research other fields.",0,1,9,P3_LATEST8Q,10,P3_LATEST8Q,EBIT_DIRECT|SOURCE_SEMANTICS_CONFIRMATION|TOTAL_DEBT,0,NO,REX
"Research official issuer sources for FY2024 Q2. Verify EBIT, source semantics confirmation. Do not research other fields.; Research official issuer sources for FY2024 Q3. Verify EBIT, source semantics confirmation. Do not research other fields.",0,1,4,P3_LATEST8Q,5,P3_LATEST8Q,EBIT_DIRECT|SOURCE_SEMANTICS_CONFIRMATION,0,NO,REXR
"Research official issuer sources for FY2024 Q2. Verify EBIT, source semantics confirmation. Do not research other fields.; Research official issuer sources for FY2024 Q3. Verify EBIT, source semantics confirmation. Do not research other fields.",0,1,4,P3_LATEST8Q,5,P3_LATEST8Q,EBIT_DIRECT|SOURCE_SEMANTICS_CONFIRMATION,0,NO,REYN
Research official issuer sources for FY2024 Q3. Verify Total Debt. Do not research other fields.,0,1,1,P3_LATEST8Q,2,P3_LATEST8Q,TOTAL_DEBT,0,NO,RGEN
"Research official issuer sources for FY2024 Q4. Verify Cash, EBIT, Revenue. Do not research other fields.; Research official issuer sources for FY2025 Q1. Verify Capex required to derive FCF, FCF, lineage/source ownership evidence, source semantics confirmation. Do not research other fields.; Research official issuer sources for FY2025 Q3. Verify EBIT, lineage/source ownership evidence, source semantics confirmation, target collision evidence, Total Debt. Do not research other fields.; Research official issuer sources for FY2025 Q4. Verify lineage/source ownership evidence, Total Debt. Do not research other fields.",0,0,14,P3_LATEST8Q,14,P3_LATEST8Q,CAPEX_FOR_FCF|CASH|EBIT_DIRECT|FCF_DIRECT|LINEAGE_OWNERSHIP_EVIDENCE|REVENUE|SOURCE_SEMANTICS_CONFIRMATION|TARGET_COLLISION_EVIDENCE|TOTAL_DEBT,0,YES,RGLD
Research official issuer sources for FY2024 Q2. Verify Total Debt. Do not research other fields.; Research official issuer sources for FY2024 Q3. Verify Total Debt. Do not research other fields.,0,1,2,P3_LATEST8Q,3,P3_LATEST8Q,TOTAL_DEBT,0,NO,RGNX
Research official issuer sources for FY2024 Q2. Verify Total Debt. Do not research other fields.; Research official issuer sources for FY2024 Q3. Verify Total Debt. Do not research other fields.,0,2,2,P3_LATEST8Q,4,P3_LATEST8Q,TOTAL_DEBT,0,NO,RGR
"Research official issuer sources for FY2024 Q2. Verify lineage/source ownership evidence, Revenue, target collision evidence, Total Debt. Do not research other fields.; Research official issuer sources for FY2024 Q3. Verify lineage/source ownership evidence, Revenue, target collision evidence, Total Debt. Do not research other fields.; Research official issuer sources for FY2024 Q4. Verify missing quarter existence/source evidence, Revenue, target collision evidence, Total Debt. Do not research other fields.; Research official issuer sources for FY2025 Q4. Verify missing quarter existence/source evidence. Do not research other fields.",0,0,13,P3_LATEST8Q,13,P3_LATEST8Q,LINEAGE_OWNERSHIP_EVIDENCE|MISSING_QUARTER_EXISTENCE|REVENUE|TARGET_COLLISION_EVIDENCE|TOTAL_DEBT,0,YES,RH
Research official issuer sources for FY2024 Q2. Verify Total Debt. Do not research other fields.; Research official issuer sources for FY2024 Q3. Verify Total Debt. Do not research other fields.,0,1,2,P3_LATEST8Q,3,P3_LATEST8Q,TOTAL_DEBT,0,NO,RHI
"Research official issuer sources for FY2024 Q4. Verify EBIT, source semantics confirmation, Total Debt. Do not research other fields.",0,0,3,P3_LATEST8Q,3,P3_LATEST8Q,EBIT_DIRECT|SOURCE_SEMANTICS_CONFIRMATION|TOTAL_DEBT,0,NO,RIGL
"Research official issuer sources for FY2025 Q2. Verify first-public result publication date. Do not research other fields.; Research official issuer sources for FY2025 Q3. Verify first-public result publication date. Do not research other fields.; Research official issuer sources for FY2025 Q4. Verify first-public result publication date. Do not research other fields.; Research official issuer sources for FY2024 Q1. Verify Capex required to derive FCF, FCF, first-public result publication date, source semantics confirmation, Total Debt. Do not research other fields.; Research official issuer sources for FY2024 Q3. Verify first-public result publication date. Do not research other fields.; Research official issuer sources for FY2025 Q1. Verify first-public result publication date. Do not research other fields.",0,2,10,P2_LATEST4Q,12,P2_LATEST4Q,CAPEX_FOR_FCF|FCF_DIRECT|FIRST_PUBLIC_PUBLISH_DATE|SOURCE_SEMANTICS_CONFIRMATION|TOTAL_DEBT,0,NO,RIME
"Research official issuer sources for FY2025 Q3. Verify EBIT. Do not research other fields.; Research official issuer sources for FY2025 Q4. Verify EBIT. Do not research other fields.; Research official issuer sources for FY2026 Q1. Verify EBIT, source semantics confirmation. Do not research other fields.; Research official issuer sources for FY2024 Q3. Verify EBIT. Do not research other fields.; Research official issuer sources for FY2024 Q4. Verify EBIT, Total Debt. Do not research other fields.; Research official issuer sources for FY2025 Q1. Verify EBIT, source semantics confirmation. Do not research other fields.; Research official issuer sources for FY2025 Q2. Verify EBIT. Do not research other fields.",0,0,10,P2_LATEST4Q,10,P2_LATEST4Q,EBIT_DIRECT|SOURCE_SEMANTICS_CONFIRMATION|TOTAL_DEBT,0,NO,RITM
"Research official issuer sources for FY2024 Q4. Verify EBIT, lineage/source ownership evidence, source semantics confirmation, target collision evidence. Do not research other fields.; Research official issuer sources for FY2025 Q1. Verify lineage/source ownership evidence, official period_end. Do not research other fields.",0,0,6,P3_LATEST8Q,6,P3_LATEST8Q,EBIT_DIRECT|LINEAGE_OWNERSHIP_EVIDENCE|OFFICIAL_PERIOD_END|SOURCE_SEMANTICS_CONFIRMATION|TARGET_COLLISION_EVIDENCE,0,YES,RL
Research official issuer sources for FY2024 Q2. Verify Total Debt. Do not research other fields.; Research official issuer sources for FY2024 Q3. Verify Total Debt. Do not research other fields.; Research official issuer sources for FY2025 Q1. Verify Cash. Do not research other fields.,0,2,3,P3_LATEST8Q,5,P3_LATEST8Q,CASH|TOTAL_DEBT,0,NO,RLAY
"Research official issuer sources for FY2024 Q2. Verify EBIT, source semantics confirmation. Do not research other fields.; Research official issuer sources for FY2024 Q3. Verify EBIT, source semantics confirmation. Do not research other fields.",0,1,4,P3_LATEST8Q,5,P3_LATEST8Q,EBIT_DIRECT|SOURCE_SEMANTICS_CONFIRMATION,0,NO,RLJ
"Research official issuer sources for FY2024 Q1. Verify Capex required to derive FCF, FCF, Revenue, source semantics confirmation, Total Debt. Do not research other fields.; Research official issuer sources for FY2025 Q1. Verify Capex required to derive FCF, FCF, lineage/source ownership evidence, Revenue, source semantics confirmation, Total Debt. Do not research other fields.; Research official issuer sources for FY2025 Q2. Verify Total Debt. Do not research other fields.; Research official issuer sources for FY2025 Q3. Verify lineage/source ownership evidence, target collision evidence, Total Debt. Do not research other fields.",0,0,15,P3_LATEST8Q,15,P3_LATEST8Q,CAPEX_FOR_FCF|FCF_DIRECT|LINEAGE_OWNERSHIP_EVIDENCE|REVENUE|SOURCE_SEMANTICS_CONFIRMATION|TARGET_COLLISION_EVIDENCE|TOTAL_DEBT,0,YES,RLMD
,0,1,0,NO_EXTERNAL_RESEARCH_NEEDED,1,P3_LATEST8Q,,0,NO,RMAX
Research official issuer sources for FY2024 Q2. Verify Total Debt. Do not research other fields.; Research official issuer sources for FY2024 Q3. Verify Total Debt. Do not research other fields.,0,1,2,P3_LATEST8Q,3,P3_LATEST8Q,TOTAL_DEBT,0,NO,RMBS
"Research official issuer sources for FY2025 Q2. Verify first-public result publication date. Do not research other fields.; Research official issuer sources for FY2025 Q3. Verify first-public result publication date. Do not research other fields.; Research official issuer sources for FY2025 Q4. Verify first-public result publication date. Do not research other fields.; Research official issuer sources for FY2024 Q2. Verify Revenue, Total Debt. Do not research other fields.; Research official issuer sources for FY2024 Q3. Verify Revenue. Do not research other fields.",0,0,6,P2_LATEST4Q,6,P2_LATEST4Q,FIRST_PUBLIC_PUBLISH_DATE|REVENUE|TOTAL_DEBT,0,NO,RNAZ
Research official issuer sources for FY2024 Q3. Verify Total Debt. Do not research other fields.,0,0,1,P3_LATEST8Q,1,P3_LATEST8Q,TOTAL_DEBT,0,NO,ROCK
"Research official issuer sources for FY2024 Q2. Verify Total Debt. Do not research other fields.; Research official issuer sources for FY2024 Q4. Verify EBIT, FCF, OCF required to derive FCF, Revenue, source semantics confirmation. Do not research other fields.",0,2,6,P3_LATEST8Q,8,P3_LATEST8Q,EBIT_DIRECT|FCF_DIRECT|OCF_FOR_FCF|REVENUE|SOURCE_SEMANTICS_CONFIRMATION|TOTAL_DEBT,0,NO,ROIV
"Research official issuer sources for FY2024 Q3. Verify EBIT, source semantics confirmation. Do not research other fields.",0,1,2,P3_LATEST8Q,3,P3_LATEST8Q,EBIT_DIRECT|SOURCE_SEMANTICS_CONFIRMATION,0,NO,ROK
Research official issuer sources for FY2024 Q2. Verify Total Debt. Do not research other fields.; Research official issuer sources for FY2024 Q3. Verify Total Debt. Do not research other fields.,0,1,2,P3_LATEST8Q,3,P3_LATEST8Q,TOTAL_DEBT,0,NO,ROKU
"Research official issuer sources for FY2023 Q2. Verify EBIT, source semantics confirmation. Do not research other fields.; Research official issuer sources for FY2023 Q3. Verify EBIT, source semantics confirmation. Do not research other fields.",0,0,4,P3_LATEST8Q,4,P3_LATEST8Q,EBIT_DIRECT|SOURCE_SEMANTICS_CONFIRMATION,0,NO,ROST
Research official issuer sources for FY2024 Q3. Verify Total Debt. Do not research other fields.; Research official issuer sources for FY2025 Q1. Verify Cash. Do not research other fields.,0,0,2,P3_LATEST8Q,2,P3_LATEST8Q,CASH|TOTAL_DEBT,0,NO,RPID
"Research official issuer sources for FY2025 Q1. Verify EBIT, source semantics confirmation. Do not research other fields.; Research official issuer sources for FY2025 Q2. Verify EBIT, source semantics confirmation. Do not research other fields.",0,0,4,P3_LATEST8Q,4,P3_LATEST8Q,EBIT_DIRECT|SOURCE_SEMANTICS_CONFIRMATION,0,NO,RPM
,0,2,0,NO_EXTERNAL_RESEARCH_NEEDED,2,P3_LATEST8Q,,0,NO,RPRX
"Research official issuer sources for FY2025 Q3. Verify EBIT. Do not research other fields.; Research official issuer sources for FY2025 Q4. Verify EBIT. Do not research other fields.; Research official issuer sources for FY2026 Q1. Verify EBIT. Do not research other fields.; Research official issuer sources for FY2024 Q2. Verify Capex required to derive FCF, EBIT, FCF, Revenue, source semantics confirmation, Total Debt. Do not research other fields.; Research official issuer sources for FY2024 Q3. Verify Capex required to derive FCF, EBIT, FCF, Revenue, source semantics confirmation, Total Debt. Do not research other fields.; Research official issuer sources for FY2025 Q1. Verify EBIT. Do not research other fields.; Research official issuer sources for FY2025 Q2. Verify EBIT, first-public result publication date. Do not research other fields.",0,2,18,P2_LATEST4Q,20,P2_LATEST4Q,CAPEX_FOR_FCF|EBIT_DIRECT|FCF_DIRECT|FIRST_PUBLIC_PUBLISH_DATE|REVENUE|SOURCE_SEMANTICS_CONFIRMATION|TOTAL_DEBT,0,NO,RPT
"Research official issuer sources for FY2025 Q4. Verify first-public result publication date. Do not research other fields.; Research official issuer sources for FY2023 Q2. Verify Capex required to derive FCF, Cash, FCF, first-public result publication date, source semantics confirmation, Total Debt. Do not research other fields.; Research official issuer sources for FY2023 Q3. Verify Capex required to derive FCF, Cash, FCF, first-public result publication date, source semantics confirmation, Total Debt. Do not research other fields.; Research official issuer sources for FY2023 Q4. Verify Capex required to derive FCF, FCF, source semantics confirmation. Do not research other fields.",0,1,16,P2_LATEST4Q,17,P2_LATEST4Q,CAPEX_FOR_FCF|CASH|FCF_DIRECT|FIRST_PUBLIC_PUBLISH_DATE|SOURCE_SEMANTICS_CONFIRMATION|TOTAL_DEBT,0,NO,RR
"Research official issuer sources for FY2024 Q2. Verify EBIT, source semantics confirmation. Do not research other fields.; Research official issuer sources for FY2024 Q3. Verify EBIT, source semantics confirmation. Do not research other fields.",0,1,4,P3_LATEST8Q,5,P3_LATEST8Q,EBIT_DIRECT|SOURCE_SEMANTICS_CONFIRMATION,0,NO,RRC
"Research official issuer sources for FY2024 Q4. Verify EBIT, source semantics confirmation. Do not research other fields.",0,0,2,P3_LATEST8Q,2,P3_LATEST8Q,EBIT_DIRECT|SOURCE_SEMANTICS_CONFIRMATION,0,NO,RRR
Research official issuer sources for FY2024 Q2. Verify Total Debt. Do not research other fields.; Research official issuer sources for FY2024 Q3. Verify Total Debt. Do not research other fields.,0,1,2,P3_LATEST8Q,3,P3_LATEST8Q,TOTAL_DEBT,0,NO,RSI
Research official issuer sources for FY2024 Q2. Verify Total Debt. Do not research other fields.; Research official issuer sources for FY2024 Q3. Verify Total Debt. Do not research other fields.,0,0,2,P3_LATEST8Q,2,P3_LATEST8Q,TOTAL_DEBT,0,NO,RUM
Research official issuer sources for FY2024 Q2. Verify Total Debt. Do not research other fields.; Research official issuer sources for FY2024 Q3. Verify Total Debt. Do not research other fields.,0,1,2,P3_LATEST8Q,3,P3_LATEST8Q,TOTAL_DEBT,0,NO,RVLV
Research official issuer sources for FY2024 Q2. Verify Total Debt. Do not research other fields.; Research official issuer sources for FY2024 Q3. Verify Total Debt. Do not research other fields.,0,2,2,P3_LATEST8Q,4,P3_LATEST8Q,TOTAL_DEBT,0,NO,RVMD
Research official issuer sources for FY2024 Q3. Verify missing quarter existence/source evidence. Do not research other fields.,0,0,1,P3_LATEST8Q,1,P3_LATEST8Q,MISSING_QUARTER_EXISTENCE,0,YES,RVTY
Research official issuer sources for FY2024 Q2. Verify Total Debt. Do not research other fields.; Research official issuer sources for FY2024 Q3. Verify Total Debt. Do not research other fields.,0,1,2,P3_LATEST8Q,3,P3_LATEST8Q,TOTAL_DEBT,0,NO,RXST
"Research official issuer sources for FY2024 Q3. Verify Total Debt. Do not research other fields.; Research official issuer sources for FY2024 Q4. Verify EBIT, source semantics confirmation. Do not research other fields.",0,0,3,P3_LATEST8Q,3,P3_LATEST8Q,EBIT_DIRECT|SOURCE_SEMANTICS_CONFIRMATION|TOTAL_DEBT,0,NO,RYTM
"Research official issuer sources for FY2023 Q4. Verify missing quarter existence/source evidence, Revenue, Total Debt. Do not research other fields.; Research official issuer sources for FY2024 Q3. Verify Capex required to derive FCF, FCF, missing quarter existence/source evidence, Revenue, source semantics confirmation, Total Debt. Do not research other fields.; Research official issuer sources for FY2025 Q1. Verify Capex required to derive FCF, FCF, missing quarter existence/source evidence, Revenue, source semantics confirmation, Total Debt. Do not research other fields.; Research official issuer sources for FY2025 Q3. Verify missing quarter existence/source evidence. Do not research other fields.",0,0,16,P3_LATEST8Q,16,P3_LATEST8Q,CAPEX_FOR_FCF|FCF_DIRECT|MISSING_QUARTER_EXISTENCE|REVENUE|SOURCE_SEMANTICS_CONFIRMATION|TOTAL_DEBT,0,NO,RZLT
"Research official issuer sources for FY2024 Q2. Verify lineage/source ownership evidence, target collision evidence, Total Debt. Do not research other fields.; Research official issuer sources for FY2025 Q3. Verify Total Debt. Do not research other fields.; Research official issuer sources for FY2025 Q4. Verify EBIT, source semantics confirmation. Do not research other fields.",0,0,6,P3_LATEST8Q,6,P3_LATEST8Q,EBIT_DIRECT|LINEAGE_OWNERSHIP_EVIDENCE|SOURCE_SEMANTICS_CONFIRMATION|TARGET_COLLISION_EVIDENCE|TOTAL_DEBT,0,YES,S
Research official issuer sources for FY2024 Q3. Verify Total Debt. Do not research other fields.,0,0,1,P3_LATEST8Q,1,P3_LATEST8Q,TOTAL_DEBT,0,NO,SABS
"Research official issuer sources for FY2024 Q2. Verify Capex required to derive FCF, FCF, source semantics confirmation, Total Debt. Do not research other fields.; Research official issuer sources for FY2024 Q3. Verify Capex required to derive FCF, FCF, source semantics confirmation, Total Debt. Do not research other fields.",0,2,8,P3_LATEST8Q,10,P3_LATEST8Q,CAPEX_FOR_FCF|FCF_DIRECT|SOURCE_SEMANTICS_CONFIRMATION|TOTAL_DEBT,0,NO,SAFE
"Research official issuer sources for FY2024 Q4. Verify EBIT, lineage/source ownership evidence, source semantics confirmation, target collision evidence. Do not research other fields.",0,0,4,P3_LATEST8Q,4,P3_LATEST8Q,EBIT_DIRECT|LINEAGE_OWNERSHIP_EVIDENCE|SOURCE_SEMANTICS_CONFIRMATION|TARGET_COLLISION_EVIDENCE,0,YES,SAIC
"Research official issuer sources for FY2024 Q2. Verify Total Debt. Do not research other fields.; Research official issuer sources for FY2024 Q3. Verify missing quarter existence/source evidence, Total Debt. Do not research other fields.",0,0,3,P3_LATEST8Q,3,P3_LATEST8Q,MISSING_QUARTER_EXISTENCE|TOTAL_DEBT,0,YES,SAM
"Research official issuer sources for FY2024 Q2. Verify Revenue, Total Debt. Do not research other fields.; Research official issuer sources for FY2024 Q3. Verify Revenue, Total Debt. Do not research other fields.",0,0,4,P3_LATEST8Q,4,P3_LATEST8Q,REVENUE|TOTAL_DEBT,0,NO,SANA
"Research official issuer sources for FY2024 Q2. Verify Cash, Total Debt. Do not research other fields.; Research official issuer sources for FY2024 Q3. Verify Cash, Total Debt. Do not research other fields.",0,1,4,P3_LATEST8Q,5,P3_LATEST8Q,CASH|TOTAL_DEBT,0,NO,SATL
"Research official issuer sources for FY2024 Q1. Verify Cash, Total Debt. Do not research other fields.; Research official issuer sources for FY2024 Q2. Verify Total Debt. Do not research other fields.; Research official issuer sources for FY2024 Q3. Verify Cash, missing quarter existence/source evidence, Total Debt. Do not research other fields.",0,0,6,P3_LATEST8Q,6,P3_LATEST8Q,CASH|MISSING_QUARTER_EXISTENCE|TOTAL_DEBT,0,YES,SBFM
"Research official issuer sources for FY2024 Q2. Verify EBIT, source semantics confirmation. Do not research other fields.; Research official issuer sources for FY2024 Q3. Verify EBIT, source semantics confirmation. Do not research other fields.",0,1,4,P3_LATEST8Q,5,P3_LATEST8Q,EBIT_DIRECT|SOURCE_SEMANTICS_CONFIRMATION,0,NO,SBRA
"Research official issuer sources for FY2025 Q1. Verify EBIT, Total Debt. Do not research other fields.",0,1,2,P3_LATEST8Q,3,P3_LATEST8Q,EBIT_DIRECT|TOTAL_DEBT,0,NO,SCI
"Research official issuer sources for FY2024 Q4. Verify EBIT, source semantics confirmation, Total Debt. Do not research other fields.",0,0,3,P3_LATEST8Q,3,P3_LATEST8Q,EBIT_DIRECT|SOURCE_SEMANTICS_CONFIRMATION|TOTAL_DEBT,0,NO,SCLX
"Research official issuer sources for FY2025 Q1. Verify Cash, first-public result publication date, Total Debt. Do not research other fields.; Research official issuer sources for FY2025 Q2. Verify Cash, first-public result publication date. Do not research other fields.; Research official issuer sources for FY2025 Q4. Verify Capex required to derive FCF, EBIT, FCF, OCF required to derive FCF, Revenue, source semantics confirmation. Do not research other fields.; Research official issuer sources for FY2020 Q4. Verify Capex required to derive FCF, Cash, EBIT, FCF, OCF required to derive FCF, Revenue, Shares Outstanding, source semantics confirmation, Total Debt. Do not research other fields.; Research official issuer sources for FY2023 Q1. Verify first-public result publication date, lineage/source ownership evidence, Revenue, Total Debt. Do not research other fields.",0,2,24,P2_LATEST4Q,26,P2_LATEST4Q,CAPEX_FOR_FCF|CASH|EBIT_DIRECT|FCF_DIRECT|FIRST_PUBLIC_PUBLISH_DATE|LINEAGE_OWNERSHIP_EVIDENCE|OCF_FOR_FCF|REVENUE|SHARES_OUTSTANDING|SOURCE_SEMANTICS_CONFIRMATION|TOTAL_DEBT,0,NO,SCNI
Research official issuer sources for FY2026 Q1. Verify first-public result publication date. Do not research other fields.; Research official issuer sources for FY2026 Q2. Verify first-public result publication date. Do not research other fields.,0,0,2,P2_LATEST4Q,2,P2_LATEST4Q,FIRST_PUBLIC_PUBLISH_DATE,0,NO,SCSC
Research official issuer sources for FY2025 Q3. Verify Total Debt. Do not research other fields.; Research official issuer sources for FY2025 Q4. Verify Total Debt. Do not research other fields.; Research official issuer sources for FY2026 Q1. Verify Total Debt. Do not research other fields.; Research official issuer sources for FY2024 Q2. Verify Total Debt. Do not research other fields.; Research official issuer sources for FY2024 Q3. Verify Total Debt. Do not research other fields.; Research official issuer sources for FY2025 Q1. Verify Total Debt. Do not research other fields.; Research official issuer sources for FY2025 Q2. Verify Total Debt. Do not research other fields.,0,2,7,P2_LATEST4Q,9,P2_LATEST4Q,TOTAL_DEBT,0,NO,SD
Research official issuer sources for FY2024 Q2. Verify Total Debt. Do not research other fields.; Research official issuer sources for FY2024 Q3. Verify Total Debt. Do not research other fields.,0,1,2,P3_LATEST8Q,3,P3_LATEST8Q,TOTAL_DEBT,0,NO,SDGR
"Research official issuer sources for FY2024 Q1. Verify Capex required to derive FCF, Cash, FCF, source semantics confirmation, Total Debt. Do not research other fields.; Research official issuer sources for FY2024 Q2. Verify Cash, Total Debt. Do not research other fields.; Research official issuer sources for FY2024 Q3. Verify Cash, Total Debt. Do not research other fields.",0,1,9,P3_LATEST8Q,10,P3_LATEST8Q,CAPEX_FOR_FCF|CASH|FCF_DIRECT|SOURCE_SEMANTICS_CONFIRMATION|TOTAL_DEBT,0,NO,SDRL
"Research official issuer sources for FY2025 Q2. Verify Total Debt. Do not research other fields.; Research official issuer sources for FY2023 Q2. Verify Capex required to derive FCF, Cash, FCF, first-public result publication date, Revenue, Shares Outstanding, source semantics confirmation, Total Debt. Do not research other fields.; Research official issuer sources for FY2024 Q3. Verify Capex required to derive FCF, Cash, FCF, first-public result publication date, lineage/source ownership evidence, Revenue, Total Debt. Do not research other fields.",0,0,16,P2_LATEST4Q,17,P2_LATEST4Q,CAPEX_FOR_FCF|CASH|FCF_DIRECT|FIRST_PUBLIC_PUBLISH_DATE|LINEAGE_OWNERSHIP_EVIDENCE|REVENUE|SHARES_OUTSTANDING|SOURCE_SEMANTICS_CONFIRMATION|TOTAL_DEBT,1,NO,SDST
"Research official issuer sources for FY2024 Q2. Verify EBIT, source semantics confirmation. Do not research other fields.; Research official issuer sources for FY2024 Q3. Verify EBIT, source semantics confirmation. Do not research other fields.",0,1,4,P3_LATEST8Q,5,P3_LATEST8Q,EBIT_DIRECT|SOURCE_SEMANTICS_CONFIRMATION,0,NO,SEAT
Research official issuer sources for FY2026 Q1. Verify first-public result publication date. Do not research other fields.,0,0,1,P2_LATEST4Q,1,P2_LATEST4Q,FIRST_PUBLIC_PUBLISH_DATE,0,NO,SEB
Research official issuer sources for FY2024 Q1. Verify Total Debt. Do not research other fields.; Research official issuer sources for FY2024 Q2. Verify Total Debt. Do not research other fields.; Research official issuer sources for FY2024 Q3. Verify Total Debt. Do not research other fields.,0,1,3,P3_LATEST8Q,4,P3_LATEST8Q,TOTAL_DEBT,0,NO,SEER
"Research official issuer sources for FY2025 Q1. Verify first-public result publication date. Do not research other fields.; Research official issuer sources for FY2023 Q2. Verify Capex required to derive FCF, FCF, first-public result publication date, source semantics confirmation, Total Debt. Do not research other fields.; Research official issuer sources for FY2024 Q2. Verify Capex required to derive FCF, FCF, first-public result publication date, lineage/source ownership evidence, OCF required to derive FCF, Revenue, Shares Outstanding, Total Debt. Do not research other fields.",0,2,14,P2_LATEST4Q,17,P2_LATEST4Q,CAPEX_FOR_FCF|FCF_DIRECT|FIRST_PUBLIC_PUBLISH_DATE|LINEAGE_OWNERSHIP_EVIDENCE|OCF_FOR_FCF|REVENUE|SHARES_OUTSTANDING|SOURCE_SEMANTICS_CONFIRMATION|TOTAL_DEBT,1,NO,SEGG
"Research official issuer sources for FY2024 Q2. Verify Shares Outstanding, Total Debt. Do not research other fields.; Research official issuer sources for FY2024 Q3. Verify Shares Outstanding. Do not research other fields.",0,2,3,P3_LATEST8Q,5,P3_LATEST8Q,SHARES_OUTSTANDING|TOTAL_DEBT,0,NO,SEI
Research official issuer sources for FY2023 Q4. Verify Total Debt. Do not research other fields.; Research official issuer sources for FY2024 Q3. Verify Total Debt. Do not research other fields.,0,3,2,P3_LATEST8Q,5,P3_LATEST8Q,TOTAL_DEBT,0,NO,SERV
"Research official issuer sources for FY2024 Q2. Verify Revenue, Total Debt. Do not research other fields.; Research official issuer sources for FY2024 Q3. Verify Revenue, Total Debt. Do not research other fields.; Research official issuer sources for FY2024 Q4. Verify Total Debt. Do not research other fields.",0,0,5,P3_LATEST8Q,5,P3_LATEST8Q,REVENUE|TOTAL_DEBT,0,NO,SES
Research official issuer sources for FY2024 Q4. Verify Total Debt. Do not research other fields.; Research official issuer sources for FY2025 Q1. Verify Total Debt. Do not research other fields.,0,0,2,P3_LATEST8Q,2,P3_LATEST8Q,TOTAL_DEBT,0,NO,SFIX
"Research official issuer sources for FY2024 Q2. Verify Total Debt. Do not research other fields.; Research official issuer sources for FY2024 Q3. Verify missing quarter existence/source evidence, Total Debt. Do not research other fields.",0,0,3,P3_LATEST8Q,3,P3_LATEST8Q,MISSING_QUARTER_EXISTENCE|TOTAL_DEBT,0,YES,SG
"Research official issuer sources for FY2024 Q4. Verify EBIT, source semantics confirmation. Do not research other fields.",0,0,2,P3_LATEST8Q,2,P3_LATEST8Q,EBIT_DIRECT|SOURCE_SEMANTICS_CONFIRMATION,0,NO,SGHT
"Research official issuer sources for FY2024 Q2. Verify Cash, Total Debt. Do not research other fields.; Research official issuer sources for FY2024 Q3. Verify Cash, Total Debt. Do not research other fields.",0,2,4,P3_LATEST8Q,6,P3_LATEST8Q,CASH|TOTAL_DEBT,0,NO,SGI
"Research official issuer sources for FY2025 Q4. Verify Capex required to derive FCF, Cash, FCF, source semantics confirmation, Total Debt. Do not research other fields.; Research official issuer sources for FY2024 Q1. Verify Capex required to derive FCF, FCF, first-public result publication date, source semantics confirmation, Total Debt. Do not research other fields.; Research official issuer sources for FY2024 Q2. Verify first-public result publication date, Total Debt. Do not research other fields.; Research official issuer sources for FY2025 Q3. Verify first-public result publication date. Do not research other fields.",0,2,13,P2_LATEST4Q,15,P2_LATEST4Q,CAPEX_FOR_FCF|CASH|FCF_DIRECT|FIRST_PUBLIC_PUBLISH_DATE|SOURCE_SEMANTICS_CONFIRMATION|TOTAL_DEBT,0,NO,SGLY
"Research official issuer sources for FY2024 Q1. Verify Capex required to derive FCF, FCF, Revenue, source semantics confirmation, Total Debt. Do not research other fields.; Research official issuer sources for FY2024 Q2. Verify Capex required to derive FCF, FCF, Revenue, source semantics confirmation, Total Debt. Do not research other fields.; Research official issuer sources for FY2024 Q3. Verify Capex required to derive FCF, FCF, Revenue, source semantics confirmation, Total Debt. Do not research other fields.",0,2,15,P3_LATEST8Q,17,P3_LATEST8Q,CAPEX_FOR_FCF|FCF_DIRECT|REVENUE|SOURCE_SEMANTICS_CONFIRMATION|TOTAL_DEBT,0,NO,SGMT
"Research official issuer sources for FY2024 Q4. Verify EBIT, source semantics confirmation. Do not research other fields.",0,0,2,P3_LATEST8Q,2,P3_LATEST8Q,EBIT_DIRECT|SOURCE_SEMANTICS_CONFIRMATION,0,NO,SHC
"Research official issuer sources for FY2024 Q2. Verify EBIT, source semantics confirmation. Do not research other fields.; Research official issuer sources for FY2024 Q3. Verify EBIT, source semantics confirmation. Do not research other fields.",0,1,4,P3_LATEST8Q,5,P3_LATEST8Q,EBIT_DIRECT|SOURCE_SEMANTICS_CONFIRMATION,0,NO,SHO
"Research official issuer sources for FY2021 Q4. Verify Capex required to derive FCF, Cash, EBIT, FCF, first-public result publication date, OCF required to derive FCF, Revenue, Shares Outstanding, source semantics confirmation, Total Debt. Do not research other fields.; Research official issuer sources for FY2024 Q1. Verify Cash, first-public result publication date, Total Debt. Do not research other fields.",0,2,13,P3_LATEST8Q,15,P3_LATEST8Q,CAPEX_FOR_FCF|CASH|EBIT_DIRECT|FCF_DIRECT|FIRST_PUBLIC_PUBLISH_DATE|OCF_FOR_FCF|REVENUE|SHARES_OUTSTANDING|SOURCE_SEMANTICS_CONFIRMATION|TOTAL_DEBT,0,NO,SHOP
"Research official issuer sources for FY2024 Q2. Verify Capex required to derive FCF, FCF, source semantics confirmation. Do not research other fields.; Research official issuer sources for FY2024 Q3. Verify Capex required to derive FCF, FCF, source semantics confirmation, Total Debt. Do not research other fields.; Research official issuer sources for FY2024 Q4. Verify EBIT, source semantics confirmation, Total Debt. Do not research other fields.",0,0,10,P3_LATEST8Q,10,P3_LATEST8Q,CAPEX_FOR_FCF|EBIT_DIRECT|FCF_DIRECT|SOURCE_SEMANTICS_CONFIRMATION|TOTAL_DEBT,0,NO,SHPH
"Research official issuer sources for FY2025 Q2. Verify first-public result publication date. Do not research other fields.; Research official issuer sources for FY2024 Q2. Verify Cash, first-public result publication date, Total Debt. Do not research other fields.; Research official issuer sources for FY2024 Q3. Verify Cash, first-public result publication date, Total Debt. Do not research other fields.",0,0,7,P2_LATEST4Q,7,P2_LATEST4Q,CASH|FIRST_PUBLIC_PUBLISH_DATE|TOTAL_DEBT,0,NO,SIDU
"Research official issuer sources for FY2024 Q3. Verify Total Debt. Do not research other fields.; Research official issuer sources for FY2024 Q4. Verify EBIT, source semantics confirmation. Do not research other fields.",0,0,3,P3_LATEST8Q,3,P3_LATEST8Q,EBIT_DIRECT|SOURCE_SEMANTICS_CONFIRMATION|TOTAL_DEBT,0,NO,SIGA
"Research official issuer sources for FY2024 Q4. Verify EBIT, source semantics confirmation. Do not research other fields.",0,0,2,P3_LATEST8Q,2,P3_LATEST8Q,EBIT_DIRECT|SOURCE_SEMANTICS_CONFIRMATION,0,NO,SINT
"Research official issuer sources for FY2025 Q4. Verify Total Debt. Do not research other fields.; Research official issuer sources for FY2026 Q1. Verify Total Debt. Do not research other fields.; Research official issuer sources for FY2024 Q3. Verify EBIT, source semantics confirmation. Do not research other fields.",0,0,4,P2_LATEST4Q,4,P2_LATEST4Q,EBIT_DIRECT|SOURCE_SEMANTICS_CONFIRMATION|TOTAL_DEBT,0,NO,SITC
Research official issuer sources for FY2024 Q3. Verify Total Debt. Do not research other fields.,0,0,1,P3_LATEST8Q,1,P3_LATEST8Q,TOTAL_DEBT,0,NO,SITM
"Research official issuer sources for FY2025 Q1. Verify Cash, Revenue, Shares Outstanding. Do not research other fields.; Research official issuer sources for FY2025 Q2. Verify Cash, Revenue, Shares Outstanding. Do not research other fields.",0,0,6,P3_LATEST8Q,6,P3_LATEST8Q,CASH|REVENUE|SHARES_OUTSTANDING,0,NO,SJM
"Research official issuer sources for FY2024 Q3. Verify EBIT, source semantics confirmation. Do not research other fields.",0,0,2,P3_LATEST8Q,2,P3_LATEST8Q,EBIT_DIRECT|SOURCE_SEMANTICS_CONFIRMATION,0,NO,SKT
"Research official issuer sources for FY2025 Q4. Verify EBIT, fiscal transition evidence, official period_end, source semantics confirmation. Do not research other fields.; Research official issuer sources for FY2026 Q1. Verify fiscal transition evidence, official period_end, source semantics confirmation, target collision evidence. Do not research other fields.",0,0,8,P3_LATEST8Q,8,P3_LATEST8Q,EBIT_DIRECT|FISCAL_TRANSITION_EVIDENCE|OFFICIAL_PERIOD_END|SOURCE_SEMANTICS_CONFIRMATION|TARGET_COLLISION_EVIDENCE,0,YES,SKY
"Research official issuer sources for FY2024 Q2. Verify Revenue. Do not research other fields.; Research official issuer sources for FY2024 Q3. Verify Revenue, Total Debt. Do not research other fields.; Research official issuer sources for FY2024 Q4. Verify EBIT, source semantics confirmation. Do not research other fields.",0,0,5,P3_LATEST8Q,5,P3_LATEST8Q,EBIT_DIRECT|REVENUE|SOURCE_SEMANTICS_CONFIRMATION|TOTAL_DEBT,0,YES,SKYE
"Research official issuer sources for FY2024 Q1. Verify Cash, Total Debt. Do not research other fields.; Research official issuer sources for FY2024 Q2. Verify Cash, Total Debt. Do not research other fields.; Research official issuer sources for FY2024 Q3. Verify Cash, Total Debt. Do not research other fields.",0,1,6,P3_LATEST8Q,7,P3_LATEST8Q,CASH|TOTAL_DEBT,0,NO,SKYH
,0,1,0,NO_EXTERNAL_RESEARCH_NEEDED,1,P3_LATEST8Q,,0,NO,SKYW
"Research official issuer sources for FY2025 Q2. Verify target collision evidence, Total Debt. Do not research other fields.; Research official issuer sources for FY2025 Q3. Verify missing quarter existence/source evidence, target collision evidence, Total Debt. Do not research other fields.; Research official issuer sources for FY2024 Q2. Verify Total Debt. Do not research other fields.; Research official issuer sources for FY2024 Q3. Verify Total Debt. Do not research other fields.; Research official issuer sources for FY2024 Q4. Verify lineage/source ownership evidence, official period_end, target collision evidence. Do not research other fields.; Research official issuer sources for FY2025 Q1. Verify target collision evidence, Total Debt. Do not research other fields.",0,0,12,P2_LATEST4Q,12,P2_LATEST4Q,LINEAGE_OWNERSHIP_EVIDENCE|MISSING_QUARTER_EXISTENCE|OFFICIAL_PERIOD_END|TARGET_COLLISION_EVIDENCE|TOTAL_DEBT,0,YES,SLAB
"Research official issuer sources for FY2024 Q2. Verify EBIT, source semantics confirmation. Do not research other fields.; Research official issuer sources for FY2024 Q3. Verify EBIT, source semantics confirmation. Do not research other fields.",0,1,4,P3_LATEST8Q,5,P3_LATEST8Q,EBIT_DIRECT|SOURCE_SEMANTICS_CONFIRMATION,0,NO,SLB
"Research official issuer sources for FY2024 Q2. Verify Revenue, Total Debt. Do not research other fields.; Research official issuer sources for FY2024 Q3. Verify Revenue, Total Debt. Do not research other fields.",0,2,4,P3_LATEST8Q,6,P3_LATEST8Q,REVENUE|TOTAL_DEBT,0,NO,SLDB
Research official issuer sources for FY2024 Q2. Verify Total Debt. Do not research other fields.; Research official issuer sources for FY2024 Q3. Verify Total Debt. Do not research other fields.,0,1,2,P3_LATEST8Q,3,P3_LATEST8Q,TOTAL_DEBT,0,NO,SLDP
"Research official issuer sources for FY2025 Q4. Verify first-public result publication date, Total Debt. Do not research other fields.; Research official issuer sources for FY2024 Q1. Verify Revenue, Shares Outstanding, Total Debt. Do not research other fields.; Research official issuer sources for FY2024 Q2. Verify Revenue, Total Debt. Do not research other fields.",0,2,7,P2_LATEST4Q,9,P2_LATEST4Q,FIRST_PUBLIC_PUBLISH_DATE|REVENUE|SHARES_OUTSTANDING|TOTAL_DEBT,0,NO,SLE
"Research official issuer sources for FY2024 Q2. Verify EBIT, source semantics confirmation. Do not research other fields.; Research official issuer sources for FY2024 Q3. Verify EBIT, source semantics confirmation. Do not research other fields.",0,1,4,P3_LATEST8Q,5,P3_LATEST8Q,EBIT_DIRECT|SOURCE_SEMANTICS_CONFIRMATION,0,NO,SLGN
"Research official issuer sources for FY2024 Q2. Verify Cash, Total Debt. Do not research other fields.; Research official issuer sources for FY2024 Q3. Verify Cash. Do not research other fields.; Research official issuer sources for FY2024 Q4. Verify Cash, EBIT, source semantics confirmation. Do not research other fields.",0,0,6,P3_LATEST8Q,6,P3_LATEST8Q,CASH|EBIT_DIRECT|SOURCE_SEMANTICS_CONFIRMATION|TOTAL_DEBT,0,NO,SLN
Research official issuer sources for FY2024 Q3. Verify Total Debt. Do not research other fields.; Research official issuer sources for FY2025 Q1. Verify Total Debt. Do not research other fields.,0,2,2,P3_LATEST8Q,4,P3_LATEST8Q,TOTAL_DEBT,0,NO,SLP
"Research official issuer sources for FY2024 Q1. Verify Capex required to derive FCF, FCF, Revenue, source semantics confirmation, Total Debt. Do not research other fields.; Research official issuer sources for FY2024 Q2. Verify Capex required to derive FCF, FCF, Revenue, source semantics confirmation, Total Debt. Do not research other fields.; Research official issuer sources for FY2024 Q3. Verify Capex required to derive FCF, FCF, Revenue, source semantics confirmation, Total Debt. Do not research other fields.",0,2,15,P3_LATEST8Q,17,P3_LATEST8Q,CAPEX_FOR_FCF|FCF_DIRECT|REVENUE|SOURCE_SEMANTICS_CONFIRMATION|TOTAL_DEBT,0,NO,SLS
"Research official issuer sources for FY2025 Q2. Verify first-public result publication date. Do not research other fields.; Research official issuer sources for FY2022 Q4. Verify Capex required to derive FCF, Cash, EBIT, FCF, first-public result publication date, OCF required to derive FCF, official fiscal year / fiscal quarter identity, Revenue, Shares Outstanding, source semantics confirmation, Total Debt. Do not research other fields.; Research official issuer sources for FY2024 Q2. Verify Capex required to derive FCF, Cash, EBIT, FCF, first-public result publication date, lineage/source ownership evidence, OCF required to derive FCF, Revenue, Shares Outstanding, source semantics confirmation, Total Debt. Do not research other fields.; Research official issuer sources for FY2024 Q3. Verify Cash, first-public result publication date, lineage/source ownership evidence, Revenue, Total Debt. Do not research other fields.; Research official issuer sources for FY2025 Q1. Verify first-public result publication date. Do not research other fields.",0,0,29,P2_LATEST4Q,29,P2_LATEST4Q,CAPEX_FOR_FCF|CASH|EBIT_DIRECT|FCF_DIRECT|FIRST_PUBLIC_PUBLISH_DATE|LINEAGE_OWNERSHIP_EVIDENCE|OCF_FOR_FCF|OFFICIAL_FY_FQ_IDENTITY|REVENUE|SHARES_OUTSTANDING|SOURCE_SEMANTICS_CONFIRMATION|TOTAL_DEBT,0,YES,SLXN
"Research official issuer sources for FY2024 Q4. Verify EBIT, source semantics confirmation. Do not research other fields.; Research official issuer sources for FY2025 Q1. Verify EBIT, FCF, OCF required to derive FCF, Revenue, source semantics confirmation. Do not research other fields.",0,0,7,P3_LATEST8Q,7,P3_LATEST8Q,EBIT_DIRECT|FCF_DIRECT|OCF_FOR_FCF|REVENUE|SOURCE_SEMANTICS_CONFIRMATION,0,NO,SM
Research official issuer sources for FY2024 Q4. Verify Total Debt. Do not research other fields.; Research official issuer sources for FY2025 Q1. Verify Cash. Do not research other fields.,0,0,2,P3_LATEST8Q,2,P3_LATEST8Q,CASH|TOTAL_DEBT,0,NO,SMMT
"Research official issuer sources for FY2025 Q3. Verify Total Debt. Do not research other fields.; Research official issuer sources for FY2025 Q4. Verify Total Debt. Do not research other fields.; Research official issuer sources for FY2024 Q2. Verify Total Debt. Do not research other fields.; Research official issuer sources for FY2024 Q3. Verify Total Debt. Do not research other fields.; Research official issuer sources for FY2025 Q1. Verify Cash, Total Debt. Do not research other fields.; Research official issuer sources for FY2025 Q2. Verify Total Debt. Do not research other fields.",0,2,7,P2_LATEST4Q,9,P2_LATEST4Q,CASH|TOTAL_DEBT,0,NO,SMR
Research official issuer sources for FY2024 Q2. Verify Total Debt. Do not research other fields.; Research official issuer sources for FY2024 Q3. Verify Total Debt. Do not research other fields.,0,1,2,P3_LATEST8Q,3,P3_LATEST8Q,TOTAL_DEBT,0,NO,SMRT
"Research official issuer sources for FY2024 Q4. Verify EBIT, lineage/source ownership evidence, source semantics confirmation, target collision evidence. Do not research other fields.; Research official issuer sources for FY2025 Q1. Verify lineage/source ownership evidence, official period_end. Do not research other fields.",0,0,6,P3_LATEST8Q,6,P3_LATEST8Q,EBIT_DIRECT|LINEAGE_OWNERSHIP_EVIDENCE|OFFICIAL_PERIOD_END|SOURCE_SEMANTICS_CONFIRMATION|TARGET_COLLISION_EVIDENCE,0,YES,SMTC
"Research official issuer sources for FY2024 Q2. Verify first-public result publication date, lineage/source ownership evidence, Shares Outstanding, Total Debt. Do not research other fields.; Research official issuer sources for FY2024 Q3. Verify first-public result publication date, lineage/source ownership evidence, Total Debt. Do not research other fields.",0,0,7,P3_LATEST8Q,7,P3_LATEST8Q,FIRST_PUBLIC_PUBLISH_DATE|LINEAGE_OWNERSHIP_EVIDENCE|SHARES_OUTSTANDING|TOTAL_DEBT,0,NO,SMXT
Research official issuer sources for FY2025 Q3. Verify first-public result publication date. Do not research other fields.,0,0,1,P2_LATEST4Q,1,P2_LATEST4Q,FIRST_PUBLIC_PUBLISH_DATE,0,NO,SN
"Research official issuer sources for FY2024 Q2. Verify Capex required to derive FCF, FCF, source semantics confirmation. Do not research other fields.; Research official issuer sources for FY2024 Q3. Verify Capex required to derive FCF, FCF, source semantics confirmation. Do not research other fields.",0,2,6,P3_LATEST8Q,8,P3_LATEST8Q,CAPEX_FOR_FCF|FCF_DIRECT|SOURCE_SEMANTICS_CONFIRMATION,0,NO,SNDX
"Research official issuer sources for FY2025 Q4. Verify first-public result publication date. Do not research other fields.; Research official issuer sources for FY2024 Q2. Verify Capex required to derive FCF, Cash, FCF, source semantics confirmation, Total Debt. Do not research other fields.; Research official issuer sources for FY2024 Q3. Verify Cash. Do not research other fields.",0,0,7,P2_LATEST4Q,7,P2_LATEST4Q,CAPEX_FOR_FCF|CASH|FCF_DIRECT|FIRST_PUBLIC_PUBLISH_DATE|SOURCE_SEMANTICS_CONFIRMATION|TOTAL_DEBT,0,NO,SNGX
"Research official issuer sources for FY2025 Q2. Verify Total Debt. Do not research other fields.; Research official issuer sources for FY2025 Q4. Verify EBIT, source semantics confirmation. Do not research other fields.",0,0,3,P3_LATEST8Q,3,P3_LATEST8Q,EBIT_DIRECT|SOURCE_SEMANTICS_CONFIRMATION|TOTAL_DEBT,0,YES,SNOW
"Research official issuer sources for FY2024 Q2. Verify first-public result publication date, Total Debt. Do not research other fields.; Research official issuer sources for FY2024 Q3. Verify first-public result publication date, Total Debt. Do not research other fields.",0,0,4,P3_LATEST8Q,4,P3_LATEST8Q,FIRST_PUBLIC_PUBLISH_DATE|TOTAL_DEBT,0,NO,SNTI
"Research official issuer sources for FY2025 Q2. Verify first-public result publication date. Do not research other fields.; Research official issuer sources for FY2025 Q3. Verify first-public result publication date. Do not research other fields.; Research official issuer sources for FY2025 Q4. Verify first-public result publication date. Do not research other fields.; Research official issuer sources for FY2024 Q2. Verify Capex required to derive FCF, FCF, source semantics confirmation. Do not research other fields.; Research official issuer sources for FY2024 Q3. Verify Cash, first-public result publication date. Do not research other fields.; Research official issuer sources for FY2025 Q1. Verify first-public result publication date. Do not research other fields.",0,0,9,P2_LATEST4Q,9,P2_LATEST4Q,CAPEX_FOR_FCF|CASH|FCF_DIRECT|FIRST_PUBLIC_PUBLISH_DATE|SOURCE_SEMANTICS_CONFIRMATION,0,NO,SOBR
"Research official issuer sources for FY2023 Q3. Verify first-public result publication date, Shares Outstanding, Total Debt. Do not research other fields.; Research official issuer sources for FY2023 Q4. Verify first-public result publication date, Shares Outstanding, Total Debt. Do not research other fields.; Research official issuer sources for FY2024 Q1. Verify first-public result publication date, Total Debt. Do not research other fields.",0,1,8,P3_LATEST8Q,9,P3_LATEST8Q,FIRST_PUBLIC_PUBLISH_DATE|SHARES_OUTSTANDING|TOTAL_DEBT,0,NO,SOC
"Research official issuer sources for FY2024 Q3. Verify missing quarter existence/source evidence, Total Debt. Do not research other fields.",0,0,2,P3_LATEST8Q,2,P3_LATEST8Q,MISSING_QUARTER_EXISTENCE|TOTAL_DEBT,0,YES,SONO
,0,1,0,NO_EXTERNAL_RESEARCH_NEEDED,1,P3_LATEST8Q,,0,NO,SPCE
"Research official issuer sources for FY2024 Q2. Verify Capex required to derive FCF, FCF, fiscal transition evidence, official period_end, source semantics confirmation. Do not research other fields.; Research official issuer sources for FY2024 Q3. Verify Capex required to derive FCF, Cash, FCF, fiscal transition evidence, official period_end, source semantics confirmation. Do not research other fields.",0,0,11,P3_LATEST8Q,11,P3_LATEST8Q,CAPEX_FOR_FCF|CASH|FCF_DIRECT|FISCAL_TRANSITION_EVIDENCE|OFFICIAL_PERIOD_END|SOURCE_SEMANTICS_CONFIRMATION,0,YES,SPHR
Research official issuer sources for FY2024 Q2. Verify first-public result publication date. Do not research other fields.; Research official issuer sources for FY2024 Q3. Verify first-public result publication date. Do not research other fields.,0,0,2,P3_LATEST8Q,2,P3_LATEST8Q,FIRST_PUBLIC_PUBLISH_DATE,0,NO,SPIR
Research official issuer sources for FY2024 Q3. Verify Total Debt. Do not research other fields.; Research official issuer sources for FY2024 Q4. Verify Total Debt. Do not research other fields.,0,0,2,P3_LATEST8Q,2,P3_LATEST8Q,TOTAL_DEBT,0,NO,SPOK
"Research official issuer sources for FY2024 Q1. Verify Capex required to derive FCF, FCF, source semantics confirmation, Total Debt. Do not research other fields.; Research official issuer sources for FY2024 Q2. Verify Capex required to derive FCF, FCF, source semantics confirmation, Total Debt. Do not research other fields.; Research official issuer sources for FY2024 Q3. Verify Capex required to derive FCF, FCF, source semantics confirmation, Total Debt. Do not research other fields.",0,2,12,P3_LATEST8Q,14,P3_LATEST8Q,CAPEX_FOR_FCF|FCF_DIRECT|SOURCE_SEMANTICS_CONFIRMATION|TOTAL_DEBT,0,NO,SPRO
Research official issuer sources for FY2025 Q4. Verify first-public result publication date. Do not research other fields.,0,0,1,P2_LATEST4Q,1,P2_LATEST4Q,FIRST_PUBLIC_PUBLISH_DATE,0,NO,SPRU
Research official issuer sources for FY2024 Q2. Verify Total Debt. Do not research other fields.,0,0,1,P3_LATEST8Q,1,P3_LATEST8Q,TOTAL_DEBT,0,NO,SPRY
Research official issuer sources for FY2024 Q2. Verify Total Debt. Do not research other fields.; Research official issuer sources for FY2024 Q3. Verify Total Debt. Do not research other fields.,0,1,2,P3_LATEST8Q,3,P3_LATEST8Q,TOTAL_DEBT,0,NO,SPSC
"Research official issuer sources for FY2023 Q2. Verify Shares Outstanding. Do not research other fields.; Research official issuer sources for FY2023 Q3. Verify lineage/source ownership evidence, official period_end. Do not research other fields.; Research official issuer sources for FY2024 Q4. Verify EBIT, lineage/source ownership evidence, official period_end, source semantics confirmation, target collision evidence. Do not research other fields.; Research official issuer sources for FY2025 Q1. Verify lineage/source ownership evidence, official period_end, target collision evidence. Do not research other fields.",0,0,11,P3_LATEST8Q,11,P3_LATEST8Q,EBIT_DIRECT|LINEAGE_OWNERSHIP_EVIDENCE|OFFICIAL_PERIOD_END|SHARES_OUTSTANDING|SOURCE_SEMANTICS_CONFIRMATION|TARGET_COLLISION_EVIDENCE,0,YES,SPWR
"Research official issuer sources for FY2023 Q2. Verify Capex required to derive FCF, EBIT, FCF, first-public result publication date, source semantics confirmation, Total Debt. Do not research other fields.; Research official issuer sources for FY2023 Q3. Verify Capex required to derive FCF, EBIT, FCF, first-public result publication date, source semantics confirmation, Total Debt. Do not research other fields.; Research official issuer sources for FY2023 Q4. Verify Capex required to derive FCF, FCF, first-public result publication date, source semantics confirmation, Total Debt. Do not research other fields.",0,2,17,P3_LATEST8Q,19,P3_LATEST8Q,CAPEX_FOR_FCF|EBIT_DIRECT|FCF_DIRECT|FIRST_PUBLIC_PUBLISH_DATE|SOURCE_SEMANTICS_CONFIRMATION|TOTAL_DEBT,0,NO,SQFT
,0,1,0,NO_EXTERNAL_RESEARCH_NEEDED,1,P3_LATEST8Q,,0,NO,SR
"Research official issuer sources for FY2024 Q2. Verify EBIT, source semantics confirmation. Do not research other fields.; Research official issuer sources for FY2024 Q3. Verify EBIT, missing quarter existence/source evidence, source semantics confirmation. Do not research other fields.",0,0,5,P3_LATEST8Q,5,P3_LATEST8Q,EBIT_DIRECT|MISSING_QUARTER_EXISTENCE|SOURCE_SEMANTICS_CONFIRMATION,0,YES,SRE
"Research official issuer sources for FY2024 Q1. Verify EBIT, source semantics confirmation. Do not research other fields.; Research official issuer sources for FY2024 Q2. Verify EBIT, source semantics confirmation. Do not research other fields.; Research official issuer sources for FY2024 Q3. Verify EBIT, missing quarter existence/source evidence, source semantics confirmation. Do not research other fields.",0,0,7,P3_LATEST8Q,7,P3_LATEST8Q,EBIT_DIRECT|MISSING_QUARTER_EXISTENCE|SOURCE_SEMANTICS_CONFIRMATION,0,YES,SRG
"Research official issuer sources for FY2025 Q1. Verify Capex required to derive FCF, EBIT, FCF, Revenue, source semantics confirmation, Total Debt. Do not research other fields.",0,1,6,P3_LATEST8Q,7,P3_LATEST8Q,CAPEX_FOR_FCF|EBIT_DIRECT|FCF_DIRECT|REVENUE|SOURCE_SEMANTICS_CONFIRMATION|TOTAL_DEBT,0,NO,SRI
Research official issuer sources for FY2024 Q2. Verify Revenue. Do not research other fields.; Research official issuer sources for FY2024 Q3. Verify Revenue. Do not research other fields.,0,2,2,P3_LATEST8Q,4,P3_LATEST8Q,REVENUE,0,NO,SRRK
Research official issuer sources for FY2024 Q2. Verify Total Debt. Do not research other fields.; Research official issuer sources for FY2024 Q3. Verify Total Debt. Do not research other fields.,0,2,2,P3_LATEST8Q,4,P3_LATEST8Q,TOTAL_DEBT,0,NO,SRTA
Research official issuer sources for FY2024 Q1. Verify Total Debt. Do not research other fields.; Research official issuer sources for FY2024 Q2. Verify Total Debt. Do not research other fields.; Research official issuer sources for FY2024 Q3. Verify Total Debt. Do not research other fields.,0,1,3,P3_LATEST8Q,4,P3_LATEST8Q,TOTAL_DEBT,0,NO,SRTS
"Research official issuer sources for FY2025 Q1. Verify Capex required to derive FCF, Cash, EBIT, FCF, OCF required to derive FCF, source semantics confirmation. Do not research other fields.",0,1,6,P3_LATEST8Q,7,P3_LATEST8Q,CAPEX_FOR_FCF|CASH|EBIT_DIRECT|FCF_DIRECT|OCF_FOR_FCF|SOURCE_SEMANTICS_CONFIRMATION,0,NO,SSRM
"Research official issuer sources for FY2024 Q2. Verify EBIT, source semantics confirmation. Do not research other fields.; Research official issuer sources for FY2024 Q3. Verify EBIT, source semantics confirmation. Do not research other fields.",0,1,4,P3_LATEST8Q,5,P3_LATEST8Q,EBIT_DIRECT|SOURCE_SEMANTICS_CONFIRMATION,0,NO,STAG
"Research official issuer sources for FY2025 Q4. Verify EBIT, source semantics confirmation. Do not research other fields.",0,0,2,P3_LATEST8Q,2,P3_LATEST8Q,EBIT_DIRECT|SOURCE_SEMANTICS_CONFIRMATION,0,YES,STE
Research official issuer sources for FY2024 Q2. Verify Total Debt. Do not research other fields.; Research official issuer sources for FY2024 Q3. Verify Total Debt. Do not research other fields.,0,2,2,P3_LATEST8Q,4,P3_LATEST8Q,TOTAL_DEBT,0,NO,STOK
Research official issuer sources for FY2024 Q2. Verify Total Debt. Do not research other fields.; Research official issuer sources for FY2024 Q3. Verify Total Debt. Do not research other fields.,0,0,2,P3_LATEST8Q,2,P3_LATEST8Q,TOTAL_DEBT,0,NO,STTK
"Research official issuer sources for FY2025 Q3. Verify EBIT, source semantics confirmation. Do not research other fields.; Research official issuer sources for FY2026 Q1. Verify EBIT, source semantics confirmation. Do not research other fields.; Research official issuer sources for FY2024 Q2. Verify EBIT, source semantics confirmation. Do not research other fields.; Research official issuer sources for FY2024 Q3. Verify EBIT, source semantics confirmation. Do not research other fields.; Research official issuer sources for FY2025 Q1. Verify EBIT, source semantics confirmation. Do not research other fields.; Research official issuer sources for FY2025 Q2. Verify EBIT, source semantics confirmation. Do not research other fields.",0,2,12,P2_LATEST4Q,14,P2_LATEST4Q,EBIT_DIRECT|SOURCE_SEMANTICS_CONFIRMATION,0,NO,STWD
"Research official issuer sources for FY2025 Q4. Verify lineage/source ownership evidence, official period_end, target collision evidence. Do not research other fields.",0,0,3,P3_LATEST8Q,3,P3_LATEST8Q,LINEAGE_OWNERSHIP_EVIDENCE|OFFICIAL_PERIOD_END|TARGET_COLLISION_EVIDENCE,0,YES,STX
"Research official issuer sources for FY2025 Q4. Verify EBIT, source semantics confirmation. Do not research other fields.",0,0,2,P3_LATEST8Q,2,P3_LATEST8Q,EBIT_DIRECT|SOURCE_SEMANTICS_CONFIRMATION,0,YES,STZ
"Research official issuer sources for FY2024 Q3. Verify EBIT, source semantics confirmation. Do not research other fields.; Research official issuer sources for FY2024 Q4. Verify EBIT, source semantics confirmation. Do not research other fields.",0,0,4,P3_LATEST8Q,4,P3_LATEST8Q,EBIT_DIRECT|SOURCE_SEMANTICS_CONFIRMATION,0,NO,SUI
Research official issuer sources for FY2024 Q2. Verify Shares Outstanding. Do not research other fields.; Research official issuer sources for FY2024 Q3. Verify Shares Outstanding. Do not research other fields.,0,1,2,P3_LATEST8Q,3,P3_LATEST8Q,SHARES_OUTSTANDING,0,NO,SUN
"Research official issuer sources for FY2024 Q2. Verify Total Debt. Do not research other fields.; Research official issuer sources for FY2024 Q3. Verify first-public result publication date, Total Debt. Do not research other fields.",0,0,3,P3_LATEST8Q,3,P3_LATEST8Q,FIRST_PUBLIC_PUBLISH_DATE|TOTAL_DEBT,0,NO,SUNE
"Research official issuer sources for FY2024 Q3. Verify Total Debt. Do not research other fields.; Research official issuer sources for FY2024 Q4. Verify EBIT, source semantics confirmation. Do not research other fields.; Research official issuer sources for FY2025 Q1. Verify Cash, EBIT, FCF, OCF required to derive FCF, source semantics confirmation. Do not research other fields.",0,0,8,P3_LATEST8Q,8,P3_LATEST8Q,CASH|EBIT_DIRECT|FCF_DIRECT|OCF_FOR_FCF|SOURCE_SEMANTICS_CONFIRMATION|TOTAL_DEBT,0,NO,SUPN
"Research official issuer sources for FY2024 Q4. Verify Capex required to derive FCF, Cash, FCF, lineage/source ownership evidence, source semantics confirmation, target collision evidence, Total Debt. Do not research other fields.; Research official issuer sources for FY2025 Q1. Verify Capex required to derive FCF, FCF, lineage/source ownership evidence, source semantics confirmation, target collision evidence. Do not research other fields.; Research official issuer sources for FY2025 Q2. Verify lineage/source ownership evidence, target collision evidence, Total Debt. Do not research other fields.",0,0,15,P3_LATEST8Q,15,P3_LATEST8Q,CAPEX_FOR_FCF|CASH|FCF_DIRECT|LINEAGE_OWNERSHIP_EVIDENCE|SOURCE_SEMANTICS_CONFIRMATION|TARGET_COLLISION_EVIDENCE|TOTAL_DEBT,0,YES,SURG
"Research official issuer sources for FY2024 Q2. Verify EBIT, source semantics confirmation. Do not research other fields.; Research official issuer sources for FY2024 Q3. Verify EBIT, source semantics confirmation. Do not research other fields.",0,1,4,P3_LATEST8Q,5,P3_LATEST8Q,EBIT_DIRECT|SOURCE_SEMANTICS_CONFIRMATION,0,NO,SVC
Research official issuer sources for FY2024 Q1. Verify Revenue. Do not research other fields.; Research official issuer sources for FY2024 Q2. Verify Revenue. Do not research other fields.; Research official issuer sources for FY2024 Q3. Verify Revenue. Do not research other fields.,0,2,3,P3_LATEST8Q,5,P3_LATEST8Q,REVENUE,0,NO,SVRA
"Research official issuer sources for FY2024 Q2. Verify Capex required to derive FCF, Cash, EBIT, FCF, first-public result publication date, lineage/source ownership evidence, Revenue, Shares Outstanding, source semantics confirmation, Total Debt. Do not research other fields.; Research official issuer sources for FY2024 Q3. Verify first-public result publication date, lineage/source ownership evidence, Total Debt. Do not research other fields.; Research official issuer sources for FY2025 Q1. Verify first-public result publication date, lineage/source ownership evidence, target collision evidence, Total Debt. Do not research other fields.",0,0,17,P3_LATEST8Q,17,P3_LATEST8Q,CAPEX_FOR_FCF|CASH|EBIT_DIRECT|FCF_DIRECT|FIRST_PUBLIC_PUBLISH_DATE|LINEAGE_OWNERSHIP_EVIDENCE|REVENUE|SHARES_OUTSTANDING|SOURCE_SEMANTICS_CONFIRMATION|TARGET_COLLISION_EVIDENCE|TOTAL_DEBT,0,YES,SW
Research official issuer sources for FY2024 Q2. Verify Total Debt. Do not research other fields.; Research official issuer sources for FY2024 Q3. Verify Total Debt. Do not research other fields.,0,2,2,P3_LATEST8Q,4,P3_LATEST8Q,TOTAL_DEBT,0,NO,SWBI
"Research official issuer sources for FY2024 Q4. Verify EBIT, source semantics confirmation. Do not research other fields.; Research official issuer sources for FY2025 Q1. Verify EBIT, FCF, OCF required to derive FCF, source semantics confirmation, Total Debt. Do not research other fields.",0,0,7,P3_LATEST8Q,7,P3_LATEST8Q,EBIT_DIRECT|FCF_DIRECT|OCF_FOR_FCF|SOURCE_SEMANTICS_CONFIRMATION|TOTAL_DEBT,0,NO,SWX
"Research official issuer sources for FY2023 Q4. Verify Capex required to derive FCF, Cash, EBIT, FCF, first-public result publication date, lineage/source ownership evidence, OCF required to derive FCF, official period_end, Revenue, Shares Outstanding, source semantics confirmation. Do not research other fields.; Research official issuer sources for FY2024 Q2. Verify first-public result publication date. Do not research other fields.",0,1,12,P3_LATEST8Q,13,P3_LATEST8Q,CAPEX_FOR_FCF|CASH|EBIT_DIRECT|FCF_DIRECT|FIRST_PUBLIC_PUBLISH_DATE|LINEAGE_OWNERSHIP_EVIDENCE|OCF_FOR_FCF|OFFICIAL_PERIOD_END|REVENUE|SHARES_OUTSTANDING|SOURCE_SEMANTICS_CONFIRMATION,0,NO,SXTP
"Research official issuer sources for FY2025 Q4. Verify missing quarter existence/source evidence, Total Debt. Do not research other fields.; Research official issuer sources for FY2026 Q1. Verify Total Debt. Do not research other fields.; Research official issuer sources for FY2026 Q2. Verify Total Debt. Do not research other fields.; Research official issuer sources for FY2023 Q4. Verify missing quarter existence/source evidence, Total Debt. Do not research other fields.; Research official issuer sources for FY2025 Q1. Verify missing quarter existence/source evidence, target collision evidence, Total Debt. Do not research other fields.; Research official issuer sources for FY2025 Q2. Verify missing quarter existence/source evidence, Total Debt. Do not research other fields.; Research official issuer sources for FY2025 Q3. Verify missing quarter existence/source evidence, target collision evidence, Total Debt. Do not research other fields.",0,0,14,P2_LATEST4Q,14,P2_LATEST4Q,MISSING_QUARTER_EXISTENCE|TARGET_COLLISION_EVIDENCE|TOTAL_DEBT,0,YES,SYM
"Research official issuer sources for FY2025 Q3. Verify Total Debt. Do not research other fields.; Research official issuer sources for FY2025 Q4. Verify Total Debt. Do not research other fields.; Research official issuer sources for FY2026 Q1. Verify Total Debt. Do not research other fields.; Research official issuer sources for FY2024 Q3. Verify Total Debt. Do not research other fields.; Research official issuer sources for FY2024 Q4. Verify Cash, Total Debt. Do not research other fields.; Research official issuer sources for FY2025 Q1. Verify Total Debt. Do not research other fields.; Research official issuer sources for FY2025 Q2. Verify Total Debt. Do not research other fields.",0,0,8,P2_LATEST4Q,8,P2_LATEST4Q,CASH|TOTAL_DEBT,0,NO,SYRE
"Research official issuer sources for FY2025 Q3. Verify Total Debt. Do not research other fields.; Research official issuer sources for FY2025 Q4. Verify Total Debt. Do not research other fields.; Research official issuer sources for FY2026 Q1. Verify Total Debt. Do not research other fields.; Research official issuer sources for FY2024 Q2. Verify Total Debt. Do not research other fields.; Research official issuer sources for FY2024 Q3. Verify Capex required to derive FCF, FCF, source semantics confirmation, Total Debt. Do not research other fields.; Research official issuer sources for FY2025 Q1. Verify Total Debt. Do not research other fields.; Research official issuer sources for FY2025 Q2. Verify Total Debt. Do not research other fields.",0,2,10,P2_LATEST4Q,12,P2_LATEST4Q,CAPEX_FOR_FCF|FCF_DIRECT|SOURCE_SEMANTICS_CONFIRMATION|TOTAL_DEBT,0,NO,TALK
"Research official issuer sources for FY2024 Q2. Verify Capex required to derive FCF, FCF, source semantics confirmation. Do not research other fields.",0,1,3,P3_LATEST8Q,4,P3_LATEST8Q,CAPEX_FOR_FCF|FCF_DIRECT|SOURCE_SEMANTICS_CONFIRMATION,0,NO,TALO
"Research official issuer sources for FY2025 Q2. Verify Total Debt. Do not research other fields.; Research official issuer sources for FY2025 Q3. Verify first-public result publication date, Total Debt. Do not research other fields.; Research official issuer sources for FY2025 Q4. Verify first-public result publication date, Total Debt. Do not research other fields.; Research official issuer sources for FY2024 Q2. Verify Capex required to derive FCF, FCF, Revenue, source semantics confirmation, Total Debt. Do not research other fields.; Research official issuer sources for FY2024 Q3. Verify Revenue, Total Debt. Do not research other fields.; Research official issuer sources for FY2024 Q4. Verify Total Debt. Do not research other fields.; Research official issuer sources for FY2025 Q1. Verify Total Debt. Do not research other fields.",0,0,14,P2_LATEST4Q,14,P2_LATEST4Q,CAPEX_FOR_FCF|FCF_DIRECT|FIRST_PUBLIC_PUBLISH_DATE|REVENUE|SOURCE_SEMANTICS_CONFIRMATION|TOTAL_DEBT,0,NO,TAOX
"Research official issuer sources for FY2024 Q1. Verify Capex required to derive FCF, FCF, Revenue, source semantics confirmation, Total Debt. Do not research other fields.; Research official issuer sources for FY2024 Q2. Verify Revenue, Total Debt. Do not research other fields.; Research official issuer sources for FY2024 Q3. Verify Revenue, Total Debt. Do not research other fields.",0,2,9,P3_LATEST8Q,11,P3_LATEST8Q,CAPEX_FOR_FCF|FCF_DIRECT|REVENUE|SOURCE_SEMANTICS_CONFIRMATION|TOTAL_DEBT,0,NO,TARA
Research official issuer sources for FY2024 Q3. Verify missing quarter existence/source evidence. Do not research other fields.; Research official issuer sources for FY2025 Q1. Verify missing quarter existence/source evidence. Do not research other fields.,0,0,2,P3_LATEST8Q,2,P3_LATEST8Q,MISSING_QUARTER_EXISTENCE,0,YES,TBCH
"Research official issuer sources for FY2024 Q2. Verify Total Debt. Do not research other fields.; Research official issuer sources for FY2024 Q3. Verify missing quarter existence/source evidence, Total Debt. Do not research other fields.",0,0,3,P3_LATEST8Q,3,P3_LATEST8Q,MISSING_QUARTER_EXISTENCE|TOTAL_DEBT,0,YES,TBI
Research official issuer sources for FY2024 Q3. Verify Total Debt. Do not research other fields.,0,1,1,P3_LATEST8Q,2,P3_LATEST8Q,TOTAL_DEBT,0,NO,TBLA
"Research official issuer sources for FY2024 Q2. Verify Total Debt. Do not research other fields.; Research official issuer sources for FY2024 Q3. Verify Total Debt. Do not research other fields.; Research official issuer sources for FY2024 Q4. Verify EBIT, source semantics confirmation. Do not research other fields.",0,0,4,P3_LATEST8Q,4,P3_LATEST8Q,EBIT_DIRECT|SOURCE_SEMANTICS_CONFIRMATION|TOTAL_DEBT,0,NO,TBPH
,0,2,0,NO_EXTERNAL_RESEARCH_NEEDED,2,P3_LATEST8Q,,0,NO,TCRX
"Research official issuer sources for FY2023 Q2. Verify Revenue, Total Debt. Do not research other fields.; Research official issuer sources for FY2023 Q3. Verify Revenue, Total Debt. Do not research other fields.; Research official issuer sources for FY2023 Q4. Verify Revenue. Do not research other fields.",0,1,5,P3_LATEST8Q,6,P3_LATEST8Q,REVENUE|TOTAL_DEBT,0,NO,TE
Research official issuer sources for FY2024 Q1. Verify Total Debt. Do not research other fields.; Research official issuer sources for FY2024 Q3. Verify Total Debt. Do not research other fields.,0,3,2,P3_LATEST8Q,5,P3_LATEST8Q,TOTAL_DEBT,0,NO,TEAD
"Research official issuer sources for FY2024 Q3. Verify Revenue, Total Debt. Do not research other fields.",0,0,2,P3_LATEST8Q,2,P3_LATEST8Q,REVENUE|TOTAL_DEBT,0,NO,TECX
"Research official issuer sources for FY2025 Q2. Verify Total Debt. Do not research other fields.; Research official issuer sources for FY2025 Q3. Verify Total Debt. Do not research other fields.; Research official issuer sources for FY2025 Q4. Verify Total Debt. Do not research other fields.; Research official issuer sources for FY2023 Q2. Verify Capex required to derive FCF, Cash, EBIT, FCF, first-public result publication date, Revenue, source semantics confirmation, Total Debt. Do not research other fields.; Research official issuer sources for FY2023 Q3. Verify Capex required to derive FCF, Cash, EBIT, FCF, first-public result publication date, Revenue, source semantics confirmation, Total Debt. Do not research other fields.; Research official issuer sources for FY2023 Q4. Verify Capex required to derive FCF, Cash, EBIT, FCF, Revenue, source semantics confirmation, Total Debt. Do not research other fields.; Research official issuer sources for FY2025 Q1. Verify Total Debt. Do not research other fields.",0,2,27,P2_LATEST4Q,29,P2_LATEST4Q,CAPEX_FOR_FCF|CASH|EBIT_DIRECT|FCF_DIRECT|FIRST_PUBLIC_PUBLISH_DATE|REVENUE|SOURCE_SEMANTICS_CONFIRMATION|TOTAL_DEBT,0,NO,TELO
Research official issuer sources for FY2024 Q2. Verify Total Debt. Do not research other fields.; Research official issuer sources for FY2024 Q3. Verify Total Debt. Do not research other fields.,0,1,2,P3_LATEST8Q,3,P3_LATEST8Q,TOTAL_DEBT,0,NO,TER
"Research official issuer sources for FY2024 Q4. Verify EBIT, source semantics confirmation. Do not research other fields.; Research official issuer sources for FY2025 Q1. Verify Total Debt. Do not research other fields.",0,0,3,P3_LATEST8Q,3,P3_LATEST8Q,EBIT_DIRECT|SOURCE_SEMANTICS_CONFIRMATION|TOTAL_DEBT,0,NO,TEX
Research official issuer sources for FY2025 Q4. Verify Total Debt. Do not research other fields.,0,0,1,P2_LATEST4Q,1,P2_LATEST4Q,TOTAL_DEBT,0,NO,TGL
"Research official issuer sources for FY2024 Q3. Verify EBIT, source semantics confirmation. Do not research other fields.; Research official issuer sources for FY2025 Q1. Verify EBIT, source semantics confirmation. Do not research other fields.",0,2,4,P3_LATEST8Q,6,P3_LATEST8Q,EBIT_DIRECT|SOURCE_SEMANTICS_CONFIRMATION,0,NO,THO
"Research official issuer sources for FY2024 Q2. Verify Revenue. Do not research other fields.; Research official issuer sources for FY2024 Q3. Verify Revenue. Do not research other fields.; Research official issuer sources for FY2024 Q4. Verify EBIT, source semantics confirmation, Total Debt. Do not research other fields.",0,0,5,P3_LATEST8Q,5,P3_LATEST8Q,EBIT_DIRECT|REVENUE|SOURCE_SEMANTICS_CONFIRMATION|TOTAL_DEBT,0,NO,TIL
"Research official issuer sources for FY2024 Q4. Verify lineage/source ownership evidence, official period_end, target collision evidence. Do not research other fields.",0,0,3,P3_LATEST8Q,3,P3_LATEST8Q,LINEAGE_OWNERSHIP_EVIDENCE|OFFICIAL_PERIOD_END|TARGET_COLLISION_EVIDENCE,0,YES,TILE
"Research official issuer sources for FY2025 Q4. Verify EBIT, source semantics confirmation. Do not research other fields.",0,0,2,P3_LATEST8Q,2,P3_LATEST8Q,EBIT_DIRECT|SOURCE_SEMANTICS_CONFIRMATION,0,YES,TITN
"Research official issuer sources for FY2024 Q3. Verify EBIT, source semantics confirmation. Do not research other fields.",0,0,2,P3_LATEST8Q,2,P3_LATEST8Q,EBIT_DIRECT|SOURCE_SEMANTICS_CONFIRMATION,0,YES,TJX
"Research official issuer sources for FY2023 Q4. Verify Capex required to derive FCF, FCF, source semantics confirmation. Do not research other fields.; Research official issuer sources for FY2024 Q3. Verify Capex required to derive FCF, FCF, source semantics confirmation. Do not research other fields.",0,3,6,P3_LATEST8Q,9,P3_LATEST8Q,CAPEX_FOR_FCF|FCF_DIRECT|SOURCE_SEMANTICS_CONFIRMATION,0,NO,TKO
"Research official issuer sources for FY2024 Q2. Verify Cash, first-public result publication date, lineage/source ownership evidence, Total Debt. Do not research other fields.; Research official issuer sources for FY2024 Q3. Verify Cash, first-public result publication date, lineage/source ownership evidence, Total Debt. Do not research other fields.",0,0,8,P3_LATEST8Q,8,P3_LATEST8Q,CASH|FIRST_PUBLIC_PUBLISH_DATE|LINEAGE_OWNERSHIP_EVIDENCE|TOTAL_DEBT,0,YES,TLN
"Research official issuer sources for FY2026 Q1. Verify first-public result publication date. Do not research other fields.; Research official issuer sources for FY2026 Q2. Verify first-public result publication date. Do not research other fields.; Research official issuer sources for FY2023 Q3. Verify first-public result publication date, lineage/source ownership evidence. Do not research other fields.; Research official issuer sources for FY2025 Q2. Verify first-public result publication date, missing quarter existence/source evidence. Do not research other fields.",0,0,6,P2_LATEST4Q,6,P2_LATEST4Q,FIRST_PUBLIC_PUBLISH_DATE|LINEAGE_OWNERSHIP_EVIDENCE|MISSING_QUARTER_EXISTENCE,0,NO,TLRY
"Research official issuer sources for FY2025 Q3. Verify Total Debt. Do not research other fields.; Research official issuer sources for FY2025 Q4. Verify Total Debt. Do not research other fields.; Research official issuer sources for FY2024 Q3. Verify Revenue. Do not research other fields.; Research official issuer sources for FY2024 Q4. Verify EBIT, source semantics confirmation. Do not research other fields.",0,0,5,P2_LATEST4Q,5,P2_LATEST4Q,EBIT_DIRECT|REVENUE|SOURCE_SEMANTICS_CONFIRMATION|TOTAL_DEBT,0,NO,TMC
Research official issuer sources for FY2024 Q2. Verify Total Debt. Do not research other fields.; Research official issuer sources for FY2024 Q3. Verify Total Debt. Do not research other fields.,0,0,2,P3_LATEST8Q,2,P3_LATEST8Q,TOTAL_DEBT,0,NO,TNGX
Research official issuer sources for FY2024 Q1. Verify Total Debt. Do not research other fields.; Research official issuer sources for FY2024 Q2. Verify Total Debt. Do not research other fields.; Research official issuer sources for FY2024 Q3. Verify Total Debt. Do not research other fields.,0,1,3,P3_LATEST8Q,4,P3_LATEST8Q,TOTAL_DEBT,0,NO,TNON
"Research official issuer sources for FY2024 Q4. Verify EBIT, source semantics confirmation. Do not research other fields.",0,0,2,P3_LATEST8Q,2,P3_LATEST8Q,EBIT_DIRECT|SOURCE_SEMANTICS_CONFIRMATION,0,YES,TNXP
"Research official issuer sources for FY2024 Q2. Verify Revenue, Total Debt. Do not research other fields.; Research official issuer sources for FY2024 Q3. Verify Revenue, Total Debt. Do not research other fields.",0,2,4,P3_LATEST8Q,6,P3_LATEST8Q,REVENUE|TOTAL_DEBT,0,NO,TNYA
"Research official issuer sources for FY2024 Q1. Verify Cash, Total Debt. Do not research other fields.; Research official issuer sources for FY2024 Q2. Verify Cash, Total Debt. Do not research other fields.; Research official issuer sources for FY2024 Q3. Verify Cash, Total Debt. Do not research other fields.",0,1,6,P3_LATEST8Q,7,P3_LATEST8Q,CASH|TOTAL_DEBT,0,NO,TONX
"Research official issuer sources for FY2024 Q2. Verify Total Debt. Do not research other fields.; Research official issuer sources for FY2024 Q3. Verify Total Debt. Do not research other fields.; Research official issuer sources for FY2025 Q1. Verify Cash, EBIT. Do not research other fields.",0,2,4,P3_LATEST8Q,6,P3_LATEST8Q,CASH|EBIT_DIRECT|TOTAL_DEBT,0,NO,TOST
"Research official issuer sources for FY2024 Q4. Verify EBIT, Revenue, source semantics confirmation. Do not research other fields.",0,0,3,P3_LATEST8Q,3,P3_LATEST8Q,EBIT_DIRECT|REVENUE|SOURCE_SEMANTICS_CONFIRMATION,0,NO,TPB
"Research official issuer sources for FY2024 Q3. Verify Total Debt. Do not research other fields.; Research official issuer sources for FY2024 Q4. Verify Capex required to derive FCF, FCF, source semantics confirmation. Do not research other fields.; Research official issuer sources for FY2025 Q1. Verify Total Debt. Do not research other fields.; Research official issuer sources for FY2025 Q2. Verify Total Debt. Do not research other fields.",0,0,6,P3_LATEST8Q,6,P3_LATEST8Q,CAPEX_FOR_FCF|FCF_DIRECT|SOURCE_SEMANTICS_CONFIRMATION|TOTAL_DEBT,0,NO,TPL
"Research official issuer sources for FY2025 Q2. Verify Total Debt. Do not research other fields.; Research official issuer sources for FY2025 Q3. Verify Total Debt. Do not research other fields.; Research official issuer sources for FY2025 Q4. Verify Total Debt. Do not research other fields.; Research official issuer sources for FY2024 Q1. Verify Capex required to derive FCF, Cash, FCF, first-public result publication date, source semantics confirmation, Total Debt. Do not research other fields.; Research official issuer sources for FY2024 Q2. Verify Cash, Total Debt. Do not research other fields.; Research official issuer sources for FY2024 Q4. Verify Total Debt. Do not research other fields.; Research official issuer sources for FY2025 Q1. Verify Total Debt. Do not research other fields.",0,2,13,P2_LATEST4Q,15,P2_LATEST4Q,CAPEX_FOR_FCF|CASH|FCF_DIRECT|FIRST_PUBLIC_PUBLISH_DATE|SOURCE_SEMANTICS_CONFIRMATION|TOTAL_DEBT,0,NO,TRAW
Research official issuer sources for FY2025 Q1. Verify Cash. Do not research other fields.,0,1,1,P3_LATEST8Q,2,P3_LATEST8Q,CASH,0,NO,TRC
Research official issuer sources for FY2025 Q1. Verify Cash. Do not research other fields.,0,0,1,P3_LATEST8Q,1,P3_LATEST8Q,CASH,0,NO,TRDA
"Research official issuer sources for FY2024 Q2. Verify EBIT, source semantics confirmation. Do not research other fields.; Research official issuer sources for FY2024 Q3. Verify EBIT, source semantics confirmation. Do not research other fields.",0,1,4,P3_LATEST8Q,5,P3_LATEST8Q,EBIT_DIRECT|SOURCE_SEMANTICS_CONFIRMATION,0,NO,TRNO
"Research official issuer sources for FY2024 Q1. Verify Capex required to derive FCF, FCF, first-public result publication date, source semantics confirmation. Do not research other fields.; Research official issuer sources for FY2024 Q2. Verify Capex required to derive FCF, FCF, first-public result publication date, source semantics confirmation. Do not research other fields.; Research official issuer sources for FY2024 Q3. Verify Capex required to derive FCF, FCF, first-public result publication date, missing quarter existence/source evidence, source semantics confirmation. Do not research other fields.; Research official issuer sources for FY2025 Q1. Verify first-public result publication date, missing quarter existence/source evidence. Do not research other fields.",0,0,15,P3_LATEST8Q,15,P3_LATEST8Q,CAPEX_FOR_FCF|FCF_DIRECT|FIRST_PUBLIC_PUBLISH_DATE|MISSING_QUARTER_EXISTENCE|SOURCE_SEMANTICS_CONFIRMATION,0,YES,TRNR
"Research official issuer sources for FY2024 Q4. Verify EBIT, lineage/source ownership evidence, source semantics confirmation, target collision evidence. Do not research other fields.; Research official issuer sources for FY2025 Q1. Verify lineage/source ownership evidence, official period_end. Do not research other fields.",0,0,6,P3_LATEST8Q,6,P3_LATEST8Q,EBIT_DIRECT|LINEAGE_OWNERSHIP_EVIDENCE|OFFICIAL_PERIOD_END|SOURCE_SEMANTICS_CONFIRMATION|TARGET_COLLISION_EVIDENCE,0,YES,TRNS
"Research official issuer sources for FY2025 Q2. Verify Total Debt. Do not research other fields.; Research official issuer sources for FY2024 Q2. Verify Capex required to derive FCF, FCF, source semantics confirmation, Total Debt. Do not research other fields.; Research official issuer sources for FY2024 Q3. Verify Cash. Do not research other fields.; Research official issuer sources for FY2024 Q4. Verify EBIT, source semantics confirmation. Do not research other fields.",0,0,8,P2_LATEST4Q,8,P2_LATEST4Q,CAPEX_FOR_FCF|CASH|EBIT_DIRECT|FCF_DIRECT|SOURCE_SEMANTICS_CONFIRMATION|TOTAL_DEBT,0,NO,TRON
"Research official issuer sources for FY2025 Q3. Verify EBIT, source semantics confirmation. Do not research other fields.; Research official issuer sources for FY2025 Q4. Verify EBIT, source semantics confirmation. Do not research other fields.; Research official issuer sources for FY2026 Q1. Verify EBIT, source semantics confirmation. Do not research other fields.; Research official issuer sources for FY2024 Q2. Verify EBIT, source semantics confirmation. Do not research other fields.; Research official issuer sources for FY2024 Q3. Verify EBIT, source semantics confirmation. Do not research other fields.; Research official issuer sources for FY2025 Q1. Verify EBIT, source semantics confirmation. Do not research other fields.; Research official issuer sources for FY2025 Q2. Verify EBIT, source semantics confirmation. Do not research other fields.",0,2,14,P2_LATEST4Q,16,P2_LATEST4Q,EBIT_DIRECT|SOURCE_SEMANTICS_CONFIRMATION,0,NO,TRTX
"Research official issuer sources for FY2022 Q1. Verify Capex required to derive FCF, Cash, EBIT, FCF, first-public result publication date, lineage/source ownership evidence, Revenue, Shares Outstanding, Total Debt. Do not research other fields.; Research official issuer sources for FY2023 Q1. Verify Cash, first-public result publication date, Total Debt. Do not research other fields.; Research official issuer sources for FY2023 Q4. Verify first-public result publication date, Total Debt. Do not research other fields.",0,2,14,P3_LATEST8Q,17,P3_LATEST8Q,CAPEX_FOR_FCF|CASH|EBIT_DIRECT|FCF_DIRECT|FIRST_PUBLIC_PUBLISH_DATE|LINEAGE_OWNERSHIP_EVIDENCE|REVENUE|SHARES_OUTSTANDING|TOTAL_DEBT,1,NO,TRUG
"Research official issuer sources for FY2024 Q3. Verify Revenue, Total Debt. Do not research other fields.; Research official issuer sources for FY2024 Q4. Verify EBIT, source semantics confirmation. Do not research other fields.",0,0,4,P3_LATEST8Q,4,P3_LATEST8Q,EBIT_DIRECT|REVENUE|SOURCE_SEMANTICS_CONFIRMATION|TOTAL_DEBT,0,NO,TRVI
Research official issuer sources for FY2024 Q3. Verify missing quarter existence/source evidence. Do not research other fields.; Research official issuer sources for FY2025 Q1. Verify missing quarter existence/source evidence. Do not research other fields.,0,0,2,P3_LATEST8Q,2,P3_LATEST8Q,MISSING_QUARTER_EXISTENCE,0,YES,TSHA
"Research official issuer sources for FY2024 Q2. Verify Total Debt. Do not research other fields.; Research official issuer sources for FY2024 Q3. Verify Total Debt. Do not research other fields.; Research official issuer sources for FY2024 Q4. Verify EBIT, source semantics confirmation. Do not research other fields.",0,0,4,P3_LATEST8Q,4,P3_LATEST8Q,EBIT_DIRECT|SOURCE_SEMANTICS_CONFIRMATION|TOTAL_DEBT,0,NO,TSSI
"Research official issuer sources for FY2023 Q3. Verify lineage/source ownership evidence, official period_end, target collision evidence. Do not research other fields.",0,0,3,P3_LATEST8Q,3,P3_LATEST8Q,LINEAGE_OWNERSHIP_EVIDENCE|OFFICIAL_PERIOD_END|TARGET_COLLISION_EVIDENCE,0,YES,TTC
Research official issuer sources for FY2024 Q2. Verify Total Debt. Do not research other fields.; Research official issuer sources for FY2024 Q3. Verify Total Debt. Do not research other fields.,0,1,2,P3_LATEST8Q,3,P3_LATEST8Q,TOTAL_DEBT,0,NO,TTD
Research official issuer sources for FY2025 Q2. Verify first-public result publication date. Do not research other fields.,0,1,1,P3_LATEST8Q,2,P3_LATEST8Q,FIRST_PUBLIC_PUBLISH_DATE,0,NO,TTGT
"Research official issuer sources for FY2024 Q2. Verify EBIT, source semantics confirmation. Do not research other fields.",0,0,2,P3_LATEST8Q,2,P3_LATEST8Q,EBIT_DIRECT|SOURCE_SEMANTICS_CONFIRMATION,0,NO,TTI
"Research official issuer sources for FY2025 Q1. Verify EBIT, source semantics confirmation, Total Debt. Do not research other fields.",0,1,3,P3_LATEST8Q,4,P3_LATEST8Q,EBIT_DIRECT|SOURCE_SEMANTICS_CONFIRMATION|TOTAL_DEBT,0,NO,TWI
Research official issuer sources for FY2024 Q3. Verify Total Debt. Do not research other fields.,0,1,1,P3_LATEST8Q,2,P3_LATEST8Q,TOTAL_DEBT,0,NO,TWST
Research official issuer sources for FY2024 Q2. Verify Total Debt. Do not research other fields.; Research official issuer sources for FY2024 Q3. Verify Total Debt. Do not research other fields.,0,1,2,P3_LATEST8Q,3,P3_LATEST8Q,TOTAL_DEBT,0,NO,TXG
,0,2,0,NO_EXTERNAL_RESEARCH_NEEDED,2,P3_LATEST8Q,,0,NO,TXNM
"Research official issuer sources for FY2025 Q1. Verify EBIT, Total Debt. Do not research other fields.",0,1,2,P3_LATEST8Q,3,P3_LATEST8Q,EBIT_DIRECT|TOTAL_DEBT,0,NO,TXO
Research official issuer sources for FY2024 Q3. Verify Total Debt. Do not research other fields.,0,0,1,P3_LATEST8Q,1,P3_LATEST8Q,TOTAL_DEBT,0,YES,TXRH
"Research official issuer sources for FY2023 Q4. Verify EBIT, source semantics confirmation. Do not research other fields.; Research official issuer sources for FY2024 Q1. Verify EBIT, missing quarter existence/source evidence, source semantics confirmation. Do not research other fields.",0,0,5,P3_LATEST8Q,5,P3_LATEST8Q,EBIT_DIRECT|MISSING_QUARTER_EXISTENCE|SOURCE_SEMANTICS_CONFIRMATION,0,YES,TXT
"Research official issuer sources for FY2024 Q4. Verify EBIT, source semantics confirmation. Do not research other fields.",0,0,2,P3_LATEST8Q,2,P3_LATEST8Q,EBIT_DIRECT|SOURCE_SEMANTICS_CONFIRMATION,0,NO,TYGO
"Research official issuer sources for FY2024 Q2. Verify Revenue, Total Debt. Do not research other fields.; Research official issuer sources for FY2024 Q3. Verify Revenue, Total Debt. Do not research other fields.",0,2,4,P3_LATEST8Q,6,P3_LATEST8Q,REVENUE|TOTAL_DEBT,0,NO,TYRA
Research official issuer sources for FY2024 Q1. Verify Total Debt. Do not research other fields.; Research official issuer sources for FY2024 Q2. Verify Total Debt. Do not research other fields.; Research official issuer sources for FY2024 Q3. Verify Total Debt. Do not research other fields.,0,1,3,P3_LATEST8Q,4,P3_LATEST8Q,TOTAL_DEBT,0,NO,TZOO
"Research official issuer sources for FY2024 Q4. Verify EBIT, lineage/source ownership evidence, source semantics confirmation. Do not research other fields.",0,0,3,P3_LATEST8Q,3,P3_LATEST8Q,EBIT_DIRECT|LINEAGE_OWNERSHIP_EVIDENCE|SOURCE_SEMANTICS_CONFIRMATION,0,YES,UA
Research official issuer sources for FY2022 Q4. Verify lineage/source ownership evidence. Do not research other fields.; Research official issuer sources for FY2024 Q4. Verify missing quarter existence/source evidence. Do not research other fields.,0,0,2,P3_LATEST8Q,2,P3_LATEST8Q,LINEAGE_OWNERSHIP_EVIDENCE|MISSING_QUARTER_EXISTENCE,0,YES,UAA
,0,1,0,NO_EXTERNAL_RESEARCH_NEEDED,1,P3_LATEST8Q,,0,NO,UAL
Research official issuer sources for FY2024 Q3. Verify missing quarter existence/source evidence. Do not research other fields.,0,0,1,P3_LATEST8Q,1,P3_LATEST8Q,MISSING_QUARTER_EXISTENCE,0,YES,UCTT
"Research official issuer sources for FY2024 Q2. Verify EBIT, source semantics confirmation. Do not research other fields.; Research official issuer sources for FY2024 Q3. Verify EBIT, source semantics confirmation. Do not research other fields.",0,2,4,P3_LATEST8Q,6,P3_LATEST8Q,EBIT_DIRECT|SOURCE_SEMANTICS_CONFIRMATION,0,NO,UE
Research official issuer sources for FY2026 Q1. Verify first-public result publication date. Do not research other fields.; Research official issuer sources for FY2026 Q2. Verify first-public result publication date. Do not research other fields.,0,0,2,P2_LATEST4Q,2,P2_LATEST4Q,FIRST_PUBLIC_PUBLISH_DATE,0,NO,UI
"Research official issuer sources for FY2025 Q1. Verify EBIT, FCF, OCF required to derive FCF, source semantics confirmation, Total Debt. Do not research other fields.",0,1,5,P3_LATEST8Q,6,P3_LATEST8Q,EBIT_DIRECT|FCF_DIRECT|OCF_FOR_FCF|SOURCE_SEMANTICS_CONFIRMATION|TOTAL_DEBT,0,NO,ULCC
"Research official issuer sources for FY2024 Q2. Verify Cash, first-public result publication date, lineage/source ownership evidence, Total Debt. Do not research other fields.; Research official issuer sources for FY2024 Q3. Verify Cash, first-public result publication date, lineage/source ownership evidence, Total Debt. Do not research other fields.",0,0,8,P3_LATEST8Q,8,P3_LATEST8Q,CASH|FIRST_PUBLIC_PUBLISH_DATE|LINEAGE_OWNERSHIP_EVIDENCE|TOTAL_DEBT,0,NO,ULS
Research official issuer sources for FY2024 Q1. Verify Total Debt. Do not research other fields.; Research official issuer sources for FY2024 Q2. Verify Total Debt. Do not research other fields.,0,0,2,P3_LATEST8Q,2,P3_LATEST8Q,TOTAL_DEBT,0,NO,ULTA
"Research official issuer sources for FY2024 Q2. Verify EBIT, source semantics confirmation. Do not research other fields.; Research official issuer sources for FY2024 Q3. Verify EBIT, source semantics confirmation. Do not research other fields.",0,1,4,P3_LATEST8Q,5,P3_LATEST8Q,EBIT_DIRECT|SOURCE_SEMANTICS_CONFIRMATION,0,NO,UMH
"Research official issuer sources for FY2024 Q2. Verify Cash, Revenue, Total Debt. Do not research other fields.; Research official issuer sources for FY2024 Q3. Verify Cash, Revenue, Total Debt. Do not research other fields.",0,0,6,P3_LATEST8Q,6,P3_LATEST8Q,CASH|REVENUE|TOTAL_DEBT,0,NO,UNCY
Research official issuer sources for FY2024 Q4. Verify Total Debt. Do not research other fields.; Research official issuer sources for FY2025 Q1. Verify Total Debt. Do not research other fields.,0,0,2,P3_LATEST8Q,2,P3_LATEST8Q,TOTAL_DEBT,0,NO,UNF
"Research official issuer sources for FY2024 Q4. Verify Cash, EBIT, FCF, OCF required to derive FCF, Revenue, source semantics confirmation, Total Debt. Do not research other fields.; Research official issuer sources for FY2025 Q1. Verify EBIT, FCF, OCF required to derive FCF, Revenue, source semantics confirmation, Total Debt. Do not research other fields.",0,0,13,P3_LATEST8Q,13,P3_LATEST8Q,CASH|EBIT_DIRECT|FCF_DIRECT|OCF_FOR_FCF|REVENUE|SOURCE_SEMANTICS_CONFIRMATION|TOTAL_DEBT,0,NO,UNIT
Research official issuer sources for FY2024 Q2. Verify Total Debt. Do not research other fields.; Research official issuer sources for FY2024 Q3. Verify Total Debt. Do not research other fields.,0,2,2,P3_LATEST8Q,4,P3_LATEST8Q,TOTAL_DEBT,0,NO,UPBD
"Research official issuer sources for FY2023 Q4. Verify Total Debt. Do not research other fields.; Research official issuer sources for FY2024 Q1. Verify Total Debt. Do not research other fields.; Research official issuer sources for FY2025 Q1. Verify Cash, first-public result publication date, Total Debt. Do not research other fields.",0,2,5,P3_LATEST8Q,7,P3_LATEST8Q,CASH|FIRST_PUBLIC_PUBLISH_DATE|TOTAL_DEBT,0,NO,UPXI
"Research official issuer sources for FY2024 Q1. Verify fiscal transition evidence, official period_end, source semantics confirmation, target collision evidence, Total Debt. Do not research other fields.; Research official issuer sources for FY2024 Q2. Verify fiscal transition evidence, official period_end, source semantics confirmation, target collision evidence, Total Debt. Do not research other fields.; Research official issuer sources for FY2024 Q3. Verify fiscal transition evidence, official period_end, source semantics confirmation, target collision evidence, Total Debt. Do not research other fields.",0,0,15,P3_LATEST8Q,15,P3_LATEST8Q,FISCAL_TRANSITION_EVIDENCE|OFFICIAL_PERIOD_END|SOURCE_SEMANTICS_CONFIRMATION|TARGET_COLLISION_EVIDENCE|TOTAL_DEBT,0,YES,URBN
"Research official issuer sources for FY2023 Q3. Verify Capex required to derive FCF, FCF, first-public result publication date, fiscal transition evidence, official period_end, Revenue, Shares Outstanding, source semantics confirmation, Total Debt. Do not research other fields.; Research official issuer sources for FY2023 Q4. Verify Capex required to derive FCF, FCF, fiscal transition evidence, official period_end, Revenue, Shares Outstanding, source semantics confirmation, Total Debt. Do not research other fields.; Research official issuer sources for FY2024 Q1. Verify first-public result publication date, missing quarter existence/source evidence, Revenue, Total Debt. Do not research other fields.",0,0,21,P3_LATEST8Q,21,P3_LATEST8Q,CAPEX_FOR_FCF|FCF_DIRECT|FIRST_PUBLIC_PUBLISH_DATE|FISCAL_TRANSITION_EVIDENCE|MISSING_QUARTER_EXISTENCE|OFFICIAL_PERIOD_END|REVENUE|SHARES_OUTSTANDING|SOURCE_SEMANTICS_CONFIRMATION|TOTAL_DEBT,0,YES,USAR
"Research official issuer sources for FY2024 Q3. Verify Capex required to derive FCF, FCF, Revenue, source semantics confirmation, Total Debt. Do not research other fields.; Research official issuer sources for FY2025 Q1. Verify Capex required to derive FCF, FCF, Revenue, source semantics confirmation, Total Debt. Do not research other fields.; Research official issuer sources for FY2025 Q2. Verify Capex required to derive FCF, FCF, Revenue, source semantics confirmation, Total Debt. Do not research other fields.",0,2,15,P3_LATEST8Q,17,P3_LATEST8Q,CAPEX_FOR_FCF|FCF_DIRECT|REVENUE|SOURCE_SEMANTICS_CONFIRMATION|TOTAL_DEBT,0,NO,USAU
Research official issuer sources for FY2024 Q2. Verify Total Debt. Do not research other fields.; Research official issuer sources for FY2024 Q3. Verify Total Debt. Do not research other fields.,0,1,2,P3_LATEST8Q,3,P3_LATEST8Q,TOTAL_DEBT,0,NO,USLM
"Research official issuer sources for FY2025 Q2. Verify target collision evidence, Total Debt. Do not research other fields.; Research official issuer sources for FY2025 Q3. Verify missing quarter existence/source evidence, target collision evidence, Total Debt. Do not research other fields.; Research official issuer sources for FY2024 Q2. Verify Total Debt. Do not research other fields.; Research official issuer sources for FY2024 Q3. Verify Total Debt. Do not research other fields.; Research official issuer sources for FY2024 Q4. Verify lineage/source ownership evidence, official period_end, target collision evidence. Do not research other fields.",0,0,10,P2_LATEST4Q,10,P2_LATEST4Q,LINEAGE_OWNERSHIP_EVIDENCE|MISSING_QUARTER_EXISTENCE|OFFICIAL_PERIOD_END|TARGET_COLLISION_EVIDENCE|TOTAL_DEBT,0,YES,USNA
"Research official issuer sources for FY2025 Q3. Verify Total Debt. Do not research other fields.; Research official issuer sources for FY2025 Q4. Verify Total Debt. Do not research other fields.; Research official issuer sources for FY2026 Q1. Verify Total Debt. Do not research other fields.; Research official issuer sources for FY2024 Q4. Verify EBIT, source semantics confirmation. Do not research other fields.; Research official issuer sources for FY2025 Q1. Verify Cash, EBIT, source semantics confirmation. Do not research other fields.; Research official issuer sources for FY2025 Q2. Verify Total Debt. Do not research other fields.",0,0,9,P2_LATEST4Q,9,P2_LATEST4Q,CASH|EBIT_DIRECT|SOURCE_SEMANTICS_CONFIRMATION|TOTAL_DEBT,0,NO,UTHR
"Research official issuer sources for FY2025 Q4. Verify EBIT, source semantics confirmation. Do not research other fields.",0,0,2,P3_LATEST8Q,2,P3_LATEST8Q,EBIT_DIRECT|SOURCE_SEMANTICS_CONFIRMATION,0,YES,UVV
"Research official issuer sources for FY2024 Q2. Verify EBIT, source semantics confirmation. Do not research other fields.; Research official issuer sources for FY2024 Q3. Verify EBIT, source semantics confirmation. Do not research other fields.",0,1,4,P3_LATEST8Q,5,P3_LATEST8Q,EBIT_DIRECT|SOURCE_SEMANTICS_CONFIRMATION,0,NO,VAC
,0,2,0,NO_EXTERNAL_RESEARCH_NEEDED,2,P3_LATEST8Q,,0,NO,VAL
"Research official issuer sources for FY2024 Q1. Verify Revenue, Total Debt. Do not research other fields.; Research official issuer sources for FY2024 Q2. Verify Revenue, Total Debt. Do not research other fields.; Research official issuer sources for FY2024 Q3. Verify missing quarter existence/source evidence, Revenue, Total Debt. Do not research other fields.; Research official issuer sources for FY2025 Q1. Verify missing quarter existence/source evidence. Do not research other fields.",0,0,8,P3_LATEST8Q,8,P3_LATEST8Q,MISSING_QUARTER_EXISTENCE|REVENUE|TOTAL_DEBT,0,YES,VANI
"Research official issuer sources for FY2024 Q2. Verify EBIT, source semantics confirmation. Do not research other fields.; Research official issuer sources for FY2024 Q3. Verify EBIT, source semantics confirmation. Do not research other fields.",0,1,4,P3_LATEST8Q,5,P3_LATEST8Q,EBIT_DIRECT|SOURCE_SEMANTICS_CONFIRMATION,0,NO,VC
"Research official issuer sources for FY2024 Q1. Verify Total Debt. Do not research other fields.; Research official issuer sources for FY2025 Q1. Verify lineage/source ownership evidence, Total Debt. Do not research other fields.",0,0,3,P3_LATEST8Q,3,P3_LATEST8Q,LINEAGE_OWNERSHIP_EVIDENCE|TOTAL_DEBT,0,YES,VCEL
Research official issuer sources for FY2024 Q2. Verify Total Debt. Do not research other fields.; Research official issuer sources for FY2024 Q3. Verify Total Debt. Do not research other fields.,0,1,2,P3_LATEST8Q,3,P3_LATEST8Q,TOTAL_DEBT,0,NO,VCYT
"Research official issuer sources for FY2026 Q4. Verify missing quarter existence/source evidence. Do not research other fields.; Research official issuer sources for FY2025 Q1. Verify lineage/source ownership evidence, target collision evidence. Do not research other fields.; Research official issuer sources for FY2025 Q2. Verify Capex required to derive FCF, FCF, source semantics confirmation, Total Debt. Do not research other fields.; Research official issuer sources for FY2025 Q3. Verify Capex required to derive FCF, FCF, source semantics confirmation, Total Debt. Do not research other fields.",0,0,11,P2_LATEST4Q,11,P2_LATEST4Q,CAPEX_FOR_FCF|FCF_DIRECT|LINEAGE_OWNERSHIP_EVIDENCE|MISSING_QUARTER_EXISTENCE|SOURCE_SEMANTICS_CONFIRMATION|TARGET_COLLISION_EVIDENCE|TOTAL_DEBT,0,YES,VEEV
"Research official issuer sources for FY2025 Q2. Verify first-public result publication date. Do not research other fields.; Research official issuer sources for FY2023 Q4. Verify Total Debt. Do not research other fields.; Research official issuer sources for FY2024 Q1. Verify Total Debt. Do not research other fields.; Research official issuer sources for FY2024 Q3. Verify first-public result publication date, Total Debt. Do not research other fields.; Research official issuer sources for FY2025 Q1. Verify first-public result publication date. Do not research other fields.",0,3,6,P2_LATEST4Q,9,P2_LATEST4Q,FIRST_PUBLIC_PUBLISH_DATE|TOTAL_DEBT,0,NO,VELO
Research official issuer sources for FY2024 Q1. Verify Revenue. Do not research other fields.; Research official issuer sources for FY2024 Q2. Verify Revenue. Do not research other fields.; Research official issuer sources for FY2024 Q3. Verify Revenue. Do not research other fields.,0,2,3,P3_LATEST8Q,5,P3_LATEST8Q,REVENUE,0,NO,VERA
Research official issuer sources for FY2024 Q3. Verify Total Debt. Do not research other fields.; Research official issuer sources for FY2025 Q1. Verify EBIT. Do not research other fields.,0,2,2,P3_LATEST8Q,4,P3_LATEST8Q,EBIT_DIRECT|TOTAL_DEBT,0,NO,VERU
"Research official issuer sources for FY2024 Q4. Verify EBIT, lineage/source ownership evidence, source semantics confirmation, target collision evidence. Do not research other fields.; Research official issuer sources for FY2025 Q1. Verify lineage/source ownership evidence, official period_end. Do not research other fields.",0,0,6,P3_LATEST8Q,6,P3_LATEST8Q,EBIT_DIRECT|LINEAGE_OWNERSHIP_EVIDENCE|OFFICIAL_PERIOD_END|SOURCE_SEMANTICS_CONFIRMATION|TARGET_COLLISION_EVIDENCE,0,YES,VFC
"Research official issuer sources for FY2024 Q1. Verify EBIT, source semantics confirmation. Do not research other fields.; Research official issuer sources for FY2024 Q2. Verify EBIT, source semantics confirmation. Do not research other fields.",0,0,4,P3_LATEST8Q,4,P3_LATEST8Q,EBIT_DIRECT|SOURCE_SEMANTICS_CONFIRMATION,0,NO,VFF
"Research official issuer sources for FY2024 Q2. Verify EBIT, source semantics confirmation. Do not research other fields.; Research official issuer sources for FY2024 Q3. Verify EBIT, source semantics confirmation. Do not research other fields.",0,1,4,P3_LATEST8Q,5,P3_LATEST8Q,EBIT_DIRECT|SOURCE_SEMANTICS_CONFIRMATION,0,NO,VICI
"Research official issuer sources for FY2024 Q2. Verify Total Debt. Do not research other fields.; Research official issuer sources for FY2024 Q3. Verify missing quarter existence/source evidence, Total Debt. Do not research other fields.",0,0,3,P3_LATEST8Q,3,P3_LATEST8Q,MISSING_QUARTER_EXISTENCE|TOTAL_DEBT,0,YES,VICR
"Research official issuer sources for FY2024 Q2. Verify Total Debt. Do not research other fields.; Research official issuer sources for FY2024 Q3. Verify Total Debt. Do not research other fields.; Research official issuer sources for FY2025 Q1. Verify Capex required to derive FCF, Cash, EBIT, FCF, source semantics confirmation. Do not research other fields.",0,2,7,P3_LATEST8Q,9,P3_LATEST8Q,CAPEX_FOR_FCF|CASH|EBIT_DIRECT|FCF_DIRECT|SOURCE_SEMANTICS_CONFIRMATION|TOTAL_DEBT,0,NO,VIR
"Research official issuer sources for FY2024 Q2. Verify Total Debt. Do not research other fields.; Research official issuer sources for FY2024 Q3. Verify missing quarter existence/source evidence, Total Debt. Do not research other fields.",0,0,3,P3_LATEST8Q,3,P3_LATEST8Q,MISSING_QUARTER_EXISTENCE|TOTAL_DEBT,0,YES,VITL
"Research official issuer sources for FY2022 Q4. Verify first-public result publication date, Total Debt. Do not research other fields.; Research official issuer sources for FY2023 Q1. Verify first-public result publication date, missing quarter existence/source evidence, Total Debt. Do not research other fields.",0,0,5,P3_LATEST8Q,5,P3_LATEST8Q,FIRST_PUBLIC_PUBLISH_DATE|MISSING_QUARTER_EXISTENCE|TOTAL_DEBT,0,NO,VIVS
"Research official issuer sources for FY2024 Q2. Verify Capex required to derive FCF, FCF, source semantics confirmation, Total Debt. Do not research other fields.; Research official issuer sources for FY2024 Q3. Verify Capex required to derive FCF, FCF, source semantics confirmation, Total Debt. Do not research other fields.; Research official issuer sources for FY2025 Q1. Verify Cash. Do not research other fields.",0,2,9,P3_LATEST8Q,11,P3_LATEST8Q,CAPEX_FOR_FCF|CASH|FCF_DIRECT|SOURCE_SEMANTICS_CONFIRMATION|TOTAL_DEBT,0,NO,VKTX
"Research official issuer sources for FY2023 Q4. Verify missing quarter existence/source evidence. Do not research other fields.; Research official issuer sources for FY2024 Q3. Verify missing quarter existence/source evidence. Do not research other fields.; Research official issuer sources for FY2025 Q1. Verify lineage/source ownership evidence, official period_end, target collision evidence. Do not research other fields.",0,0,5,P3_LATEST8Q,5,P3_LATEST8Q,LINEAGE_OWNERSHIP_EVIDENCE|MISSING_QUARTER_EXISTENCE|OFFICIAL_PERIOD_END|TARGET_COLLISION_EVIDENCE,0,YES,VLTO
,0,2,0,NO_EXTERNAL_RESEARCH_NEEDED,2,P3_LATEST8Q,,0,NO,VMD
Research official issuer sources for FY2024 Q2. Verify Total Debt. Do not research other fields.; Research official issuer sources for FY2024 Q3. Verify Total Debt. Do not research other fields.,0,1,2,P3_LATEST8Q,3,P3_LATEST8Q,TOTAL_DEBT,0,NO,VNDA
"Research official issuer sources for FY2024 Q2. Verify EBIT, source semantics confirmation. Do not research other fields.; Research official issuer sources for FY2024 Q3. Verify EBIT, source semantics confirmation. Do not research other fields.",0,2,4,P3_LATEST8Q,6,P3_LATEST8Q,EBIT_DIRECT|SOURCE_SEMANTICS_CONFIRMATION,0,NO,VNO
,0,1,0,NO_EXTERNAL_RESEARCH_NEEDED,1,P3_LATEST8Q,,0,NO,VNOM
Research official issuer sources for FY2024 Q1. Verify Revenue. Do not research other fields.; Research official issuer sources for FY2024 Q2. Verify Revenue. Do not research other fields.; Research official issuer sources for FY2024 Q3. Verify Revenue. Do not research other fields.,0,2,3,P3_LATEST8Q,5,P3_LATEST8Q,REVENUE,0,NO,VOR
"Research official issuer sources for FY2024 Q4. Verify EBIT, source semantics confirmation. Do not research other fields.",0,0,2,P3_LATEST8Q,2,P3_LATEST8Q,EBIT_DIRECT|SOURCE_SEMANTICS_CONFIRMATION,0,NO,VPG
"Research official issuer sources for FY2024 Q4. Verify EBIT, lineage/source ownership evidence, source semantics confirmation, target collision evidence. Do not research other fields.",0,0,4,P3_LATEST8Q,4,P3_LATEST8Q,EBIT_DIRECT|LINEAGE_OWNERSHIP_EVIDENCE|SOURCE_SEMANTICS_CONFIRMATION|TARGET_COLLISION_EVIDENCE,0,YES,VRA
,0,2,0,NO_EXTERNAL_RESEARCH_NEEDED,2,P3_LATEST8Q,,0,NO,VRDN
"Research official issuer sources for FY2025 Q2. Verify Total Debt. Do not research other fields.; Research official issuer sources for FY2025 Q3. Verify first-public result publication date, Total Debt. Do not research other fields.; Research official issuer sources for FY2025 Q4. Verify Total Debt. Do not research other fields.; Research official issuer sources for FY2023 Q2. Verify Capex required to derive FCF, FCF, source semantics confirmation, Total Debt. Do not research other fields.; Research official issuer sources for FY2023 Q3. Verify Capex required to derive FCF, FCF, source semantics confirmation, Total Debt. Do not research other fields.; Research official issuer sources for FY2024 Q4. Verify Total Debt. Do not research other fields.; Research official issuer sources for FY2025 Q1. Verify Total Debt. Do not research other fields.",0,2,14,P2_LATEST4Q,16,P2_LATEST4Q,CAPEX_FOR_FCF|FCF_DIRECT|FIRST_PUBLIC_PUBLISH_DATE|SOURCE_SEMANTICS_CONFIRMATION|TOTAL_DEBT,0,NO,VS
"Research official issuer sources for FY2025 Q4. Verify EBIT, source semantics confirmation. Do not research other fields.",0,0,2,P3_LATEST8Q,2,P3_LATEST8Q,EBIT_DIRECT|SOURCE_SEMANTICS_CONFIRMATION,0,YES,VSAT
Research official issuer sources for FY2024 Q3. Verify missing quarter existence/source evidence. Do not research other fields.,0,0,1,P3_LATEST8Q,1,P3_LATEST8Q,MISSING_QUARTER_EXISTENCE,0,YES,VSH
"Research official issuer sources for FY2024 Q3. Verify first-public result publication date. Do not research other fields.; Research official issuer sources for FY2022 Q2. Verify Cash, first-public result publication date, Total Debt. Do not research other fields.; Research official issuer sources for FY2022 Q4. Verify Cash, first-public result publication date, Total Debt. Do not research other fields.; Research official issuer sources for FY2023 Q3. Verify Cash, first-public result publication date, Total Debt. Do not research other fields.; Research official issuer sources for FY2024 Q1. Verify Cash, first-public result publication date, Total Debt. Do not research other fields.",0,5,13,P2_LATEST4Q,18,P2_LATEST4Q,CASH|FIRST_PUBLIC_PUBLISH_DATE|TOTAL_DEBT,0,NO,VSTD
"Research official issuer sources for FY2024 Q4. Verify EBIT, Revenue, source semantics confirmation, Total Debt. Do not research other fields.; Research official issuer sources for FY2025 Q1. Verify EBIT, source semantics confirmation, Total Debt. Do not research other fields.",0,0,7,P3_LATEST8Q,7,P3_LATEST8Q,EBIT_DIRECT|REVENUE|SOURCE_SEMANTICS_CONFIRMATION|TOTAL_DEBT,0,NO,VSTM
"Research official issuer sources for FY2024 Q2. Verify Cash, first-public result publication date, lineage/source ownership evidence, Total Debt. Do not research other fields.; Research official issuer sources for FY2024 Q3. Verify Cash, first-public result publication date, lineage/source ownership evidence, Total Debt. Do not research other fields.; Research official issuer sources for FY2025 Q1. Verify missing quarter existence/source evidence. Do not research other fields.",0,0,9,P3_LATEST8Q,9,P3_LATEST8Q,CASH|FIRST_PUBLIC_PUBLISH_DATE|LINEAGE_OWNERSHIP_EVIDENCE|MISSING_QUARTER_EXISTENCE|TOTAL_DEBT,0,YES,VSTS
"Research official issuer sources for FY2026 Q1. Verify missing quarter existence/source evidence. Do not research other fields.; Research official issuer sources for FY2024 Q2. Verify lineage/source ownership evidence, target collision evidence. Do not research other fields.; Research official issuer sources for FY2024 Q3. Verify Capex required to derive FCF, FCF, source semantics confirmation. Do not research other fields.; Research official issuer sources for FY2025 Q1. Verify first-public result publication date, target collision evidence. Do not research other fields.; Research official issuer sources for FY2025 Q2. Verify first-public result publication date, missing quarter existence/source evidence. Do not research other fields.",0,0,10,P2_LATEST4Q,10,P2_LATEST4Q,CAPEX_FOR_FCF|FCF_DIRECT|FIRST_PUBLIC_PUBLISH_DATE|LINEAGE_OWNERSHIP_EVIDENCE|MISSING_QUARTER_EXISTENCE|SOURCE_SEMANTICS_CONFIRMATION|TARGET_COLLISION_EVIDENCE,0,YES,VTGN
"Research official issuer sources for FY2024 Q2. Verify EBIT, source semantics confirmation. Do not research other fields.; Research official issuer sources for FY2024 Q3. Verify EBIT, missing quarter existence/source evidence, source semantics confirmation. Do not research other fields.",0,0,5,P3_LATEST8Q,5,P3_LATEST8Q,EBIT_DIRECT|MISSING_QUARTER_EXISTENCE|SOURCE_SEMANTICS_CONFIRMATION,0,YES,VTR
Research official issuer sources for FY2024 Q3. Verify missing quarter existence/source evidence. Do not research other fields.,0,0,1,P3_LATEST8Q,1,P3_LATEST8Q,MISSING_QUARTER_EXISTENCE,0,YES,VTS
"Research official issuer sources for FY2024 Q2. Verify Total Debt. Do not research other fields.; Research official issuer sources for FY2024 Q4. Verify EBIT, source semantics confirmation. Do not research other fields.",0,0,3,P3_LATEST8Q,3,P3_LATEST8Q,EBIT_DIRECT|SOURCE_SEMANTICS_CONFIRMATION|TOTAL_DEBT,0,NO,VUZI
Research official issuer sources for FY2024 Q2. Verify Total Debt. Do not research other fields.; Research official issuer sources for FY2024 Q3. Verify Total Debt. Do not research other fields.,0,0,2,P3_LATEST8Q,2,P3_LATEST8Q,TOTAL_DEBT,0,NO,VVOS
Research official issuer sources for FY2024 Q2. Verify Cash. Do not research other fields.; Research official issuer sources for FY2024 Q3. Verify Cash. Do not research other fields.,0,2,2,P3_LATEST8Q,4,P3_LATEST8Q,CASH,0,NO,VVX
Research official issuer sources for FY2024 Q2. Verify Total Debt. Do not research other fields.; Research official issuer sources for FY2024 Q3. Verify Total Debt. Do not research other fields.; Research official issuer sources for FY2025 Q1. Verify Cash. Do not research other fields.,0,2,3,P3_LATEST8Q,5,P3_LATEST8Q,CASH|TOTAL_DEBT,0,NO,VYGR
Research official issuer sources for FY2024 Q3. Verify first-public result publication date. Do not research other fields.,0,0,1,P3_LATEST8Q,1,P3_LATEST8Q,FIRST_PUBLIC_PUBLISH_DATE,0,NO,VYX
Research official issuer sources for FY2024 Q2. Verify Total Debt. Do not research other fields.; Research official issuer sources for FY2024 Q3. Verify Total Debt. Do not research other fields.,0,1,2,P3_LATEST8Q,3,P3_LATEST8Q,TOTAL_DEBT,0,NO,WEAV
"Research official issuer sources for FY2024 Q1. Verify EBIT, source semantics confirmation. Do not research other fields.; Research official issuer sources for FY2024 Q2. Verify EBIT, source semantics confirmation. Do not research other fields.; Research official issuer sources for FY2024 Q3. Verify EBIT, source semantics confirmation. Do not research other fields.",0,1,6,P3_LATEST8Q,7,P3_LATEST8Q,EBIT_DIRECT|SOURCE_SEMANTICS_CONFIRMATION,0,NO,WELL
"Research official issuer sources for FY2025 Q1. Verify Capex required to derive FCF, EBIT, FCF, source semantics confirmation, Total Debt. Do not research other fields.",0,0,5,P3_LATEST8Q,5,P3_LATEST8Q,CAPEX_FOR_FCF|EBIT_DIRECT|FCF_DIRECT|SOURCE_SEMANTICS_CONFIRMATION|TOTAL_DEBT,0,NO,WFRD
,0,2,0,NO_EXTERNAL_RESEARCH_NEEDED,2,P3_LATEST8Q,,0,NO,WGS
Research official issuer sources for FY2024 Q1. Verify Total Debt. Do not research other fields.; Research official issuer sources for FY2024 Q2. Verify Total Debt. Do not research other fields.; Research official issuer sources for FY2024 Q3. Verify Total Debt. Do not research other fields.,0,1,3,P3_LATEST8Q,4,P3_LATEST8Q,TOTAL_DEBT,0,NO,WHLR
"Research official issuer sources for FY2025 Q1. Verify EBIT, FCF, OCF required to derive FCF, source semantics confirmation, Total Debt. Do not research other fields.",0,1,5,P3_LATEST8Q,6,P3_LATEST8Q,EBIT_DIRECT|FCF_DIRECT|OCF_FOR_FCF|SOURCE_SEMANTICS_CONFIRMATION|TOTAL_DEBT,0,NO,WHR
Research official issuer sources for FY2026 Q1. Verify Total Debt. Do not research other fields.; Research official issuer sources for FY2024 Q3. Verify Total Debt. Do not research other fields.,0,0,2,P2_LATEST4Q,2,P2_LATEST4Q,TOTAL_DEBT,0,NO,WHWK
Research official issuer sources for FY2024 Q2. Verify Total Debt. Do not research other fields.; Research official issuer sources for FY2024 Q3. Verify Total Debt. Do not research other fields.,0,2,2,P3_LATEST8Q,4,P3_LATEST8Q,TOTAL_DEBT,0,NO,WKC
"Research official issuer sources for FY2024 Q4. Verify EBIT, source semantics confirmation, Total Debt. Do not research other fields.",0,0,3,P3_LATEST8Q,3,P3_LATEST8Q,EBIT_DIRECT|SOURCE_SEMANTICS_CONFIRMATION|TOTAL_DEBT,0,NO,WKHS
"Research official issuer sources for FY2024 Q4. Verify EBIT, Total Debt. Do not research other fields.",0,0,2,P3_LATEST8Q,2,P3_LATEST8Q,EBIT_DIRECT|TOTAL_DEBT,0,NO,WMB
"Research official issuer sources for FY2026 Q1. Verify first-public result publication date. Do not research other fields.; Research official issuer sources for FY2023 Q3. Verify Total Debt. Do not research other fields.; Research official issuer sources for FY2023 Q4. Verify first-public result publication date, Total Debt. Do not research other fields.; Research official issuer sources for FY2025 Q1. Verify first-public result publication date, lineage/source ownership evidence. Do not research other fields.",0,0,6,P2_LATEST4Q,6,P2_LATEST4Q,FIRST_PUBLIC_PUBLISH_DATE|LINEAGE_OWNERSHIP_EVIDENCE|TOTAL_DEBT,0,YES,WMK
"Research official issuer sources for FY2025 Q4. Verify EBIT, source semantics confirmation. Do not research other fields.",0,0,2,P3_LATEST8Q,2,P3_LATEST8Q,EBIT_DIRECT|SOURCE_SEMANTICS_CONFIRMATION,0,YES,WMT
"Research official issuer sources for FY2024 Q2. Verify EBIT, source semantics confirmation. Do not research other fields.; Research official issuer sources for FY2024 Q3. Verify EBIT, missing quarter existence/source evidence, source semantics confirmation. Do not research other fields.",0,0,5,P3_LATEST8Q,5,P3_LATEST8Q,EBIT_DIRECT|MISSING_QUARTER_EXISTENCE|SOURCE_SEMANTICS_CONFIRMATION,0,YES,WPC
Research official issuer sources for FY2024 Q1. Verify Total Debt. Do not research other fields.; Research official issuer sources for FY2024 Q2. Verify Total Debt. Do not research other fields.; Research official issuer sources for FY2024 Q3. Verify Total Debt. Do not research other fields.,0,1,3,P3_LATEST8Q,4,P3_LATEST8Q,TOTAL_DEBT,0,NO,WRAP
Research official issuer sources for FY2024 Q2. Verify Total Debt. Do not research other fields.; Research official issuer sources for FY2024 Q3. Verify Total Debt. Do not research other fields.,0,1,2,P3_LATEST8Q,3,P3_LATEST8Q,TOTAL_DEBT,0,NO,WRBY
"Research official issuer sources for FY2023 Q3. Verify Cash, Total Debt. Do not research other fields.",0,3,2,P3_LATEST8Q,5,P3_LATEST8Q,CASH|TOTAL_DEBT,0,NO,WS
"Research official issuer sources for FY2024 Q1. Verify Total Debt. Do not research other fields.; Research official issuer sources for FY2024 Q2. Verify Total Debt. Do not research other fields.; Research official issuer sources for FY2024 Q3. Verify missing quarter existence/source evidence, Total Debt. Do not research other fields.",0,0,4,P3_LATEST8Q,4,P3_LATEST8Q,MISSING_QUARTER_EXISTENCE|TOTAL_DEBT,0,NO,WSM
,0,1,0,NO_EXTERNAL_RESEARCH_NEEDED,1,P3_LATEST8Q,,0,NO,WTI
Research official issuer sources for FY2024 Q2. Verify Shares Outstanding. Do not research other fields.; Research official issuer sources for FY2024 Q3. Verify Shares Outstanding. Do not research other fields.,0,1,2,P3_LATEST8Q,3,P3_LATEST8Q,SHARES_OUTSTANDING,0,NO,WTTR
Research official issuer sources for FY2024 Q2. Verify Total Debt. Do not research other fields.; Research official issuer sources for FY2024 Q3. Verify Total Debt. Do not research other fields.,0,2,2,P3_LATEST8Q,4,P3_LATEST8Q,TOTAL_DEBT,0,NO,WVE
"Research official issuer sources for FY2024 Q4. Verify EBIT, source semantics confirmation. Do not research other fields.",0,0,2,P3_LATEST8Q,2,P3_LATEST8Q,EBIT_DIRECT|SOURCE_SEMANTICS_CONFIRMATION,0,NO,WWD
"Research official issuer sources for FY2025 Q1. Verify EBIT, FCF, OCF required to derive FCF, source semantics confirmation, Total Debt. Do not research other fields.",0,1,5,P3_LATEST8Q,6,P3_LATEST8Q,EBIT_DIRECT|FCF_DIRECT|OCF_FOR_FCF|SOURCE_SEMANTICS_CONFIRMATION|TOTAL_DEBT,0,NO,WY
,0,1,0,NO_EXTERNAL_RESEARCH_NEEDED,1,P3_LATEST8Q,,0,NO,WYNN
"Research official issuer sources for FY2024 Q2. Verify lineage/source ownership evidence, Total Debt. Do not research other fields.",0,0,2,P3_LATEST8Q,2,P3_LATEST8Q,LINEAGE_OWNERSHIP_EVIDENCE|TOTAL_DEBT,0,NO,XAIR
"Research official issuer sources for FY2024 Q1. Verify Revenue, Total Debt. Do not research other fields.; Research official issuer sources for FY2024 Q2. Verify Revenue, Total Debt. Do not research other fields.; Research official issuer sources for FY2024 Q3. Verify Revenue, Total Debt. Do not research other fields.",0,2,6,P3_LATEST8Q,8,P3_LATEST8Q,REVENUE|TOTAL_DEBT,0,NO,XENE
"Research official issuer sources for FY2024 Q4. Verify EBIT, source semantics confirmation. Do not research other fields.; Research official issuer sources for FY2025 Q1. Verify Cash, EBIT, Revenue, source semantics confirmation, Total Debt. Do not research other fields.",0,0,7,P3_LATEST8Q,7,P3_LATEST8Q,CASH|EBIT_DIRECT|REVENUE|SOURCE_SEMANTICS_CONFIRMATION|TOTAL_DEBT,0,NO,XFOR
,0,2,0,NO_EXTERNAL_RESEARCH_NEEDED,2,P3_LATEST8Q,,0,NO,XIFR
Research official issuer sources for FY2024 Q3. Verify Shares Outstanding. Do not research other fields.,0,1,1,P3_LATEST8Q,2,P3_LATEST8Q,SHARES_OUTSTANDING,0,NO,XMTR
,0,2,0,NO_EXTERNAL_RESEARCH_NEEDED,2,P3_LATEST8Q,,0,NO,XNCR
"Research official issuer sources for FY2024 Q2. Verify EBIT, source semantics confirmation. Do not research other fields.; Research official issuer sources for FY2024 Q3. Verify EBIT, source semantics confirmation. Do not research other fields.",0,1,4,P3_LATEST8Q,5,P3_LATEST8Q,EBIT_DIRECT|SOURCE_SEMANTICS_CONFIRMATION,0,NO,XOM
,0,1,0,NO_EXTERNAL_RESEARCH_NEEDED,1,P3_LATEST8Q,,0,NO,XPER
"Research official issuer sources for FY2025 Q2. Verify first-public result publication date. Do not research other fields.; Research official issuer sources for FY2025 Q3. Verify first-public result publication date. Do not research other fields.; Research official issuer sources for FY2025 Q4. Verify first-public result publication date. Do not research other fields.; Research official issuer sources for FY2024 Q2. Verify Capex required to derive FCF, FCF, source semantics confirmation. Do not research other fields.; Research official issuer sources for FY2024 Q3. Verify Capex required to derive FCF, FCF, source semantics confirmation. Do not research other fields.",0,0,9,P2_LATEST4Q,9,P2_LATEST4Q,CAPEX_FOR_FCF|FCF_DIRECT|FIRST_PUBLIC_PUBLISH_DATE|SOURCE_SEMANTICS_CONFIRMATION,0,NO,XPON
Research official issuer sources for FY2025 Q1. Verify Total Debt. Do not research other fields.,0,1,1,P3_LATEST8Q,2,P3_LATEST8Q,TOTAL_DEBT,0,NO,XRAY
"Research official issuer sources for FY2024 Q2. Verify EBIT, source semantics confirmation. Do not research other fields.; Research official issuer sources for FY2024 Q3. Verify EBIT, source semantics confirmation. Do not research other fields.",0,1,4,P3_LATEST8Q,5,P3_LATEST8Q,EBIT_DIRECT|SOURCE_SEMANTICS_CONFIRMATION,0,NO,XRX
"Research official issuer sources for FY2024 Q1. Verify first-public result publication date. Do not research other fields.; Research official issuer sources for FY2024 Q2. Verify first-public result publication date. Do not research other fields.; Research official issuer sources for FY2024 Q3. Verify first-public result publication date, missing quarter existence/source evidence. Do not research other fields.",0,0,4,P3_LATEST8Q,4,P3_LATEST8Q,FIRST_PUBLIC_PUBLISH_DATE|MISSING_QUARTER_EXISTENCE,0,YES,XTIA
Research official issuer sources for FY2025 Q3. Verify first-public result publication date. Do not research other fields.,0,0,1,P2_LATEST4Q,1,P2_LATEST4Q,FIRST_PUBLIC_PUBLISH_DATE,0,NO,XXII
Research official issuer sources for FY2024 Q2. Verify Total Debt. Do not research other fields.; Research official issuer sources for FY2024 Q3. Verify Total Debt. Do not research other fields.,0,2,2,P3_LATEST8Q,4,P3_LATEST8Q,TOTAL_DEBT,0,NO,XYZ
Research official issuer sources for FY2024 Q2. Verify Total Debt. Do not research other fields.; Research official issuer sources for FY2024 Q3. Verify Total Debt. Do not research other fields.,0,1,2,P3_LATEST8Q,3,P3_LATEST8Q,TOTAL_DEBT,0,NO,YELP
"Research official issuer sources for FY2025 Q1. Verify fiscal transition evidence, official period_end, source semantics confirmation, target collision evidence. Do not research other fields.",0,0,4,P3_LATEST8Q,4,P3_LATEST8Q,FISCAL_TRANSITION_EVIDENCE|OFFICIAL_PERIOD_END|SOURCE_SEMANTICS_CONFIRMATION|TARGET_COLLISION_EVIDENCE,0,YES,YETI
Research official issuer sources for FY2025 Q2. Verify Total Debt. Do not research other fields.; Research official issuer sources for FY2025 Q3. Verify Total Debt. Do not research other fields.,0,0,2,P3_LATEST8Q,2,P3_LATEST8Q,TOTAL_DEBT,0,YES,YEXT
"Research official issuer sources for FY2024 Q2. Verify Shares Outstanding, Total Debt. Do not research other fields.; Research official issuer sources for FY2024 Q3. Verify Shares Outstanding, Total Debt. Do not research other fields.",0,1,4,P3_LATEST8Q,5,P3_LATEST8Q,SHARES_OUTSTANDING|TOTAL_DEBT,0,NO,YOU
"Research official issuer sources for FY2025 Q4. Verify Total Debt. Do not research other fields.; Research official issuer sources for FY2026 Q1. Verify Total Debt. Do not research other fields.; Research official issuer sources for FY2026 Q2. Verify Total Debt. Do not research other fields.; Research official issuer sources for FY2024 Q3. Verify Capex required to derive FCF, FCF, first-public result publication date, source semantics confirmation, Total Debt. Do not research other fields.; Research official issuer sources for FY2025 Q1. Verify Capex required to derive FCF, FCF, first-public result publication date, source semantics confirmation, Total Debt. Do not research other fields.; Research official issuer sources for FY2025 Q2. Verify Capex required to derive FCF, FCF, first-public result publication date, source semantics confirmation. Do not research other fields.; Research official issuer sources for FY2025 Q3. Verify Total Debt. Do not research other fields.",0,2,18,P2_LATEST4Q,20,P2_LATEST4Q,CAPEX_FOR_FCF|FCF_DIRECT|FIRST_PUBLIC_PUBLISH_DATE|SOURCE_SEMANTICS_CONFIRMATION|TOTAL_DEBT,0,NO,YYAI
,0,2,0,NO_EXTERNAL_RESEARCH_NEEDED,2,P3_LATEST8Q,,0,NO,ZD
"Research official issuer sources for FY2023 Q4. Verify first-public result publication date, Total Debt. Do not research other fields.; Research official issuer sources for FY2024 Q1. Verify first-public result publication date. Do not research other fields.; Research official issuer sources for FY2024 Q2. Verify first-public result publication date. Do not research other fields.",0,1,4,P3_LATEST8Q,5,P3_LATEST8Q,FIRST_PUBLIC_PUBLISH_DATE|TOTAL_DEBT,0,NO,ZEO
Research official issuer sources for FY2024 Q2. Verify Total Debt. Do not research other fields.; Research official issuer sources for FY2024 Q3. Verify Total Debt. Do not research other fields.,0,2,2,P3_LATEST8Q,4,P3_LATEST8Q,TOTAL_DEBT,0,NO,ZG
Research official issuer sources for FY2025 Q2. Verify Total Debt. Do not research other fields.; Research official issuer sources for FY2025 Q3. Verify Total Debt. Do not research other fields.,0,0,2,P3_LATEST8Q,2,P3_LATEST8Q,TOTAL_DEBT,0,YES,ZM
Research official issuer sources for FY2024 Q2. Verify Total Debt. Do not research other fields.; Research official issuer sources for FY2024 Q3. Verify Total Debt. Do not research other fields.,0,2,2,P3_LATEST8Q,4,P3_LATEST8Q,TOTAL_DEBT,0,NO,ZNTL
"Research official issuer sources for FY2024 Q2. Verify EBIT, source semantics confirmation. Do not research other fields.; Research official issuer sources for FY2024 Q3. Verify EBIT, source semantics confirmation. Do not research other fields.",0,1,4,P3_LATEST8Q,5,P3_LATEST8Q,EBIT_DIRECT|SOURCE_SEMANTICS_CONFIRMATION,0,NO,ZTS
"Research official issuer sources for FY2024 Q1. Verify Total Debt. Do not research other fields.; Research official issuer sources for FY2024 Q2. Verify Total Debt. Do not research other fields.; Research official issuer sources for FY2024 Q3. Verify missing quarter existence/source evidence, Total Debt. Do not research other fields.",0,0,4,P3_LATEST8Q,4,P3_LATEST8Q,MISSING_QUARTER_EXISTENCE|TOTAL_DEBT,0,NO,ZUMZ
"Research official issuer sources for FY2024 Q1. Verify Cash, Revenue, Total Debt. Do not research other fields.; Research official issuer sources for FY2024 Q2. Verify Cash, Revenue, Total Debt. Do not research other fields.; Research official issuer sources for FY2024 Q3. Verify missing quarter existence/source evidence, Revenue, Total Debt. Do not research other fields.; Research official issuer sources for FY2025 Q1. Verify missing quarter existence/source evidence, Total Debt. Do not research other fields.",0,0,11,P3_LATEST8Q,11,P3_LATEST8Q,CASH|MISSING_QUARTER_EXISTENCE|REVENUE|TOTAL_DEBT,0,YES,ZURA
"Research official issuer sources for FY2024 Q3. Verify Total Debt. Do not research other fields.; Research official issuer sources for FY2024 Q4. Verify Capex required to derive FCF, EBIT, FCF, source semantics confirmation. Do not research other fields.; Research official issuer sources for FY2025 Q1. Verify Capex required to derive FCF, EBIT, FCF, source semantics confirmation. Do not research other fields.",0,0,9,P3_LATEST8Q,9,P3_LATEST8Q,CAPEX_FOR_FCF|EBIT_DIRECT|FCF_DIRECT|SOURCE_SEMANTICS_CONFIRMATION|TOTAL_DEBT,0,NO,ZVIA
Research official issuer sources for FY2024 Q2. Verify Revenue. Do not research other fields.; Research official issuer sources for FY2024 Q3. Verify Revenue. Do not research other fields.,0,2,2,P3_LATEST8Q,4,P3_LATEST8Q,REVENUE,0,NO,ZVRA
"Research official issuer sources for FY2024 Q3. Verify Capex required to derive FCF, FCF, source semantics confirmation. Do not research other fields.",0,0,3,P3_LATEST8Q,3,P3_LATEST8Q,CAPEX_FOR_FCF|FCF_DIRECT|SOURCE_SEMANTICS_CONFIRMATION,0,YES,ZWS
Research official issuer sources for FY2024 Q2. Verify Total Debt. Do not research other fields.; Research official issuer sources for FY2024 Q3. Verify Total Debt. Do not research other fields.,0,2,2,P3_LATEST8Q,4,P3_LATEST8Q,TOTAL_DEBT,0,NO,ZYME
