affected_downstream_layers,closure_dependency,company_id,confidence,current_period_end,current_publish_date,current_ttm_impact,downstream_layer_count,evidence_types_needed,exact_information_needed,existing_local_evidence_summary,fact_count,first_batch_score,fiscal_quarter,fiscal_year,lifecycle_impact,preferred_source_type,priority,quarter_position_latest8q,research_request,research_task_id,score_impact,status,structural_warning,ticker,valuation_impact,why_needed
Latest8Q closure,CAPEX_FOR_FCF|EBIT_DIRECT|FCF_DIRECT|FIRST_PUBLIC_PUBLISH_DATE|OCF_FOR_FCF|REVENUE|SOURCE_SEMANTICS_CONFIRMATION,384,EXTERNAL_OFFICIAL_EVIDENCE_REQUIRED,2025-06-30,,NO,0,CAPEX_FOR_FCF|EBIT_DIRECT|FCF_DIRECT|FIRST_PUBLIC_PUBLISH_DATE|OCF_FOR_FCF|REVENUE|SOURCE_SEMANTICS_CONFIRMATION,Verify Capex required to derive FCF for FY2025 Q2; Verify EBIT for FY2025 Q2; Verify FCF for FY2025 Q2; Verify first-public result publication date for FY2025 Q2; Verify OCF required to derive FCF for FY2025 Q2; Verify Revenue for FY2025 Q2; Verify source semantics confirmation for FY2025 Q2,Phase 8G issue=MISSING_QUARTER|PRIMARY_CORE_INCOMPLETE|PUBLISH_DATE_MISSING|SECONDARY_FIELDS_INCOMPLETE; source dependency=NEED_CAPEX|NEED_EBIT|NEED_FCF|NEED_FIRST_PUBLIC_RESULT_DATE|NEED_MISSING_QUARTER_SOURCE|NEED_OCF|NEED_REVENUE|NEED_SOURCE_SEMANTICS_CONFIRMATION; structural context=CALENDAR_YEAR,7,55,Q2,2025,NO,issuer Investor Relations earnings release/archive,P2_LATEST4Q,2,"Research official issuer sources for FY2025 Q2. Verify Capex required to derive FCF, EBIT, FCF, first-public result publication date, OCF required to derive FCF, Revenue, source semantics confirmation. Do not research other fields.",P8H-2-0075,NO,READY_FOR_EXTERNAL_RESEARCH_CLEANED,,BTCT,NO,Required to close downstream-critical latest8Q gaps for TTM / Score / Lifecycle / Valuation
Latest8Q closure,CAPEX_FOR_FCF|EBIT_DIRECT|FCF_DIRECT|FIRST_PUBLIC_PUBLISH_DATE|OCF_FOR_FCF|REVENUE|SOURCE_SEMANTICS_CONFIRMATION,1082,EXTERNAL_OFFICIAL_EVIDENCE_REQUIRED,2025-06-30,,NO,0,CAPEX_FOR_FCF|EBIT_DIRECT|FCF_DIRECT|FIRST_PUBLIC_PUBLISH_DATE|OCF_FOR_FCF|REVENUE|SOURCE_SEMANTICS_CONFIRMATION,Verify Capex required to derive FCF for FY2025 Q2; Verify EBIT for FY2025 Q2; Verify FCF for FY2025 Q2; Verify first-public result publication date for FY2025 Q2; Verify OCF required to derive FCF for FY2025 Q2; Verify Revenue for FY2025 Q2; Verify source semantics confirmation for FY2025 Q2,Phase 8G issue=MISSING_QUARTER|PRIMARY_CORE_INCOMPLETE|PUBLISH_DATE_MISSING|SECONDARY_FIELDS_INCOMPLETE; source dependency=NEED_CAPEX|NEED_EBIT|NEED_FCF|NEED_FIRST_PUBLIC_RESULT_DATE|NEED_MISSING_QUARTER_SOURCE|NEED_OCF|NEED_REVENUE|NEED_SOURCE_SEMANTICS_CONFIRMATION; structural context=CALENDAR_YEAR,7,55,Q2,2025,NO,issuer Investor Relations earnings release/archive,P2_LATEST4Q,2,"Research official issuer sources for FY2025 Q2. Verify Capex required to derive FCF, EBIT, FCF, first-public result publication date, OCF required to derive FCF, Revenue, source semantics confirmation. Do not research other fields.",P8H-2-0154,NO,READY_FOR_EXTERNAL_RESEARCH_CLEANED,,HOLO,NO,Required to close downstream-critical latest8Q gaps for TTM / Score / Lifecycle / Valuation
Latest8Q closure,CAPEX_FOR_FCF|EBIT_DIRECT|FCF_DIRECT|FIRST_PUBLIC_PUBLISH_DATE|OCF_FOR_FCF|REVENUE|SOURCE_SEMANTICS_CONFIRMATION,1487,EXTERNAL_OFFICIAL_EVIDENCE_REQUIRED,2025-06-30,,NO,0,CAPEX_FOR_FCF|EBIT_DIRECT|FCF_DIRECT|FIRST_PUBLIC_PUBLISH_DATE|OCF_FOR_FCF|REVENUE|SOURCE_SEMANTICS_CONFIRMATION,Verify Capex required to derive FCF for FY2025 Q2; Verify EBIT for FY2025 Q2; Verify FCF for FY2025 Q2; Verify first-public result publication date for FY2025 Q2; Verify OCF required to derive FCF for FY2025 Q2; Verify Revenue for FY2025 Q2; Verify source semantics confirmation for FY2025 Q2,Phase 8G issue=MISSING_QUARTER|PRIMARY_CORE_INCOMPLETE|PUBLISH_DATE_MISSING|SECONDARY_FIELDS_INCOMPLETE; source dependency=NEED_CAPEX|NEED_EBIT|NEED_FCF|NEED_FIRST_PUBLIC_RESULT_DATE|NEED_MISSING_QUARTER_SOURCE|NEED_OCF|NEED_REVENUE|NEED_SOURCE_SEMANTICS_CONFIRMATION; structural context=CALENDAR_YEAR,7,55,Q2,2025,NO,issuer Investor Relations earnings release/archive,P2_LATEST4Q,2,"Research official issuer sources for FY2025 Q2. Verify Capex required to derive FCF, EBIT, FCF, first-public result publication date, OCF required to derive FCF, Revenue, source semantics confirmation. Do not research other fields.",P8H-2-0211,NO,READY_FOR_EXTERNAL_RESEARCH_CLEANED,,MLGO,NO,Required to close downstream-critical latest8Q gaps for TTM / Score / Lifecycle / Valuation
Latest8Q closure,CAPEX_FOR_FCF|CASH|FCF_DIRECT|OCF_FOR_FCF|SHARES_OUTSTANDING|SOURCE_SEMANTICS_CONFIRMATION|TOTAL_DEBT,679,EXTERNAL_OFFICIAL_EVIDENCE_REQUIRED,2025-09-30,2026-02-26,NO,0,CAPEX_FOR_FCF|CASH|FCF_DIRECT|OCF_FOR_FCF|SHARES_OUTSTANDING|SOURCE_SEMANTICS_CONFIRMATION|TOTAL_DEBT,Verify Capex required to derive FCF for FY2025 Q3; Verify Cash for FY2025 Q3; Verify FCF for FY2025 Q3; Verify OCF required to derive FCF for FY2025 Q3; Verify Shares Outstanding for FY2025 Q3; Verify source semantics confirmation for FY2025 Q3; Verify Total Debt for FY2025 Q3,Phase 8G issue=PRIMARY_CORE_INCOMPLETE|SECONDARY_FIELDS_INCOMPLETE; source dependency=NEED_CAPEX|NEED_CASH|NEED_DEBT|NEED_FCF|NEED_OCF|NEED_SHARES|NEED_SOURCE_SEMANTICS_CONFIRMATION; structural context=CALENDAR_YEAR,7,50,Q3,2025,NO,issuer quarterly/annual report; SEC filing/XBRL only as fallback,P2_LATEST4Q,4,"Research official issuer sources for FY2025 Q3. Verify Capex required to derive FCF, Cash, FCF, OCF required to derive FCF, Shares Outstanding, source semantics confirmation, Total Debt. Do not research other fields.",P8H-2-0109,NO,READY_FOR_EXTERNAL_RESEARCH_CLEANED,,DEC,NO,Required to close downstream-critical latest8Q gaps for TTM / Score / Lifecycle / Valuation
Latest8Q closure,CAPEX_FOR_FCF|EBIT_DIRECT|FCF_DIRECT|OCF_FOR_FCF|REVENUE|SOURCE_SEMANTICS_CONFIRMATION|TOTAL_DEBT,784,EXTERNAL_OFFICIAL_EVIDENCE_REQUIRED,2026-03-31,2026-05-11,NO,0,CAPEX_FOR_FCF|EBIT_DIRECT|FCF_DIRECT|OCF_FOR_FCF|REVENUE|SOURCE_SEMANTICS_CONFIRMATION|TOTAL_DEBT,Verify Capex required to derive FCF for FY2026 Q1; Verify EBIT for FY2026 Q1; Verify FCF for FY2026 Q1; Verify OCF required to derive FCF for FY2026 Q1; Verify Revenue for FY2026 Q1; Verify source semantics confirmation for FY2026 Q1; Verify Total Debt for FY2026 Q1,Phase 8G issue=PRIMARY_CORE_INCOMPLETE|SECONDARY_FIELDS_INCOMPLETE; source dependency=NEED_CAPEX|NEED_DEBT|NEED_EBIT|NEED_FCF|NEED_OCF|NEED_REVENUE|NEED_SOURCE_SEMANTICS_CONFIRMATION; structural context=CALENDAR_YEAR,7,50,Q1,2026,NO,issuer quarterly/annual report; SEC filing/XBRL only as fallback,P2_LATEST4Q,2,"Research official issuer sources for FY2026 Q1. Verify Capex required to derive FCF, EBIT, FCF, OCF required to derive FCF, Revenue, source semantics confirmation, Total Debt. Do not research other fields.",P8H-2-0123,NO,READY_FOR_EXTERNAL_RESEARCH_CLEANED,,ELME,NO,Required to close downstream-critical latest8Q gaps for TTM / Score / Lifecycle / Valuation
Latest8Q closure,CAPEX_FOR_FCF|EBIT_DIRECT|FCF_DIRECT|OCF_FOR_FCF|REVENUE|SOURCE_SEMANTICS_CONFIRMATION,1082,EXTERNAL_OFFICIAL_EVIDENCE_REQUIRED,2024-12-31,2025-03-21,NO,0,CAPEX_FOR_FCF|EBIT_DIRECT|FCF_DIRECT|OCF_FOR_FCF|REVENUE|SOURCE_SEMANTICS_CONFIRMATION,Verify Capex required to derive FCF for FY2024 Q4; Verify EBIT for FY2024 Q4; Verify FCF for FY2024 Q4; Verify OCF required to derive FCF for FY2024 Q4; Verify Revenue for FY2024 Q4; Verify source semantics confirmation for FY2024 Q4,Phase 8G issue=MISSING_QUARTER|PRIMARY_CORE_INCOMPLETE|SECONDARY_FIELDS_INCOMPLETE; source dependency=NEED_CAPEX|NEED_EBIT|NEED_FCF|NEED_MISSING_QUARTER_SOURCE|NEED_OCF|NEED_REVENUE|NEED_SOURCE_SEMANTICS_CONFIRMATION; structural context=CALENDAR_YEAR,6,50,Q4,2024,NO,issuer quarterly/annual report; SEC filing/XBRL only as fallback,P2_LATEST4Q,3,"Research official issuer sources for FY2024 Q4. Verify Capex required to derive FCF, EBIT, FCF, OCF required to derive FCF, Revenue, source semantics confirmation. Do not research other fields.",P8H-2-0153,NO,READY_FOR_EXTERNAL_RESEARCH_CLEANED,,HOLO,NO,Required to close downstream-critical latest8Q gaps for TTM / Score / Lifecycle / Valuation
Latest8Q closure,CAPEX_FOR_FCF|EBIT_DIRECT|FCF_DIRECT|OCF_FOR_FCF|REVENUE|SOURCE_SEMANTICS_CONFIRMATION,1487,EXTERNAL_OFFICIAL_EVIDENCE_REQUIRED,2024-12-31,2025-04-28,NO,0,CAPEX_FOR_FCF|EBIT_DIRECT|FCF_DIRECT|OCF_FOR_FCF|REVENUE|SOURCE_SEMANTICS_CONFIRMATION,Verify Capex required to derive FCF for FY2024 Q4; Verify EBIT for FY2024 Q4; Verify FCF for FY2024 Q4; Verify OCF required to derive FCF for FY2024 Q4; Verify Revenue for FY2024 Q4; Verify source semantics confirmation for FY2024 Q4,Phase 8G issue=MISSING_QUARTER|PRIMARY_CORE_INCOMPLETE|SECONDARY_FIELDS_INCOMPLETE; source dependency=NEED_CAPEX|NEED_EBIT|NEED_FCF|NEED_MISSING_QUARTER_SOURCE|NEED_OCF|NEED_REVENUE|NEED_SOURCE_SEMANTICS_CONFIRMATION; structural context=CALENDAR_YEAR,6,50,Q4,2024,NO,issuer quarterly/annual report; SEC filing/XBRL only as fallback,P2_LATEST4Q,3,"Research official issuer sources for FY2024 Q4. Verify Capex required to derive FCF, EBIT, FCF, OCF required to derive FCF, Revenue, source semantics confirmation. Do not research other fields.",P8H-2-0210,NO,READY_FOR_EXTERNAL_RESEARCH_CLEANED,,MLGO,NO,Required to close downstream-critical latest8Q gaps for TTM / Score / Lifecycle / Valuation
Latest8Q closure,CAPEX_FOR_FCF|EBIT_DIRECT|FCF_DIRECT|OCF_FOR_FCF|REVENUE|SOURCE_SEMANTICS_CONFIRMATION,1580,EXTERNAL_OFFICIAL_EVIDENCE_REQUIRED,2025-12-31,2026-04-28,NO,0,CAPEX_FOR_FCF|EBIT_DIRECT|FCF_DIRECT|OCF_FOR_FCF|REVENUE|SOURCE_SEMANTICS_CONFIRMATION,Verify Capex required to derive FCF for FY2025 Q4; Verify EBIT for FY2025 Q4; Verify FCF for FY2025 Q4; Verify OCF required to derive FCF for FY2025 Q4; Verify Revenue for FY2025 Q4; Verify source semantics confirmation for FY2025 Q4,Phase 8G issue=MISSING_QUARTER|PRIMARY_CORE_INCOMPLETE|SECONDARY_FIELDS_INCOMPLETE; source dependency=NEED_CAPEX|NEED_EBIT|NEED_FCF|NEED_MISSING_QUARTER_SOURCE|NEED_OCF|NEED_REVENUE|NEED_SOURCE_SEMANTICS_CONFIRMATION; structural context=CALENDAR_YEAR,6,50,Q4,2025,NO,issuer quarterly/annual report; SEC filing/XBRL only as fallback,P2_LATEST4Q,2,"Research official issuer sources for FY2025 Q4. Verify Capex required to derive FCF, EBIT, FCF, OCF required to derive FCF, Revenue, source semantics confirmation. Do not research other fields.",P8H-2-0226,NO,READY_FOR_EXTERNAL_RESEARCH_CLEANED,,NEGG,NO,Required to close downstream-critical latest8Q gaps for TTM / Score / Lifecycle / Valuation
Latest8Q closure,CAPEX_FOR_FCF|EBIT_DIRECT|FCF_DIRECT|OCF_FOR_FCF|REVENUE|SOURCE_SEMANTICS_CONFIRMATION,2034,EXTERNAL_OFFICIAL_EVIDENCE_REQUIRED,2025-12-31,2026-04-01,NO,0,CAPEX_FOR_FCF|EBIT_DIRECT|FCF_DIRECT|OCF_FOR_FCF|REVENUE|SOURCE_SEMANTICS_CONFIRMATION,Verify Capex required to derive FCF for FY2025 Q4; Verify EBIT for FY2025 Q4; Verify FCF for FY2025 Q4; Verify OCF required to derive FCF for FY2025 Q4; Verify Revenue for FY2025 Q4; Verify source semantics confirmation for FY2025 Q4,Phase 8G issue=MISSING_QUARTER|PRIMARY_CORE_INCOMPLETE|SECONDARY_FIELDS_INCOMPLETE; source dependency=NEED_CAPEX|NEED_EBIT|NEED_FCF|NEED_MISSING_QUARTER_SOURCE|NEED_OCF|NEED_REVENUE|NEED_SOURCE_SEMANTICS_CONFIRMATION; structural context=CALENDAR_YEAR,6,50,Q4,2025,NO,issuer quarterly/annual report; SEC filing/XBRL only as fallback,P2_LATEST4Q,2,"Research official issuer sources for FY2025 Q4. Verify Capex required to derive FCF, EBIT, FCF, OCF required to derive FCF, Revenue, source semantics confirmation. Do not research other fields.",P8H-2-0294,NO,READY_FOR_EXTERNAL_RESEARCH_CLEANED,,SCNI,NO,Required to close downstream-critical latest8Q gaps for TTM / Score / Lifecycle / Valuation
Latest8Q closure,CAPEX_FOR_FCF|EBIT_DIRECT|FCF_DIRECT|SOURCE_SEMANTICS_CONFIRMATION|TOTAL_DEBT,443,EXTERNAL_OFFICIAL_EVIDENCE_REQUIRED,2025-09-30,2025-10-30,NO,0,CAPEX_FOR_FCF|EBIT_DIRECT|FCF_DIRECT|SOURCE_SEMANTICS_CONFIRMATION|TOTAL_DEBT,Verify Capex required to derive FCF for FY2025 Q3; Verify EBIT for FY2025 Q3; Verify FCF for FY2025 Q3; Verify source semantics confirmation for FY2025 Q3; Verify Total Debt for FY2025 Q3,Phase 8G issue=PRIMARY_CORE_INCOMPLETE|SECONDARY_FIELDS_INCOMPLETE; source dependency=NEED_CAPEX|NEED_DEBT|NEED_EBIT|NEED_FCF|NEED_SOURCE_SEMANTICS_CONFIRMATION; structural context=CALENDAR_YEAR,5,40,Q3,2025,NO,issuer quarterly/annual report; SEC filing/XBRL only as fallback,P2_LATEST4Q,4,"Research official issuer sources for FY2025 Q3. Verify Capex required to derive FCF, EBIT, FCF, source semantics confirmation, Total Debt. Do not research other fields.",P8H-2-0081,NO,READY_FOR_EXTERNAL_RESEARCH_CLEANED,,CDP,NO,Required to close downstream-critical latest8Q gaps for TTM / Score / Lifecycle / Valuation
Latest8Q closure,CAPEX_FOR_FCF|EBIT_DIRECT|FCF_DIRECT|OCF_FOR_FCF|SOURCE_SEMANTICS_CONFIRMATION,784,EXTERNAL_OFFICIAL_EVIDENCE_REQUIRED,2025-12-31,2026-04-28,NO,0,CAPEX_FOR_FCF|EBIT_DIRECT|FCF_DIRECT|OCF_FOR_FCF|SOURCE_SEMANTICS_CONFIRMATION,Verify Capex required to derive FCF for FY2025 Q4; Verify EBIT for FY2025 Q4; Verify FCF for FY2025 Q4; Verify OCF required to derive FCF for FY2025 Q4; Verify source semantics confirmation for FY2025 Q4,Phase 8G issue=PRIMARY_CORE_INCOMPLETE|SECONDARY_FIELDS_INCOMPLETE; source dependency=NEED_CAPEX|NEED_EBIT|NEED_FCF|NEED_OCF|NEED_SOURCE_SEMANTICS_CONFIRMATION; structural context=CALENDAR_YEAR,5,40,Q4,2025,NO,issuer quarterly/annual report; SEC filing/XBRL only as fallback,P2_LATEST4Q,3,"Research official issuer sources for FY2025 Q4. Verify Capex required to derive FCF, EBIT, FCF, OCF required to derive FCF, source semantics confirmation. Do not research other fields.",P8H-2-0122,NO,READY_FOR_EXTERNAL_RESEARCH_CLEANED,,ELME,NO,Required to close downstream-critical latest8Q gaps for TTM / Score / Lifecycle / Valuation
Latest8Q closure,CAPEX_FOR_FCF|FCF_DIRECT|FIRST_PUBLIC_PUBLISH_DATE|SOURCE_SEMANTICS_CONFIRMATION|TOTAL_DEBT,1068,EXTERNAL_OFFICIAL_EVIDENCE_REQUIRED,2025-06-30,,NO,0,CAPEX_FOR_FCF|FCF_DIRECT|FIRST_PUBLIC_PUBLISH_DATE|SOURCE_SEMANTICS_CONFIRMATION|TOTAL_DEBT,Verify Capex required to derive FCF for FY2025 Q2; Verify FCF for FY2025 Q2; Verify first-public result publication date for FY2025 Q2; Verify source semantics confirmation for FY2025 Q2; Verify Total Debt for FY2025 Q2,Phase 8G issue=PRIMARY_CORE_INCOMPLETE|PUBLISH_DATE_MISSING|SECONDARY_FIELDS_INCOMPLETE; source dependency=NEED_CAPEX|NEED_DEBT|NEED_FCF|NEED_FIRST_PUBLIC_RESULT_DATE|NEED_SOURCE_SEMANTICS_CONFIRMATION; structural context=CALENDAR_YEAR,5,40,Q2,2025,NO,issuer Investor Relations earnings release/archive,P2_LATEST4Q,4,"Research official issuer sources for FY2025 Q2. Verify Capex required to derive FCF, FCF, first-public result publication date, source semantics confirmation, Total Debt. Do not research other fields.",P8H-2-0150,NO,READY_FOR_EXTERNAL_RESEARCH_CLEANED,,HIND,NO,Required to close downstream-critical latest8Q gaps for TTM / Score / Lifecycle / Valuation
Latest8Q closure,CAPEX_FOR_FCF|CASH|FCF_DIRECT|SOURCE_SEMANTICS_CONFIRMATION|TOTAL_DEBT,2057,EXTERNAL_OFFICIAL_EVIDENCE_REQUIRED,2025-06-30,2025-10-14,NO,0,CAPEX_FOR_FCF|CASH|FCF_DIRECT|SOURCE_SEMANTICS_CONFIRMATION|TOTAL_DEBT,Verify Capex required to derive FCF for FY2025 Q4; Verify Cash for FY2025 Q4; Verify FCF for FY2025 Q4; Verify source semantics confirmation for FY2025 Q4; Verify Total Debt for FY2025 Q4,Phase 8G issue=PRIMARY_CORE_INCOMPLETE|SECONDARY_FIELDS_INCOMPLETE; source dependency=NEED_CAPEX|NEED_CASH|NEED_DEBT|NEED_FCF|NEED_SOURCE_SEMANTICS_CONFIRMATION; structural context=FIXED_DATE_FISCAL_YEAR,5,40,Q4,2025,NO,issuer quarterly/annual report; SEC filing/XBRL only as fallback,P2_LATEST4Q,4,"Research official issuer sources for FY2025 Q4. Verify Capex required to derive FCF, Cash, FCF, source semantics confirmation, Total Debt. Do not research other fields.",P8H-2-0303,NO,READY_FOR_EXTERNAL_RESEARCH_CLEANED,,SGLY,NO,Required to close downstream-critical latest8Q gaps for TTM / Score / Lifecycle / Valuation
Latest8Q closure,FIRST_PUBLIC_PUBLISH_DATE|FISCAL_TRANSITION_EVIDENCE|OFFICIAL_PERIOD_END|SOURCE_SEMANTICS_CONFIRMATION,884,EXTERNAL_OFFICIAL_EVIDENCE_REQUIRED,2025-10-31,,NO,0,FIRST_PUBLIC_PUBLISH_DATE|FISCAL_TRANSITION_EVIDENCE|OFFICIAL_PERIOD_END|SOURCE_SEMANTICS_CONFIRMATION,Verify first-public result publication date for FY2026 Q1; Verify fiscal transition evidence for FY2026 Q1; Verify official period_end for FY2026 Q1; Verify source semantics confirmation for FY2026 Q1,Phase 8G issue=PERIOD_END_TRANSITION_REVIEW|PUBLISH_DATE_MISSING|TRANSITION_REVIEW|TRANSITION_SEQUENCE; source dependency=NEED_FIRST_PUBLIC_RESULT_DATE|NEED_OFFICIAL_PERIOD_END|NEED_SOURCE_SEMANTICS_CONFIRMATION|NEED_TRANSITION_CALENDAR_EVIDENCE; structural context=CALENDAR_YEAR,4,15,Q1,2026,NO,issuer Investor Relations earnings release/archive,P2_LATEST4Q,2,"Research official issuer sources for FY2026 Q1. Verify first-public result publication date, fiscal transition evidence, official period_end, source semantics confirmation. Do not research other fields.",P8H-2-0128,NO,READY_FOR_EXTERNAL_RESEARCH_CLEANED,STRUCTURAL_REVIEW_ALSO_REQUIRED,FERG,NO,Required to close downstream-critical latest8Q gaps for TTM / Score / Lifecycle / Valuation
Latest8Q closure,CAPEX_FOR_FCF|FCF_DIRECT|SOURCE_SEMANTICS_CONFIRMATION|TOTAL_DEBT,1510,EXTERNAL_OFFICIAL_EVIDENCE_REQUIRED,2025-06-30,2025-09-24,NO,0,CAPEX_FOR_FCF|FCF_DIRECT|SOURCE_SEMANTICS_CONFIRMATION|TOTAL_DEBT,Verify Capex required to derive FCF for FY2025 Q2; Verify FCF for FY2025 Q2; Verify source semantics confirmation for FY2025 Q2; Verify Total Debt for FY2025 Q2,Phase 8G issue=PRIMARY_CORE_INCOMPLETE|SECONDARY_FIELDS_INCOMPLETE; source dependency=NEED_CAPEX|NEED_DEBT|NEED_FCF|NEED_SOURCE_SEMANTICS_CONFIRMATION; structural context=CALENDAR_YEAR,4,35,Q2,2025,NO,issuer quarterly/annual report; SEC filing/XBRL only as fallback,P2_LATEST4Q,4,"Research official issuer sources for FY2025 Q2. Verify Capex required to derive FCF, FCF, source semantics confirmation, Total Debt. Do not research other fields.",P8H-2-0219,NO,READY_FOR_EXTERNAL_RESEARCH_CLEANED,,MOVE,NO,Required to close downstream-critical latest8Q gaps for TTM / Score / Lifecycle / Valuation
Latest8Q closure,CAPEX_FOR_FCF|FCF_DIRECT|SOURCE_SEMANTICS_CONFIRMATION|TOTAL_DEBT,1587,EXTERNAL_OFFICIAL_EVIDENCE_REQUIRED,2025-06-30,2025-09-29,NO,0,CAPEX_FOR_FCF|FCF_DIRECT|SOURCE_SEMANTICS_CONFIRMATION|TOTAL_DEBT,Verify Capex required to derive FCF for FY2025 Q4; Verify FCF for FY2025 Q4; Verify source semantics confirmation for FY2025 Q4; Verify Total Debt for FY2025 Q4,Phase 8G issue=PRIMARY_CORE_INCOMPLETE|SECONDARY_FIELDS_INCOMPLETE; source dependency=NEED_CAPEX|NEED_DEBT|NEED_FCF|NEED_SOURCE_SEMANTICS_CONFIRMATION; structural context=FIXED_DATE_FISCAL_YEAR,4,35,Q4,2025,NO,issuer quarterly/annual report; SEC filing/XBRL only as fallback,P2_LATEST4Q,4,"Research official issuer sources for FY2025 Q4. Verify Capex required to derive FCF, FCF, source semantics confirmation, Total Debt. Do not research other fields.",P8H-2-0227,NO,READY_FOR_EXTERNAL_RESEARCH_CLEANED,,NEUP,NO,Required to close downstream-critical latest8Q gaps for TTM / Score / Lifecycle / Valuation
Latest8Q closure,EBIT_DIRECT|SOURCE_SEMANTICS_CONFIRMATION|TOTAL_DEBT,76,EXTERNAL_OFFICIAL_EVIDENCE_REQUIRED,2026-03-31,2026-05-04,NO,0,EBIT_DIRECT|SOURCE_SEMANTICS_CONFIRMATION|TOTAL_DEBT,Verify EBIT for FY2026 Q1; Verify source semantics confirmation for FY2026 Q1; Verify Total Debt for FY2026 Q1,Phase 8G issue=PRIMARY_CORE_INCOMPLETE|SECONDARY_FIELDS_INCOMPLETE; source dependency=NEED_DEBT|NEED_EBIT|NEED_SOURCE_SEMANTICS_CONFIRMATION; structural context=CALENDAR_YEAR,3,30,Q1,2026,NO,issuer quarterly/annual report; SEC filing/XBRL only as fallback,P2_LATEST4Q,2,"Research official issuer sources for FY2026 Q1. Verify EBIT, source semantics confirmation, Total Debt. Do not research other fields.",P8H-2-0010,NO,READY_FOR_EXTERNAL_RESEARCH_CLEANED,,AGNC,NO,Required to close downstream-critical latest8Q gaps for TTM / Score / Lifecycle / Valuation
Latest8Q closure,FIRST_PUBLIC_PUBLISH_DATE|MISSING_QUARTER_EXISTENCE|TARGET_COLLISION_EVIDENCE,383,EXTERNAL_OFFICIAL_EVIDENCE_REQUIRED,2025-09-30,,NO,0,FIRST_PUBLIC_PUBLISH_DATE|MISSING_QUARTER_EXISTENCE|TARGET_COLLISION_EVIDENCE,Verify first-public result publication date for FY2025 Q3; Verify missing quarter existence/source evidence for FY2025 Q3; Verify target collision evidence for FY2025 Q3,Phase 8G issue=MISSING_QUARTER|PUBLISH_DATE_MISSING|TARGET_COLLISION; source dependency=NEED_FIRST_PUBLIC_RESULT_DATE|NEED_MISSING_QUARTER_SOURCE|NEED_TARGET_COLLISION_RESOLUTION; structural context=OTHER_VERIFIED,3,15,Q3,2025,NO,issuer Investor Relations earnings release/archive,P2_LATEST4Q,3,"Research official issuer sources for FY2025 Q3. Verify first-public result publication date, missing quarter existence/source evidence, target collision evidence. Do not research other fields.",P8H-2-0073,NO,READY_FOR_EXTERNAL_RESEARCH_CLEANED,STRUCTURAL_REVIEW_ALSO_REQUIRED,BTBD,NO,Required to close downstream-critical latest8Q gaps for TTM / Score / Lifecycle / Valuation
Latest8Q closure,MISSING_QUARTER_EXISTENCE|TARGET_COLLISION_EVIDENCE|TOTAL_DEBT,410,EXTERNAL_OFFICIAL_EVIDENCE_REQUIRED,2025-08-31,2025-10-01,NO,0,MISSING_QUARTER_EXISTENCE|TARGET_COLLISION_EVIDENCE|TOTAL_DEBT,Verify missing quarter existence/source evidence for FY2026 Q1; Verify target collision evidence for FY2026 Q1; Verify Total Debt for FY2026 Q1,Phase 8G issue=MISSING_QUARTER|PRIMARY_CORE_INCOMPLETE|TARGET_COLLISION; source dependency=NEED_DEBT|NEED_MISSING_QUARTER_SOURCE|NEED_TARGET_COLLISION_RESOLUTION; structural context=WEEK_BASED_52_53,3,35,Q1,2026,NO,issuer quarterly/annual report; SEC filing/XBRL only as fallback,P2_LATEST4Q,4,"Research official issuer sources for FY2026 Q1. Verify missing quarter existence/source evidence, target collision evidence, Total Debt. Do not research other fields.",P8H-2-0078,NO,READY_FOR_EXTERNAL_RESEARCH_CLEANED,STRUCTURAL_REVIEW_ALSO_REQUIRED,CALM,NO,Required to close downstream-critical latest8Q gaps for TTM / Score / Lifecycle / Valuation
Latest8Q closure,MISSING_QUARTER_EXISTENCE|TARGET_COLLISION_EVIDENCE|TOTAL_DEBT,410,EXTERNAL_OFFICIAL_EVIDENCE_REQUIRED,2025-11-30,2026-01-07,NO,0,MISSING_QUARTER_EXISTENCE|TARGET_COLLISION_EVIDENCE|TOTAL_DEBT,Verify missing quarter existence/source evidence for FY2026 Q2; Verify target collision evidence for FY2026 Q2; Verify Total Debt for FY2026 Q2,Phase 8G issue=MISSING_QUARTER|PRIMARY_CORE_INCOMPLETE|TARGET_COLLISION; source dependency=NEED_DEBT|NEED_MISSING_QUARTER_SOURCE|NEED_TARGET_COLLISION_RESOLUTION; structural context=WEEK_BASED_52_53,3,35,Q2,2026,NO,issuer quarterly/annual report; SEC filing/XBRL only as fallback,P2_LATEST4Q,3,"Research official issuer sources for FY2026 Q2. Verify missing quarter existence/source evidence, target collision evidence, Total Debt. Do not research other fields.",P8H-2-0079,NO,READY_FOR_EXTERNAL_RESEARCH_CLEANED,STRUCTURAL_REVIEW_ALSO_REQUIRED,CALM,NO,Required to close downstream-critical latest8Q gaps for TTM / Score / Lifecycle / Valuation
Latest8Q closure,FISCAL_TRANSITION_EVIDENCE|OFFICIAL_PERIOD_END|SOURCE_SEMANTICS_CONFIRMATION,884,EXTERNAL_OFFICIAL_EVIDENCE_REQUIRED,2025-01-31,2025-03-11,NO,0,FISCAL_TRANSITION_EVIDENCE|OFFICIAL_PERIOD_END|SOURCE_SEMANTICS_CONFIRMATION,Verify fiscal transition evidence for FY2025 Q2; Verify official period_end for FY2025 Q2; Verify source semantics confirmation for FY2025 Q2,Phase 8G issue=PERIOD_END_TRANSITION_REVIEW|TRANSITION_REVIEW|TRANSITION_SEQUENCE; source dependency=NEED_OFFICIAL_PERIOD_END|NEED_SOURCE_SEMANTICS_CONFIRMATION|NEED_TRANSITION_CALENDAR_EVIDENCE; structural context=CALENDAR_YEAR,3,10,Q2,2025,NO,"issuer IR release, annual report, or financial reports page",P2_LATEST4Q,4,"Research official issuer sources for FY2025 Q2. Verify fiscal transition evidence, official period_end, source semantics confirmation. Do not research other fields.",P8H-2-0126,NO,READY_FOR_EXTERNAL_RESEARCH_CLEANED,STRUCTURAL_REVIEW_ALSO_REQUIRED,FERG,NO,Required to close downstream-critical latest8Q gaps for TTM / Score / Lifecycle / Valuation
Latest8Q closure,FISCAL_TRANSITION_EVIDENCE|OFFICIAL_PERIOD_END|SOURCE_SEMANTICS_CONFIRMATION,884,EXTERNAL_OFFICIAL_EVIDENCE_REQUIRED,2025-04-30,2025-06-03,NO,0,FISCAL_TRANSITION_EVIDENCE|OFFICIAL_PERIOD_END|SOURCE_SEMANTICS_CONFIRMATION,Verify fiscal transition evidence for FY2025 Q3; Verify official period_end for FY2025 Q3; Verify source semantics confirmation for FY2025 Q3,Phase 8G issue=PERIOD_END_TRANSITION_REVIEW|TRANSITION_REVIEW|TRANSITION_SEQUENCE; source dependency=NEED_OFFICIAL_PERIOD_END|NEED_SOURCE_SEMANTICS_CONFIRMATION|NEED_TRANSITION_CALENDAR_EVIDENCE; structural context=CALENDAR_YEAR,3,10,Q3,2025,NO,"issuer IR release, annual report, or financial reports page",P2_LATEST4Q,3,"Research official issuer sources for FY2025 Q3. Verify fiscal transition evidence, official period_end, source semantics confirmation. Do not research other fields.",P8H-2-0127,NO,READY_FOR_EXTERNAL_RESEARCH_CLEANED,STRUCTURAL_REVIEW_ALSO_REQUIRED,FERG,NO,Required to close downstream-critical latest8Q gaps for TTM / Score / Lifecycle / Valuation
Latest8Q closure,CAPEX_FOR_FCF|FCF_DIRECT|SOURCE_SEMANTICS_CONFIRMATION,1068,EXTERNAL_OFFICIAL_EVIDENCE_REQUIRED,2025-09-30,2025-11-14,NO,0,CAPEX_FOR_FCF|FCF_DIRECT|SOURCE_SEMANTICS_CONFIRMATION,Verify Capex required to derive FCF for FY2025 Q3; Verify FCF for FY2025 Q3; Verify source semantics confirmation for FY2025 Q3,Phase 8G issue=PRIMARY_CORE_INCOMPLETE|SECONDARY_FIELDS_INCOMPLETE; source dependency=NEED_CAPEX|NEED_FCF|NEED_SOURCE_SEMANTICS_CONFIRMATION; structural context=CALENDAR_YEAR,3,30,Q3,2025,NO,issuer quarterly/annual report; SEC filing/XBRL only as fallback,P2_LATEST4Q,3,"Research official issuer sources for FY2025 Q3. Verify Capex required to derive FCF, FCF, source semantics confirmation. Do not research other fields.",P8H-2-0151,NO,READY_FOR_EXTERNAL_RESEARCH_CLEANED,,HIND,NO,Required to close downstream-critical latest8Q gaps for TTM / Score / Lifecycle / Valuation
Latest8Q closure,CAPEX_FOR_FCF|FCF_DIRECT|SOURCE_SEMANTICS_CONFIRMATION,1107,EXTERNAL_OFFICIAL_EVIDENCE_REQUIRED,2025-09-30,2025-10-27,NO,0,CAPEX_FOR_FCF|FCF_DIRECT|SOURCE_SEMANTICS_CONFIRMATION,Verify Capex required to derive FCF for FY2025 Q3; Verify FCF for FY2025 Q3; Verify source semantics confirmation for FY2025 Q3,Phase 8G issue=PRIMARY_CORE_INCOMPLETE|SECONDARY_FIELDS_INCOMPLETE; source dependency=NEED_CAPEX|NEED_FCF|NEED_SOURCE_SEMANTICS_CONFIRMATION; structural context=CALENDAR_YEAR,3,30,Q3,2025,NO,issuer quarterly/annual report; SEC filing/XBRL only as fallback,P2_LATEST4Q,4,"Research official issuer sources for FY2025 Q3. Verify Capex required to derive FCF, FCF, source semantics confirmation. Do not research other fields.",P8H-2-0156,NO,READY_FOR_EXTERNAL_RESEARCH_CLEANED,,HTO,NO,Required to close downstream-critical latest8Q gaps for TTM / Score / Lifecycle / Valuation
Latest8Q closure,EBIT_DIRECT|MISSING_QUARTER_EXISTENCE|SOURCE_SEMANTICS_CONFIRMATION,1270,EXTERNAL_OFFICIAL_EVIDENCE_REQUIRED,2026-02-28,2026-04-15,NO,0,EBIT_DIRECT|MISSING_QUARTER_EXISTENCE|SOURCE_SEMANTICS_CONFIRMATION,Verify EBIT for FY2026 Q4; Verify missing quarter existence/source evidence for FY2026 Q4; Verify source semantics confirmation for FY2026 Q4,Phase 8G issue=MISSING_QUARTER|PRIMARY_CORE_INCOMPLETE; source dependency=NEED_EBIT|NEED_MISSING_QUARTER_SOURCE|NEED_SOURCE_SEMANTICS_CONFIRMATION; structural context=FIXED_DATE_FISCAL_YEAR,3,30,Q4,2026,NO,issuer quarterly/annual report; SEC filing/XBRL only as fallback,P2_LATEST4Q,2,"Research official issuer sources for FY2026 Q4. Verify EBIT, missing quarter existence/source evidence, source semantics confirmation. Do not research other fields.",P8H-2-0172,NO,READY_FOR_EXTERNAL_RESEARCH_CLEANED,STRUCTURAL_REVIEW_ALSO_REQUIRED,KMX,NO,Required to close downstream-critical latest8Q gaps for TTM / Score / Lifecycle / Valuation
Latest8Q closure,CAPEX_FOR_FCF|FCF_DIRECT|SOURCE_SEMANTICS_CONFIRMATION,1510,EXTERNAL_OFFICIAL_EVIDENCE_REQUIRED,2025-09-30,2025-11-14,NO,0,CAPEX_FOR_FCF|FCF_DIRECT|SOURCE_SEMANTICS_CONFIRMATION,Verify Capex required to derive FCF for FY2025 Q3; Verify FCF for FY2025 Q3; Verify source semantics confirmation for FY2025 Q3,Phase 8G issue=PRIMARY_CORE_INCOMPLETE|SECONDARY_FIELDS_INCOMPLETE; source dependency=NEED_CAPEX|NEED_FCF|NEED_SOURCE_SEMANTICS_CONFIRMATION; structural context=CALENDAR_YEAR,3,30,Q3,2025,NO,issuer quarterly/annual report; SEC filing/XBRL only as fallback,P2_LATEST4Q,3,"Research official issuer sources for FY2025 Q3. Verify Capex required to derive FCF, FCF, source semantics confirmation. Do not research other fields.",P8H-2-0220,NO,READY_FOR_EXTERNAL_RESEARCH_CLEANED,,MOVE,NO,Required to close downstream-critical latest8Q gaps for TTM / Score / Lifecycle / Valuation
Latest8Q closure,CASH|FIRST_PUBLIC_PUBLISH_DATE|TOTAL_DEBT,1580,EXTERNAL_OFFICIAL_EVIDENCE_REQUIRED,2025-03-31,,NO,0,CASH|FIRST_PUBLIC_PUBLISH_DATE|TOTAL_DEBT,Verify Cash for FY2025 Q1; Verify first-public result publication date for FY2025 Q1; Verify Total Debt for FY2025 Q1,Phase 8G issue=PRIMARY_CORE_INCOMPLETE|PUBLISH_DATE_MISSING; source dependency=NEED_CASH|NEED_DEBT|NEED_FIRST_PUBLIC_RESULT_DATE; structural context=CALENDAR_YEAR,3,35,Q1,2025,NO,issuer Investor Relations earnings release/archive,P2_LATEST4Q,4,"Research official issuer sources for FY2025 Q1. Verify Cash, first-public result publication date, Total Debt. Do not research other fields.",P8H-2-0224,NO,READY_FOR_EXTERNAL_RESEARCH_CLEANED,,NEGG,NO,Required to close downstream-critical latest8Q gaps for TTM / Score / Lifecycle / Valuation
Latest8Q closure,FIRST_PUBLIC_PUBLISH_DATE|MISSING_QUARTER_EXISTENCE|TOTAL_DEBT,1668,EXTERNAL_OFFICIAL_EVIDENCE_REQUIRED,2026-06-30,2026-08-03,NO,0,FIRST_PUBLIC_PUBLISH_DATE|MISSING_QUARTER_EXISTENCE|TOTAL_DEBT,Verify first-public result publication date for FY2026 Q2; Verify missing quarter existence/source evidence for FY2026 Q2; Verify Total Debt for FY2026 Q2,Phase 8G issue=MISSING_QUARTER|PRIMARY_CORE_INCOMPLETE|PUBLISH_SEQUENCE_CONFLICT; source dependency=NEED_DEBT|NEED_FIRST_PUBLIC_RESULT_DATE|NEED_MISSING_QUARTER_SOURCE; structural context=FIXED_DATE_FISCAL_YEAR,3,35,Q2,2026,NO,issuer Investor Relations earnings release/archive,P2_LATEST4Q,2,"Research official issuer sources for FY2026 Q2. Verify first-public result publication date, missing quarter existence/source evidence, Total Debt. Do not research other fields.",P8H-2-0240,NO,READY_FOR_EXTERNAL_RESEARCH_CLEANED,STRUCTURAL_REVIEW_ALSO_REQUIRED,NXT,NO,Required to close downstream-critical latest8Q gaps for TTM / Score / Lifecycle / Valuation
Latest8Q closure,CASH|FIRST_PUBLIC_PUBLISH_DATE|TOTAL_DEBT,2034,EXTERNAL_OFFICIAL_EVIDENCE_REQUIRED,2025-03-31,,NO,0,CASH|FIRST_PUBLIC_PUBLISH_DATE|TOTAL_DEBT,Verify Cash for FY2025 Q1; Verify first-public result publication date for FY2025 Q1; Verify Total Debt for FY2025 Q1,Phase 8G issue=PRIMARY_CORE_INCOMPLETE|PUBLISH_DATE_MISSING; source dependency=NEED_CASH|NEED_DEBT|NEED_FIRST_PUBLIC_RESULT_DATE; structural context=CALENDAR_YEAR,3,35,Q1,2025,NO,issuer Investor Relations earnings release/archive,P2_LATEST4Q,4,"Research official issuer sources for FY2025 Q1. Verify Cash, first-public result publication date, Total Debt. Do not research other fields.",P8H-2-0292,NO,READY_FOR_EXTERNAL_RESEARCH_CLEANED,,SCNI,NO,Required to close downstream-critical latest8Q gaps for TTM / Score / Lifecycle / Valuation
Latest8Q closure,CASH|FIRST_PUBLIC_PUBLISH_DATE,2034,EXTERNAL_OFFICIAL_EVIDENCE_REQUIRED,2025-06-30,,NO,0,CASH|FIRST_PUBLIC_PUBLISH_DATE,Verify Cash for FY2025 Q2; Verify first-public result publication date for FY2025 Q2,Phase 8G issue=MISSING_QUARTER|PRIMARY_CORE_INCOMPLETE|PUBLISH_DATE_MISSING; source dependency=NEED_CASH|NEED_FIRST_PUBLIC_RESULT_DATE|NEED_MISSING_QUARTER_SOURCE; structural context=CALENDAR_YEAR,2,35,Q2,2025,NO,issuer Investor Relations earnings release/archive,P2_LATEST4Q,3,"Research official issuer sources for FY2025 Q2. Verify Cash, first-public result publication date. Do not research other fields.",P8H-2-0293,NO,READY_FOR_EXTERNAL_RESEARCH_CLEANED,,SCNI,NO,Required to close downstream-critical latest8Q gaps for TTM / Score / Lifecycle / Valuation
Latest8Q closure,MISSING_QUARTER_EXISTENCE|TARGET_COLLISION_EVIDENCE|TOTAL_DEBT,2087,EXTERNAL_OFFICIAL_EVIDENCE_REQUIRED,2025-09-30,2025-11-04,NO,0,MISSING_QUARTER_EXISTENCE|TARGET_COLLISION_EVIDENCE|TOTAL_DEBT,Verify missing quarter existence/source evidence for FY2025 Q3; Verify target collision evidence for FY2025 Q3; Verify Total Debt for FY2025 Q3,Phase 8G issue=MISSING_QUARTER|PRIMARY_CORE_INCOMPLETE|TARGET_COLLISION; source dependency=NEED_DEBT|NEED_MISSING_QUARTER_SOURCE|NEED_TARGET_COLLISION_RESOLUTION; structural context=OTHER_VERIFIED,3,35,Q3,2025,NO,issuer quarterly/annual report; SEC filing/XBRL only as fallback,P2_LATEST4Q,3,"Research official issuer sources for FY2025 Q3. Verify missing quarter existence/source evidence, target collision evidence, Total Debt. Do not research other fields.",P8H-2-0308,NO,READY_FOR_EXTERNAL_RESEARCH_CLEANED,STRUCTURAL_REVIEW_ALSO_REQUIRED,SLAB,NO,Required to close downstream-critical latest8Q gaps for TTM / Score / Lifecycle / Valuation
Latest8Q closure,MISSING_QUARTER_EXISTENCE|TARGET_COLLISION_EVIDENCE|TOTAL_DEBT,2370,EXTERNAL_OFFICIAL_EVIDENCE_REQUIRED,2025-09-30,2025-11-05,NO,0,MISSING_QUARTER_EXISTENCE|TARGET_COLLISION_EVIDENCE|TOTAL_DEBT,Verify missing quarter existence/source evidence for FY2025 Q3; Verify target collision evidence for FY2025 Q3; Verify Total Debt for FY2025 Q3,Phase 8G issue=MISSING_QUARTER|PRIMARY_CORE_INCOMPLETE|TARGET_COLLISION; source dependency=NEED_DEBT|NEED_MISSING_QUARTER_SOURCE|NEED_TARGET_COLLISION_RESOLUTION; structural context=OTHER_VERIFIED,3,35,Q3,2025,NO,issuer quarterly/annual report; SEC filing/XBRL only as fallback,P2_LATEST4Q,3,"Research official issuer sources for FY2025 Q3. Verify missing quarter existence/source evidence, target collision evidence, Total Debt. Do not research other fields.",P8H-2-0351,NO,READY_FOR_EXTERNAL_RESEARCH_CLEANED,STRUCTURAL_REVIEW_ALSO_REQUIRED,USNA,NO,Required to close downstream-critical latest8Q gaps for TTM / Score / Lifecycle / Valuation
Latest8Q closure,EBIT_DIRECT|SOURCE_SEMANTICS_CONFIRMATION,76,EXTERNAL_OFFICIAL_EVIDENCE_REQUIRED,2025-09-30,2025-10-31,NO,0,EBIT_DIRECT|SOURCE_SEMANTICS_CONFIRMATION,Verify EBIT for FY2025 Q3; Verify source semantics confirmation for FY2025 Q3,Phase 8G issue=PRIMARY_CORE_INCOMPLETE|SECONDARY_FIELDS_INCOMPLETE; source dependency=NEED_EBIT|NEED_SOURCE_SEMANTICS_CONFIRMATION; structural context=CALENDAR_YEAR,2,25,Q3,2025,NO,issuer quarterly/annual report; SEC filing/XBRL only as fallback,P2_LATEST4Q,4,"Research official issuer sources for FY2025 Q3. Verify EBIT, source semantics confirmation. Do not research other fields.",P8H-2-0008,NO,READY_FOR_EXTERNAL_RESEARCH_CLEANED,,AGNC,NO,Required to close downstream-critical latest8Q gaps for TTM / Score / Lifecycle / Valuation
Latest8Q closure,EBIT_DIRECT|SOURCE_SEMANTICS_CONFIRMATION,76,EXTERNAL_OFFICIAL_EVIDENCE_REQUIRED,2025-12-31,2026-02-23,NO,0,EBIT_DIRECT|SOURCE_SEMANTICS_CONFIRMATION,Verify EBIT for FY2025 Q4; Verify source semantics confirmation for FY2025 Q4,Phase 8G issue=PRIMARY_CORE_INCOMPLETE|SECONDARY_FIELDS_INCOMPLETE; source dependency=NEED_EBIT|NEED_SOURCE_SEMANTICS_CONFIRMATION; structural context=CALENDAR_YEAR,2,25,Q4,2025,NO,issuer quarterly/annual report; SEC filing/XBRL only as fallback,P2_LATEST4Q,3,"Research official issuer sources for FY2025 Q4. Verify EBIT, source semantics confirmation. Do not research other fields.",P8H-2-0009,NO,READY_FOR_EXTERNAL_RESEARCH_CLEANED,,AGNC,NO,Required to close downstream-critical latest8Q gaps for TTM / Score / Lifecycle / Valuation
Latest8Q closure,FIRST_PUBLIC_PUBLISH_DATE|TOTAL_DEBT,152,EXTERNAL_OFFICIAL_EVIDENCE_REQUIRED,2025-06-30,2025-10-28,NO,0,FIRST_PUBLIC_PUBLISH_DATE|TOTAL_DEBT,Verify first-public result publication date for FY2025 Q4; Verify Total Debt for FY2025 Q4,Phase 8G issue=PRIMARY_CORE_INCOMPLETE|PUBLISH_SEQUENCE_CONFLICT|SECONDARY_FIELDS_INCOMPLETE; source dependency=NEED_DEBT|NEED_FIRST_PUBLIC_RESULT_DATE; structural context=FIXED_DATE_FISCAL_YEAR,2,30,Q4,2025,NO,issuer Investor Relations earnings release/archive,P2_LATEST4Q,4,"Research official issuer sources for FY2025 Q4. Verify first-public result publication date, Total Debt. Do not research other fields.",P8H-2-0024,NO,READY_FOR_EXTERNAL_RESEARCH_CLEANED,,AMST,NO,Required to close downstream-critical latest8Q gaps for TTM / Score / Lifecycle / Valuation
Latest8Q closure,FIRST_PUBLIC_PUBLISH_DATE|TOTAL_DEBT,152,EXTERNAL_OFFICIAL_EVIDENCE_REQUIRED,2025-09-30,2025-10-24,NO,0,FIRST_PUBLIC_PUBLISH_DATE|TOTAL_DEBT,Verify first-public result publication date for FY2026 Q1; Verify Total Debt for FY2026 Q1,Phase 8G issue=PRIMARY_CORE_INCOMPLETE|PUBLISH_SEQUENCE_CONFLICT|SECONDARY_FIELDS_INCOMPLETE; source dependency=NEED_DEBT|NEED_FIRST_PUBLIC_RESULT_DATE; structural context=FIXED_DATE_FISCAL_YEAR,2,30,Q1,2026,NO,issuer Investor Relations earnings release/archive,P2_LATEST4Q,3,"Research official issuer sources for FY2026 Q1. Verify first-public result publication date, Total Debt. Do not research other fields.",P8H-2-0025,NO,READY_FOR_EXTERNAL_RESEARCH_CLEANED,,AMST,NO,Required to close downstream-critical latest8Q gaps for TTM / Score / Lifecycle / Valuation
Latest8Q closure,FIRST_PUBLIC_PUBLISH_DATE|TOTAL_DEBT,152,EXTERNAL_OFFICIAL_EVIDENCE_REQUIRED,2025-12-31,,NO,0,FIRST_PUBLIC_PUBLISH_DATE|TOTAL_DEBT,Verify first-public result publication date for FY2026 Q2; Verify Total Debt for FY2026 Q2,Phase 8G issue=PRIMARY_CORE_INCOMPLETE|PUBLISH_DATE_MISSING|SECONDARY_FIELDS_INCOMPLETE; source dependency=NEED_DEBT|NEED_FIRST_PUBLIC_RESULT_DATE; structural context=FIXED_DATE_FISCAL_YEAR,2,30,Q2,2026,NO,issuer Investor Relations earnings release/archive,P2_LATEST4Q,2,"Research official issuer sources for FY2026 Q2. Verify first-public result publication date, Total Debt. Do not research other fields.",P8H-2-0026,NO,READY_FOR_EXTERNAL_RESEARCH_CLEANED,,AMST,NO,Required to close downstream-critical latest8Q gaps for TTM / Score / Lifecycle / Valuation
Latest8Q closure,FIRST_PUBLIC_PUBLISH_DATE|TOTAL_DEBT,163,EXTERNAL_OFFICIAL_EVIDENCE_REQUIRED,2025-11-30,,NO,0,FIRST_PUBLIC_PUBLISH_DATE|TOTAL_DEBT,Verify first-public result publication date for FY2026 Q2; Verify Total Debt for FY2026 Q2,Phase 8G issue=PRIMARY_CORE_INCOMPLETE|PUBLISH_DATE_MISSING; source dependency=NEED_DEBT|NEED_FIRST_PUBLIC_RESULT_DATE; structural context=FIXED_DATE_FISCAL_YEAR,2,30,Q2,2026,NO,issuer Investor Relations earnings release/archive,P2_LATEST4Q,3,"Research official issuer sources for FY2026 Q2. Verify first-public result publication date, Total Debt. Do not research other fields.",P8H-2-0031,NO,READY_FOR_EXTERNAL_RESEARCH_CLEANED,,ANGO,NO,Required to close downstream-critical latest8Q gaps for TTM / Score / Lifecycle / Valuation
Latest8Q closure,TOTAL_DEBT,302,EXTERNAL_OFFICIAL_EVIDENCE_REQUIRED,2025-04-30,2025-06-16,NO,0,TOTAL_DEBT,Verify Total Debt for FY2025 Q3,Phase 8G issue=MISSING_QUARTER|PRIMARY_CORE_INCOMPLETE|SECONDARY_FIELDS_INCOMPLETE; source dependency=NEED_DEBT|NEED_MISSING_QUARTER_SOURCE; structural context=FIXED_DATE_FISCAL_YEAR,1,30,Q3,2025,NO,issuer quarterly/annual report; SEC filing/XBRL only as fallback,P2_LATEST4Q,4,Research official issuer sources for FY2025 Q3. Verify Total Debt. Do not research other fields.,P8H-2-0055,NO,READY_FOR_EXTERNAL_RESEARCH_CLEANED,,BCTX,NO,Required to close downstream-critical latest8Q gaps for TTM / Score / Lifecycle / Valuation
Latest8Q closure,TOTAL_DEBT,302,EXTERNAL_OFFICIAL_EVIDENCE_REQUIRED,2025-10-31,2025-12-11,NO,0,TOTAL_DEBT,Verify Total Debt for FY2026 Q1,Phase 8G issue=MISSING_QUARTER|PRIMARY_CORE_INCOMPLETE|SECONDARY_FIELDS_INCOMPLETE; source dependency=NEED_DEBT|NEED_MISSING_QUARTER_SOURCE; structural context=FIXED_DATE_FISCAL_YEAR,1,30,Q1,2026,NO,issuer quarterly/annual report; SEC filing/XBRL only as fallback,P2_LATEST4Q,3,Research official issuer sources for FY2026 Q1. Verify Total Debt. Do not research other fields.,P8H-2-0056,NO,READY_FOR_EXTERNAL_RESEARCH_CLEANED,,BCTX,NO,Required to close downstream-critical latest8Q gaps for TTM / Score / Lifecycle / Valuation
Latest8Q closure,FIRST_PUBLIC_PUBLISH_DATE|TARGET_COLLISION_EVIDENCE,383,EXTERNAL_OFFICIAL_EVIDENCE_REQUIRED,2025-06-30,,NO,0,FIRST_PUBLIC_PUBLISH_DATE|TARGET_COLLISION_EVIDENCE,Verify first-public result publication date for FY2025 Q2; Verify target collision evidence for FY2025 Q2,Phase 8G issue=PUBLISH_DATE_MISSING|TARGET_COLLISION; source dependency=NEED_FIRST_PUBLIC_RESULT_DATE|NEED_TARGET_COLLISION_RESOLUTION; structural context=OTHER_VERIFIED,2,10,Q2,2025,NO,issuer Investor Relations earnings release/archive,P2_LATEST4Q,4,"Research official issuer sources for FY2025 Q2. Verify first-public result publication date, target collision evidence. Do not research other fields.",P8H-2-0072,NO,READY_FOR_EXTERNAL_RESEARCH_CLEANED,STRUCTURAL_REVIEW_ALSO_REQUIRED,BTBD,NO,Required to close downstream-critical latest8Q gaps for TTM / Score / Lifecycle / Valuation
Latest8Q closure,MISSING_QUARTER_EXISTENCE|TOTAL_DEBT,410,EXTERNAL_OFFICIAL_EVIDENCE_REQUIRED,2026-02-28,2026-04-01,NO,0,MISSING_QUARTER_EXISTENCE|TOTAL_DEBT,Verify missing quarter existence/source evidence for FY2026 Q3; Verify Total Debt for FY2026 Q3,Phase 8G issue=MISSING_QUARTER|PRIMARY_CORE_INCOMPLETE; source dependency=NEED_DEBT|NEED_MISSING_QUARTER_SOURCE; structural context=WEEK_BASED_52_53,2,30,Q3,2026,NO,issuer quarterly/annual report; SEC filing/XBRL only as fallback,P2_LATEST4Q,2,"Research official issuer sources for FY2026 Q3. Verify missing quarter existence/source evidence, Total Debt. Do not research other fields.",P8H-2-0080,NO,READY_FOR_EXTERNAL_RESEARCH_CLEANED,STRUCTURAL_REVIEW_ALSO_REQUIRED,CALM,NO,Required to close downstream-critical latest8Q gaps for TTM / Score / Lifecycle / Valuation
Latest8Q closure,EBIT_DIRECT|SOURCE_SEMANTICS_CONFIRMATION,484,EXTERNAL_OFFICIAL_EVIDENCE_REQUIRED,2025-09-30,2025-11-06,NO,0,EBIT_DIRECT|SOURCE_SEMANTICS_CONFIRMATION,Verify EBIT for FY2025 Q3; Verify source semantics confirmation for FY2025 Q3,Phase 8G issue=PRIMARY_CORE_INCOMPLETE|SECONDARY_FIELDS_INCOMPLETE; source dependency=NEED_EBIT|NEED_SOURCE_SEMANTICS_CONFIRMATION; structural context=CALENDAR_YEAR,2,25,Q3,2025,NO,issuer quarterly/annual report; SEC filing/XBRL only as fallback,P2_LATEST4Q,4,"Research official issuer sources for FY2025 Q3. Verify EBIT, source semantics confirmation. Do not research other fields.",P8H-2-0082,NO,READY_FOR_EXTERNAL_RESEARCH_CLEANED,,CIM,NO,Required to close downstream-critical latest8Q gaps for TTM / Score / Lifecycle / Valuation
Latest8Q closure,EBIT_DIRECT|SOURCE_SEMANTICS_CONFIRMATION,484,EXTERNAL_OFFICIAL_EVIDENCE_REQUIRED,2025-12-31,2026-02-18,NO,0,EBIT_DIRECT|SOURCE_SEMANTICS_CONFIRMATION,Verify EBIT for FY2025 Q4; Verify source semantics confirmation for FY2025 Q4,Phase 8G issue=PRIMARY_CORE_INCOMPLETE; source dependency=NEED_EBIT|NEED_SOURCE_SEMANTICS_CONFIRMATION; structural context=CALENDAR_YEAR,2,25,Q4,2025,NO,issuer quarterly/annual report; SEC filing/XBRL only as fallback,P2_LATEST4Q,3,"Research official issuer sources for FY2025 Q4. Verify EBIT, source semantics confirmation. Do not research other fields.",P8H-2-0083,NO,READY_FOR_EXTERNAL_RESEARCH_CLEANED,,CIM,NO,Required to close downstream-critical latest8Q gaps for TTM / Score / Lifecycle / Valuation
Latest8Q closure,EBIT_DIRECT|SOURCE_SEMANTICS_CONFIRMATION,484,EXTERNAL_OFFICIAL_EVIDENCE_REQUIRED,2026-03-31,2026-05-07,NO,0,EBIT_DIRECT|SOURCE_SEMANTICS_CONFIRMATION,Verify EBIT for FY2026 Q1; Verify source semantics confirmation for FY2026 Q1,Phase 8G issue=PRIMARY_CORE_INCOMPLETE|SECONDARY_FIELDS_INCOMPLETE; source dependency=NEED_EBIT|NEED_SOURCE_SEMANTICS_CONFIRMATION; structural context=CALENDAR_YEAR,2,25,Q1,2026,NO,issuer quarterly/annual report; SEC filing/XBRL only as fallback,P2_LATEST4Q,2,"Research official issuer sources for FY2026 Q1. Verify EBIT, source semantics confirmation. Do not research other fields.",P8H-2-0084,NO,READY_FOR_EXTERNAL_RESEARCH_CLEANED,,CIM,NO,Required to close downstream-critical latest8Q gaps for TTM / Score / Lifecycle / Valuation
Latest8Q closure,EBIT_DIRECT|SOURCE_SEMANTICS_CONFIRMATION,519,EXTERNAL_OFFICIAL_EVIDENCE_REQUIRED,2025-09-30,2025-11-05,NO,0,EBIT_DIRECT|SOURCE_SEMANTICS_CONFIRMATION,Verify EBIT for FY2025 Q3; Verify source semantics confirmation for FY2025 Q3,Phase 8G issue=PRIMARY_CORE_INCOMPLETE|SECONDARY_FIELDS_INCOMPLETE; source dependency=NEED_EBIT|NEED_SOURCE_SEMANTICS_CONFIRMATION; structural context=CALENDAR_YEAR,2,25,Q3,2025,NO,issuer quarterly/annual report; SEC filing/XBRL only as fallback,P2_LATEST4Q,4,"Research official issuer sources for FY2025 Q3. Verify EBIT, source semantics confirmation. Do not research other fields.",P8H-2-0092,NO,READY_FOR_EXTERNAL_RESEARCH_CLEANED,,CMTG,NO,Required to close downstream-critical latest8Q gaps for TTM / Score / Lifecycle / Valuation
Latest8Q closure,EBIT_DIRECT|SOURCE_SEMANTICS_CONFIRMATION,519,EXTERNAL_OFFICIAL_EVIDENCE_REQUIRED,2025-12-31,2026-02-18,NO,0,EBIT_DIRECT|SOURCE_SEMANTICS_CONFIRMATION,Verify EBIT for FY2025 Q4; Verify source semantics confirmation for FY2025 Q4,Phase 8G issue=PRIMARY_CORE_INCOMPLETE|SECONDARY_FIELDS_INCOMPLETE; source dependency=NEED_EBIT|NEED_SOURCE_SEMANTICS_CONFIRMATION; structural context=CALENDAR_YEAR,2,25,Q4,2025,NO,issuer quarterly/annual report; SEC filing/XBRL only as fallback,P2_LATEST4Q,3,"Research official issuer sources for FY2025 Q4. Verify EBIT, source semantics confirmation. Do not research other fields.",P8H-2-0093,NO,READY_FOR_EXTERNAL_RESEARCH_CLEANED,,CMTG,NO,Required to close downstream-critical latest8Q gaps for TTM / Score / Lifecycle / Valuation
Latest8Q closure,EBIT_DIRECT|SOURCE_SEMANTICS_CONFIRMATION,519,EXTERNAL_OFFICIAL_EVIDENCE_REQUIRED,2026-03-31,2026-05-06,NO,0,EBIT_DIRECT|SOURCE_SEMANTICS_CONFIRMATION,Verify EBIT for FY2026 Q1; Verify source semantics confirmation for FY2026 Q1,Phase 8G issue=PRIMARY_CORE_INCOMPLETE|SECONDARY_FIELDS_INCOMPLETE; source dependency=NEED_EBIT|NEED_SOURCE_SEMANTICS_CONFIRMATION; structural context=CALENDAR_YEAR,2,25,Q1,2026,NO,issuer quarterly/annual report; SEC filing/XBRL only as fallback,P2_LATEST4Q,2,"Research official issuer sources for FY2026 Q1. Verify EBIT, source semantics confirmation. Do not research other fields.",P8H-2-0094,NO,READY_FOR_EXTERNAL_RESEARCH_CLEANED,,CMTG,NO,Required to close downstream-critical latest8Q gaps for TTM / Score / Lifecycle / Valuation
Latest8Q closure,FIRST_PUBLIC_PUBLISH_DATE|TOTAL_DEBT,649,EXTERNAL_OFFICIAL_EVIDENCE_REQUIRED,2026-03-31,,NO,0,FIRST_PUBLIC_PUBLISH_DATE|TOTAL_DEBT,Verify first-public result publication date for FY2026 Q1; Verify Total Debt for FY2026 Q1,Phase 8G issue=PRIMARY_CORE_INCOMPLETE|PUBLISH_DATE_MISSING|SECONDARY_FIELDS_INCOMPLETE; source dependency=NEED_DEBT|NEED_FIRST_PUBLIC_RESULT_DATE; structural context=CALENDAR_YEAR,2,30,Q1,2026,NO,issuer Investor Relations earnings release/archive,P2_LATEST4Q,2,"Research official issuer sources for FY2026 Q1. Verify first-public result publication date, Total Debt. Do not research other fields.",P8H-2-0108,NO,READY_FOR_EXTERNAL_RESEARCH_CLEANED,,CYCN,NO,Required to close downstream-critical latest8Q gaps for TTM / Score / Lifecycle / Valuation
Latest8Q closure,EBIT_DIRECT|SOURCE_SEMANTICS_CONFIRMATION,770,EXTERNAL_OFFICIAL_EVIDENCE_REQUIRED,2025-06-30,2025-08-11,NO,0,EBIT_DIRECT|SOURCE_SEMANTICS_CONFIRMATION,Verify EBIT for FY2025 Q2; Verify source semantics confirmation for FY2025 Q2,Phase 8G issue=PRIMARY_CORE_INCOMPLETE|SECONDARY_FIELDS_INCOMPLETE; source dependency=NEED_EBIT|NEED_SOURCE_SEMANTICS_CONFIRMATION; structural context=CALENDAR_YEAR,2,25,Q2,2025,NO,issuer quarterly/annual report; SEC filing/XBRL only as fallback,P2_LATEST4Q,4,"Research official issuer sources for FY2025 Q2. Verify EBIT, source semantics confirmation. Do not research other fields.",P8H-2-0116,NO,READY_FOR_EXTERNAL_RESEARCH_CLEANED,,EFC,NO,Required to close downstream-critical latest8Q gaps for TTM / Score / Lifecycle / Valuation
Latest8Q closure,EBIT_DIRECT|SOURCE_SEMANTICS_CONFIRMATION,770,EXTERNAL_OFFICIAL_EVIDENCE_REQUIRED,2025-09-30,2025-11-10,NO,0,EBIT_DIRECT|SOURCE_SEMANTICS_CONFIRMATION,Verify EBIT for FY2025 Q3; Verify source semantics confirmation for FY2025 Q3,Phase 8G issue=PRIMARY_CORE_INCOMPLETE|SECONDARY_FIELDS_INCOMPLETE; source dependency=NEED_EBIT|NEED_SOURCE_SEMANTICS_CONFIRMATION; structural context=CALENDAR_YEAR,2,25,Q3,2025,NO,issuer quarterly/annual report; SEC filing/XBRL only as fallback,P2_LATEST4Q,3,"Research official issuer sources for FY2025 Q3. Verify EBIT, source semantics confirmation. Do not research other fields.",P8H-2-0117,NO,READY_FOR_EXTERNAL_RESEARCH_CLEANED,,EFC,NO,Required to close downstream-critical latest8Q gaps for TTM / Score / Lifecycle / Valuation
Latest8Q closure,EBIT_DIRECT|SOURCE_SEMANTICS_CONFIRMATION,770,EXTERNAL_OFFICIAL_EVIDENCE_REQUIRED,2025-12-31,2026-03-02,NO,0,EBIT_DIRECT|SOURCE_SEMANTICS_CONFIRMATION,Verify EBIT for FY2025 Q4; Verify source semantics confirmation for FY2025 Q4,Phase 8G issue=PRIMARY_CORE_INCOMPLETE|SECONDARY_FIELDS_INCOMPLETE; source dependency=NEED_EBIT|NEED_SOURCE_SEMANTICS_CONFIRMATION; structural context=CALENDAR_YEAR,2,25,Q4,2025,NO,issuer quarterly/annual report; SEC filing/XBRL only as fallback,P2_LATEST4Q,2,"Research official issuer sources for FY2025 Q4. Verify EBIT, source semantics confirmation. Do not research other fields.",P8H-2-0118,NO,READY_FOR_EXTERNAL_RESEARCH_CLEANED,,EFC,NO,Required to close downstream-critical latest8Q gaps for TTM / Score / Lifecycle / Valuation
Latest8Q closure,FIRST_PUBLIC_PUBLISH_DATE|TOTAL_DEBT,1041,EXTERNAL_OFFICIAL_EVIDENCE_REQUIRED,2025-06-30,,NO,0,FIRST_PUBLIC_PUBLISH_DATE|TOTAL_DEBT,Verify first-public result publication date for FY2025 Q2; Verify Total Debt for FY2025 Q2,Phase 8G issue=PRIMARY_CORE_INCOMPLETE|PUBLISH_DATE_MISSING|SECONDARY_FIELDS_INCOMPLETE; source dependency=NEED_DEBT|NEED_FIRST_PUBLIC_RESULT_DATE; structural context=CALENDAR_YEAR,2,30,Q2,2025,NO,issuer Investor Relations earnings release/archive,P2_LATEST4Q,4,"Research official issuer sources for FY2025 Q2. Verify first-public result publication date, Total Debt. Do not research other fields.",P8H-2-0147,NO,READY_FOR_EXTERNAL_RESEARCH_CLEANED,,GXAI,NO,Required to close downstream-critical latest8Q gaps for TTM / Score / Lifecycle / Valuation
Latest8Q closure,FIRST_PUBLIC_PUBLISH_DATE|TOTAL_DEBT,1041,EXTERNAL_OFFICIAL_EVIDENCE_REQUIRED,2025-09-30,,NO,0,FIRST_PUBLIC_PUBLISH_DATE|TOTAL_DEBT,Verify first-public result publication date for FY2025 Q3; Verify Total Debt for FY2025 Q3,Phase 8G issue=PRIMARY_CORE_INCOMPLETE|PUBLISH_DATE_MISSING|SECONDARY_FIELDS_INCOMPLETE; source dependency=NEED_DEBT|NEED_FIRST_PUBLIC_RESULT_DATE; structural context=CALENDAR_YEAR,2,30,Q3,2025,NO,issuer Investor Relations earnings release/archive,P2_LATEST4Q,3,"Research official issuer sources for FY2025 Q3. Verify first-public result publication date, Total Debt. Do not research other fields.",P8H-2-0148,NO,READY_FOR_EXTERNAL_RESEARCH_CLEANED,,GXAI,NO,Required to close downstream-critical latest8Q gaps for TTM / Score / Lifecycle / Valuation
Latest8Q closure,TOTAL_DEBT,1082,EXTERNAL_OFFICIAL_EVIDENCE_REQUIRED,2023-03-31,2023-04-28,NO,0,TOTAL_DEBT,Verify Total Debt for FY2023 Q1,Phase 8G issue=MISSING_QUARTER|PRIMARY_CORE_INCOMPLETE; source dependency=NEED_DEBT|NEED_MISSING_QUARTER_SOURCE; structural context=CALENDAR_YEAR,1,30,Q1,2023,NO,issuer quarterly/annual report; SEC filing/XBRL only as fallback,P2_LATEST4Q,4,Research official issuer sources for FY2023 Q1. Verify Total Debt. Do not research other fields.,P8H-2-0152,NO,READY_FOR_EXTERNAL_RESEARCH_CLEANED,,HOLO,NO,Required to close downstream-critical latest8Q gaps for TTM / Score / Lifecycle / Valuation
Latest8Q closure,FIRST_PUBLIC_PUBLISH_DATE|TOTAL_DEBT,1139,EXTERNAL_OFFICIAL_EVIDENCE_REQUIRED,2025-06-30,,NO,0,FIRST_PUBLIC_PUBLISH_DATE|TOTAL_DEBT,Verify first-public result publication date for FY2025 Q2; Verify Total Debt for FY2025 Q2,Phase 8G issue=PRIMARY_CORE_INCOMPLETE|PUBLISH_DATE_MISSING; source dependency=NEED_DEBT|NEED_FIRST_PUBLIC_RESULT_DATE; structural context=CALENDAR_YEAR,2,30,Q2,2025,NO,issuer Investor Relations earnings release/archive,P2_LATEST4Q,4,"Research official issuer sources for FY2025 Q2. Verify first-public result publication date, Total Debt. Do not research other fields.",P8H-2-0158,NO,READY_FOR_EXTERNAL_RESEARCH_CLEANED,,IDN,NO,Required to close downstream-critical latest8Q gaps for TTM / Score / Lifecycle / Valuation
Latest8Q closure,EBIT_DIRECT|SOURCE_SEMANTICS_CONFIRMATION,1270,EXTERNAL_OFFICIAL_EVIDENCE_REQUIRED,2025-08-31,2025-09-26,NO,0,EBIT_DIRECT|SOURCE_SEMANTICS_CONFIRMATION,Verify EBIT for FY2026 Q2; Verify source semantics confirmation for FY2026 Q2,Phase 8G issue=PRIMARY_CORE_INCOMPLETE; source dependency=NEED_EBIT|NEED_SOURCE_SEMANTICS_CONFIRMATION; structural context=FIXED_DATE_FISCAL_YEAR,2,25,Q2,2026,NO,issuer quarterly/annual report; SEC filing/XBRL only as fallback,P2_LATEST4Q,4,"Research official issuer sources for FY2026 Q2. Verify EBIT, source semantics confirmation. Do not research other fields.",P8H-2-0170,NO,READY_FOR_EXTERNAL_RESEARCH_CLEANED,STRUCTURAL_REVIEW_ALSO_REQUIRED,KMX,NO,Required to close downstream-critical latest8Q gaps for TTM / Score / Lifecycle / Valuation
Latest8Q closure,EBIT_DIRECT|SOURCE_SEMANTICS_CONFIRMATION,1270,EXTERNAL_OFFICIAL_EVIDENCE_REQUIRED,2025-11-30,2025-12-23,NO,0,EBIT_DIRECT|SOURCE_SEMANTICS_CONFIRMATION,Verify EBIT for FY2026 Q3; Verify source semantics confirmation for FY2026 Q3,Phase 8G issue=PRIMARY_CORE_INCOMPLETE; source dependency=NEED_EBIT|NEED_SOURCE_SEMANTICS_CONFIRMATION; structural context=FIXED_DATE_FISCAL_YEAR,2,25,Q3,2026,NO,issuer quarterly/annual report; SEC filing/XBRL only as fallback,P2_LATEST4Q,3,"Research official issuer sources for FY2026 Q3. Verify EBIT, source semantics confirmation. Do not research other fields.",P8H-2-0171,NO,READY_FOR_EXTERNAL_RESEARCH_CLEANED,STRUCTURAL_REVIEW_ALSO_REQUIRED,KMX,NO,Required to close downstream-critical latest8Q gaps for TTM / Score / Lifecycle / Valuation
Latest8Q closure,EBIT_DIRECT|SOURCE_SEMANTICS_CONFIRMATION,1309,EXTERNAL_OFFICIAL_EVIDENCE_REQUIRED,2025-09-30,2025-10-27,NO,0,EBIT_DIRECT|SOURCE_SEMANTICS_CONFIRMATION,Verify EBIT for FY2025 Q3; Verify source semantics confirmation for FY2025 Q3,Phase 8G issue=PRIMARY_CORE_INCOMPLETE; source dependency=NEED_EBIT|NEED_SOURCE_SEMANTICS_CONFIRMATION; structural context=CALENDAR_YEAR,2,25,Q3,2025,NO,issuer quarterly/annual report; SEC filing/XBRL only as fallback,P2_LATEST4Q,4,"Research official issuer sources for FY2025 Q3. Verify EBIT, source semantics confirmation. Do not research other fields.",P8H-2-0173,NO,READY_FOR_EXTERNAL_RESEARCH_CLEANED,,LADR,NO,Required to close downstream-critical latest8Q gaps for TTM / Score / Lifecycle / Valuation
Latest8Q closure,EBIT_DIRECT|SOURCE_SEMANTICS_CONFIRMATION,1309,EXTERNAL_OFFICIAL_EVIDENCE_REQUIRED,2025-12-31,2026-02-09,NO,0,EBIT_DIRECT|SOURCE_SEMANTICS_CONFIRMATION,Verify EBIT for FY2025 Q4; Verify source semantics confirmation for FY2025 Q4,Phase 8G issue=PRIMARY_CORE_INCOMPLETE; source dependency=NEED_EBIT|NEED_SOURCE_SEMANTICS_CONFIRMATION; structural context=CALENDAR_YEAR,2,25,Q4,2025,NO,issuer quarterly/annual report; SEC filing/XBRL only as fallback,P2_LATEST4Q,3,"Research official issuer sources for FY2025 Q4. Verify EBIT, source semantics confirmation. Do not research other fields.",P8H-2-0174,NO,READY_FOR_EXTERNAL_RESEARCH_CLEANED,,LADR,NO,Required to close downstream-critical latest8Q gaps for TTM / Score / Lifecycle / Valuation
Latest8Q closure,EBIT_DIRECT|SOURCE_SEMANTICS_CONFIRMATION,1309,EXTERNAL_OFFICIAL_EVIDENCE_REQUIRED,2026-03-31,2026-04-27,NO,0,EBIT_DIRECT|SOURCE_SEMANTICS_CONFIRMATION,Verify EBIT for FY2026 Q1; Verify source semantics confirmation for FY2026 Q1,Phase 8G issue=PRIMARY_CORE_INCOMPLETE|SECONDARY_FIELDS_INCOMPLETE; source dependency=NEED_EBIT|NEED_SOURCE_SEMANTICS_CONFIRMATION; structural context=CALENDAR_YEAR,2,25,Q1,2026,NO,issuer quarterly/annual report; SEC filing/XBRL only as fallback,P2_LATEST4Q,2,"Research official issuer sources for FY2026 Q1. Verify EBIT, source semantics confirmation. Do not research other fields.",P8H-2-0175,NO,READY_FOR_EXTERNAL_RESEARCH_CLEANED,,LADR,NO,Required to close downstream-critical latest8Q gaps for TTM / Score / Lifecycle / Valuation
Latest8Q closure,FIRST_PUBLIC_PUBLISH_DATE|TOTAL_DEBT,1384,EXTERNAL_OFFICIAL_EVIDENCE_REQUIRED,2026-03-31,,NO,0,FIRST_PUBLIC_PUBLISH_DATE|TOTAL_DEBT,Verify first-public result publication date for FY2026 Q1; Verify Total Debt for FY2026 Q1,Phase 8G issue=PRIMARY_CORE_INCOMPLETE|PUBLISH_DATE_MISSING|SECONDARY_FIELDS_INCOMPLETE; source dependency=NEED_DEBT|NEED_FIRST_PUBLIC_RESULT_DATE; structural context=CALENDAR_YEAR,2,30,Q1,2026,NO,issuer Investor Relations earnings release/archive,P2_LATEST4Q,2,"Research official issuer sources for FY2026 Q1. Verify first-public result publication date, Total Debt. Do not research other fields.",P8H-2-0187,NO,READY_FOR_EXTERNAL_RESEARCH_CLEANED,,LTBR,NO,Required to close downstream-critical latest8Q gaps for TTM / Score / Lifecycle / Valuation
Latest8Q closure,FIRST_PUBLIC_PUBLISH_DATE|TARGET_COLLISION_EVIDENCE,1416,EXTERNAL_OFFICIAL_EVIDENCE_REQUIRED,2024-12-31,,NO,0,FIRST_PUBLIC_PUBLISH_DATE|TARGET_COLLISION_EVIDENCE,Verify first-public result publication date for FY2025 Q1; Verify target collision evidence for FY2025 Q1,Phase 8G issue=PUBLISH_DATE_MISSING|TARGET_COLLISION; source dependency=NEED_FIRST_PUBLIC_RESULT_DATE|NEED_TARGET_COLLISION_RESOLUTION; structural context=WEEK_BASED_52_53,2,10,Q1,2025,NO,issuer Investor Relations earnings release/archive,P2_LATEST4Q,4,"Research official issuer sources for FY2025 Q1. Verify first-public result publication date, target collision evidence. Do not research other fields.",P8H-2-0192,NO,READY_FOR_EXTERNAL_RESEARCH_CLEANED,STRUCTURAL_REVIEW_ALSO_REQUIRED,MAGN,NO,Required to close downstream-critical latest8Q gaps for TTM / Score / Lifecycle / Valuation
Latest8Q closure,FIRST_PUBLIC_PUBLISH_DATE|TARGET_COLLISION_EVIDENCE,1416,EXTERNAL_OFFICIAL_EVIDENCE_REQUIRED,2025-03-31,,NO,0,FIRST_PUBLIC_PUBLISH_DATE|TARGET_COLLISION_EVIDENCE,Verify first-public result publication date for FY2025 Q2; Verify target collision evidence for FY2025 Q2,Phase 8G issue=PUBLISH_DATE_MISSING|TARGET_COLLISION; source dependency=NEED_FIRST_PUBLIC_RESULT_DATE|NEED_TARGET_COLLISION_RESOLUTION; structural context=WEEK_BASED_52_53,2,10,Q2,2025,NO,issuer Investor Relations earnings release/archive,P2_LATEST4Q,3,"Research official issuer sources for FY2025 Q2. Verify first-public result publication date, target collision evidence. Do not research other fields.",P8H-2-0193,NO,READY_FOR_EXTERNAL_RESEARCH_CLEANED,STRUCTURAL_REVIEW_ALSO_REQUIRED,MAGN,NO,Required to close downstream-critical latest8Q gaps for TTM / Score / Lifecycle / Valuation
Latest8Q closure,FIRST_PUBLIC_PUBLISH_DATE|TOTAL_DEBT,1436,EXTERNAL_OFFICIAL_EVIDENCE_REQUIRED,2025-09-30,,NO,0,FIRST_PUBLIC_PUBLISH_DATE|TOTAL_DEBT,Verify first-public result publication date for FY2026 Q1; Verify Total Debt for FY2026 Q1,Phase 8G issue=PRIMARY_CORE_INCOMPLETE|PUBLISH_DATE_MISSING; source dependency=NEED_DEBT|NEED_FIRST_PUBLIC_RESULT_DATE; structural context=FIXED_DATE_FISCAL_YEAR,2,30,Q1,2026,NO,issuer Investor Relations earnings release/archive,P2_LATEST4Q,3,"Research official issuer sources for FY2026 Q1. Verify first-public result publication date, Total Debt. Do not research other fields.",P8H-2-0196,NO,READY_FOR_EXTERNAL_RESEARCH_CLEANED,,MCFT,NO,Required to close downstream-critical latest8Q gaps for TTM / Score / Lifecycle / Valuation
Latest8Q closure,FIRST_PUBLIC_PUBLISH_DATE|TOTAL_DEBT,1436,EXTERNAL_OFFICIAL_EVIDENCE_REQUIRED,2025-12-31,,NO,0,FIRST_PUBLIC_PUBLISH_DATE|TOTAL_DEBT,Verify first-public result publication date for FY2026 Q2; Verify Total Debt for FY2026 Q2,Phase 8G issue=PRIMARY_CORE_INCOMPLETE|PUBLISH_DATE_MISSING; source dependency=NEED_DEBT|NEED_FIRST_PUBLIC_RESULT_DATE; structural context=FIXED_DATE_FISCAL_YEAR,2,30,Q2,2026,NO,issuer Investor Relations earnings release/archive,P2_LATEST4Q,2,"Research official issuer sources for FY2026 Q2. Verify first-public result publication date, Total Debt. Do not research other fields.",P8H-2-0197,NO,READY_FOR_EXTERNAL_RESEARCH_CLEANED,,MCFT,NO,Required to close downstream-critical latest8Q gaps for TTM / Score / Lifecycle / Valuation
Latest8Q closure,FIRST_PUBLIC_PUBLISH_DATE|TOTAL_DEBT,1480,EXTERNAL_OFFICIAL_EVIDENCE_REQUIRED,2025-12-31,,NO,0,FIRST_PUBLIC_PUBLISH_DATE|TOTAL_DEBT,Verify first-public result publication date for FY2025 Q4; Verify Total Debt for FY2025 Q4,Phase 8G issue=PRIMARY_CORE_INCOMPLETE|PUBLISH_DATE_MISSING|SECONDARY_FIELDS_INCOMPLETE; source dependency=NEED_DEBT|NEED_FIRST_PUBLIC_RESULT_DATE; structural context=CALENDAR_YEAR,2,30,Q4,2025,NO,issuer Investor Relations earnings release/archive,P2_LATEST4Q,2,"Research official issuer sources for FY2025 Q4. Verify first-public result publication date, Total Debt. Do not research other fields.",P8H-2-0205,NO,READY_FOR_EXTERNAL_RESEARCH_CLEANED,,MIRA,NO,Required to close downstream-critical latest8Q gaps for TTM / Score / Lifecycle / Valuation
Latest8Q closure,EBIT_DIRECT|SOURCE_SEMANTICS_CONFIRMATION,1484,EXTERNAL_OFFICIAL_EVIDENCE_REQUIRED,2025-06-30,2025-08-05,NO,0,EBIT_DIRECT|SOURCE_SEMANTICS_CONFIRMATION,Verify EBIT for FY2025 Q2; Verify source semantics confirmation for FY2025 Q2,Phase 8G issue=PRIMARY_CORE_INCOMPLETE|SECONDARY_FIELDS_INCOMPLETE; source dependency=NEED_EBIT|NEED_SOURCE_SEMANTICS_CONFIRMATION; structural context=CALENDAR_YEAR,2,25,Q2,2025,NO,issuer quarterly/annual report; SEC filing/XBRL only as fallback,P2_LATEST4Q,4,"Research official issuer sources for FY2025 Q2. Verify EBIT, source semantics confirmation. Do not research other fields.",P8H-2-0206,NO,READY_FOR_EXTERNAL_RESEARCH_CLEANED,,MITT,NO,Required to close downstream-critical latest8Q gaps for TTM / Score / Lifecycle / Valuation
Latest8Q closure,EBIT_DIRECT|SOURCE_SEMANTICS_CONFIRMATION,1484,EXTERNAL_OFFICIAL_EVIDENCE_REQUIRED,2025-09-30,2025-11-07,NO,0,EBIT_DIRECT|SOURCE_SEMANTICS_CONFIRMATION,Verify EBIT for FY2025 Q3; Verify source semantics confirmation for FY2025 Q3,Phase 8G issue=PRIMARY_CORE_INCOMPLETE|SECONDARY_FIELDS_INCOMPLETE; source dependency=NEED_EBIT|NEED_SOURCE_SEMANTICS_CONFIRMATION; structural context=CALENDAR_YEAR,2,25,Q3,2025,NO,issuer quarterly/annual report; SEC filing/XBRL only as fallback,P2_LATEST4Q,3,"Research official issuer sources for FY2025 Q3. Verify EBIT, source semantics confirmation. Do not research other fields.",P8H-2-0207,NO,READY_FOR_EXTERNAL_RESEARCH_CLEANED,,MITT,NO,Required to close downstream-critical latest8Q gaps for TTM / Score / Lifecycle / Valuation
Latest8Q closure,EBIT_DIRECT|SOURCE_SEMANTICS_CONFIRMATION,1484,EXTERNAL_OFFICIAL_EVIDENCE_REQUIRED,2025-12-31,2026-02-25,NO,0,EBIT_DIRECT|SOURCE_SEMANTICS_CONFIRMATION,Verify EBIT for FY2025 Q4; Verify source semantics confirmation for FY2025 Q4,Phase 8G issue=PRIMARY_CORE_INCOMPLETE|SECONDARY_FIELDS_INCOMPLETE; source dependency=NEED_EBIT|NEED_SOURCE_SEMANTICS_CONFIRMATION; structural context=CALENDAR_YEAR,2,25,Q4,2025,NO,issuer quarterly/annual report; SEC filing/XBRL only as fallback,P2_LATEST4Q,2,"Research official issuer sources for FY2025 Q4. Verify EBIT, source semantics confirmation. Do not research other fields.",P8H-2-0208,NO,READY_FOR_EXTERNAL_RESEARCH_CLEANED,,MITT,NO,Required to close downstream-critical latest8Q gaps for TTM / Score / Lifecycle / Valuation
Latest8Q closure,TOTAL_DEBT,1487,EXTERNAL_OFFICIAL_EVIDENCE_REQUIRED,2023-03-31,2023-05-08,NO,0,TOTAL_DEBT,Verify Total Debt for FY2023 Q1,Phase 8G issue=MISSING_QUARTER|PRIMARY_CORE_INCOMPLETE; source dependency=NEED_DEBT|NEED_MISSING_QUARTER_SOURCE; structural context=CALENDAR_YEAR,1,30,Q1,2023,NO,issuer quarterly/annual report; SEC filing/XBRL only as fallback,P2_LATEST4Q,4,Research official issuer sources for FY2023 Q1. Verify Total Debt. Do not research other fields.,P8H-2-0209,NO,READY_FOR_EXTERNAL_RESEARCH_CLEANED,,MLGO,NO,Required to close downstream-critical latest8Q gaps for TTM / Score / Lifecycle / Valuation
Latest8Q closure,FIRST_PUBLIC_PUBLISH_DATE,1580,EXTERNAL_OFFICIAL_EVIDENCE_REQUIRED,2025-06-30,,NO,0,FIRST_PUBLIC_PUBLISH_DATE,Verify first-public result publication date for FY2025 Q2,Phase 8G issue=MISSING_QUARTER|PUBLISH_DATE_MISSING; source dependency=NEED_FIRST_PUBLIC_RESULT_DATE|NEED_MISSING_QUARTER_SOURCE; structural context=CALENDAR_YEAR,1,10,Q2,2025,NO,issuer Investor Relations earnings release/archive,P2_LATEST4Q,3,Research official issuer sources for FY2025 Q2. Verify first-public result publication date. Do not research other fields.,P8H-2-0225,NO,READY_FOR_EXTERNAL_RESEARCH_CLEANED,,NEGG,NO,Required to close downstream-critical latest8Q gaps for TTM / Score / Lifecycle / Valuation
Latest8Q closure,FIRST_PUBLIC_PUBLISH_DATE|TARGET_COLLISION_EVIDENCE,1634,EXTERNAL_OFFICIAL_EVIDENCE_REQUIRED,2025-10-31,,NO,0,FIRST_PUBLIC_PUBLISH_DATE|TARGET_COLLISION_EVIDENCE,Verify first-public result publication date for FY2026 Q2; Verify target collision evidence for FY2026 Q2,Phase 8G issue=PUBLISH_DATE_MISSING|TARGET_COLLISION; source dependency=NEED_FIRST_PUBLIC_RESULT_DATE|NEED_TARGET_COLLISION_RESOLUTION; structural context=WEEK_BASED_52_53,2,10,Q2,2026,NO,issuer Investor Relations earnings release/archive,P2_LATEST4Q,3,"Research official issuer sources for FY2026 Q2. Verify first-public result publication date, target collision evidence. Do not research other fields.",P8H-2-0232,NO,READY_FOR_EXTERNAL_RESEARCH_CLEANED,STRUCTURAL_REVIEW_ALSO_REQUIRED,NTAP,NO,Required to close downstream-critical latest8Q gaps for TTM / Score / Lifecycle / Valuation
Latest8Q closure,FIRST_PUBLIC_PUBLISH_DATE|TOTAL_DEBT,1641,EXTERNAL_OFFICIAL_EVIDENCE_REQUIRED,2025-12-31,,NO,0,FIRST_PUBLIC_PUBLISH_DATE|TOTAL_DEBT,Verify first-public result publication date for FY2025 Q4; Verify Total Debt for FY2025 Q4,Phase 8G issue=PRIMARY_CORE_INCOMPLETE|PUBLISH_DATE_MISSING|SECONDARY_FIELDS_INCOMPLETE; source dependency=NEED_DEBT|NEED_FIRST_PUBLIC_RESULT_DATE; structural context=CALENDAR_YEAR,2,30,Q4,2025,NO,issuer Investor Relations earnings release/archive,P2_LATEST4Q,2,"Research official issuer sources for FY2025 Q4. Verify first-public result publication date, Total Debt. Do not research other fields.",P8H-2-0235,NO,READY_FOR_EXTERNAL_RESEARCH_CLEANED,,NUAI,NO,Required to close downstream-critical latest8Q gaps for TTM / Score / Lifecycle / Valuation
Latest8Q closure,MISSING_QUARTER_EXISTENCE|TOTAL_DEBT,1668,EXTERNAL_OFFICIAL_EVIDENCE_REQUIRED,2026-03-31,2026-05-19,NO,0,MISSING_QUARTER_EXISTENCE|TOTAL_DEBT,Verify missing quarter existence/source evidence for FY2026 Q4; Verify Total Debt for FY2026 Q4,Phase 8G issue=MISSING_QUARTER|PRIMARY_CORE_INCOMPLETE; source dependency=NEED_DEBT|NEED_MISSING_QUARTER_SOURCE; structural context=FIXED_DATE_FISCAL_YEAR,2,30,Q4,2026,NO,issuer quarterly/annual report; SEC filing/XBRL only as fallback,P2_LATEST4Q,3,"Research official issuer sources for FY2026 Q4. Verify missing quarter existence/source evidence, Total Debt. Do not research other fields.",P8H-2-0242,NO,READY_FOR_EXTERNAL_RESEARCH_CLEANED,STRUCTURAL_REVIEW_ALSO_REQUIRED,NXT,NO,Required to close downstream-critical latest8Q gaps for TTM / Score / Lifecycle / Valuation
Latest8Q closure,FIRST_PUBLIC_PUBLISH_DATE|MISSING_QUARTER_EXISTENCE,1709,EXTERNAL_OFFICIAL_EVIDENCE_REQUIRED,2025-12-31,,NO,0,FIRST_PUBLIC_PUBLISH_DATE|MISSING_QUARTER_EXISTENCE,Verify first-public result publication date for FY2025 Q4; Verify missing quarter existence/source evidence for FY2025 Q4,Phase 8G issue=MISSING_QUARTER|PUBLISH_DATE_MISSING; source dependency=NEED_FIRST_PUBLIC_RESULT_DATE|NEED_MISSING_QUARTER_SOURCE; structural context=OTHER_VERIFIED,2,10,Q4,2025,NO,issuer Investor Relations earnings release/archive,P2_LATEST4Q,3,"Research official issuer sources for FY2025 Q4. Verify first-public result publication date, missing quarter existence/source evidence. Do not research other fields.",P8H-2-0253,NO,READY_FOR_EXTERNAL_RESEARCH_CLEANED,STRUCTURAL_REVIEW_ALSO_REQUIRED,ONTO,NO,Required to close downstream-critical latest8Q gaps for TTM / Score / Lifecycle / Valuation
Latest8Q closure,CASH|FIRST_PUBLIC_PUBLISH_DATE,1716,EXTERNAL_OFFICIAL_EVIDENCE_REQUIRED,2025-06-30,,NO,0,CASH|FIRST_PUBLIC_PUBLISH_DATE,Verify Cash for FY2025 Q2; Verify first-public result publication date for FY2025 Q2,Phase 8G issue=PRIMARY_CORE_INCOMPLETE|PUBLISH_DATE_MISSING|SECONDARY_FIELDS_INCOMPLETE; source dependency=NEED_CASH|NEED_FIRST_PUBLIC_RESULT_DATE; structural context=CALENDAR_YEAR,2,30,Q2,2025,NO,issuer Investor Relations earnings release/archive,P2_LATEST4Q,4,"Research official issuer sources for FY2025 Q2. Verify Cash, first-public result publication date. Do not research other fields.",P8H-2-0255,NO,READY_FOR_EXTERNAL_RESEARCH_CLEANED,,OPTX,NO,Required to close downstream-critical latest8Q gaps for TTM / Score / Lifecycle / Valuation
Latest8Q closure,CASH|TOTAL_DEBT,1786,EXTERNAL_OFFICIAL_EVIDENCE_REQUIRED,2025-06-30,2025-08-14,NO,0,CASH|TOTAL_DEBT,Verify Cash for FY2025 Q2; Verify Total Debt for FY2025 Q2,Phase 8G issue=PRIMARY_CORE_INCOMPLETE; source dependency=NEED_CASH|NEED_DEBT; structural context=CALENDAR_YEAR,2,30,Q2,2025,NO,issuer quarterly/annual report; SEC filing/XBRL only as fallback,P2_LATEST4Q,4,"Research official issuer sources for FY2025 Q2. Verify Cash, Total Debt. Do not research other fields.",P8H-2-0262,NO,READY_FOR_EXTERNAL_RESEARCH_CLEANED,,PEW,NO,Required to close downstream-critical latest8Q gaps for TTM / Score / Lifecycle / Valuation
Latest8Q closure,EBIT_DIRECT|TOTAL_DEBT,1860,EXTERNAL_OFFICIAL_EVIDENCE_REQUIRED,2025-09-30,2025-11-05,NO,0,EBIT_DIRECT|TOTAL_DEBT,Verify EBIT for FY2025 Q3; Verify Total Debt for FY2025 Q3,Phase 8G issue=PRIMARY_CORE_INCOMPLETE|SECONDARY_FIELDS_INCOMPLETE; source dependency=NEED_DEBT|NEED_EBIT; structural context=CALENDAR_YEAR,2,30,Q3,2025,NO,issuer quarterly/annual report; SEC filing/XBRL only as fallback,P2_LATEST4Q,4,"Research official issuer sources for FY2025 Q3. Verify EBIT, Total Debt. Do not research other fields.",P8H-2-0269,NO,READY_FOR_EXTERNAL_RESEARCH_CLEANED,,PRSU,NO,Required to close downstream-critical latest8Q gaps for TTM / Score / Lifecycle / Valuation
Latest8Q closure,EBIT_DIRECT|SOURCE_SEMANTICS_CONFIRMATION,1931,EXTERNAL_OFFICIAL_EVIDENCE_REQUIRED,2025-06-30,2025-08-07,NO,0,EBIT_DIRECT|SOURCE_SEMANTICS_CONFIRMATION,Verify EBIT for FY2025 Q2; Verify source semantics confirmation for FY2025 Q2,Phase 8G issue=PRIMARY_CORE_INCOMPLETE|SECONDARY_FIELDS_INCOMPLETE; source dependency=NEED_EBIT|NEED_SOURCE_SEMANTICS_CONFIRMATION; structural context=CALENDAR_YEAR,2,25,Q2,2025,NO,issuer quarterly/annual report; SEC filing/XBRL only as fallback,P2_LATEST4Q,4,"Research official issuer sources for FY2025 Q2. Verify EBIT, source semantics confirmation. Do not research other fields.",P8H-2-0275,NO,READY_FOR_EXTERNAL_RESEARCH_CLEANED,,REFI,NO,Required to close downstream-critical latest8Q gaps for TTM / Score / Lifecycle / Valuation
Latest8Q closure,EBIT_DIRECT|SOURCE_SEMANTICS_CONFIRMATION,1931,EXTERNAL_OFFICIAL_EVIDENCE_REQUIRED,2025-09-30,2025-11-04,NO,0,EBIT_DIRECT|SOURCE_SEMANTICS_CONFIRMATION,Verify EBIT for FY2025 Q3; Verify source semantics confirmation for FY2025 Q3,Phase 8G issue=PRIMARY_CORE_INCOMPLETE|SECONDARY_FIELDS_INCOMPLETE; source dependency=NEED_EBIT|NEED_SOURCE_SEMANTICS_CONFIRMATION; structural context=CALENDAR_YEAR,2,25,Q3,2025,NO,issuer quarterly/annual report; SEC filing/XBRL only as fallback,P2_LATEST4Q,3,"Research official issuer sources for FY2025 Q3. Verify EBIT, source semantics confirmation. Do not research other fields.",P8H-2-0276,NO,READY_FOR_EXTERNAL_RESEARCH_CLEANED,,REFI,NO,Required to close downstream-critical latest8Q gaps for TTM / Score / Lifecycle / Valuation
Latest8Q closure,EBIT_DIRECT|SOURCE_SEMANTICS_CONFIRMATION,1931,EXTERNAL_OFFICIAL_EVIDENCE_REQUIRED,2025-12-31,2026-03-12,NO,0,EBIT_DIRECT|SOURCE_SEMANTICS_CONFIRMATION,Verify EBIT for FY2025 Q4; Verify source semantics confirmation for FY2025 Q4,Phase 8G issue=PRIMARY_CORE_INCOMPLETE|SECONDARY_FIELDS_INCOMPLETE; source dependency=NEED_EBIT|NEED_SOURCE_SEMANTICS_CONFIRMATION; structural context=CALENDAR_YEAR,2,25,Q4,2025,NO,issuer quarterly/annual report; SEC filing/XBRL only as fallback,P2_LATEST4Q,2,"Research official issuer sources for FY2025 Q4. Verify EBIT, source semantics confirmation. Do not research other fields.",P8H-2-0277,NO,READY_FOR_EXTERNAL_RESEARCH_CLEANED,,REFI,NO,Required to close downstream-critical latest8Q gaps for TTM / Score / Lifecycle / Valuation
Latest8Q closure,EBIT_DIRECT|SOURCE_SEMANTICS_CONFIRMATION,1956,EXTERNAL_OFFICIAL_EVIDENCE_REQUIRED,2026-03-31,2026-05-04,NO,0,EBIT_DIRECT|SOURCE_SEMANTICS_CONFIRMATION,Verify EBIT for FY2026 Q1; Verify source semantics confirmation for FY2026 Q1,Phase 8G issue=PRIMARY_CORE_INCOMPLETE|SECONDARY_FIELDS_INCOMPLETE; source dependency=NEED_EBIT|NEED_SOURCE_SEMANTICS_CONFIRMATION; structural context=CALENDAR_YEAR,2,25,Q1,2026,NO,issuer quarterly/annual report; SEC filing/XBRL only as fallback,P2_LATEST4Q,2,"Research official issuer sources for FY2026 Q1. Verify EBIT, source semantics confirmation. Do not research other fields.",P8H-2-0284,NO,READY_FOR_EXTERNAL_RESEARCH_CLEANED,,RITM,NO,Required to close downstream-critical latest8Q gaps for TTM / Score / Lifecycle / Valuation
Latest8Q closure,TARGET_COLLISION_EVIDENCE|TOTAL_DEBT,2087,EXTERNAL_OFFICIAL_EVIDENCE_REQUIRED,2025-06-30,2025-08-05,NO,0,TARGET_COLLISION_EVIDENCE|TOTAL_DEBT,Verify target collision evidence for FY2025 Q2; Verify Total Debt for FY2025 Q2,Phase 8G issue=PRIMARY_CORE_INCOMPLETE|TARGET_COLLISION; source dependency=NEED_DEBT|NEED_TARGET_COLLISION_RESOLUTION; structural context=OTHER_VERIFIED,2,30,Q2,2025,NO,issuer quarterly/annual report; SEC filing/XBRL only as fallback,P2_LATEST4Q,4,"Research official issuer sources for FY2025 Q2. Verify target collision evidence, Total Debt. Do not research other fields.",P8H-2-0307,NO,READY_FOR_EXTERNAL_RESEARCH_CLEANED,STRUCTURAL_REVIEW_ALSO_REQUIRED,SLAB,NO,Required to close downstream-critical latest8Q gaps for TTM / Score / Lifecycle / Valuation
Latest8Q closure,FIRST_PUBLIC_PUBLISH_DATE|TOTAL_DEBT,2091,EXTERNAL_OFFICIAL_EVIDENCE_REQUIRED,2025-12-31,,NO,0,FIRST_PUBLIC_PUBLISH_DATE|TOTAL_DEBT,Verify first-public result publication date for FY2025 Q4; Verify Total Debt for FY2025 Q4,Phase 8G issue=PRIMARY_CORE_INCOMPLETE|PUBLISH_DATE_MISSING; source dependency=NEED_DEBT|NEED_FIRST_PUBLIC_RESULT_DATE; structural context=CALENDAR_YEAR,2,30,Q4,2025,NO,issuer Investor Relations earnings release/archive,P2_LATEST4Q,2,"Research official issuer sources for FY2025 Q4. Verify first-public result publication date, Total Debt. Do not research other fields.",P8H-2-0309,NO,READY_FOR_EXTERNAL_RESEARCH_CLEANED,,SLE,NO,Required to close downstream-critical latest8Q gaps for TTM / Score / Lifecycle / Valuation
Latest8Q closure,EBIT_DIRECT|SOURCE_SEMANTICS_CONFIRMATION,2177,EXTERNAL_OFFICIAL_EVIDENCE_REQUIRED,2025-09-30,2025-11-10,NO,0,EBIT_DIRECT|SOURCE_SEMANTICS_CONFIRMATION,Verify EBIT for FY2025 Q3; Verify source semantics confirmation for FY2025 Q3,Phase 8G issue=PRIMARY_CORE_INCOMPLETE; source dependency=NEED_EBIT|NEED_SOURCE_SEMANTICS_CONFIRMATION; structural context=CALENDAR_YEAR,2,25,Q3,2025,NO,issuer quarterly/annual report; SEC filing/XBRL only as fallback,P2_LATEST4Q,4,"Research official issuer sources for FY2025 Q3. Verify EBIT, source semantics confirmation. Do not research other fields.",P8H-2-0319,NO,READY_FOR_EXTERNAL_RESEARCH_CLEANED,,STWD,NO,Required to close downstream-critical latest8Q gaps for TTM / Score / Lifecycle / Valuation
Latest8Q closure,EBIT_DIRECT|SOURCE_SEMANTICS_CONFIRMATION,2177,EXTERNAL_OFFICIAL_EVIDENCE_REQUIRED,2026-03-31,2026-05-08,NO,0,EBIT_DIRECT|SOURCE_SEMANTICS_CONFIRMATION,Verify EBIT for FY2026 Q1; Verify source semantics confirmation for FY2026 Q1,Phase 8G issue=PRIMARY_CORE_INCOMPLETE; source dependency=NEED_EBIT|NEED_SOURCE_SEMANTICS_CONFIRMATION; structural context=CALENDAR_YEAR,2,25,Q1,2026,NO,issuer quarterly/annual report; SEC filing/XBRL only as fallback,P2_LATEST4Q,2,"Research official issuer sources for FY2026 Q1. Verify EBIT, source semantics confirmation. Do not research other fields.",P8H-2-0320,NO,READY_FOR_EXTERNAL_RESEARCH_CLEANED,,STWD,NO,Required to close downstream-critical latest8Q gaps for TTM / Score / Lifecycle / Valuation
Latest8Q closure,MISSING_QUARTER_EXISTENCE|TOTAL_DEBT,2198,EXTERNAL_OFFICIAL_EVIDENCE_REQUIRED,2025-09-30,2025-11-24,NO,0,MISSING_QUARTER_EXISTENCE|TOTAL_DEBT,Verify missing quarter existence/source evidence for FY2025 Q4; Verify Total Debt for FY2025 Q4,Phase 8G issue=MISSING_QUARTER|PRIMARY_CORE_INCOMPLETE; source dependency=NEED_DEBT|NEED_MISSING_QUARTER_SOURCE; structural context=WEEK_BASED_52_53,2,30,Q4,2025,NO,issuer quarterly/annual report; SEC filing/XBRL only as fallback,P2_LATEST4Q,4,"Research official issuer sources for FY2025 Q4. Verify missing quarter existence/source evidence, Total Debt. Do not research other fields.",P8H-2-0321,NO,READY_FOR_EXTERNAL_RESEARCH_CLEANED,STRUCTURAL_REVIEW_ALSO_REQUIRED,SYM,NO,Required to close downstream-critical latest8Q gaps for TTM / Score / Lifecycle / Valuation
Latest8Q closure,FIRST_PUBLIC_PUBLISH_DATE|TOTAL_DEBT,2205,EXTERNAL_OFFICIAL_EVIDENCE_REQUIRED,2025-09-30,,NO,0,FIRST_PUBLIC_PUBLISH_DATE|TOTAL_DEBT,Verify first-public result publication date for FY2025 Q3; Verify Total Debt for FY2025 Q3,Phase 8G issue=PRIMARY_CORE_INCOMPLETE|PUBLISH_DATE_MISSING|SECONDARY_FIELDS_INCOMPLETE; source dependency=NEED_DEBT|NEED_FIRST_PUBLIC_RESULT_DATE; structural context=CALENDAR_YEAR,2,30,Q3,2025,NO,issuer Investor Relations earnings release/archive,P2_LATEST4Q,3,"Research official issuer sources for FY2025 Q3. Verify first-public result publication date, Total Debt. Do not research other fields.",P8H-2-0331,NO,READY_FOR_EXTERNAL_RESEARCH_CLEANED,,TAOX,NO,Required to close downstream-critical latest8Q gaps for TTM / Score / Lifecycle / Valuation
Latest8Q closure,FIRST_PUBLIC_PUBLISH_DATE|TOTAL_DEBT,2205,EXTERNAL_OFFICIAL_EVIDENCE_REQUIRED,2025-12-31,2026-06-05,NO,0,FIRST_PUBLIC_PUBLISH_DATE|TOTAL_DEBT,Verify first-public result publication date for FY2025 Q4; Verify Total Debt for FY2025 Q4,Phase 8G issue=PRIMARY_CORE_INCOMPLETE|PUBLISH_SEQUENCE_CONFLICT|SECONDARY_FIELDS_INCOMPLETE; source dependency=NEED_DEBT|NEED_FIRST_PUBLIC_RESULT_DATE; structural context=CALENDAR_YEAR,2,30,Q4,2025,NO,issuer Investor Relations earnings release/archive,P2_LATEST4Q,2,"Research official issuer sources for FY2025 Q4. Verify first-public result publication date, Total Debt. Do not research other fields.",P8H-2-0332,NO,READY_FOR_EXTERNAL_RESEARCH_CLEANED,,TAOX,NO,Required to close downstream-critical latest8Q gaps for TTM / Score / Lifecycle / Valuation
Latest8Q closure,EBIT_DIRECT|SOURCE_SEMANTICS_CONFIRMATION,2296,EXTERNAL_OFFICIAL_EVIDENCE_REQUIRED,2025-09-30,2025-10-28,NO,0,EBIT_DIRECT|SOURCE_SEMANTICS_CONFIRMATION,Verify EBIT for FY2025 Q3; Verify source semantics confirmation for FY2025 Q3,Phase 8G issue=PRIMARY_CORE_INCOMPLETE|SECONDARY_FIELDS_INCOMPLETE; source dependency=NEED_EBIT|NEED_SOURCE_SEMANTICS_CONFIRMATION; structural context=CALENDAR_YEAR,2,25,Q3,2025,NO,issuer quarterly/annual report; SEC filing/XBRL only as fallback,P2_LATEST4Q,4,"Research official issuer sources for FY2025 Q3. Verify EBIT, source semantics confirmation. Do not research other fields.",P8H-2-0345,NO,READY_FOR_EXTERNAL_RESEARCH_CLEANED,,TRTX,NO,Required to close downstream-critical latest8Q gaps for TTM / Score / Lifecycle / Valuation
Latest8Q closure,EBIT_DIRECT|SOURCE_SEMANTICS_CONFIRMATION,2296,EXTERNAL_OFFICIAL_EVIDENCE_REQUIRED,2025-12-31,2026-02-17,NO,0,EBIT_DIRECT|SOURCE_SEMANTICS_CONFIRMATION,Verify EBIT for FY2025 Q4; Verify source semantics confirmation for FY2025 Q4,Phase 8G issue=PRIMARY_CORE_INCOMPLETE|SECONDARY_FIELDS_INCOMPLETE; source dependency=NEED_EBIT|NEED_SOURCE_SEMANTICS_CONFIRMATION; structural context=CALENDAR_YEAR,2,25,Q4,2025,NO,issuer quarterly/annual report; SEC filing/XBRL only as fallback,P2_LATEST4Q,3,"Research official issuer sources for FY2025 Q4. Verify EBIT, source semantics confirmation. Do not research other fields.",P8H-2-0346,NO,READY_FOR_EXTERNAL_RESEARCH_CLEANED,,TRTX,NO,Required to close downstream-critical latest8Q gaps for TTM / Score / Lifecycle / Valuation
Latest8Q closure,EBIT_DIRECT|SOURCE_SEMANTICS_CONFIRMATION,2296,EXTERNAL_OFFICIAL_EVIDENCE_REQUIRED,2026-03-31,2026-04-28,NO,0,EBIT_DIRECT|SOURCE_SEMANTICS_CONFIRMATION,Verify EBIT for FY2026 Q1; Verify source semantics confirmation for FY2026 Q1,Phase 8G issue=PRIMARY_CORE_INCOMPLETE|SECONDARY_FIELDS_INCOMPLETE; source dependency=NEED_EBIT|NEED_SOURCE_SEMANTICS_CONFIRMATION; structural context=CALENDAR_YEAR,2,25,Q1,2026,NO,issuer quarterly/annual report; SEC filing/XBRL only as fallback,P2_LATEST4Q,2,"Research official issuer sources for FY2026 Q1. Verify EBIT, source semantics confirmation. Do not research other fields.",P8H-2-0347,NO,READY_FOR_EXTERNAL_RESEARCH_CLEANED,,TRTX,NO,Required to close downstream-critical latest8Q gaps for TTM / Score / Lifecycle / Valuation
Latest8Q closure,TARGET_COLLISION_EVIDENCE|TOTAL_DEBT,2370,EXTERNAL_OFFICIAL_EVIDENCE_REQUIRED,2025-06-30,2025-08-05,NO,0,TARGET_COLLISION_EVIDENCE|TOTAL_DEBT,Verify target collision evidence for FY2025 Q2; Verify Total Debt for FY2025 Q2,Phase 8G issue=PRIMARY_CORE_INCOMPLETE|TARGET_COLLISION; source dependency=NEED_DEBT|NEED_TARGET_COLLISION_RESOLUTION; structural context=OTHER_VERIFIED,2,30,Q2,2025,NO,issuer quarterly/annual report; SEC filing/XBRL only as fallback,P2_LATEST4Q,4,"Research official issuer sources for FY2025 Q2. Verify target collision evidence, Total Debt. Do not research other fields.",P8H-2-0350,NO,READY_FOR_EXTERNAL_RESEARCH_CLEANED,STRUCTURAL_REVIEW_ALSO_REQUIRED,USNA,NO,Required to close downstream-critical latest8Q gaps for TTM / Score / Lifecycle / Valuation
Latest8Q closure,FIRST_PUBLIC_PUBLISH_DATE|TOTAL_DEBT,2422,EXTERNAL_OFFICIAL_EVIDENCE_REQUIRED,2025-09-30,,NO,0,FIRST_PUBLIC_PUBLISH_DATE|TOTAL_DEBT,Verify first-public result publication date for FY2025 Q3; Verify Total Debt for FY2025 Q3,Phase 8G issue=PRIMARY_CORE_INCOMPLETE|PUBLISH_DATE_MISSING|SECONDARY_FIELDS_INCOMPLETE; source dependency=NEED_DEBT|NEED_FIRST_PUBLIC_RESULT_DATE; structural context=CALENDAR_YEAR,2,30,Q3,2025,NO,issuer Investor Relations earnings release/archive,P2_LATEST4Q,3,"Research official issuer sources for FY2025 Q3. Verify first-public result publication date, Total Debt. Do not research other fields.",P8H-2-0358,NO,READY_FOR_EXTERNAL_RESEARCH_CLEANED,,VS,NO,Required to close downstream-critical latest8Q gaps for TTM / Score / Lifecycle / Valuation
Latest8Q closure,FIRST_PUBLIC_PUBLISH_DATE,2428,EXTERNAL_OFFICIAL_EVIDENCE_REQUIRED,2024-09-30,,NO,0,FIRST_PUBLIC_PUBLISH_DATE,Verify first-public result publication date for FY2024 Q3,Phase 8G issue=MISSING_QUARTER|PUBLISH_DATE_MISSING|SECONDARY_FIELDS_INCOMPLETE; source dependency=NEED_FIRST_PUBLIC_RESULT_DATE|NEED_MISSING_QUARTER_SOURCE; structural context=CALENDAR_YEAR,1,10,Q3,2024,NO,issuer Investor Relations earnings release/archive,P2_LATEST4Q,4,Research official issuer sources for FY2024 Q3. Verify first-public result publication date. Do not research other fields.,P8H-2-0360,NO,READY_FOR_EXTERNAL_RESEARCH_CLEANED,,VSTD,NO,Required to close downstream-critical latest8Q gaps for TTM / Score / Lifecycle / Valuation
Latest8Q closure,FIRST_PUBLIC_PUBLISH_DATE,30,EXTERNAL_OFFICIAL_EVIDENCE_REQUIRED,2026-05-31,,NO,0,FIRST_PUBLIC_PUBLISH_DATE,Verify first-public result publication date for FY2026 Q1,Phase 8G issue=PUBLISH_DATE_MISSING; source dependency=NEED_FIRST_PUBLIC_RESULT_DATE; structural context=WEEK_BASED_52_53,1,5,Q1,2026,NO,issuer Investor Relations earnings release/archive,P2_LATEST4Q,2,Research official issuer sources for FY2026 Q1. Verify first-public result publication date. Do not research other fields.,P8H-2-0001,NO,READY_FOR_EXTERNAL_RESEARCH_CLEANED,STRUCTURAL_REVIEW_ALSO_REQUIRED,ACI,NO,Required to close downstream-critical latest8Q gaps for TTM / Score / Lifecycle / Valuation
Latest8Q closure,TOTAL_DEBT,38,EXTERNAL_OFFICIAL_EVIDENCE_REQUIRED,2025-09-30,2025-11-06,NO,0,TOTAL_DEBT,Verify Total Debt for FY2025 Q3,Phase 8G issue=PRIMARY_CORE_INCOMPLETE; source dependency=NEED_DEBT; structural context=CALENDAR_YEAR,1,25,Q3,2025,NO,issuer quarterly/annual report; SEC filing/XBRL only as fallback,P2_LATEST4Q,4,Research official issuer sources for FY2025 Q3. Verify Total Debt. Do not research other fields.,P8H-2-0002,NO,READY_FOR_EXTERNAL_RESEARCH_CLEANED,,ACRS,NO,Required to close downstream-critical latest8Q gaps for TTM / Score / Lifecycle / Valuation
Latest8Q closure,TOTAL_DEBT,38,EXTERNAL_OFFICIAL_EVIDENCE_REQUIRED,2025-12-31,2026-02-26,NO,0,TOTAL_DEBT,Verify Total Debt for FY2025 Q4,Phase 8G issue=PRIMARY_CORE_INCOMPLETE; source dependency=NEED_DEBT; structural context=CALENDAR_YEAR,1,25,Q4,2025,NO,issuer quarterly/annual report; SEC filing/XBRL only as fallback,P2_LATEST4Q,3,Research official issuer sources for FY2025 Q4. Verify Total Debt. Do not research other fields.,P8H-2-0003,NO,READY_FOR_EXTERNAL_RESEARCH_CLEANED,,ACRS,NO,Required to close downstream-critical latest8Q gaps for TTM / Score / Lifecycle / Valuation
Latest8Q closure,TOTAL_DEBT,38,EXTERNAL_OFFICIAL_EVIDENCE_REQUIRED,2026-03-31,2026-05-07,NO,0,TOTAL_DEBT,Verify Total Debt for FY2026 Q1,Phase 8G issue=PRIMARY_CORE_INCOMPLETE; source dependency=NEED_DEBT; structural context=CALENDAR_YEAR,1,25,Q1,2026,NO,issuer quarterly/annual report; SEC filing/XBRL only as fallback,P2_LATEST4Q,2,Research official issuer sources for FY2026 Q1. Verify Total Debt. Do not research other fields.,P8H-2-0004,NO,READY_FOR_EXTERNAL_RESEARCH_CLEANED,,ACRS,NO,Required to close downstream-critical latest8Q gaps for TTM / Score / Lifecycle / Valuation
Latest8Q closure,TOTAL_DEBT,42,EXTERNAL_OFFICIAL_EVIDENCE_REQUIRED,2025-06-30,2025-08-11,NO,0,TOTAL_DEBT,Verify Total Debt for FY2025 Q2,Phase 8G issue=PRIMARY_CORE_INCOMPLETE|SECONDARY_FIELDS_INCOMPLETE; source dependency=NEED_DEBT; structural context=CALENDAR_YEAR,1,25,Q2,2025,NO,issuer quarterly/annual report; SEC filing/XBRL only as fallback,P2_LATEST4Q,4,Research official issuer sources for FY2025 Q2. Verify Total Debt. Do not research other fields.,P8H-2-0005,NO,READY_FOR_EXTERNAL_RESEARCH_CLEANED,,ACXP,NO,Required to close downstream-critical latest8Q gaps for TTM / Score / Lifecycle / Valuation
Latest8Q closure,TOTAL_DEBT,42,EXTERNAL_OFFICIAL_EVIDENCE_REQUIRED,2025-09-30,2025-11-12,NO,0,TOTAL_DEBT,Verify Total Debt for FY2025 Q3,Phase 8G issue=PRIMARY_CORE_INCOMPLETE|SECONDARY_FIELDS_INCOMPLETE; source dependency=NEED_DEBT; structural context=CALENDAR_YEAR,1,25,Q3,2025,NO,issuer quarterly/annual report; SEC filing/XBRL only as fallback,P2_LATEST4Q,3,Research official issuer sources for FY2025 Q3. Verify Total Debt. Do not research other fields.,P8H-2-0006,NO,READY_FOR_EXTERNAL_RESEARCH_CLEANED,,ACXP,NO,Required to close downstream-critical latest8Q gaps for TTM / Score / Lifecycle / Valuation
Latest8Q closure,TOTAL_DEBT,42,EXTERNAL_OFFICIAL_EVIDENCE_REQUIRED,2025-12-31,2026-03-12,NO,0,TOTAL_DEBT,Verify Total Debt for FY2025 Q4,Phase 8G issue=PRIMARY_CORE_INCOMPLETE|SECONDARY_FIELDS_INCOMPLETE; source dependency=NEED_DEBT; structural context=CALENDAR_YEAR,1,25,Q4,2025,NO,issuer quarterly/annual report; SEC filing/XBRL only as fallback,P2_LATEST4Q,2,Research official issuer sources for FY2025 Q4. Verify Total Debt. Do not research other fields.,P8H-2-0007,NO,READY_FOR_EXTERNAL_RESEARCH_CLEANED,,ACXP,NO,Required to close downstream-critical latest8Q gaps for TTM / Score / Lifecycle / Valuation
Latest8Q closure,TOTAL_DEBT,82,EXTERNAL_OFFICIAL_EVIDENCE_REQUIRED,2025-09-30,2025-11-12,NO,0,TOTAL_DEBT,Verify Total Debt for FY2025 Q3,Phase 8G issue=PRIMARY_CORE_INCOMPLETE; source dependency=NEED_DEBT; structural context=CALENDAR_YEAR,1,25,Q3,2025,NO,issuer quarterly/annual report; SEC filing/XBRL only as fallback,P2_LATEST4Q,4,Research official issuer sources for FY2025 Q3. Verify Total Debt. Do not research other fields.,P8H-2-0011,NO,READY_FOR_EXTERNAL_RESEARCH_CLEANED,,AIFF,NO,Required to close downstream-critical latest8Q gaps for TTM / Score / Lifecycle / Valuation
Latest8Q closure,TOTAL_DEBT,82,EXTERNAL_OFFICIAL_EVIDENCE_REQUIRED,2025-12-31,2026-03-31,NO,0,TOTAL_DEBT,Verify Total Debt for FY2025 Q4,Phase 8G issue=PRIMARY_CORE_INCOMPLETE; source dependency=NEED_DEBT; structural context=CALENDAR_YEAR,1,25,Q4,2025,NO,issuer quarterly/annual report; SEC filing/XBRL only as fallback,P2_LATEST4Q,3,Research official issuer sources for FY2025 Q4. Verify Total Debt. Do not research other fields.,P8H-2-0012,NO,READY_FOR_EXTERNAL_RESEARCH_CLEANED,,AIFF,NO,Required to close downstream-critical latest8Q gaps for TTM / Score / Lifecycle / Valuation
Latest8Q closure,TOTAL_DEBT,82,EXTERNAL_OFFICIAL_EVIDENCE_REQUIRED,2026-03-31,2026-05-13,NO,0,TOTAL_DEBT,Verify Total Debt for FY2026 Q1,Phase 8G issue=PRIMARY_CORE_INCOMPLETE; source dependency=NEED_DEBT; structural context=CALENDAR_YEAR,1,25,Q1,2026,NO,issuer quarterly/annual report; SEC filing/XBRL only as fallback,P2_LATEST4Q,2,Research official issuer sources for FY2026 Q1. Verify Total Debt. Do not research other fields.,P8H-2-0013,NO,READY_FOR_EXTERNAL_RESEARCH_CLEANED,,AIFF,NO,Required to close downstream-critical latest8Q gaps for TTM / Score / Lifecycle / Valuation
Latest8Q closure,TOTAL_DEBT,97,EXTERNAL_OFFICIAL_EVIDENCE_REQUIRED,2025-09-30,2025-11-05,NO,0,TOTAL_DEBT,Verify Total Debt for FY2025 Q3,Phase 8G issue=PRIMARY_CORE_INCOMPLETE; source dependency=NEED_DEBT; structural context=CALENDAR_YEAR,1,25,Q3,2025,NO,issuer quarterly/annual report; SEC filing/XBRL only as fallback,P2_LATEST4Q,4,Research official issuer sources for FY2025 Q3. Verify Total Debt. Do not research other fields.,P8H-2-0014,NO,READY_FOR_EXTERNAL_RESEARCH_CLEANED,,ALAB,NO,Required to close downstream-critical latest8Q gaps for TTM / Score / Lifecycle / Valuation
Latest8Q closure,TOTAL_DEBT,97,EXTERNAL_OFFICIAL_EVIDENCE_REQUIRED,2026-03-31,2026-05-05,NO,0,TOTAL_DEBT,Verify Total Debt for FY2026 Q1,Phase 8G issue=PRIMARY_CORE_INCOMPLETE; source dependency=NEED_DEBT; structural context=CALENDAR_YEAR,1,25,Q1,2026,NO,issuer quarterly/annual report; SEC filing/XBRL only as fallback,P2_LATEST4Q,2,Research official issuer sources for FY2026 Q1. Verify Total Debt. Do not research other fields.,P8H-2-0015,NO,READY_FOR_EXTERNAL_RESEARCH_CLEANED,,ALAB,NO,Required to close downstream-critical latest8Q gaps for TTM / Score / Lifecycle / Valuation
Latest8Q closure,TOTAL_DEBT,127,EXTERNAL_OFFICIAL_EVIDENCE_REQUIRED,2025-07-31,2025-09-10,NO,0,TOTAL_DEBT,Verify Total Debt for FY2026 Q1,Phase 8G issue=PRIMARY_CORE_INCOMPLETE|SECONDARY_FIELDS_INCOMPLETE; source dependency=NEED_DEBT; structural context=FIXED_DATE_FISCAL_YEAR,1,25,Q1,2026,NO,issuer quarterly/annual report; SEC filing/XBRL only as fallback,P2_LATEST4Q,4,Research official issuer sources for FY2026 Q1. Verify Total Debt. Do not research other fields.,P8H-2-0016,NO,READY_FOR_EXTERNAL_RESEARCH_CLEANED,,ALZN,NO,Required to close downstream-critical latest8Q gaps for TTM / Score / Lifecycle / Valuation
Latest8Q closure,TOTAL_DEBT,127,EXTERNAL_OFFICIAL_EVIDENCE_REQUIRED,2025-10-31,2025-12-09,NO,0,TOTAL_DEBT,Verify Total Debt for FY2026 Q2,Phase 8G issue=PRIMARY_CORE_INCOMPLETE|SECONDARY_FIELDS_INCOMPLETE; source dependency=NEED_DEBT; structural context=FIXED_DATE_FISCAL_YEAR,1,25,Q2,2026,NO,issuer quarterly/annual report; SEC filing/XBRL only as fallback,P2_LATEST4Q,3,Research official issuer sources for FY2026 Q2. Verify Total Debt. Do not research other fields.,P8H-2-0017,NO,READY_FOR_EXTERNAL_RESEARCH_CLEANED,,ALZN,NO,Required to close downstream-critical latest8Q gaps for TTM / Score / Lifecycle / Valuation
Latest8Q closure,TOTAL_DEBT,127,EXTERNAL_OFFICIAL_EVIDENCE_REQUIRED,2026-01-31,2026-03-11,NO,0,TOTAL_DEBT,Verify Total Debt for FY2026 Q3,Phase 8G issue=PRIMARY_CORE_INCOMPLETE|SECONDARY_FIELDS_INCOMPLETE; source dependency=NEED_DEBT; structural context=FIXED_DATE_FISCAL_YEAR,1,25,Q3,2026,NO,issuer quarterly/annual report; SEC filing/XBRL only as fallback,P2_LATEST4Q,2,Research official issuer sources for FY2026 Q3. Verify Total Debt. Do not research other fields.,P8H-2-0018,NO,READY_FOR_EXTERNAL_RESEARCH_CLEANED,,ALZN,NO,Required to close downstream-critical latest8Q gaps for TTM / Score / Lifecycle / Valuation
Latest8Q closure,TOTAL_DEBT,138,EXTERNAL_OFFICIAL_EVIDENCE_REQUIRED,2025-09-30,2025-11-12,NO,0,TOTAL_DEBT,Verify Total Debt for FY2026 Q2,Phase 8G issue=PRIMARY_CORE_INCOMPLETE|SECONDARY_FIELDS_INCOMPLETE; source dependency=NEED_DEBT; structural context=FIXED_DATE_FISCAL_YEAR,1,25,Q2,2026,NO,issuer quarterly/annual report; SEC filing/XBRL only as fallback,P2_LATEST4Q,3,Research official issuer sources for FY2026 Q2. Verify Total Debt. Do not research other fields.,P8H-2-0019,NO,READY_FOR_EXTERNAL_RESEARCH_CLEANED,STRUCTURAL_REVIEW_ALSO_REQUIRED,AMIX,NO,Required to close downstream-critical latest8Q gaps for TTM / Score / Lifecycle / Valuation
Latest8Q closure,TOTAL_DEBT,138,EXTERNAL_OFFICIAL_EVIDENCE_REQUIRED,2025-12-31,2026-02-11,NO,0,TOTAL_DEBT,Verify Total Debt for FY2026 Q3,Phase 8G issue=PRIMARY_CORE_INCOMPLETE|SECONDARY_FIELDS_INCOMPLETE; source dependency=NEED_DEBT; structural context=FIXED_DATE_FISCAL_YEAR,1,25,Q3,2026,NO,issuer quarterly/annual report; SEC filing/XBRL only as fallback,P2_LATEST4Q,2,Research official issuer sources for FY2026 Q3. Verify Total Debt. Do not research other fields.,P8H-2-0020,NO,READY_FOR_EXTERNAL_RESEARCH_CLEANED,STRUCTURAL_REVIEW_ALSO_REQUIRED,AMIX,NO,Required to close downstream-critical latest8Q gaps for TTM / Score / Lifecycle / Valuation
Latest8Q closure,FIRST_PUBLIC_PUBLISH_DATE,142,EXTERNAL_OFFICIAL_EVIDENCE_REQUIRED,2025-06-30,,NO,0,FIRST_PUBLIC_PUBLISH_DATE,Verify first-public result publication date for FY2025 Q2,Phase 8G issue=PUBLISH_DATE_MISSING|SECONDARY_FIELDS_INCOMPLETE; source dependency=NEED_FIRST_PUBLIC_RESULT_DATE; structural context=CALENDAR_YEAR,1,5,Q2,2025,NO,issuer Investor Relations earnings release/archive,P2_LATEST4Q,4,Research official issuer sources for FY2025 Q2. Verify first-public result publication date. Do not research other fields.,P8H-2-0021,NO,READY_FOR_EXTERNAL_RESEARCH_CLEANED,,AMOD,NO,Required to close downstream-critical latest8Q gaps for TTM / Score / Lifecycle / Valuation
Latest8Q closure,FIRST_PUBLIC_PUBLISH_DATE,142,EXTERNAL_OFFICIAL_EVIDENCE_REQUIRED,2025-09-30,,NO,0,FIRST_PUBLIC_PUBLISH_DATE,Verify first-public result publication date for FY2025 Q3,Phase 8G issue=PUBLISH_DATE_MISSING|SECONDARY_FIELDS_INCOMPLETE; source dependency=NEED_FIRST_PUBLIC_RESULT_DATE; structural context=CALENDAR_YEAR,1,5,Q3,2025,NO,issuer Investor Relations earnings release/archive,P2_LATEST4Q,3,Research official issuer sources for FY2025 Q3. Verify first-public result publication date. Do not research other fields.,P8H-2-0022,NO,READY_FOR_EXTERNAL_RESEARCH_CLEANED,,AMOD,NO,Required to close downstream-critical latest8Q gaps for TTM / Score / Lifecycle / Valuation
Latest8Q closure,FIRST_PUBLIC_PUBLISH_DATE,142,EXTERNAL_OFFICIAL_EVIDENCE_REQUIRED,2025-12-31,,NO,0,FIRST_PUBLIC_PUBLISH_DATE,Verify first-public result publication date for FY2025 Q4,Phase 8G issue=PUBLISH_DATE_MISSING|SECONDARY_FIELDS_INCOMPLETE; source dependency=NEED_FIRST_PUBLIC_RESULT_DATE; structural context=CALENDAR_YEAR,1,5,Q4,2025,NO,issuer Investor Relations earnings release/archive,P2_LATEST4Q,2,Research official issuer sources for FY2025 Q4. Verify first-public result publication date. Do not research other fields.,P8H-2-0023,NO,READY_FOR_EXTERNAL_RESEARCH_CLEANED,,AMOD,NO,Required to close downstream-critical latest8Q gaps for TTM / Score / Lifecycle / Valuation
Latest8Q closure,TOTAL_DEBT,160,EXTERNAL_OFFICIAL_EVIDENCE_REQUIRED,2025-09-30,2025-11-05,NO,0,TOTAL_DEBT,Verify Total Debt for FY2025 Q3,Phase 8G issue=PRIMARY_CORE_INCOMPLETE; source dependency=NEED_DEBT; structural context=CALENDAR_YEAR,1,25,Q3,2025,NO,issuer quarterly/annual report; SEC filing/XBRL only as fallback,P2_LATEST4Q,4,Research official issuer sources for FY2025 Q3. Verify Total Debt. Do not research other fields.,P8H-2-0027,NO,READY_FOR_EXTERNAL_RESEARCH_CLEANED,,ANET,NO,Required to close downstream-critical latest8Q gaps for TTM / Score / Lifecycle / Valuation
Latest8Q closure,TOTAL_DEBT,160,EXTERNAL_OFFICIAL_EVIDENCE_REQUIRED,2025-12-31,2026-02-17,NO,0,TOTAL_DEBT,Verify Total Debt for FY2025 Q4,Phase 8G issue=PRIMARY_CORE_INCOMPLETE; source dependency=NEED_DEBT; structural context=CALENDAR_YEAR,1,25,Q4,2025,NO,issuer quarterly/annual report; SEC filing/XBRL only as fallback,P2_LATEST4Q,3,Research official issuer sources for FY2025 Q4. Verify Total Debt. Do not research other fields.,P8H-2-0028,NO,READY_FOR_EXTERNAL_RESEARCH_CLEANED,,ANET,NO,Required to close downstream-critical latest8Q gaps for TTM / Score / Lifecycle / Valuation
Latest8Q closure,TOTAL_DEBT,160,EXTERNAL_OFFICIAL_EVIDENCE_REQUIRED,2026-03-31,2026-05-06,NO,0,TOTAL_DEBT,Verify Total Debt for FY2026 Q1,Phase 8G issue=PRIMARY_CORE_INCOMPLETE; source dependency=NEED_DEBT; structural context=CALENDAR_YEAR,1,25,Q1,2026,NO,issuer quarterly/annual report; SEC filing/XBRL only as fallback,P2_LATEST4Q,2,Research official issuer sources for FY2026 Q1. Verify Total Debt. Do not research other fields.,P8H-2-0029,NO,READY_FOR_EXTERNAL_RESEARCH_CLEANED,,ANET,NO,Required to close downstream-critical latest8Q gaps for TTM / Score / Lifecycle / Valuation
Latest8Q closure,TOTAL_DEBT,163,EXTERNAL_OFFICIAL_EVIDENCE_REQUIRED,2025-08-31,2025-10-02,NO,0,TOTAL_DEBT,Verify Total Debt for FY2026 Q1,Phase 8G issue=PRIMARY_CORE_INCOMPLETE; source dependency=NEED_DEBT; structural context=FIXED_DATE_FISCAL_YEAR,1,25,Q1,2026,NO,issuer quarterly/annual report; SEC filing/XBRL only as fallback,P2_LATEST4Q,4,Research official issuer sources for FY2026 Q1. Verify Total Debt. Do not research other fields.,P8H-2-0030,NO,READY_FOR_EXTERNAL_RESEARCH_CLEANED,,ANGO,NO,Required to close downstream-critical latest8Q gaps for TTM / Score / Lifecycle / Valuation
Latest8Q closure,TOTAL_DEBT,163,EXTERNAL_OFFICIAL_EVIDENCE_REQUIRED,2026-02-28,2026-04-02,NO,0,TOTAL_DEBT,Verify Total Debt for FY2026 Q3,Phase 8G issue=PRIMARY_CORE_INCOMPLETE; source dependency=NEED_DEBT; structural context=FIXED_DATE_FISCAL_YEAR,1,25,Q3,2026,NO,issuer quarterly/annual report; SEC filing/XBRL only as fallback,P2_LATEST4Q,2,Research official issuer sources for FY2026 Q3. Verify Total Debt. Do not research other fields.,P8H-2-0032,NO,READY_FOR_EXTERNAL_RESEARCH_CLEANED,,ANGO,NO,Required to close downstream-critical latest8Q gaps for TTM / Score / Lifecycle / Valuation
Latest8Q closure,TOTAL_DEBT,167,EXTERNAL_OFFICIAL_EVIDENCE_REQUIRED,2025-06-30,2025-08-12,NO,0,TOTAL_DEBT,Verify Total Debt for FY2025 Q2,Phase 8G issue=PRIMARY_CORE_INCOMPLETE|SECONDARY_FIELDS_INCOMPLETE; source dependency=NEED_DEBT; structural context=CALENDAR_YEAR,1,25,Q2,2025,NO,issuer quarterly/annual report; SEC filing/XBRL only as fallback,P2_LATEST4Q,4,Research official issuer sources for FY2025 Q2. Verify Total Debt. Do not research other fields.,P8H-2-0033,NO,READY_FOR_EXTERNAL_RESEARCH_CLEANED,,ANTX,NO,Required to close downstream-critical latest8Q gaps for TTM / Score / Lifecycle / Valuation
Latest8Q closure,TOTAL_DEBT,167,EXTERNAL_OFFICIAL_EVIDENCE_REQUIRED,2025-09-30,2025-11-12,NO,0,TOTAL_DEBT,Verify Total Debt for FY2025 Q3,Phase 8G issue=PRIMARY_CORE_INCOMPLETE|SECONDARY_FIELDS_INCOMPLETE; source dependency=NEED_DEBT; structural context=CALENDAR_YEAR,1,25,Q3,2025,NO,issuer quarterly/annual report; SEC filing/XBRL only as fallback,P2_LATEST4Q,3,Research official issuer sources for FY2025 Q3. Verify Total Debt. Do not research other fields.,P8H-2-0034,NO,READY_FOR_EXTERNAL_RESEARCH_CLEANED,,ANTX,NO,Required to close downstream-critical latest8Q gaps for TTM / Score / Lifecycle / Valuation
Latest8Q closure,TOTAL_DEBT,167,EXTERNAL_OFFICIAL_EVIDENCE_REQUIRED,2025-12-31,2026-03-17,NO,0,TOTAL_DEBT,Verify Total Debt for FY2025 Q4,Phase 8G issue=PRIMARY_CORE_INCOMPLETE|SECONDARY_FIELDS_INCOMPLETE; source dependency=NEED_DEBT; structural context=CALENDAR_YEAR,1,25,Q4,2025,NO,issuer quarterly/annual report; SEC filing/XBRL only as fallback,P2_LATEST4Q,2,Research official issuer sources for FY2025 Q4. Verify Total Debt. Do not research other fields.,P8H-2-0035,NO,READY_FOR_EXTERNAL_RESEARCH_CLEANED,,ANTX,NO,Required to close downstream-critical latest8Q gaps for TTM / Score / Lifecycle / Valuation
Latest8Q closure,TOTAL_DEBT,168,EXTERNAL_OFFICIAL_EVIDENCE_REQUIRED,2025-06-30,2025-08-12,NO,0,TOTAL_DEBT,Verify Total Debt for FY2025 Q2,Phase 8G issue=PRIMARY_CORE_INCOMPLETE|SECONDARY_FIELDS_INCOMPLETE; source dependency=NEED_DEBT; structural context=CALENDAR_YEAR,1,25,Q2,2025,NO,issuer quarterly/annual report; SEC filing/XBRL only as fallback,P2_LATEST4Q,4,Research official issuer sources for FY2025 Q2. Verify Total Debt. Do not research other fields.,P8H-2-0036,NO,READY_FOR_EXTERNAL_RESEARCH_CLEANED,,ANVS,NO,Required to close downstream-critical latest8Q gaps for TTM / Score / Lifecycle / Valuation
Latest8Q closure,TOTAL_DEBT,168,EXTERNAL_OFFICIAL_EVIDENCE_REQUIRED,2025-09-30,2025-11-12,NO,0,TOTAL_DEBT,Verify Total Debt for FY2025 Q3,Phase 8G issue=PRIMARY_CORE_INCOMPLETE|SECONDARY_FIELDS_INCOMPLETE; source dependency=NEED_DEBT; structural context=CALENDAR_YEAR,1,25,Q3,2025,NO,issuer quarterly/annual report; SEC filing/XBRL only as fallback,P2_LATEST4Q,3,Research official issuer sources for FY2025 Q3. Verify Total Debt. Do not research other fields.,P8H-2-0037,NO,READY_FOR_EXTERNAL_RESEARCH_CLEANED,,ANVS,NO,Required to close downstream-critical latest8Q gaps for TTM / Score / Lifecycle / Valuation
Latest8Q closure,TOTAL_DEBT,168,EXTERNAL_OFFICIAL_EVIDENCE_REQUIRED,2025-12-31,2026-03-13,NO,0,TOTAL_DEBT,Verify Total Debt for FY2025 Q4,Phase 8G issue=PRIMARY_CORE_INCOMPLETE|SECONDARY_FIELDS_INCOMPLETE; source dependency=NEED_DEBT; structural context=CALENDAR_YEAR,1,25,Q4,2025,NO,issuer quarterly/annual report; SEC filing/XBRL only as fallback,P2_LATEST4Q,2,Research official issuer sources for FY2025 Q4. Verify Total Debt. Do not research other fields.,P8H-2-0038,NO,READY_FOR_EXTERNAL_RESEARCH_CLEANED,,ANVS,NO,Required to close downstream-critical latest8Q gaps for TTM / Score / Lifecycle / Valuation
Latest8Q closure,FIRST_PUBLIC_PUBLISH_DATE,179,EXTERNAL_OFFICIAL_EVIDENCE_REQUIRED,2025-11-30,,NO,0,FIRST_PUBLIC_PUBLISH_DATE,Verify first-public result publication date for FY2026 Q2,Phase 8G issue=PUBLISH_DATE_MISSING; source dependency=NEED_FIRST_PUBLIC_RESULT_DATE; structural context=FIXED_DATE_FISCAL_YEAR,1,5,Q2,2026,NO,issuer Investor Relations earnings release/archive,P2_LATEST4Q,3,Research official issuer sources for FY2026 Q2. Verify first-public result publication date. Do not research other fields.,P8H-2-0039,NO,READY_FOR_EXTERNAL_RESEARCH_CLEANED,,APLD,NO,Required to close downstream-critical latest8Q gaps for TTM / Score / Lifecycle / Valuation
Latest8Q closure,FIRST_PUBLIC_PUBLISH_DATE,193,EXTERNAL_OFFICIAL_EVIDENCE_REQUIRED,2025-09-30,2026-05-06,NO,0,FIRST_PUBLIC_PUBLISH_DATE,Verify first-public result publication date for FY2026 Q1,Phase 8G issue=PUBLISH_SEQUENCE_CONFLICT; source dependency=NEED_FIRST_PUBLIC_RESULT_DATE; structural context=FIXED_DATE_FISCAL_YEAR,1,5,Q1,2026,NO,issuer Investor Relations earnings release/archive,P2_LATEST4Q,3,Research official issuer sources for FY2026 Q1. Verify first-public result publication date. Do not research other fields.,P8H-2-0040,NO,READY_FOR_EXTERNAL_RESEARCH_CLEANED,,ARAY,NO,Required to close downstream-critical latest8Q gaps for TTM / Score / Lifecycle / Valuation
Latest8Q closure,FIRST_PUBLIC_PUBLISH_DATE,193,EXTERNAL_OFFICIAL_EVIDENCE_REQUIRED,2025-12-31,2026-02-04,NO,0,FIRST_PUBLIC_PUBLISH_DATE,Verify first-public result publication date for FY2026 Q2,Phase 8G issue=PUBLISH_SEQUENCE_CONFLICT; source dependency=NEED_FIRST_PUBLIC_RESULT_DATE; structural context=FIXED_DATE_FISCAL_YEAR,1,5,Q2,2026,NO,issuer Investor Relations earnings release/archive,P2_LATEST4Q,2,Research official issuer sources for FY2026 Q2. Verify first-public result publication date. Do not research other fields.,P8H-2-0041,NO,READY_FOR_EXTERNAL_RESEARCH_CLEANED,,ARAY,NO,Required to close downstream-critical latest8Q gaps for TTM / Score / Lifecycle / Valuation
Latest8Q closure,FIRST_PUBLIC_PUBLISH_DATE,198,EXTERNAL_OFFICIAL_EVIDENCE_REQUIRED,2025-09-30,,NO,0,FIRST_PUBLIC_PUBLISH_DATE,Verify first-public result publication date for FY2025 Q3,Phase 8G issue=PUBLISH_DATE_MISSING; source dependency=NEED_FIRST_PUBLIC_RESULT_DATE; structural context=CALENDAR_YEAR,1,5,Q3,2025,NO,issuer Investor Relations earnings release/archive,P2_LATEST4Q,3,Research official issuer sources for FY2025 Q3. Verify first-public result publication date. Do not research other fields.,P8H-2-0042,NO,READY_FOR_EXTERNAL_RESEARCH_CLEANED,,AREB,NO,Required to close downstream-critical latest8Q gaps for TTM / Score / Lifecycle / Valuation
Latest8Q closure,FIRST_PUBLIC_PUBLISH_DATE,199,EXTERNAL_OFFICIAL_EVIDENCE_REQUIRED,2025-03-31,,NO,0,FIRST_PUBLIC_PUBLISH_DATE,Verify first-public result publication date for FY2025 Q1,Phase 8G issue=PUBLISH_DATE_MISSING; source dependency=NEED_FIRST_PUBLIC_RESULT_DATE; structural context=CALENDAR_YEAR,1,5,Q1,2025,NO,issuer Investor Relations earnings release/archive,P2_LATEST4Q,4,Research official issuer sources for FY2025 Q1. Verify first-public result publication date. Do not research other fields.,P8H-2-0043,NO,READY_FOR_EXTERNAL_RESEARCH_CLEANED,,AREC,NO,Required to close downstream-critical latest8Q gaps for TTM / Score / Lifecycle / Valuation
Latest8Q closure,FIRST_PUBLIC_PUBLISH_DATE,199,EXTERNAL_OFFICIAL_EVIDENCE_REQUIRED,2025-06-30,,NO,0,FIRST_PUBLIC_PUBLISH_DATE,Verify first-public result publication date for FY2025 Q2,Phase 8G issue=PUBLISH_DATE_MISSING; source dependency=NEED_FIRST_PUBLIC_RESULT_DATE; structural context=CALENDAR_YEAR,1,5,Q2,2025,NO,issuer Investor Relations earnings release/archive,P2_LATEST4Q,3,Research official issuer sources for FY2025 Q2. Verify first-public result publication date. Do not research other fields.,P8H-2-0044,NO,READY_FOR_EXTERNAL_RESEARCH_CLEANED,,AREC,NO,Required to close downstream-critical latest8Q gaps for TTM / Score / Lifecycle / Valuation
Latest8Q closure,FIRST_PUBLIC_PUBLISH_DATE,199,EXTERNAL_OFFICIAL_EVIDENCE_REQUIRED,2025-09-30,,NO,0,FIRST_PUBLIC_PUBLISH_DATE,Verify first-public result publication date for FY2025 Q3,Phase 8G issue=PUBLISH_DATE_MISSING; source dependency=NEED_FIRST_PUBLIC_RESULT_DATE; structural context=CALENDAR_YEAR,1,5,Q3,2025,NO,issuer Investor Relations earnings release/archive,P2_LATEST4Q,2,Research official issuer sources for FY2025 Q3. Verify first-public result publication date. Do not research other fields.,P8H-2-0045,NO,READY_FOR_EXTERNAL_RESEARCH_CLEANED,,AREC,NO,Required to close downstream-critical latest8Q gaps for TTM / Score / Lifecycle / Valuation
Latest8Q closure,TOTAL_DEBT,241,EXTERNAL_OFFICIAL_EVIDENCE_REQUIRED,2025-06-30,2025-08-14,NO,0,TOTAL_DEBT,Verify Total Debt for FY2025 Q2,Phase 8G issue=PRIMARY_CORE_INCOMPLETE|SECONDARY_FIELDS_INCOMPLETE; source dependency=NEED_DEBT; structural context=CALENDAR_YEAR,1,25,Q2,2025,NO,issuer quarterly/annual report; SEC filing/XBRL only as fallback,P2_LATEST4Q,4,Research official issuer sources for FY2025 Q2. Verify Total Debt. Do not research other fields.,P8H-2-0046,NO,READY_FOR_EXTERNAL_RESEARCH_CLEANED,,AUID,NO,Required to close downstream-critical latest8Q gaps for TTM / Score / Lifecycle / Valuation
Latest8Q closure,TOTAL_DEBT,241,EXTERNAL_OFFICIAL_EVIDENCE_REQUIRED,2025-09-30,2025-11-12,NO,0,TOTAL_DEBT,Verify Total Debt for FY2025 Q3,Phase 8G issue=PRIMARY_CORE_INCOMPLETE|SECONDARY_FIELDS_INCOMPLETE; source dependency=NEED_DEBT; structural context=CALENDAR_YEAR,1,25,Q3,2025,NO,issuer quarterly/annual report; SEC filing/XBRL only as fallback,P2_LATEST4Q,3,Research official issuer sources for FY2025 Q3. Verify Total Debt. Do not research other fields.,P8H-2-0047,NO,READY_FOR_EXTERNAL_RESEARCH_CLEANED,,AUID,NO,Required to close downstream-critical latest8Q gaps for TTM / Score / Lifecycle / Valuation
Latest8Q closure,TOTAL_DEBT,241,EXTERNAL_OFFICIAL_EVIDENCE_REQUIRED,2025-12-31,2026-03-31,NO,0,TOTAL_DEBT,Verify Total Debt for FY2025 Q4,Phase 8G issue=PRIMARY_CORE_INCOMPLETE|SECONDARY_FIELDS_INCOMPLETE; source dependency=NEED_DEBT; structural context=CALENDAR_YEAR,1,25,Q4,2025,NO,issuer quarterly/annual report; SEC filing/XBRL only as fallback,P2_LATEST4Q,2,Research official issuer sources for FY2025 Q4. Verify Total Debt. Do not research other fields.,P8H-2-0048,NO,READY_FOR_EXTERNAL_RESEARCH_CLEANED,,AUID,NO,Required to close downstream-critical latest8Q gaps for TTM / Score / Lifecycle / Valuation
Latest8Q closure,FIRST_PUBLIC_PUBLISH_DATE,246,EXTERNAL_OFFICIAL_EVIDENCE_REQUIRED,2025-06-30,,NO,0,FIRST_PUBLIC_PUBLISH_DATE,Verify first-public result publication date for FY2025 Q2,Phase 8G issue=PUBLISH_DATE_MISSING; source dependency=NEED_FIRST_PUBLIC_RESULT_DATE; structural context=CALENDAR_YEAR,1,5,Q2,2025,NO,issuer Investor Relations earnings release/archive,P2_LATEST4Q,4,Research official issuer sources for FY2025 Q2. Verify first-public result publication date. Do not research other fields.,P8H-2-0049,NO,READY_FOR_EXTERNAL_RESEARCH_CLEANED,,AUUD,NO,Required to close downstream-critical latest8Q gaps for TTM / Score / Lifecycle / Valuation
Latest8Q closure,FIRST_PUBLIC_PUBLISH_DATE,246,EXTERNAL_OFFICIAL_EVIDENCE_REQUIRED,2025-09-30,,NO,0,FIRST_PUBLIC_PUBLISH_DATE,Verify first-public result publication date for FY2025 Q3,Phase 8G issue=PUBLISH_DATE_MISSING; source dependency=NEED_FIRST_PUBLIC_RESULT_DATE; structural context=CALENDAR_YEAR,1,5,Q3,2025,NO,issuer Investor Relations earnings release/archive,P2_LATEST4Q,3,Research official issuer sources for FY2025 Q3. Verify first-public result publication date. Do not research other fields.,P8H-2-0050,NO,READY_FOR_EXTERNAL_RESEARCH_CLEANED,,AUUD,NO,Required to close downstream-critical latest8Q gaps for TTM / Score / Lifecycle / Valuation
Latest8Q closure,FIRST_PUBLIC_PUBLISH_DATE,246,EXTERNAL_OFFICIAL_EVIDENCE_REQUIRED,2025-12-31,,NO,0,FIRST_PUBLIC_PUBLISH_DATE,Verify first-public result publication date for FY2025 Q4,Phase 8G issue=PUBLISH_DATE_MISSING; source dependency=NEED_FIRST_PUBLIC_RESULT_DATE; structural context=CALENDAR_YEAR,1,5,Q4,2025,NO,issuer Investor Relations earnings release/archive,P2_LATEST4Q,2,Research official issuer sources for FY2025 Q4. Verify first-public result publication date. Do not research other fields.,P8H-2-0051,NO,READY_FOR_EXTERNAL_RESEARCH_CLEANED,,AUUD,NO,Required to close downstream-critical latest8Q gaps for TTM / Score / Lifecycle / Valuation
Latest8Q closure,TOTAL_DEBT,263,EXTERNAL_OFFICIAL_EVIDENCE_REQUIRED,2025-03-31,2025-05-13,NO,0,TOTAL_DEBT,Verify Total Debt for FY2025 Q2,Phase 8G issue=PRIMARY_CORE_INCOMPLETE|SECONDARY_FIELDS_INCOMPLETE; source dependency=NEED_DEBT; structural context=FIXED_DATE_FISCAL_YEAR,1,25,Q2,2025,NO,issuer quarterly/annual report; SEC filing/XBRL only as fallback,P2_LATEST4Q,4,Research official issuer sources for FY2025 Q2. Verify Total Debt. Do not research other fields.,P8H-2-0052,NO,READY_FOR_EXTERNAL_RESEARCH_CLEANED,,AVXL,NO,Required to close downstream-critical latest8Q gaps for TTM / Score / Lifecycle / Valuation
Latest8Q closure,TOTAL_DEBT,263,EXTERNAL_OFFICIAL_EVIDENCE_REQUIRED,2025-06-30,2025-08-12,NO,0,TOTAL_DEBT,Verify Total Debt for FY2025 Q3,Phase 8G issue=PRIMARY_CORE_INCOMPLETE|SECONDARY_FIELDS_INCOMPLETE; source dependency=NEED_DEBT; structural context=FIXED_DATE_FISCAL_YEAR,1,25,Q3,2025,NO,issuer quarterly/annual report; SEC filing/XBRL only as fallback,P2_LATEST4Q,3,Research official issuer sources for FY2025 Q3. Verify Total Debt. Do not research other fields.,P8H-2-0053,NO,READY_FOR_EXTERNAL_RESEARCH_CLEANED,,AVXL,NO,Required to close downstream-critical latest8Q gaps for TTM / Score / Lifecycle / Valuation
Latest8Q closure,TOTAL_DEBT,263,EXTERNAL_OFFICIAL_EVIDENCE_REQUIRED,2025-09-30,2025-11-25,NO,0,TOTAL_DEBT,Verify Total Debt for FY2025 Q4,Phase 8G issue=PRIMARY_CORE_INCOMPLETE|SECONDARY_FIELDS_INCOMPLETE; source dependency=NEED_DEBT; structural context=FIXED_DATE_FISCAL_YEAR,1,25,Q4,2025,NO,issuer quarterly/annual report; SEC filing/XBRL only as fallback,P2_LATEST4Q,2,Research official issuer sources for FY2025 Q4. Verify Total Debt. Do not research other fields.,P8H-2-0054,NO,READY_FOR_EXTERNAL_RESEARCH_CLEANED,,AVXL,NO,Required to close downstream-critical latest8Q gaps for TTM / Score / Lifecycle / Valuation
Latest8Q closure,TOTAL_DEBT,302,EXTERNAL_OFFICIAL_EVIDENCE_REQUIRED,2026-01-31,2026-03-10,NO,0,TOTAL_DEBT,Verify Total Debt for FY2026 Q2,Phase 8G issue=PRIMARY_CORE_INCOMPLETE|SECONDARY_FIELDS_INCOMPLETE; source dependency=NEED_DEBT; structural context=FIXED_DATE_FISCAL_YEAR,1,25,Q2,2026,NO,issuer quarterly/annual report; SEC filing/XBRL only as fallback,P2_LATEST4Q,2,Research official issuer sources for FY2026 Q2. Verify Total Debt. Do not research other fields.,P8H-2-0057,NO,READY_FOR_EXTERNAL_RESEARCH_CLEANED,,BCTX,NO,Required to close downstream-critical latest8Q gaps for TTM / Score / Lifecycle / Valuation
Latest8Q closure,FIRST_PUBLIC_PUBLISH_DATE,311,EXTERNAL_OFFICIAL_EVIDENCE_REQUIRED,2025-12-31,,NO,0,FIRST_PUBLIC_PUBLISH_DATE,Verify first-public result publication date for FY2025 Q4,Phase 8G issue=PUBLISH_DATE_MISSING; source dependency=NEED_FIRST_PUBLIC_RESULT_DATE; structural context=CALENDAR_YEAR,1,5,Q4,2025,NO,issuer Investor Relations earnings release/archive,P2_LATEST4Q,2,Research official issuer sources for FY2025 Q4. Verify first-public result publication date. Do not research other fields.,P8H-2-0058,NO,READY_FOR_EXTERNAL_RESEARCH_CLEANED,,BEEM,NO,Required to close downstream-critical latest8Q gaps for TTM / Score / Lifecycle / Valuation
Latest8Q closure,TOTAL_DEBT,315,EXTERNAL_OFFICIAL_EVIDENCE_REQUIRED,2025-12-31,2026-03-19,NO,0,TOTAL_DEBT,Verify Total Debt for FY2025 Q4,Phase 8G issue=PRIMARY_CORE_INCOMPLETE|SECONDARY_FIELDS_INCOMPLETE; source dependency=NEED_DEBT; structural context=CALENDAR_YEAR,1,25,Q4,2025,NO,issuer quarterly/annual report; SEC filing/XBRL only as fallback,P2_LATEST4Q,2,Research official issuer sources for FY2025 Q4. Verify Total Debt. Do not research other fields.,P8H-2-0059,NO,READY_FOR_EXTERNAL_RESEARCH_CLEANED,,BFRG,NO,Required to close downstream-critical latest8Q gaps for TTM / Score / Lifecycle / Valuation
Latest8Q closure,FIRST_PUBLIC_PUBLISH_DATE,318,EXTERNAL_OFFICIAL_EVIDENCE_REQUIRED,2025-09-30,,NO,0,FIRST_PUBLIC_PUBLISH_DATE,Verify first-public result publication date for FY2025 Q3,Phase 8G issue=PUBLISH_DATE_MISSING|SECONDARY_FIELDS_INCOMPLETE; source dependency=NEED_FIRST_PUBLIC_RESULT_DATE; structural context=CALENDAR_YEAR,1,5,Q3,2025,NO,issuer Investor Relations earnings release/archive,P2_LATEST4Q,3,Research official issuer sources for FY2025 Q3. Verify first-public result publication date. Do not research other fields.,P8H-2-0060,NO,READY_FOR_EXTERNAL_RESEARCH_CLEANED,,BGMS,NO,Required to close downstream-critical latest8Q gaps for TTM / Score / Lifecycle / Valuation
Latest8Q closure,FIRST_PUBLIC_PUBLISH_DATE,324,EXTERNAL_OFFICIAL_EVIDENCE_REQUIRED,2025-12-31,,NO,0,FIRST_PUBLIC_PUBLISH_DATE,Verify first-public result publication date for FY2025 Q4,Phase 8G issue=PUBLISH_DATE_MISSING; source dependency=NEED_FIRST_PUBLIC_RESULT_DATE; structural context=CALENDAR_YEAR,1,5,Q4,2025,NO,issuer Investor Relations earnings release/archive,P2_LATEST4Q,2,Research official issuer sources for FY2025 Q4. Verify first-public result publication date. Do not research other fields.,P8H-2-0061,NO,READY_FOR_EXTERNAL_RESEARCH_CLEANED,,BIAF,NO,Required to close downstream-critical latest8Q gaps for TTM / Score / Lifecycle / Valuation
Latest8Q closure,FIRST_PUBLIC_PUBLISH_DATE,328,EXTERNAL_OFFICIAL_EVIDENCE_REQUIRED,2025-12-31,,NO,0,FIRST_PUBLIC_PUBLISH_DATE,Verify first-public result publication date for FY2026 Q2,Phase 8G issue=PUBLISH_DATE_MISSING|SECONDARY_FIELDS_INCOMPLETE; source dependency=NEED_FIRST_PUBLIC_RESULT_DATE; structural context=FIXED_DATE_FISCAL_YEAR,1,5,Q2,2026,NO,issuer Investor Relations earnings release/archive,P2_LATEST4Q,2,Research official issuer sources for FY2026 Q2. Verify first-public result publication date. Do not research other fields.,P8H-2-0062,NO,READY_FOR_EXTERNAL_RESEARCH_CLEANED,,BIVI,NO,Required to close downstream-critical latest8Q gaps for TTM / Score / Lifecycle / Valuation
Latest8Q closure,FIRST_PUBLIC_PUBLISH_DATE,330,EXTERNAL_OFFICIAL_EVIDENCE_REQUIRED,2025-12-31,,NO,0,FIRST_PUBLIC_PUBLISH_DATE,Verify first-public result publication date for FY2025 Q4,Phase 8G issue=PUBLISH_DATE_MISSING|SECONDARY_FIELDS_INCOMPLETE; source dependency=NEED_FIRST_PUBLIC_RESULT_DATE; structural context=CALENDAR_YEAR,1,5,Q4,2025,NO,issuer Investor Relations earnings release/archive,P2_LATEST4Q,2,Research official issuer sources for FY2025 Q4. Verify first-public result publication date. Do not research other fields.,P8H-2-0063,NO,READY_FOR_EXTERNAL_RESEARCH_CLEANED,,BJDX,NO,Required to close downstream-critical latest8Q gaps for TTM / Score / Lifecycle / Valuation
Latest8Q closure,TOTAL_DEBT,352,EXTERNAL_OFFICIAL_EVIDENCE_REQUIRED,2026-03-31,2026-04-17,NO,0,TOTAL_DEBT,Verify Total Debt for FY2026 Q1,Phase 8G issue=PRIMARY_CORE_INCOMPLETE; source dependency=NEED_DEBT; structural context=CALENDAR_YEAR,1,25,Q1,2026,NO,issuer quarterly/annual report; SEC filing/XBRL only as fallback,P2_LATEST4Q,2,Research official issuer sources for FY2026 Q1. Verify Total Debt. Do not research other fields.,P8H-2-0064,NO,READY_FOR_EXTERNAL_RESEARCH_CLEANED,,BMI,NO,Required to close downstream-critical latest8Q gaps for TTM / Score / Lifecycle / Valuation
Latest8Q closure,FIRST_PUBLIC_PUBLISH_DATE,357,EXTERNAL_OFFICIAL_EVIDENCE_REQUIRED,2025-10-31,,NO,0,FIRST_PUBLIC_PUBLISH_DATE,Verify first-public result publication date for FY2026 Q2,Phase 8G issue=PUBLISH_DATE_MISSING; source dependency=NEED_FIRST_PUBLIC_RESULT_DATE; structural context=WEEK_BASED_52_53,1,5,Q2,2026,NO,issuer Investor Relations earnings release/archive,P2_LATEST4Q,3,Research official issuer sources for FY2026 Q2. Verify first-public result publication date. Do not research other fields.,P8H-2-0065,NO,READY_FOR_EXTERNAL_RESEARCH_CLEANED,,BNED,NO,Required to close downstream-critical latest8Q gaps for TTM / Score / Lifecycle / Valuation
Latest8Q closure,FIRST_PUBLIC_PUBLISH_DATE,357,EXTERNAL_OFFICIAL_EVIDENCE_REQUIRED,2026-01-31,,NO,0,FIRST_PUBLIC_PUBLISH_DATE,Verify first-public result publication date for FY2026 Q3,Phase 8G issue=PUBLISH_DATE_MISSING; source dependency=NEED_FIRST_PUBLIC_RESULT_DATE; structural context=WEEK_BASED_52_53,1,5,Q3,2026,NO,issuer Investor Relations earnings release/archive,P2_LATEST4Q,2,Research official issuer sources for FY2026 Q3. Verify first-public result publication date. Do not research other fields.,P8H-2-0066,NO,READY_FOR_EXTERNAL_RESEARCH_CLEANED,,BNED,NO,Required to close downstream-critical latest8Q gaps for TTM / Score / Lifecycle / Valuation
Latest8Q closure,TOTAL_DEBT,375,EXTERNAL_OFFICIAL_EVIDENCE_REQUIRED,2025-06-30,2025-08-12,NO,0,TOTAL_DEBT,Verify Total Debt for FY2025 Q2,Phase 8G issue=PRIMARY_CORE_INCOMPLETE; source dependency=NEED_DEBT; structural context=CALENDAR_YEAR,1,25,Q2,2025,NO,issuer quarterly/annual report; SEC filing/XBRL only as fallback,P2_LATEST4Q,4,Research official issuer sources for FY2025 Q2. Verify Total Debt. Do not research other fields.,P8H-2-0067,NO,READY_FOR_EXTERNAL_RESEARCH_CLEANED,,BRTX,NO,Required to close downstream-critical latest8Q gaps for TTM / Score / Lifecycle / Valuation
Latest8Q closure,TOTAL_DEBT,375,EXTERNAL_OFFICIAL_EVIDENCE_REQUIRED,2025-09-30,2025-11-12,NO,0,TOTAL_DEBT,Verify Total Debt for FY2025 Q3,Phase 8G issue=PRIMARY_CORE_INCOMPLETE; source dependency=NEED_DEBT; structural context=CALENDAR_YEAR,1,25,Q3,2025,NO,issuer quarterly/annual report; SEC filing/XBRL only as fallback,P2_LATEST4Q,3,Research official issuer sources for FY2025 Q3. Verify Total Debt. Do not research other fields.,P8H-2-0068,NO,READY_FOR_EXTERNAL_RESEARCH_CLEANED,,BRTX,NO,Required to close downstream-critical latest8Q gaps for TTM / Score / Lifecycle / Valuation
Latest8Q closure,TOTAL_DEBT,375,EXTERNAL_OFFICIAL_EVIDENCE_REQUIRED,2025-12-31,2026-03-26,NO,0,TOTAL_DEBT,Verify Total Debt for FY2025 Q4,Phase 8G issue=PRIMARY_CORE_INCOMPLETE; source dependency=NEED_DEBT; structural context=CALENDAR_YEAR,1,25,Q4,2025,NO,issuer quarterly/annual report; SEC filing/XBRL only as fallback,P2_LATEST4Q,2,Research official issuer sources for FY2025 Q4. Verify Total Debt. Do not research other fields.,P8H-2-0069,NO,READY_FOR_EXTERNAL_RESEARCH_CLEANED,,BRTX,NO,Required to close downstream-critical latest8Q gaps for TTM / Score / Lifecycle / Valuation
Latest8Q closure,FIRST_PUBLIC_PUBLISH_DATE,378,EXTERNAL_OFFICIAL_EVIDENCE_REQUIRED,2025-03-31,,NO,0,FIRST_PUBLIC_PUBLISH_DATE,Verify first-public result publication date for FY2025 Q1,Phase 8G issue=PUBLISH_DATE_MISSING; source dependency=NEED_FIRST_PUBLIC_RESULT_DATE; structural context=CALENDAR_YEAR,1,5,Q1,2025,NO,issuer Investor Relations earnings release/archive,P2_LATEST4Q,3,Research official issuer sources for FY2025 Q1. Verify first-public result publication date. Do not research other fields.,P8H-2-0070,NO,READY_FOR_EXTERNAL_RESEARCH_CLEANED,STRUCTURAL_REVIEW_ALSO_REQUIRED,BSLK,NO,Required to close downstream-critical latest8Q gaps for TTM / Score / Lifecycle / Valuation
Latest8Q closure,FIRST_PUBLIC_PUBLISH_DATE,378,EXTERNAL_OFFICIAL_EVIDENCE_REQUIRED,2025-06-30,,NO,0,FIRST_PUBLIC_PUBLISH_DATE,Verify first-public result publication date for FY2025 Q2,Phase 8G issue=PUBLISH_DATE_MISSING; source dependency=NEED_FIRST_PUBLIC_RESULT_DATE; structural context=CALENDAR_YEAR,1,5,Q2,2025,NO,issuer Investor Relations earnings release/archive,P2_LATEST4Q,2,Research official issuer sources for FY2025 Q2. Verify first-public result publication date. Do not research other fields.,P8H-2-0071,NO,READY_FOR_EXTERNAL_RESEARCH_CLEANED,STRUCTURAL_REVIEW_ALSO_REQUIRED,BSLK,NO,Required to close downstream-critical latest8Q gaps for TTM / Score / Lifecycle / Valuation
Latest8Q closure,FIRST_PUBLIC_PUBLISH_DATE,384,EXTERNAL_OFFICIAL_EVIDENCE_REQUIRED,2024-09-30,,NO,0,FIRST_PUBLIC_PUBLISH_DATE,Verify first-public result publication date for FY2024 Q3,Phase 8G issue=PUBLISH_DATE_MISSING|SECONDARY_FIELDS_INCOMPLETE; source dependency=NEED_FIRST_PUBLIC_RESULT_DATE; structural context=CALENDAR_YEAR,1,5,Q3,2024,NO,issuer Investor Relations earnings release/archive,P2_LATEST4Q,4,Research official issuer sources for FY2024 Q3. Verify first-public result publication date. Do not research other fields.,P8H-2-0074,NO,READY_FOR_EXTERNAL_RESEARCH_CLEANED,,BTCT,NO,Required to close downstream-critical latest8Q gaps for TTM / Score / Lifecycle / Valuation
Latest8Q closure,FIRST_PUBLIC_PUBLISH_DATE,397,EXTERNAL_OFFICIAL_EVIDENCE_REQUIRED,2025-12-31,2026-04-09,NO,0,FIRST_PUBLIC_PUBLISH_DATE,Verify first-public result publication date for FY2025 Q4,Phase 8G issue=PUBLISH_SEQUENCE_CONFLICT; source dependency=NEED_FIRST_PUBLIC_RESULT_DATE; structural context=CALENDAR_YEAR,1,5,Q4,2025,NO,issuer Investor Relations earnings release/archive,P2_LATEST4Q,3,Research official issuer sources for FY2025 Q4. Verify first-public result publication date. Do not research other fields.,P8H-2-0076,NO,READY_FOR_EXTERNAL_RESEARCH_CLEANED,,BYND,NO,Required to close downstream-critical latest8Q gaps for TTM / Score / Lifecycle / Valuation
Latest8Q closure,FIRST_PUBLIC_PUBLISH_DATE,397,EXTERNAL_OFFICIAL_EVIDENCE_REQUIRED,2026-03-31,2026-03-31,NO,0,FIRST_PUBLIC_PUBLISH_DATE,Verify first-public result publication date for FY2026 Q1,Phase 8G issue=PUBLISH_BEFORE_OR_ON_PERIOD_END; source dependency=NEED_FIRST_PUBLIC_RESULT_DATE; structural context=CALENDAR_YEAR,1,5,Q1,2026,NO,issuer Investor Relations earnings release/archive,P2_LATEST4Q,2,Research official issuer sources for FY2026 Q1. Verify first-public result publication date. Do not research other fields.,P8H-2-0077,NO,READY_FOR_EXTERNAL_RESEARCH_CLEANED,,BYND,NO,Required to close downstream-critical latest8Q gaps for TTM / Score / Lifecycle / Valuation
Latest8Q closure,FIRST_PUBLIC_PUBLISH_DATE,486,EXTERNAL_OFFICIAL_EVIDENCE_REQUIRED,2025-09-30,,NO,0,FIRST_PUBLIC_PUBLISH_DATE,Verify first-public result publication date for FY2025 Q3,Phase 8G issue=PUBLISH_DATE_MISSING; source dependency=NEED_FIRST_PUBLIC_RESULT_DATE; structural context=CALENDAR_YEAR,1,5,Q3,2025,NO,issuer Investor Relations earnings release/archive,P2_LATEST4Q,3,Research official issuer sources for FY2025 Q3. Verify first-public result publication date. Do not research other fields.,P8H-2-0085,NO,READY_FOR_EXTERNAL_RESEARCH_CLEANED,,CISO,NO,Required to close downstream-critical latest8Q gaps for TTM / Score / Lifecycle / Valuation
Latest8Q closure,TOTAL_DEBT,497,EXTERNAL_OFFICIAL_EVIDENCE_REQUIRED,2025-09-30,2025-11-07,NO,0,TOTAL_DEBT,Verify Total Debt for FY2025 Q3,Phase 8G issue=PRIMARY_CORE_INCOMPLETE; source dependency=NEED_DEBT; structural context=CALENDAR_YEAR,1,25,Q3,2025,NO,issuer quarterly/annual report; SEC filing/XBRL only as fallback,P2_LATEST4Q,4,Research official issuer sources for FY2025 Q3. Verify Total Debt. Do not research other fields.,P8H-2-0086,NO,READY_FOR_EXTERNAL_RESEARCH_CLEANED,,CLOV,NO,Required to close downstream-critical latest8Q gaps for TTM / Score / Lifecycle / Valuation
Latest8Q closure,TOTAL_DEBT,497,EXTERNAL_OFFICIAL_EVIDENCE_REQUIRED,2025-12-31,2026-02-27,NO,0,TOTAL_DEBT,Verify Total Debt for FY2025 Q4,Phase 8G issue=PRIMARY_CORE_INCOMPLETE; source dependency=NEED_DEBT; structural context=CALENDAR_YEAR,1,25,Q4,2025,NO,issuer quarterly/annual report; SEC filing/XBRL only as fallback,P2_LATEST4Q,3,Research official issuer sources for FY2025 Q4. Verify Total Debt. Do not research other fields.,P8H-2-0087,NO,READY_FOR_EXTERNAL_RESEARCH_CLEANED,,CLOV,NO,Required to close downstream-critical latest8Q gaps for TTM / Score / Lifecycle / Valuation
Latest8Q closure,TOTAL_DEBT,497,EXTERNAL_OFFICIAL_EVIDENCE_REQUIRED,2026-03-31,2026-05-08,NO,0,TOTAL_DEBT,Verify Total Debt for FY2026 Q1,Phase 8G issue=PRIMARY_CORE_INCOMPLETE; source dependency=NEED_DEBT; structural context=CALENDAR_YEAR,1,25,Q1,2026,NO,issuer quarterly/annual report; SEC filing/XBRL only as fallback,P2_LATEST4Q,2,Research official issuer sources for FY2026 Q1. Verify Total Debt. Do not research other fields.,P8H-2-0088,NO,READY_FOR_EXTERNAL_RESEARCH_CLEANED,,CLOV,NO,Required to close downstream-critical latest8Q gaps for TTM / Score / Lifecycle / Valuation
Latest8Q closure,FIRST_PUBLIC_PUBLISH_DATE,500,EXTERNAL_OFFICIAL_EVIDENCE_REQUIRED,2025-06-30,,NO,0,FIRST_PUBLIC_PUBLISH_DATE,Verify first-public result publication date for FY2025 Q2,Phase 8G issue=PUBLISH_DATE_MISSING; source dependency=NEED_FIRST_PUBLIC_RESULT_DATE; structural context=CALENDAR_YEAR,1,5,Q2,2025,NO,issuer Investor Relations earnings release/archive,P2_LATEST4Q,4,Research official issuer sources for FY2025 Q2. Verify first-public result publication date. Do not research other fields.,P8H-2-0089,NO,READY_FOR_EXTERNAL_RESEARCH_CLEANED,,CLRO,NO,Required to close downstream-critical latest8Q gaps for TTM / Score / Lifecycle / Valuation
Latest8Q closure,FIRST_PUBLIC_PUBLISH_DATE,509,EXTERNAL_OFFICIAL_EVIDENCE_REQUIRED,2025-06-30,,NO,0,FIRST_PUBLIC_PUBLISH_DATE,Verify first-public result publication date for FY2025 Q2,Phase 8G issue=PUBLISH_DATE_MISSING; source dependency=NEED_FIRST_PUBLIC_RESULT_DATE; structural context=CALENDAR_YEAR,1,5,Q2,2025,NO,issuer Investor Relations earnings release/archive,P2_LATEST4Q,4,Research official issuer sources for FY2025 Q2. Verify first-public result publication date. Do not research other fields.,P8H-2-0090,NO,READY_FOR_EXTERNAL_RESEARCH_CLEANED,,CMCT,NO,Required to close downstream-critical latest8Q gaps for TTM / Score / Lifecycle / Valuation
Latest8Q closure,FIRST_PUBLIC_PUBLISH_DATE,509,EXTERNAL_OFFICIAL_EVIDENCE_REQUIRED,2025-09-30,,NO,0,FIRST_PUBLIC_PUBLISH_DATE,Verify first-public result publication date for FY2025 Q3,Phase 8G issue=PUBLISH_DATE_MISSING; source dependency=NEED_FIRST_PUBLIC_RESULT_DATE; structural context=CALENDAR_YEAR,1,5,Q3,2025,NO,issuer Investor Relations earnings release/archive,P2_LATEST4Q,3,Research official issuer sources for FY2025 Q3. Verify first-public result publication date. Do not research other fields.,P8H-2-0091,NO,READY_FOR_EXTERNAL_RESEARCH_CLEANED,,CMCT,NO,Required to close downstream-critical latest8Q gaps for TTM / Score / Lifecycle / Valuation
Latest8Q closure,FIRST_PUBLIC_PUBLISH_DATE,520,EXTERNAL_OFFICIAL_EVIDENCE_REQUIRED,2025-10-31,,NO,0,FIRST_PUBLIC_PUBLISH_DATE,Verify first-public result publication date for FY2026 Q1,Phase 8G issue=PUBLISH_DATE_MISSING; source dependency=NEED_FIRST_PUBLIC_RESULT_DATE; structural context=FIXED_DATE_FISCAL_YEAR,1,5,Q1,2026,NO,issuer Investor Relations earnings release/archive,P2_LATEST4Q,3,Research official issuer sources for FY2026 Q1. Verify first-public result publication date. Do not research other fields.,P8H-2-0095,NO,READY_FOR_EXTERNAL_RESEARCH_CLEANED,,CMTL,NO,Required to close downstream-critical latest8Q gaps for TTM / Score / Lifecycle / Valuation
Latest8Q closure,FIRST_PUBLIC_PUBLISH_DATE,555,EXTERNAL_OFFICIAL_EVIDENCE_REQUIRED,2025-09-30,2026-05-05,NO,0,FIRST_PUBLIC_PUBLISH_DATE,Verify first-public result publication date for FY2026 Q1,Phase 8G issue=PUBLISH_SEQUENCE_CONFLICT; source dependency=NEED_FIRST_PUBLIC_RESULT_DATE; structural context=FIXED_DATE_FISCAL_YEAR,1,5,Q1,2026,NO,issuer Investor Relations earnings release/archive,P2_LATEST4Q,3,Research official issuer sources for FY2026 Q1. Verify first-public result publication date. Do not research other fields.,P8H-2-0096,NO,READY_FOR_EXTERNAL_RESEARCH_CLEANED,,COTY,NO,Required to close downstream-critical latest8Q gaps for TTM / Score / Lifecycle / Valuation
Latest8Q closure,FIRST_PUBLIC_PUBLISH_DATE,555,EXTERNAL_OFFICIAL_EVIDENCE_REQUIRED,2025-12-31,2026-02-05,NO,0,FIRST_PUBLIC_PUBLISH_DATE,Verify first-public result publication date for FY2026 Q2,Phase 8G issue=PUBLISH_SEQUENCE_CONFLICT; source dependency=NEED_FIRST_PUBLIC_RESULT_DATE; structural context=FIXED_DATE_FISCAL_YEAR,1,5,Q2,2026,NO,issuer Investor Relations earnings release/archive,P2_LATEST4Q,2,Research official issuer sources for FY2026 Q2. Verify first-public result publication date. Do not research other fields.,P8H-2-0097,NO,READY_FOR_EXTERNAL_RESEARCH_CLEANED,,COTY,NO,Required to close downstream-critical latest8Q gaps for TTM / Score / Lifecycle / Valuation
Latest8Q closure,TOTAL_DEBT,556,EXTERNAL_OFFICIAL_EVIDENCE_REQUIRED,2025-09-30,2025-10-31,NO,0,TOTAL_DEBT,Verify Total Debt for FY2025 Q3,Phase 8G issue=PRIMARY_CORE_INCOMPLETE; source dependency=NEED_DEBT; structural context=CALENDAR_YEAR,1,25,Q3,2025,NO,issuer quarterly/annual report; SEC filing/XBRL only as fallback,P2_LATEST4Q,4,Research official issuer sources for FY2025 Q3. Verify Total Debt. Do not research other fields.,P8H-2-0098,NO,READY_FOR_EXTERNAL_RESEARCH_CLEANED,,COUR,NO,Required to close downstream-critical latest8Q gaps for TTM / Score / Lifecycle / Valuation
Latest8Q closure,TOTAL_DEBT,556,EXTERNAL_OFFICIAL_EVIDENCE_REQUIRED,2025-12-31,2026-02-23,NO,0,TOTAL_DEBT,Verify Total Debt for FY2025 Q4,Phase 8G issue=PRIMARY_CORE_INCOMPLETE; source dependency=NEED_DEBT; structural context=CALENDAR_YEAR,1,25,Q4,2025,NO,issuer quarterly/annual report; SEC filing/XBRL only as fallback,P2_LATEST4Q,3,Research official issuer sources for FY2025 Q4. Verify Total Debt. Do not research other fields.,P8H-2-0099,NO,READY_FOR_EXTERNAL_RESEARCH_CLEANED,,COUR,NO,Required to close downstream-critical latest8Q gaps for TTM / Score / Lifecycle / Valuation
Latest8Q closure,TOTAL_DEBT,556,EXTERNAL_OFFICIAL_EVIDENCE_REQUIRED,2026-03-31,2026-04-30,NO,0,TOTAL_DEBT,Verify Total Debt for FY2026 Q1,Phase 8G issue=PRIMARY_CORE_INCOMPLETE; source dependency=NEED_DEBT; structural context=CALENDAR_YEAR,1,25,Q1,2026,NO,issuer quarterly/annual report; SEC filing/XBRL only as fallback,P2_LATEST4Q,2,Research official issuer sources for FY2026 Q1. Verify Total Debt. Do not research other fields.,P8H-2-0100,NO,READY_FOR_EXTERNAL_RESEARCH_CLEANED,,COUR,NO,Required to close downstream-critical latest8Q gaps for TTM / Score / Lifecycle / Valuation
Latest8Q closure,FIRST_PUBLIC_PUBLISH_DATE,591,EXTERNAL_OFFICIAL_EVIDENCE_REQUIRED,2025-09-30,,NO,0,FIRST_PUBLIC_PUBLISH_DATE,Verify first-public result publication date for FY2025 Q3,Phase 8G issue=PUBLISH_DATE_MISSING; source dependency=NEED_FIRST_PUBLIC_RESULT_DATE; structural context=CALENDAR_YEAR,1,5,Q3,2025,NO,issuer Investor Relations earnings release/archive,P2_LATEST4Q,4,Research official issuer sources for FY2025 Q3. Verify first-public result publication date. Do not research other fields.,P8H-2-0101,NO,READY_FOR_EXTERNAL_RESEARCH_CLEANED,,CRTO,NO,Required to close downstream-critical latest8Q gaps for TTM / Score / Lifecycle / Valuation
Latest8Q closure,TOTAL_DEBT,593,EXTERNAL_OFFICIAL_EVIDENCE_REQUIRED,2025-09-30,2025-11-07,NO,0,TOTAL_DEBT,Verify Total Debt for FY2025 Q3,Phase 8G issue=PRIMARY_CORE_INCOMPLETE|SECONDARY_FIELDS_INCOMPLETE; source dependency=NEED_DEBT; structural context=CALENDAR_YEAR,1,25,Q3,2025,NO,issuer quarterly/annual report; SEC filing/XBRL only as fallback,P2_LATEST4Q,4,Research official issuer sources for FY2025 Q3. Verify Total Debt. Do not research other fields.,P8H-2-0102,NO,READY_FOR_EXTERNAL_RESEARCH_CLEANED,,CRVO,NO,Required to close downstream-critical latest8Q gaps for TTM / Score / Lifecycle / Valuation
Latest8Q closure,TOTAL_DEBT,593,EXTERNAL_OFFICIAL_EVIDENCE_REQUIRED,2025-12-31,2026-03-13,NO,0,TOTAL_DEBT,Verify Total Debt for FY2025 Q4,Phase 8G issue=PRIMARY_CORE_INCOMPLETE|SECONDARY_FIELDS_INCOMPLETE; source dependency=NEED_DEBT; structural context=CALENDAR_YEAR,1,25,Q4,2025,NO,issuer quarterly/annual report; SEC filing/XBRL only as fallback,P2_LATEST4Q,3,Research official issuer sources for FY2025 Q4. Verify Total Debt. Do not research other fields.,P8H-2-0103,NO,READY_FOR_EXTERNAL_RESEARCH_CLEANED,,CRVO,NO,Required to close downstream-critical latest8Q gaps for TTM / Score / Lifecycle / Valuation
Latest8Q closure,TOTAL_DEBT,593,EXTERNAL_OFFICIAL_EVIDENCE_REQUIRED,2026-03-31,2026-05-15,NO,0,TOTAL_DEBT,Verify Total Debt for FY2026 Q1,Phase 8G issue=PRIMARY_CORE_INCOMPLETE|SECONDARY_FIELDS_INCOMPLETE; source dependency=NEED_DEBT; structural context=CALENDAR_YEAR,1,25,Q1,2026,NO,issuer quarterly/annual report; SEC filing/XBRL only as fallback,P2_LATEST4Q,2,Research official issuer sources for FY2026 Q1. Verify Total Debt. Do not research other fields.,P8H-2-0104,NO,READY_FOR_EXTERNAL_RESEARCH_CLEANED,,CRVO,NO,Required to close downstream-critical latest8Q gaps for TTM / Score / Lifecycle / Valuation
Latest8Q closure,FIRST_PUBLIC_PUBLISH_DATE,643,EXTERNAL_OFFICIAL_EVIDENCE_REQUIRED,2025-09-30,2025-09-30,NO,0,FIRST_PUBLIC_PUBLISH_DATE,Verify first-public result publication date for FY2025 Q3,Phase 8G issue=PUBLISH_BEFORE_OR_ON_PERIOD_END; source dependency=NEED_FIRST_PUBLIC_RESULT_DATE; structural context=CALENDAR_YEAR,1,5,Q3,2025,NO,issuer Investor Relations earnings release/archive,P2_LATEST4Q,3,Research official issuer sources for FY2025 Q3. Verify first-public result publication date. Do not research other fields.,P8H-2-0105,NO,READY_FOR_EXTERNAL_RESEARCH_CLEANED,STRUCTURAL_REVIEW_ALSO_REQUIRED,CWST,NO,Required to close downstream-critical latest8Q gaps for TTM / Score / Lifecycle / Valuation
Latest8Q closure,TOTAL_DEBT,649,EXTERNAL_OFFICIAL_EVIDENCE_REQUIRED,2025-09-30,2025-11-12,NO,0,TOTAL_DEBT,Verify Total Debt for FY2025 Q3,Phase 8G issue=PRIMARY_CORE_INCOMPLETE|SECONDARY_FIELDS_INCOMPLETE; source dependency=NEED_DEBT; structural context=CALENDAR_YEAR,1,25,Q3,2025,NO,issuer quarterly/annual report; SEC filing/XBRL only as fallback,P2_LATEST4Q,4,Research official issuer sources for FY2025 Q3. Verify Total Debt. Do not research other fields.,P8H-2-0106,NO,READY_FOR_EXTERNAL_RESEARCH_CLEANED,,CYCN,NO,Required to close downstream-critical latest8Q gaps for TTM / Score / Lifecycle / Valuation
Latest8Q closure,TOTAL_DEBT,649,EXTERNAL_OFFICIAL_EVIDENCE_REQUIRED,2025-12-31,2026-03-31,NO,0,TOTAL_DEBT,Verify Total Debt for FY2025 Q4,Phase 8G issue=PRIMARY_CORE_INCOMPLETE|SECONDARY_FIELDS_INCOMPLETE; source dependency=NEED_DEBT; structural context=CALENDAR_YEAR,1,25,Q4,2025,NO,issuer quarterly/annual report; SEC filing/XBRL only as fallback,P2_LATEST4Q,3,Research official issuer sources for FY2025 Q4. Verify Total Debt. Do not research other fields.,P8H-2-0107,NO,READY_FOR_EXTERNAL_RESEARCH_CLEANED,,CYCN,NO,Required to close downstream-critical latest8Q gaps for TTM / Score / Lifecycle / Valuation
Latest8Q closure,FIRST_PUBLIC_PUBLISH_DATE,689,EXTERNAL_OFFICIAL_EVIDENCE_REQUIRED,2025-06-30,,NO,0,FIRST_PUBLIC_PUBLISH_DATE,Verify first-public result publication date for FY2025 Q2,Phase 8G issue=PUBLISH_DATE_MISSING; source dependency=NEED_FIRST_PUBLIC_RESULT_DATE; structural context=CALENDAR_YEAR,1,5,Q2,2025,NO,issuer Investor Relations earnings release/archive,P2_LATEST4Q,4,Research official issuer sources for FY2025 Q2. Verify first-public result publication date. Do not research other fields.,P8H-2-0110,NO,READY_FOR_EXTERNAL_RESEARCH_CLEANED,,DGXX,NO,Required to close downstream-critical latest8Q gaps for TTM / Score / Lifecycle / Valuation
Latest8Q closure,FIRST_PUBLIC_PUBLISH_DATE,689,EXTERNAL_OFFICIAL_EVIDENCE_REQUIRED,2025-09-30,,NO,0,FIRST_PUBLIC_PUBLISH_DATE,Verify first-public result publication date for FY2025 Q3,Phase 8G issue=PUBLISH_DATE_MISSING; source dependency=NEED_FIRST_PUBLIC_RESULT_DATE; structural context=CALENDAR_YEAR,1,5,Q3,2025,NO,issuer Investor Relations earnings release/archive,P2_LATEST4Q,3,Research official issuer sources for FY2025 Q3. Verify first-public result publication date. Do not research other fields.,P8H-2-0111,NO,READY_FOR_EXTERNAL_RESEARCH_CLEANED,,DGXX,NO,Required to close downstream-critical latest8Q gaps for TTM / Score / Lifecycle / Valuation
Latest8Q closure,FIRST_PUBLIC_PUBLISH_DATE,707,EXTERNAL_OFFICIAL_EVIDENCE_REQUIRED,2026-01-31,,NO,0,FIRST_PUBLIC_PUBLISH_DATE,Verify first-public result publication date for FY2025 Q4,Phase 8G issue=PUBLISH_DATE_MISSING; source dependency=NEED_FIRST_PUBLIC_RESULT_DATE; structural context=WEEK_BASED_52_53,1,5,Q4,2025,NO,issuer Investor Relations earnings release/archive,P2_LATEST4Q,2,Research official issuer sources for FY2025 Q4. Verify first-public result publication date. Do not research other fields.,P8H-2-0112,NO,READY_FOR_EXTERNAL_RESEARCH_CLEANED,,DLTH,NO,Required to close downstream-critical latest8Q gaps for TTM / Score / Lifecycle / Valuation
Latest8Q closure,FIRST_PUBLIC_PUBLISH_DATE,722,EXTERNAL_OFFICIAL_EVIDENCE_REQUIRED,2025-09-30,,NO,0,FIRST_PUBLIC_PUBLISH_DATE,Verify first-public result publication date for FY2025 Q3,Phase 8G issue=PUBLISH_DATE_MISSING; source dependency=NEED_FIRST_PUBLIC_RESULT_DATE; structural context=CALENDAR_YEAR,1,5,Q3,2025,NO,issuer Investor Relations earnings release/archive,P2_LATEST4Q,3,Research official issuer sources for FY2025 Q3. Verify first-public result publication date. Do not research other fields.,P8H-2-0113,NO,READY_FOR_EXTERNAL_RESEARCH_CLEANED,,DOLE,NO,Required to close downstream-critical latest8Q gaps for TTM / Score / Lifecycle / Valuation
Latest8Q closure,TOTAL_DEBT,739,EXTERNAL_OFFICIAL_EVIDENCE_REQUIRED,2025-09-30,2025-11-19,NO,0,TOTAL_DEBT,Verify Total Debt for FY2025 Q3,Phase 8G issue=PRIMARY_CORE_INCOMPLETE; source dependency=NEED_DEBT; structural context=CALENDAR_YEAR,1,25,Q3,2025,NO,issuer quarterly/annual report; SEC filing/XBRL only as fallback,P2_LATEST4Q,3,Research official issuer sources for FY2025 Q3. Verify Total Debt. Do not research other fields.,P8H-2-0114,NO,READY_FOR_EXTERNAL_RESEARCH_CLEANED,,DTST,NO,Required to close downstream-critical latest8Q gaps for TTM / Score / Lifecycle / Valuation
Latest8Q closure,TOTAL_DEBT,739,EXTERNAL_OFFICIAL_EVIDENCE_REQUIRED,2025-12-31,2026-04-14,NO,0,TOTAL_DEBT,Verify Total Debt for FY2025 Q4,Phase 8G issue=PRIMARY_CORE_INCOMPLETE; source dependency=NEED_DEBT; structural context=CALENDAR_YEAR,1,25,Q4,2025,NO,issuer quarterly/annual report; SEC filing/XBRL only as fallback,P2_LATEST4Q,2,Research official issuer sources for FY2025 Q4. Verify Total Debt. Do not research other fields.,P8H-2-0115,NO,READY_FOR_EXTERNAL_RESEARCH_CLEANED,,DTST,NO,Required to close downstream-critical latest8Q gaps for TTM / Score / Lifecycle / Valuation
Latest8Q closure,FIRST_PUBLIC_PUBLISH_DATE,779,EXTERNAL_OFFICIAL_EVIDENCE_REQUIRED,2025-09-30,2026-05-01,NO,0,FIRST_PUBLIC_PUBLISH_DATE,Verify first-public result publication date for FY2026 Q1,Phase 8G issue=PUBLISH_SEQUENCE_CONFLICT; source dependency=NEED_FIRST_PUBLIC_RESULT_DATE; structural context=FIXED_DATE_FISCAL_YEAR,1,5,Q1,2026,NO,issuer Investor Relations earnings release/archive,P2_LATEST4Q,3,Research official issuer sources for FY2026 Q1. Verify first-public result publication date. Do not research other fields.,P8H-2-0119,NO,READY_FOR_EXTERNAL_RESEARCH_CLEANED,,EL,NO,Required to close downstream-critical latest8Q gaps for TTM / Score / Lifecycle / Valuation
Latest8Q closure,FIRST_PUBLIC_PUBLISH_DATE,779,EXTERNAL_OFFICIAL_EVIDENCE_REQUIRED,2025-12-31,2026-02-05,NO,0,FIRST_PUBLIC_PUBLISH_DATE,Verify first-public result publication date for FY2026 Q2,Phase 8G issue=PUBLISH_SEQUENCE_CONFLICT; source dependency=NEED_FIRST_PUBLIC_RESULT_DATE; structural context=FIXED_DATE_FISCAL_YEAR,1,5,Q2,2026,NO,issuer Investor Relations earnings release/archive,P2_LATEST4Q,2,Research official issuer sources for FY2026 Q2. Verify first-public result publication date. Do not research other fields.,P8H-2-0120,NO,READY_FOR_EXTERNAL_RESEARCH_CLEANED,,EL,NO,Required to close downstream-critical latest8Q gaps for TTM / Score / Lifecycle / Valuation
Latest8Q closure,TOTAL_DEBT,780,EXTERNAL_OFFICIAL_EVIDENCE_REQUIRED,2025-06-30,2025-08-13,NO,0,TOTAL_DEBT,Verify Total Debt for FY2025 Q2,Phase 8G issue=PRIMARY_CORE_INCOMPLETE|SECONDARY_FIELDS_INCOMPLETE; source dependency=NEED_DEBT; structural context=CALENDAR_YEAR,1,25,Q2,2025,NO,issuer quarterly/annual report; SEC filing/XBRL only as fallback,P2_LATEST4Q,4,Research official issuer sources for FY2025 Q2. Verify Total Debt. Do not research other fields.,P8H-2-0121,NO,READY_FOR_EXTERNAL_RESEARCH_CLEANED,STRUCTURAL_REVIEW_ALSO_REQUIRED,ELAB,NO,Required to close downstream-critical latest8Q gaps for TTM / Score / Lifecycle / Valuation
Latest8Q closure,MISSING_QUARTER_EXISTENCE,859,EXTERNAL_OFFICIAL_EVIDENCE_REQUIRED,2025-06-30,2025-07-08,NO,0,MISSING_QUARTER_EXISTENCE,Verify missing quarter existence/source evidence for FY2025 Q2,Phase 8G issue=MISSING_QUARTER|SECONDARY_FIELDS_INCOMPLETE; source dependency=NEED_MISSING_QUARTER_SOURCE; structural context=OTHER_VERIFIED,1,5,Q2,2025,NO,"issuer IR release, annual report, or financial reports page",P2_LATEST4Q,4,Research official issuer sources for FY2025 Q2. Verify missing quarter existence/source evidence. Do not research other fields.,P8H-2-0124,NO,READY_FOR_EXTERNAL_RESEARCH_CLEANED,STRUCTURAL_REVIEW_ALSO_REQUIRED,EXPO,NO,Required to close downstream-critical latest8Q gaps for TTM / Score / Lifecycle / Valuation
Latest8Q closure,MISSING_QUARTER_EXISTENCE,859,EXTERNAL_OFFICIAL_EVIDENCE_REQUIRED,2025-09-30,2025-10-07,NO,0,MISSING_QUARTER_EXISTENCE,Verify missing quarter existence/source evidence for FY2025 Q3,Phase 8G issue=MISSING_QUARTER|SECONDARY_FIELDS_INCOMPLETE; source dependency=NEED_MISSING_QUARTER_SOURCE; structural context=OTHER_VERIFIED,1,5,Q3,2025,NO,"issuer IR release, annual report, or financial reports page",P2_LATEST4Q,3,Research official issuer sources for FY2025 Q3. Verify missing quarter existence/source evidence. Do not research other fields.,P8H-2-0125,NO,READY_FOR_EXTERNAL_RESEARCH_CLEANED,STRUCTURAL_REVIEW_ALSO_REQUIRED,EXPO,NO,Required to close downstream-critical latest8Q gaps for TTM / Score / Lifecycle / Valuation
Latest8Q closure,TOTAL_DEBT,885,EXTERNAL_OFFICIAL_EVIDENCE_REQUIRED,2025-06-30,2025-08-11,NO,0,TOTAL_DEBT,Verify Total Debt for FY2025 Q2,Phase 8G issue=PRIMARY_CORE_INCOMPLETE; source dependency=NEED_DEBT; structural context=CALENDAR_YEAR,1,25,Q2,2025,NO,issuer quarterly/annual report; SEC filing/XBRL only as fallback,P2_LATEST4Q,4,Research official issuer sources for FY2025 Q2. Verify Total Debt. Do not research other fields.,P8H-2-0129,NO,READY_FOR_EXTERNAL_RESEARCH_CLEANED,,FF,NO,Required to close downstream-critical latest8Q gaps for TTM / Score / Lifecycle / Valuation
Latest8Q closure,TOTAL_DEBT,885,EXTERNAL_OFFICIAL_EVIDENCE_REQUIRED,2025-09-30,2025-11-10,NO,0,TOTAL_DEBT,Verify Total Debt for FY2025 Q3,Phase 8G issue=PRIMARY_CORE_INCOMPLETE; source dependency=NEED_DEBT; structural context=CALENDAR_YEAR,1,25,Q3,2025,NO,issuer quarterly/annual report; SEC filing/XBRL only as fallback,P2_LATEST4Q,3,Research official issuer sources for FY2025 Q3. Verify Total Debt. Do not research other fields.,P8H-2-0130,NO,READY_FOR_EXTERNAL_RESEARCH_CLEANED,,FF,NO,Required to close downstream-critical latest8Q gaps for TTM / Score / Lifecycle / Valuation
Latest8Q closure,FIRST_PUBLIC_PUBLISH_DATE,886,EXTERNAL_OFFICIAL_EVIDENCE_REQUIRED,2025-06-30,,NO,0,FIRST_PUBLIC_PUBLISH_DATE,Verify first-public result publication date for FY2025 Q2,Phase 8G issue=PUBLISH_DATE_MISSING; source dependency=NEED_FIRST_PUBLIC_RESULT_DATE; structural context=CALENDAR_YEAR,1,5,Q2,2025,NO,issuer Investor Relations earnings release/archive,P2_LATEST4Q,4,Research official issuer sources for FY2025 Q2. Verify first-public result publication date. Do not research other fields.,P8H-2-0131,NO,READY_FOR_EXTERNAL_RESEARCH_CLEANED,,FFAI,NO,Required to close downstream-critical latest8Q gaps for TTM / Score / Lifecycle / Valuation
Latest8Q closure,FIRST_PUBLIC_PUBLISH_DATE,891,EXTERNAL_OFFICIAL_EVIDENCE_REQUIRED,2025-06-30,2025-08-13,NO,0,FIRST_PUBLIC_PUBLISH_DATE,Verify first-public result publication date for FY2025 Q2,Phase 8G issue=PUBLISH_SEQUENCE_CONFLICT; source dependency=NEED_FIRST_PUBLIC_RESULT_DATE; structural context=CALENDAR_YEAR,1,5,Q2,2025,NO,issuer Investor Relations earnings release/archive,P2_LATEST4Q,4,Research official issuer sources for FY2025 Q2. Verify first-public result publication date. Do not research other fields.,P8H-2-0132,NO,READY_FOR_EXTERNAL_RESEARCH_CLEANED,,FIEE,NO,Required to close downstream-critical latest8Q gaps for TTM / Score / Lifecycle / Valuation
Latest8Q closure,FIRST_PUBLIC_PUBLISH_DATE,891,EXTERNAL_OFFICIAL_EVIDENCE_REQUIRED,2025-09-30,,NO,0,FIRST_PUBLIC_PUBLISH_DATE,Verify first-public result publication date for FY2025 Q3,Phase 8G issue=PUBLISH_DATE_MISSING; source dependency=NEED_FIRST_PUBLIC_RESULT_DATE; structural context=CALENDAR_YEAR,1,5,Q3,2025,NO,issuer Investor Relations earnings release/archive,P2_LATEST4Q,3,Research official issuer sources for FY2025 Q3. Verify first-public result publication date. Do not research other fields.,P8H-2-0133,NO,READY_FOR_EXTERNAL_RESEARCH_CLEANED,,FIEE,NO,Required to close downstream-critical latest8Q gaps for TTM / Score / Lifecycle / Valuation
Latest8Q closure,FIRST_PUBLIC_PUBLISH_DATE,927,EXTERNAL_OFFICIAL_EVIDENCE_REQUIRED,2025-03-31,,NO,0,FIRST_PUBLIC_PUBLISH_DATE,Verify first-public result publication date for FY2025 Q1,Phase 8G issue=PUBLISH_DATE_MISSING; source dependency=NEED_FIRST_PUBLIC_RESULT_DATE; structural context=CALENDAR_YEAR,1,5,Q1,2025,NO,issuer Investor Relations earnings release/archive,P2_LATEST4Q,4,Research official issuer sources for FY2025 Q1. Verify first-public result publication date. Do not research other fields.,P8H-2-0134,NO,READY_FOR_EXTERNAL_RESEARCH_CLEANED,,FRGT,NO,Required to close downstream-critical latest8Q gaps for TTM / Score / Lifecycle / Valuation
Latest8Q closure,FIRST_PUBLIC_PUBLISH_DATE,927,EXTERNAL_OFFICIAL_EVIDENCE_REQUIRED,2025-06-30,,NO,0,FIRST_PUBLIC_PUBLISH_DATE,Verify first-public result publication date for FY2025 Q2,Phase 8G issue=PUBLISH_DATE_MISSING; source dependency=NEED_FIRST_PUBLIC_RESULT_DATE; structural context=CALENDAR_YEAR,1,5,Q2,2025,NO,issuer Investor Relations earnings release/archive,P2_LATEST4Q,3,Research official issuer sources for FY2025 Q2. Verify first-public result publication date. Do not research other fields.,P8H-2-0135,NO,READY_FOR_EXTERNAL_RESEARCH_CLEANED,,FRGT,NO,Required to close downstream-critical latest8Q gaps for TTM / Score / Lifecycle / Valuation
Latest8Q closure,FIRST_PUBLIC_PUBLISH_DATE,927,EXTERNAL_OFFICIAL_EVIDENCE_REQUIRED,2025-09-30,,NO,0,FIRST_PUBLIC_PUBLISH_DATE,Verify first-public result publication date for FY2025 Q3,Phase 8G issue=PUBLISH_DATE_MISSING; source dependency=NEED_FIRST_PUBLIC_RESULT_DATE; structural context=CALENDAR_YEAR,1,5,Q3,2025,NO,issuer Investor Relations earnings release/archive,P2_LATEST4Q,2,Research official issuer sources for FY2025 Q3. Verify first-public result publication date. Do not research other fields.,P8H-2-0136,NO,READY_FOR_EXTERNAL_RESEARCH_CLEANED,,FRGT,NO,Required to close downstream-critical latest8Q gaps for TTM / Score / Lifecycle / Valuation
Latest8Q closure,FIRST_PUBLIC_PUBLISH_DATE,937,EXTERNAL_OFFICIAL_EVIDENCE_REQUIRED,2025-06-30,,NO,0,FIRST_PUBLIC_PUBLISH_DATE,Verify first-public result publication date for FY2025 Q2,Phase 8G issue=PUBLISH_DATE_MISSING; source dependency=NEED_FIRST_PUBLIC_RESULT_DATE; structural context=CALENDAR_YEAR,1,5,Q2,2025,NO,issuer Investor Relations earnings release/archive,P2_LATEST4Q,4,Research official issuer sources for FY2025 Q2. Verify first-public result publication date. Do not research other fields.,P8H-2-0137,NO,READY_FOR_EXTERNAL_RESEARCH_CLEANED,,FTFT,NO,Required to close downstream-critical latest8Q gaps for TTM / Score / Lifecycle / Valuation
Latest8Q closure,TOTAL_DEBT,977,EXTERNAL_OFFICIAL_EVIDENCE_REQUIRED,2025-09-30,2025-10-22,NO,0,TOTAL_DEBT,Verify Total Debt for FY2025 Q3,Phase 8G issue=PRIMARY_CORE_INCOMPLETE; source dependency=NEED_DEBT; structural context=CALENDAR_YEAR,1,25,Q3,2025,NO,issuer quarterly/annual report; SEC filing/XBRL only as fallback,P2_LATEST4Q,4,Research official issuer sources for FY2025 Q3. Verify Total Debt. Do not research other fields.,P8H-2-0138,NO,READY_FOR_EXTERNAL_RESEARCH_CLEANED,,GEV,NO,Required to close downstream-critical latest8Q gaps for TTM / Score / Lifecycle / Valuation
Latest8Q closure,FIRST_PUBLIC_PUBLISH_DATE,998,EXTERNAL_OFFICIAL_EVIDENCE_REQUIRED,2025-06-30,,NO,0,FIRST_PUBLIC_PUBLISH_DATE,Verify first-public result publication date for FY2025 Q2,Phase 8G issue=PUBLISH_DATE_MISSING; source dependency=NEED_FIRST_PUBLIC_RESULT_DATE; structural context=CALENDAR_YEAR,1,5,Q2,2025,NO,issuer Investor Relations earnings release/archive,P2_LATEST4Q,4,Research official issuer sources for FY2025 Q2. Verify first-public result publication date. Do not research other fields.,P8H-2-0139,NO,READY_FOR_EXTERNAL_RESEARCH_CLEANED,,GNLN,NO,Required to close downstream-critical latest8Q gaps for TTM / Score / Lifecycle / Valuation
Latest8Q closure,EBIT_DIRECT,1013,EXTERNAL_OFFICIAL_EVIDENCE_REQUIRED,2025-09-30,2025-11-05,NO,0,EBIT_DIRECT,Verify EBIT for FY2025 Q3,Phase 8G issue=PRIMARY_CORE_INCOMPLETE|SECONDARY_FIELDS_INCOMPLETE; source dependency=NEED_EBIT; structural context=CALENDAR_YEAR,1,25,Q3,2025,NO,issuer quarterly/annual report; SEC filing/XBRL only as fallback,P2_LATEST4Q,4,Research official issuer sources for FY2025 Q3. Verify EBIT. Do not research other fields.,P8H-2-0140,NO,READY_FOR_EXTERNAL_RESEARCH_CLEANED,,GPMT,NO,Required to close downstream-critical latest8Q gaps for TTM / Score / Lifecycle / Valuation
Latest8Q closure,EBIT_DIRECT,1013,EXTERNAL_OFFICIAL_EVIDENCE_REQUIRED,2025-12-31,2026-03-02,NO,0,EBIT_DIRECT,Verify EBIT for FY2025 Q4,Phase 8G issue=PRIMARY_CORE_INCOMPLETE|SECONDARY_FIELDS_INCOMPLETE; source dependency=NEED_EBIT; structural context=CALENDAR_YEAR,1,25,Q4,2025,NO,issuer quarterly/annual report; SEC filing/XBRL only as fallback,P2_LATEST4Q,3,Research official issuer sources for FY2025 Q4. Verify EBIT. Do not research other fields.,P8H-2-0141,NO,READY_FOR_EXTERNAL_RESEARCH_CLEANED,,GPMT,NO,Required to close downstream-critical latest8Q gaps for TTM / Score / Lifecycle / Valuation
Latest8Q closure,EBIT_DIRECT,1013,EXTERNAL_OFFICIAL_EVIDENCE_REQUIRED,2026-03-31,2026-05-05,NO,0,EBIT_DIRECT,Verify EBIT for FY2026 Q1,Phase 8G issue=PRIMARY_CORE_INCOMPLETE|SECONDARY_FIELDS_INCOMPLETE; source dependency=NEED_EBIT; structural context=CALENDAR_YEAR,1,25,Q1,2026,NO,issuer quarterly/annual report; SEC filing/XBRL only as fallback,P2_LATEST4Q,2,Research official issuer sources for FY2026 Q1. Verify EBIT. Do not research other fields.,P8H-2-0142,NO,READY_FOR_EXTERNAL_RESEARCH_CLEANED,,GPMT,NO,Required to close downstream-critical latest8Q gaps for TTM / Score / Lifecycle / Valuation
Latest8Q closure,FIRST_PUBLIC_PUBLISH_DATE,1028,EXTERNAL_OFFICIAL_EVIDENCE_REQUIRED,2025-06-30,,NO,0,FIRST_PUBLIC_PUBLISH_DATE,Verify first-public result publication date for FY2025 Q2,Phase 8G issue=PUBLISH_DATE_MISSING; source dependency=NEED_FIRST_PUBLIC_RESULT_DATE; structural context=CALENDAR_YEAR,1,5,Q2,2025,NO,issuer Investor Relations earnings release/archive,P2_LATEST4Q,4,Research official issuer sources for FY2025 Q2. Verify first-public result publication date. Do not research other fields.,P8H-2-0143,NO,READY_FOR_EXTERNAL_RESEARCH_CLEANED,,GTEC,NO,Required to close downstream-critical latest8Q gaps for TTM / Score / Lifecycle / Valuation
Latest8Q closure,FIRST_PUBLIC_PUBLISH_DATE,1028,EXTERNAL_OFFICIAL_EVIDENCE_REQUIRED,2025-09-30,,NO,0,FIRST_PUBLIC_PUBLISH_DATE,Verify first-public result publication date for FY2025 Q3,Phase 8G issue=PUBLISH_DATE_MISSING; source dependency=NEED_FIRST_PUBLIC_RESULT_DATE; structural context=CALENDAR_YEAR,1,5,Q3,2025,NO,issuer Investor Relations earnings release/archive,P2_LATEST4Q,3,Research official issuer sources for FY2025 Q3. Verify first-public result publication date. Do not research other fields.,P8H-2-0144,NO,READY_FOR_EXTERNAL_RESEARCH_CLEANED,,GTEC,NO,Required to close downstream-critical latest8Q gaps for TTM / Score / Lifecycle / Valuation
Latest8Q closure,TOTAL_DEBT,1030,EXTERNAL_OFFICIAL_EVIDENCE_REQUIRED,2025-07-31,2025-09-04,NO,0,TOTAL_DEBT,Verify Total Debt for FY2026 Q2,Phase 8G issue=PRIMARY_CORE_INCOMPLETE; source dependency=NEED_DEBT; structural context=FIXED_DATE_FISCAL_YEAR,1,25,Q2,2026,NO,issuer quarterly/annual report; SEC filing/XBRL only as fallback,P2_LATEST4Q,4,Research official issuer sources for FY2026 Q2. Verify Total Debt. Do not research other fields.,P8H-2-0145,NO,READY_FOR_EXTERNAL_RESEARCH_CLEANED,STRUCTURAL_REVIEW_ALSO_REQUIRED,GTLB,NO,Required to close downstream-critical latest8Q gaps for TTM / Score / Lifecycle / Valuation
Latest8Q closure,TOTAL_DEBT,1030,EXTERNAL_OFFICIAL_EVIDENCE_REQUIRED,2025-10-31,2025-12-03,NO,0,TOTAL_DEBT,Verify Total Debt for FY2026 Q3,Phase 8G issue=PRIMARY_CORE_INCOMPLETE; source dependency=NEED_DEBT; structural context=FIXED_DATE_FISCAL_YEAR,1,25,Q3,2026,NO,issuer quarterly/annual report; SEC filing/XBRL only as fallback,P2_LATEST4Q,3,Research official issuer sources for FY2026 Q3. Verify Total Debt. Do not research other fields.,P8H-2-0146,NO,READY_FOR_EXTERNAL_RESEARCH_CLEANED,STRUCTURAL_REVIEW_ALSO_REQUIRED,GTLB,NO,Required to close downstream-critical latest8Q gaps for TTM / Score / Lifecycle / Valuation
Latest8Q closure,TOTAL_DEBT,1041,EXTERNAL_OFFICIAL_EVIDENCE_REQUIRED,2025-12-31,2026-03-17,NO,0,TOTAL_DEBT,Verify Total Debt for FY2025 Q4,Phase 8G issue=PRIMARY_CORE_INCOMPLETE|SECONDARY_FIELDS_INCOMPLETE; source dependency=NEED_DEBT; structural context=CALENDAR_YEAR,1,25,Q4,2025,NO,issuer quarterly/annual report; SEC filing/XBRL only as fallback,P2_LATEST4Q,2,Research official issuer sources for FY2025 Q4. Verify Total Debt. Do not research other fields.,P8H-2-0149,NO,READY_FOR_EXTERNAL_RESEARCH_CLEANED,,GXAI,NO,Required to close downstream-critical latest8Q gaps for TTM / Score / Lifecycle / Valuation
Latest8Q closure,FIRST_PUBLIC_PUBLISH_DATE,1095,EXTERNAL_OFFICIAL_EVIDENCE_REQUIRED,2026-03-31,,NO,0,FIRST_PUBLIC_PUBLISH_DATE,Verify first-public result publication date for FY2026 Q1,Phase 8G issue=PUBLISH_DATE_MISSING; source dependency=NEED_FIRST_PUBLIC_RESULT_DATE; structural context=CALENDAR_YEAR,1,5,Q1,2026,NO,issuer Investor Relations earnings release/archive,P2_LATEST4Q,2,Research official issuer sources for FY2026 Q1. Verify first-public result publication date. Do not research other fields.,P8H-2-0155,NO,READY_FOR_EXTERNAL_RESEARCH_CLEANED,,HR,NO,Required to close downstream-critical latest8Q gaps for TTM / Score / Lifecycle / Valuation
Latest8Q closure,FIRST_PUBLIC_PUBLISH_DATE,1122,EXTERNAL_OFFICIAL_EVIDENCE_REQUIRED,2025-06-30,,NO,0,FIRST_PUBLIC_PUBLISH_DATE,Verify first-public result publication date for FY2025 Q2,Phase 8G issue=PUBLISH_DATE_MISSING; source dependency=NEED_FIRST_PUBLIC_RESULT_DATE; structural context=CALENDAR_YEAR,1,5,Q2,2025,NO,issuer Investor Relations earnings release/archive,P2_LATEST4Q,4,Research official issuer sources for FY2025 Q2. Verify first-public result publication date. Do not research other fields.,P8H-2-0157,NO,READY_FOR_EXTERNAL_RESEARCH_CLEANED,,HYPD,NO,Required to close downstream-critical latest8Q gaps for TTM / Score / Lifecycle / Valuation
Latest8Q closure,TOTAL_DEBT,1139,EXTERNAL_OFFICIAL_EVIDENCE_REQUIRED,2025-09-30,2025-11-12,NO,0,TOTAL_DEBT,Verify Total Debt for FY2025 Q3,Phase 8G issue=PRIMARY_CORE_INCOMPLETE; source dependency=NEED_DEBT; structural context=CALENDAR_YEAR,1,25,Q3,2025,NO,issuer quarterly/annual report; SEC filing/XBRL only as fallback,P2_LATEST4Q,3,Research official issuer sources for FY2025 Q3. Verify Total Debt. Do not research other fields.,P8H-2-0159,NO,READY_FOR_EXTERNAL_RESEARCH_CLEANED,,IDN,NO,Required to close downstream-critical latest8Q gaps for TTM / Score / Lifecycle / Valuation
Latest8Q closure,TOTAL_DEBT,1139,EXTERNAL_OFFICIAL_EVIDENCE_REQUIRED,2025-12-31,2026-03-19,NO,0,TOTAL_DEBT,Verify Total Debt for FY2025 Q4,Phase 8G issue=PRIMARY_CORE_INCOMPLETE; source dependency=NEED_DEBT; structural context=CALENDAR_YEAR,1,25,Q4,2025,NO,issuer quarterly/annual report; SEC filing/XBRL only as fallback,P2_LATEST4Q,2,Research official issuer sources for FY2025 Q4. Verify Total Debt. Do not research other fields.,P8H-2-0160,NO,READY_FOR_EXTERNAL_RESEARCH_CLEANED,,IDN,NO,Required to close downstream-critical latest8Q gaps for TTM / Score / Lifecycle / Valuation
Latest8Q closure,TOTAL_DEBT,1164,EXTERNAL_OFFICIAL_EVIDENCE_REQUIRED,2025-09-30,2025-11-10,NO,0,TOTAL_DEBT,Verify Total Debt for FY2026 Q2,Phase 8G issue=PRIMARY_CORE_INCOMPLETE|SECONDARY_FIELDS_INCOMPLETE; source dependency=NEED_DEBT; structural context=FIXED_DATE_FISCAL_YEAR,1,25,Q2,2026,NO,issuer quarterly/annual report; SEC filing/XBRL only as fallback,P2_LATEST4Q,4,Research official issuer sources for FY2026 Q2. Verify Total Debt. Do not research other fields.,P8H-2-0161,NO,READY_FOR_EXTERNAL_RESEARCH_CLEANED,STRUCTURAL_REVIEW_ALSO_REQUIRED,IMVT,NO,Required to close downstream-critical latest8Q gaps for TTM / Score / Lifecycle / Valuation
Latest8Q closure,TOTAL_DEBT,1164,EXTERNAL_OFFICIAL_EVIDENCE_REQUIRED,2025-12-31,2026-02-06,NO,0,TOTAL_DEBT,Verify Total Debt for FY2026 Q3,Phase 8G issue=PRIMARY_CORE_INCOMPLETE|SECONDARY_FIELDS_INCOMPLETE; source dependency=NEED_DEBT; structural context=FIXED_DATE_FISCAL_YEAR,1,25,Q3,2026,NO,issuer quarterly/annual report; SEC filing/XBRL only as fallback,P2_LATEST4Q,3,Research official issuer sources for FY2026 Q3. Verify Total Debt. Do not research other fields.,P8H-2-0162,NO,READY_FOR_EXTERNAL_RESEARCH_CLEANED,STRUCTURAL_REVIEW_ALSO_REQUIRED,IMVT,NO,Required to close downstream-critical latest8Q gaps for TTM / Score / Lifecycle / Valuation
Latest8Q closure,MISSING_QUARTER_EXISTENCE,1164,EXTERNAL_OFFICIAL_EVIDENCE_REQUIRED,2026-03-31,2026-05-20,NO,0,MISSING_QUARTER_EXISTENCE,Verify missing quarter existence/source evidence for FY2026 Q4,Phase 8G issue=MISSING_QUARTER|SECONDARY_FIELDS_INCOMPLETE; source dependency=NEED_MISSING_QUARTER_SOURCE; structural context=FIXED_DATE_FISCAL_YEAR,1,5,Q4,2026,NO,"issuer IR release, annual report, or financial reports page",P2_LATEST4Q,2,Research official issuer sources for FY2026 Q4. Verify missing quarter existence/source evidence. Do not research other fields.,P8H-2-0163,NO,READY_FOR_EXTERNAL_RESEARCH_CLEANED,STRUCTURAL_REVIEW_ALSO_REQUIRED,IMVT,NO,Required to close downstream-critical latest8Q gaps for TTM / Score / Lifecycle / Valuation
Latest8Q closure,TOTAL_DEBT,1208,EXTERNAL_OFFICIAL_EVIDENCE_REQUIRED,2025-09-30,2025-10-22,NO,0,TOTAL_DEBT,Verify Total Debt for FY2025 Q3,Phase 8G issue=PRIMARY_CORE_INCOMPLETE; source dependency=NEED_DEBT; structural context=CALENDAR_YEAR,1,25,Q3,2025,NO,issuer quarterly/annual report; SEC filing/XBRL only as fallback,P2_LATEST4Q,4,Research official issuer sources for FY2025 Q3. Verify Total Debt. Do not research other fields.,P8H-2-0164,NO,READY_FOR_EXTERNAL_RESEARCH_CLEANED,,ISRG,NO,Required to close downstream-critical latest8Q gaps for TTM / Score / Lifecycle / Valuation
Latest8Q closure,TOTAL_DEBT,1208,EXTERNAL_OFFICIAL_EVIDENCE_REQUIRED,2025-12-31,2026-02-03,NO,0,TOTAL_DEBT,Verify Total Debt for FY2025 Q4,Phase 8G issue=PRIMARY_CORE_INCOMPLETE; source dependency=NEED_DEBT; structural context=CALENDAR_YEAR,1,25,Q4,2025,NO,issuer quarterly/annual report; SEC filing/XBRL only as fallback,P2_LATEST4Q,3,Research official issuer sources for FY2025 Q4. Verify Total Debt. Do not research other fields.,P8H-2-0165,NO,READY_FOR_EXTERNAL_RESEARCH_CLEANED,,ISRG,NO,Required to close downstream-critical latest8Q gaps for TTM / Score / Lifecycle / Valuation
Latest8Q closure,TOTAL_DEBT,1208,EXTERNAL_OFFICIAL_EVIDENCE_REQUIRED,2026-03-31,2026-04-22,NO,0,TOTAL_DEBT,Verify Total Debt for FY2026 Q1,Phase 8G issue=PRIMARY_CORE_INCOMPLETE; source dependency=NEED_DEBT; structural context=CALENDAR_YEAR,1,25,Q1,2026,NO,issuer quarterly/annual report; SEC filing/XBRL only as fallback,P2_LATEST4Q,2,Research official issuer sources for FY2026 Q1. Verify Total Debt. Do not research other fields.,P8H-2-0166,NO,READY_FOR_EXTERNAL_RESEARCH_CLEANED,,ISRG,NO,Required to close downstream-critical latest8Q gaps for TTM / Score / Lifecycle / Valuation
Latest8Q closure,FIRST_PUBLIC_PUBLISH_DATE,1236,EXTERNAL_OFFICIAL_EVIDENCE_REQUIRED,2025-09-30,2026-05-05,NO,0,FIRST_PUBLIC_PUBLISH_DATE,Verify first-public result publication date for FY2026 Q1,Phase 8G issue=PUBLISH_SEQUENCE_CONFLICT; source dependency=NEED_FIRST_PUBLIC_RESULT_DATE; structural context=FIXED_DATE_FISCAL_YEAR,1,5,Q1,2026,NO,issuer Investor Relations earnings release/archive,P2_LATEST4Q,3,Research official issuer sources for FY2026 Q1. Verify first-public result publication date. Do not research other fields.,P8H-2-0167,NO,READY_FOR_EXTERNAL_RESEARCH_CLEANED,,JKHY,NO,Required to close downstream-critical latest8Q gaps for TTM / Score / Lifecycle / Valuation
Latest8Q closure,FIRST_PUBLIC_PUBLISH_DATE,1236,EXTERNAL_OFFICIAL_EVIDENCE_REQUIRED,2025-12-31,2026-02-03,NO,0,FIRST_PUBLIC_PUBLISH_DATE,Verify first-public result publication date for FY2026 Q2,Phase 8G issue=PUBLISH_SEQUENCE_CONFLICT; source dependency=NEED_FIRST_PUBLIC_RESULT_DATE; structural context=FIXED_DATE_FISCAL_YEAR,1,5,Q2,2026,NO,issuer Investor Relations earnings release/archive,P2_LATEST4Q,2,Research official issuer sources for FY2026 Q2. Verify first-public result publication date. Do not research other fields.,P8H-2-0168,NO,READY_FOR_EXTERNAL_RESEARCH_CLEANED,,JKHY,NO,Required to close downstream-critical latest8Q gaps for TTM / Score / Lifecycle / Valuation
Latest8Q closure,TOTAL_DEBT,1264,EXTERNAL_OFFICIAL_EVIDENCE_REQUIRED,2025-06-30,2025-08-13,NO,0,TOTAL_DEBT,Verify Total Debt for FY2025 Q2,Phase 8G issue=PRIMARY_CORE_INCOMPLETE|SECONDARY_FIELDS_INCOMPLETE; source dependency=NEED_DEBT; structural context=CALENDAR_YEAR,1,25,Q2,2025,NO,issuer quarterly/annual report; SEC filing/XBRL only as fallback,P2_LATEST4Q,4,Research official issuer sources for FY2025 Q2. Verify Total Debt. Do not research other fields.,P8H-2-0169,NO,READY_FOR_EXTERNAL_RESEARCH_CLEANED,,KLRS,NO,Required to close downstream-critical latest8Q gaps for TTM / Score / Lifecycle / Valuation
Latest8Q closure,FIRST_PUBLIC_PUBLISH_DATE,1345,EXTERNAL_OFFICIAL_EVIDENCE_REQUIRED,2026-03-31,,NO,0,FIRST_PUBLIC_PUBLISH_DATE,Verify first-public result publication date for FY2026 Q1,Phase 8G issue=PUBLISH_DATE_MISSING; source dependency=NEED_FIRST_PUBLIC_RESULT_DATE; structural context=CALENDAR_YEAR,1,5,Q1,2026,NO,issuer Investor Relations earnings release/archive,P2_LATEST4Q,2,Research official issuer sources for FY2026 Q1. Verify first-public result publication date. Do not research other fields.,P8H-2-0176,NO,READY_FOR_EXTERNAL_RESEARCH_CLEANED,,LILA,NO,Required to close downstream-critical latest8Q gaps for TTM / Score / Lifecycle / Valuation
Latest8Q closure,TOTAL_DEBT,1352,EXTERNAL_OFFICIAL_EVIDENCE_REQUIRED,2025-06-30,2025-09-26,NO,0,TOTAL_DEBT,Verify Total Debt for FY2025 Q4,Phase 8G issue=PRIMARY_CORE_INCOMPLETE|SECONDARY_FIELDS_INCOMPLETE; source dependency=NEED_DEBT; structural context=FIXED_DATE_FISCAL_YEAR,1,25,Q4,2025,NO,issuer quarterly/annual report; SEC filing/XBRL only as fallback,P2_LATEST4Q,4,Research official issuer sources for FY2025 Q4. Verify Total Debt. Do not research other fields.,P8H-2-0177,NO,READY_FOR_EXTERNAL_RESEARCH_CLEANED,,LITS,NO,Required to close downstream-critical latest8Q gaps for TTM / Score / Lifecycle / Valuation
Latest8Q closure,TOTAL_DEBT,1352,EXTERNAL_OFFICIAL_EVIDENCE_REQUIRED,2025-09-30,2025-11-14,NO,0,TOTAL_DEBT,Verify Total Debt for FY2026 Q1,Phase 8G issue=PRIMARY_CORE_INCOMPLETE|SECONDARY_FIELDS_INCOMPLETE; source dependency=NEED_DEBT; structural context=FIXED_DATE_FISCAL_YEAR,1,25,Q1,2026,NO,issuer quarterly/annual report; SEC filing/XBRL only as fallback,P2_LATEST4Q,3,Research official issuer sources for FY2026 Q1. Verify Total Debt. Do not research other fields.,P8H-2-0178,NO,READY_FOR_EXTERNAL_RESEARCH_CLEANED,,LITS,NO,Required to close downstream-critical latest8Q gaps for TTM / Score / Lifecycle / Valuation
Latest8Q closure,TOTAL_DEBT,1352,EXTERNAL_OFFICIAL_EVIDENCE_REQUIRED,2025-12-31,2026-02-17,NO,0,TOTAL_DEBT,Verify Total Debt for FY2026 Q2,Phase 8G issue=PRIMARY_CORE_INCOMPLETE|SECONDARY_FIELDS_INCOMPLETE; source dependency=NEED_DEBT; structural context=FIXED_DATE_FISCAL_YEAR,1,25,Q2,2026,NO,issuer quarterly/annual report; SEC filing/XBRL only as fallback,P2_LATEST4Q,2,Research official issuer sources for FY2026 Q2. Verify Total Debt. Do not research other fields.,P8H-2-0179,NO,READY_FOR_EXTERNAL_RESEARCH_CLEANED,,LITS,NO,Required to close downstream-critical latest8Q gaps for TTM / Score / Lifecycle / Valuation
Latest8Q closure,TOTAL_DEBT,1354,EXTERNAL_OFFICIAL_EVIDENCE_REQUIRED,2025-06-30,2025-08-07,NO,0,TOTAL_DEBT,Verify Total Debt for FY2025 Q2,Phase 8G issue=PRIMARY_CORE_INCOMPLETE|SECONDARY_FIELDS_INCOMPLETE; source dependency=NEED_DEBT; structural context=CALENDAR_YEAR,1,25,Q2,2025,NO,issuer quarterly/annual report; SEC filing/XBRL only as fallback,P2_LATEST4Q,4,Research official issuer sources for FY2025 Q2. Verify Total Debt. Do not research other fields.,P8H-2-0180,NO,READY_FOR_EXTERNAL_RESEARCH_CLEANED,,LIXT,NO,Required to close downstream-critical latest8Q gaps for TTM / Score / Lifecycle / Valuation
Latest8Q closure,TOTAL_DEBT,1354,EXTERNAL_OFFICIAL_EVIDENCE_REQUIRED,2025-09-30,2025-11-12,NO,0,TOTAL_DEBT,Verify Total Debt for FY2025 Q3,Phase 8G issue=PRIMARY_CORE_INCOMPLETE|SECONDARY_FIELDS_INCOMPLETE; source dependency=NEED_DEBT; structural context=CALENDAR_YEAR,1,25,Q3,2025,NO,issuer quarterly/annual report; SEC filing/XBRL only as fallback,P2_LATEST4Q,3,Research official issuer sources for FY2025 Q3. Verify Total Debt. Do not research other fields.,P8H-2-0181,NO,READY_FOR_EXTERNAL_RESEARCH_CLEANED,,LIXT,NO,Required to close downstream-critical latest8Q gaps for TTM / Score / Lifecycle / Valuation
Latest8Q closure,FIRST_PUBLIC_PUBLISH_DATE,1379,EXTERNAL_OFFICIAL_EVIDENCE_REQUIRED,2025-06-30,,NO,0,FIRST_PUBLIC_PUBLISH_DATE,Verify first-public result publication date for FY2025 Q2,Phase 8G issue=PUBLISH_DATE_MISSING|SECONDARY_FIELDS_INCOMPLETE; source dependency=NEED_FIRST_PUBLIC_RESULT_DATE; structural context=CALENDAR_YEAR,1,5,Q2,2025,NO,issuer Investor Relations earnings release/archive,P2_LATEST4Q,4,Research official issuer sources for FY2025 Q2. Verify first-public result publication date. Do not research other fields.,P8H-2-0182,NO,READY_FOR_EXTERNAL_RESEARCH_CLEANED,,LRHC,NO,Required to close downstream-critical latest8Q gaps for TTM / Score / Lifecycle / Valuation
Latest8Q closure,FIRST_PUBLIC_PUBLISH_DATE,1379,EXTERNAL_OFFICIAL_EVIDENCE_REQUIRED,2025-09-30,,NO,0,FIRST_PUBLIC_PUBLISH_DATE,Verify first-public result publication date for FY2025 Q3,Phase 8G issue=PUBLISH_DATE_MISSING; source dependency=NEED_FIRST_PUBLIC_RESULT_DATE; structural context=CALENDAR_YEAR,1,5,Q3,2025,NO,issuer Investor Relations earnings release/archive,P2_LATEST4Q,3,Research official issuer sources for FY2025 Q3. Verify first-public result publication date. Do not research other fields.,P8H-2-0183,NO,READY_FOR_EXTERNAL_RESEARCH_CLEANED,,LRHC,NO,Required to close downstream-critical latest8Q gaps for TTM / Score / Lifecycle / Valuation
Latest8Q closure,FIRST_PUBLIC_PUBLISH_DATE,1379,EXTERNAL_OFFICIAL_EVIDENCE_REQUIRED,2025-12-31,,NO,0,FIRST_PUBLIC_PUBLISH_DATE,Verify first-public result publication date for FY2025 Q4,Phase 8G issue=PUBLISH_DATE_MISSING; source dependency=NEED_FIRST_PUBLIC_RESULT_DATE; structural context=CALENDAR_YEAR,1,5,Q4,2025,NO,issuer Investor Relations earnings release/archive,P2_LATEST4Q,2,Research official issuer sources for FY2025 Q4. Verify first-public result publication date. Do not research other fields.,P8H-2-0184,NO,READY_FOR_EXTERNAL_RESEARCH_CLEANED,,LRHC,NO,Required to close downstream-critical latest8Q gaps for TTM / Score / Lifecycle / Valuation
Latest8Q closure,TOTAL_DEBT,1384,EXTERNAL_OFFICIAL_EVIDENCE_REQUIRED,2025-09-30,2025-11-06,NO,0,TOTAL_DEBT,Verify Total Debt for FY2025 Q3,Phase 8G issue=PRIMARY_CORE_INCOMPLETE|SECONDARY_FIELDS_INCOMPLETE; source dependency=NEED_DEBT; structural context=CALENDAR_YEAR,1,25,Q3,2025,NO,issuer quarterly/annual report; SEC filing/XBRL only as fallback,P2_LATEST4Q,4,Research official issuer sources for FY2025 Q3. Verify Total Debt. Do not research other fields.,P8H-2-0185,NO,READY_FOR_EXTERNAL_RESEARCH_CLEANED,,LTBR,NO,Required to close downstream-critical latest8Q gaps for TTM / Score / Lifecycle / Valuation
Latest8Q closure,TOTAL_DEBT,1384,EXTERNAL_OFFICIAL_EVIDENCE_REQUIRED,2025-12-31,2026-02-26,NO,0,TOTAL_DEBT,Verify Total Debt for FY2025 Q4,Phase 8G issue=PRIMARY_CORE_INCOMPLETE|SECONDARY_FIELDS_INCOMPLETE; source dependency=NEED_DEBT; structural context=CALENDAR_YEAR,1,25,Q4,2025,NO,issuer quarterly/annual report; SEC filing/XBRL only as fallback,P2_LATEST4Q,3,Research official issuer sources for FY2025 Q4. Verify Total Debt. Do not research other fields.,P8H-2-0186,NO,READY_FOR_EXTERNAL_RESEARCH_CLEANED,,LTBR,NO,Required to close downstream-critical latest8Q gaps for TTM / Score / Lifecycle / Valuation
Latest8Q closure,FIRST_PUBLIC_PUBLISH_DATE,1400,EXTERNAL_OFFICIAL_EVIDENCE_REQUIRED,2025-06-30,2026-01-20,NO,0,FIRST_PUBLIC_PUBLISH_DATE,Verify first-public result publication date for FY2025 Q2,Phase 8G issue=PUBLISH_SEQUENCE_CONFLICT; source dependency=NEED_FIRST_PUBLIC_RESULT_DATE; structural context=CALENDAR_YEAR,1,5,Q2,2025,NO,issuer Investor Relations earnings release/archive,P2_LATEST4Q,4,Research official issuer sources for FY2025 Q2. Verify first-public result publication date. Do not research other fields.,P8H-2-0188,NO,READY_FOR_EXTERNAL_RESEARCH_CLEANED,,LWLG,NO,Required to close downstream-critical latest8Q gaps for TTM / Score / Lifecycle / Valuation
Latest8Q closure,FIRST_PUBLIC_PUBLISH_DATE,1400,EXTERNAL_OFFICIAL_EVIDENCE_REQUIRED,2025-09-30,2025-11-14,NO,0,FIRST_PUBLIC_PUBLISH_DATE,Verify first-public result publication date for FY2025 Q3,Phase 8G issue=PUBLISH_SEQUENCE_CONFLICT; source dependency=NEED_FIRST_PUBLIC_RESULT_DATE; structural context=CALENDAR_YEAR,1,5,Q3,2025,NO,issuer Investor Relations earnings release/archive,P2_LATEST4Q,3,Research official issuer sources for FY2025 Q3. Verify first-public result publication date. Do not research other fields.,P8H-2-0189,NO,READY_FOR_EXTERNAL_RESEARCH_CLEANED,,LWLG,NO,Required to close downstream-critical latest8Q gaps for TTM / Score / Lifecycle / Valuation
Latest8Q closure,FIRST_PUBLIC_PUBLISH_DATE,1409,EXTERNAL_OFFICIAL_EVIDENCE_REQUIRED,2025-09-30,2026-04-23,NO,0,FIRST_PUBLIC_PUBLISH_DATE,Verify first-public result publication date for FY2026 Q1,Phase 8G issue=PUBLISH_SEQUENCE_CONFLICT; source dependency=NEED_FIRST_PUBLIC_RESULT_DATE; structural context=FIXED_DATE_FISCAL_YEAR,1,5,Q1,2026,NO,issuer Investor Relations earnings release/archive,P2_LATEST4Q,3,Research official issuer sources for FY2026 Q1. Verify first-public result publication date. Do not research other fields.,P8H-2-0190,NO,READY_FOR_EXTERNAL_RESEARCH_CLEANED,,LYTS,NO,Required to close downstream-critical latest8Q gaps for TTM / Score / Lifecycle / Valuation
Latest8Q closure,FIRST_PUBLIC_PUBLISH_DATE,1409,EXTERNAL_OFFICIAL_EVIDENCE_REQUIRED,2025-12-31,2026-01-22,NO,0,FIRST_PUBLIC_PUBLISH_DATE,Verify first-public result publication date for FY2026 Q2,Phase 8G issue=PUBLISH_SEQUENCE_CONFLICT; source dependency=NEED_FIRST_PUBLIC_RESULT_DATE; structural context=FIXED_DATE_FISCAL_YEAR,1,5,Q2,2026,NO,issuer Investor Relations earnings release/archive,P2_LATEST4Q,2,Research official issuer sources for FY2026 Q2. Verify first-public result publication date. Do not research other fields.,P8H-2-0191,NO,READY_FOR_EXTERNAL_RESEARCH_CLEANED,,LYTS,NO,Required to close downstream-critical latest8Q gaps for TTM / Score / Lifecycle / Valuation
Latest8Q closure,FIRST_PUBLIC_PUBLISH_DATE,1416,EXTERNAL_OFFICIAL_EVIDENCE_REQUIRED,2025-06-30,,NO,0,FIRST_PUBLIC_PUBLISH_DATE,Verify first-public result publication date for FY2025 Q3,Phase 8G issue=PUBLISH_DATE_MISSING; source dependency=NEED_FIRST_PUBLIC_RESULT_DATE; structural context=WEEK_BASED_52_53,1,5,Q3,2025,NO,issuer Investor Relations earnings release/archive,P2_LATEST4Q,2,Research official issuer sources for FY2025 Q3. Verify first-public result publication date. Do not research other fields.,P8H-2-0194,NO,READY_FOR_EXTERNAL_RESEARCH_CLEANED,STRUCTURAL_REVIEW_ALSO_REQUIRED,MAGN,NO,Required to close downstream-critical latest8Q gaps for TTM / Score / Lifecycle / Valuation
Latest8Q closure,TOTAL_DEBT,1431,EXTERNAL_OFFICIAL_EVIDENCE_REQUIRED,2026-03-31,2026-05-05,NO,0,TOTAL_DEBT,Verify Total Debt for FY2026 Q1,Phase 8G issue=PRIMARY_CORE_INCOMPLETE|SECONDARY_FIELDS_INCOMPLETE; source dependency=NEED_DEBT; structural context=CALENDAR_YEAR,1,25,Q1,2026,NO,issuer quarterly/annual report; SEC filing/XBRL only as fallback,P2_LATEST4Q,2,Research official issuer sources for FY2026 Q1. Verify Total Debt. Do not research other fields.,P8H-2-0195,NO,READY_FOR_EXTERNAL_RESEARCH_CLEANED,,MBIO,NO,Required to close downstream-critical latest8Q gaps for TTM / Score / Lifecycle / Valuation
Latest8Q closure,FIRST_PUBLIC_PUBLISH_DATE,1462,EXTERNAL_OFFICIAL_EVIDENCE_REQUIRED,2025-09-30,,NO,0,FIRST_PUBLIC_PUBLISH_DATE,Verify first-public result publication date for FY2025 Q3,Phase 8G issue=PUBLISH_DATE_MISSING; source dependency=NEED_FIRST_PUBLIC_RESULT_DATE; structural context=CALENDAR_YEAR,1,5,Q3,2025,NO,issuer Investor Relations earnings release/archive,P2_LATEST4Q,4,Research official issuer sources for FY2025 Q3. Verify first-public result publication date. Do not research other fields.,P8H-2-0198,NO,READY_FOR_EXTERNAL_RESEARCH_CLEANED,,METCB,NO,Required to close downstream-critical latest8Q gaps for TTM / Score / Lifecycle / Valuation
Latest8Q closure,FIRST_PUBLIC_PUBLISH_DATE,1462,EXTERNAL_OFFICIAL_EVIDENCE_REQUIRED,2026-03-31,,NO,0,FIRST_PUBLIC_PUBLISH_DATE,Verify first-public result publication date for FY2026 Q1,Phase 8G issue=PUBLISH_DATE_MISSING; source dependency=NEED_FIRST_PUBLIC_RESULT_DATE; structural context=CALENDAR_YEAR,1,5,Q1,2026,NO,issuer Investor Relations earnings release/archive,P2_LATEST4Q,2,Research official issuer sources for FY2026 Q1. Verify first-public result publication date. Do not research other fields.,P8H-2-0199,NO,READY_FOR_EXTERNAL_RESEARCH_CLEANED,,METCB,NO,Required to close downstream-critical latest8Q gaps for TTM / Score / Lifecycle / Valuation
Latest8Q closure,EBIT_DIRECT,1463,EXTERNAL_OFFICIAL_EVIDENCE_REQUIRED,2025-09-30,2025-11-06,NO,0,EBIT_DIRECT,Verify EBIT for FY2025 Q3,Phase 8G issue=PRIMARY_CORE_INCOMPLETE|SECONDARY_FIELDS_INCOMPLETE; source dependency=NEED_EBIT; structural context=CALENDAR_YEAR,1,25,Q3,2025,NO,issuer quarterly/annual report; SEC filing/XBRL only as fallback,P2_LATEST4Q,4,Research official issuer sources for FY2025 Q3. Verify EBIT. Do not research other fields.,P8H-2-0200,NO,READY_FOR_EXTERNAL_RESEARCH_CLEANED,,MFA,NO,Required to close downstream-critical latest8Q gaps for TTM / Score / Lifecycle / Valuation
Latest8Q closure,EBIT_DIRECT,1463,EXTERNAL_OFFICIAL_EVIDENCE_REQUIRED,2025-12-31,2026-02-20,NO,0,EBIT_DIRECT,Verify EBIT for FY2025 Q4,Phase 8G issue=PRIMARY_CORE_INCOMPLETE|SECONDARY_FIELDS_INCOMPLETE; source dependency=NEED_EBIT; structural context=CALENDAR_YEAR,1,25,Q4,2025,NO,issuer quarterly/annual report; SEC filing/XBRL only as fallback,P2_LATEST4Q,3,Research official issuer sources for FY2025 Q4. Verify EBIT. Do not research other fields.,P8H-2-0201,NO,READY_FOR_EXTERNAL_RESEARCH_CLEANED,,MFA,NO,Required to close downstream-critical latest8Q gaps for TTM / Score / Lifecycle / Valuation
Latest8Q closure,EBIT_DIRECT,1463,EXTERNAL_OFFICIAL_EVIDENCE_REQUIRED,2026-03-31,2026-05-05,NO,0,EBIT_DIRECT,Verify EBIT for FY2026 Q1,Phase 8G issue=PRIMARY_CORE_INCOMPLETE|SECONDARY_FIELDS_INCOMPLETE; source dependency=NEED_EBIT; structural context=CALENDAR_YEAR,1,25,Q1,2026,NO,issuer quarterly/annual report; SEC filing/XBRL only as fallback,P2_LATEST4Q,2,Research official issuer sources for FY2026 Q1. Verify EBIT. Do not research other fields.,P8H-2-0202,NO,READY_FOR_EXTERNAL_RESEARCH_CLEANED,,MFA,NO,Required to close downstream-critical latest8Q gaps for TTM / Score / Lifecycle / Valuation
Latest8Q closure,TOTAL_DEBT,1480,EXTERNAL_OFFICIAL_EVIDENCE_REQUIRED,2025-06-30,2025-08-14,NO,0,TOTAL_DEBT,Verify Total Debt for FY2025 Q2,Phase 8G issue=PRIMARY_CORE_INCOMPLETE|SECONDARY_FIELDS_INCOMPLETE; source dependency=NEED_DEBT; structural context=CALENDAR_YEAR,1,25,Q2,2025,NO,issuer quarterly/annual report; SEC filing/XBRL only as fallback,P2_LATEST4Q,4,Research official issuer sources for FY2025 Q2. Verify Total Debt. Do not research other fields.,P8H-2-0203,NO,READY_FOR_EXTERNAL_RESEARCH_CLEANED,,MIRA,NO,Required to close downstream-critical latest8Q gaps for TTM / Score / Lifecycle / Valuation
Latest8Q closure,TOTAL_DEBT,1480,EXTERNAL_OFFICIAL_EVIDENCE_REQUIRED,2025-09-30,2025-11-13,NO,0,TOTAL_DEBT,Verify Total Debt for FY2025 Q3,Phase 8G issue=PRIMARY_CORE_INCOMPLETE|SECONDARY_FIELDS_INCOMPLETE; source dependency=NEED_DEBT; structural context=CALENDAR_YEAR,1,25,Q3,2025,NO,issuer quarterly/annual report; SEC filing/XBRL only as fallback,P2_LATEST4Q,3,Research official issuer sources for FY2025 Q3. Verify Total Debt. Do not research other fields.,P8H-2-0204,NO,READY_FOR_EXTERNAL_RESEARCH_CLEANED,,MIRA,NO,Required to close downstream-critical latest8Q gaps for TTM / Score / Lifecycle / Valuation
Latest8Q closure,TOTAL_DEBT,1493,EXTERNAL_OFFICIAL_EVIDENCE_REQUIRED,2025-06-30,2025-08-12,NO,0,TOTAL_DEBT,Verify Total Debt for FY2025 Q2,Phase 8G issue=PRIMARY_CORE_INCOMPLETE|SECONDARY_FIELDS_INCOMPLETE; source dependency=NEED_DEBT; structural context=CALENDAR_YEAR,1,25,Q2,2025,NO,issuer quarterly/annual report; SEC filing/XBRL only as fallback,P2_LATEST4Q,4,Research official issuer sources for FY2025 Q2. Verify Total Debt. Do not research other fields.,P8H-2-0212,NO,READY_FOR_EXTERNAL_RESEARCH_CLEANED,,MLYS,NO,Required to close downstream-critical latest8Q gaps for TTM / Score / Lifecycle / Valuation
Latest8Q closure,TOTAL_DEBT,1493,EXTERNAL_OFFICIAL_EVIDENCE_REQUIRED,2025-09-30,2025-11-10,NO,0,TOTAL_DEBT,Verify Total Debt for FY2025 Q3,Phase 8G issue=PRIMARY_CORE_INCOMPLETE|SECONDARY_FIELDS_INCOMPLETE; source dependency=NEED_DEBT; structural context=CALENDAR_YEAR,1,25,Q3,2025,NO,issuer quarterly/annual report; SEC filing/XBRL only as fallback,P2_LATEST4Q,3,Research official issuer sources for FY2025 Q3. Verify Total Debt. Do not research other fields.,P8H-2-0213,NO,READY_FOR_EXTERNAL_RESEARCH_CLEANED,,MLYS,NO,Required to close downstream-critical latest8Q gaps for TTM / Score / Lifecycle / Valuation
Latest8Q closure,TOTAL_DEBT,1493,EXTERNAL_OFFICIAL_EVIDENCE_REQUIRED,2025-12-31,2026-03-12,NO,0,TOTAL_DEBT,Verify Total Debt for FY2025 Q4,Phase 8G issue=PRIMARY_CORE_INCOMPLETE|SECONDARY_FIELDS_INCOMPLETE; source dependency=NEED_DEBT; structural context=CALENDAR_YEAR,1,25,Q4,2025,NO,issuer quarterly/annual report; SEC filing/XBRL only as fallback,P2_LATEST4Q,2,Research official issuer sources for FY2025 Q4. Verify Total Debt. Do not research other fields.,P8H-2-0214,NO,READY_FOR_EXTERNAL_RESEARCH_CLEANED,,MLYS,NO,Required to close downstream-critical latest8Q gaps for TTM / Score / Lifecycle / Valuation
Latest8Q closure,FIRST_PUBLIC_PUBLISH_DATE,1499,EXTERNAL_OFFICIAL_EVIDENCE_REQUIRED,2025-09-30,,NO,0,FIRST_PUBLIC_PUBLISH_DATE,Verify first-public result publication date for FY2025 Q3,Phase 8G issue=PUBLISH_DATE_MISSING; source dependency=NEED_FIRST_PUBLIC_RESULT_DATE; structural context=CALENDAR_YEAR,1,5,Q3,2025,NO,issuer Investor Relations earnings release/archive,P2_LATEST4Q,4,Research official issuer sources for FY2025 Q3. Verify first-public result publication date. Do not research other fields.,P8H-2-0215,NO,READY_FOR_EXTERNAL_RESEARCH_CLEANED,,MNR,NO,Required to close downstream-critical latest8Q gaps for TTM / Score / Lifecycle / Valuation
Latest8Q closure,TOTAL_DEBT,1501,EXTERNAL_OFFICIAL_EVIDENCE_REQUIRED,2025-09-30,2025-11-07,NO,0,TOTAL_DEBT,Verify Total Debt for FY2025 Q3,Phase 8G issue=PRIMARY_CORE_INCOMPLETE; source dependency=NEED_DEBT; structural context=CALENDAR_YEAR,1,25,Q3,2025,NO,issuer quarterly/annual report; SEC filing/XBRL only as fallback,P2_LATEST4Q,4,Research official issuer sources for FY2025 Q3. Verify Total Debt. Do not research other fields.,P8H-2-0216,NO,READY_FOR_EXTERNAL_RESEARCH_CLEANED,,MNST,NO,Required to close downstream-critical latest8Q gaps for TTM / Score / Lifecycle / Valuation
Latest8Q closure,TOTAL_DEBT,1501,EXTERNAL_OFFICIAL_EVIDENCE_REQUIRED,2025-12-31,2026-02-27,NO,0,TOTAL_DEBT,Verify Total Debt for FY2025 Q4,Phase 8G issue=PRIMARY_CORE_INCOMPLETE; source dependency=NEED_DEBT; structural context=CALENDAR_YEAR,1,25,Q4,2025,NO,issuer quarterly/annual report; SEC filing/XBRL only as fallback,P2_LATEST4Q,3,Research official issuer sources for FY2025 Q4. Verify Total Debt. Do not research other fields.,P8H-2-0217,NO,READY_FOR_EXTERNAL_RESEARCH_CLEANED,,MNST,NO,Required to close downstream-critical latest8Q gaps for TTM / Score / Lifecycle / Valuation
Latest8Q closure,TOTAL_DEBT,1501,EXTERNAL_OFFICIAL_EVIDENCE_REQUIRED,2026-03-31,2026-05-08,NO,0,TOTAL_DEBT,Verify Total Debt for FY2026 Q1,Phase 8G issue=PRIMARY_CORE_INCOMPLETE; source dependency=NEED_DEBT; structural context=CALENDAR_YEAR,1,25,Q1,2026,NO,issuer quarterly/annual report; SEC filing/XBRL only as fallback,P2_LATEST4Q,2,Research official issuer sources for FY2026 Q1. Verify Total Debt. Do not research other fields.,P8H-2-0218,NO,READY_FOR_EXTERNAL_RESEARCH_CLEANED,,MNST,NO,Required to close downstream-critical latest8Q gaps for TTM / Score / Lifecycle / Valuation
Latest8Q closure,FIRST_PUBLIC_PUBLISH_DATE,1545,EXTERNAL_OFFICIAL_EVIDENCE_REQUIRED,2025-12-31,,NO,0,FIRST_PUBLIC_PUBLISH_DATE,Verify first-public result publication date for FY2025 Q4,Phase 8G issue=PUBLISH_DATE_MISSING|SECONDARY_FIELDS_INCOMPLETE; source dependency=NEED_FIRST_PUBLIC_RESULT_DATE; structural context=CALENDAR_YEAR,1,5,Q4,2025,NO,issuer Investor Relations earnings release/archive,P2_LATEST4Q,3,Research official issuer sources for FY2025 Q4. Verify first-public result publication date. Do not research other fields.,P8H-2-0221,NO,READY_FOR_EXTERNAL_RESEARCH_CLEANED,,MTVA,NO,Required to close downstream-critical latest8Q gaps for TTM / Score / Lifecycle / Valuation
Latest8Q closure,FIRST_PUBLIC_PUBLISH_DATE,1553,EXTERNAL_OFFICIAL_EVIDENCE_REQUIRED,2026-03-31,,NO,0,FIRST_PUBLIC_PUBLISH_DATE,Verify first-public result publication date for FY2026 Q1,Phase 8G issue=PUBLISH_DATE_MISSING; source dependency=NEED_FIRST_PUBLIC_RESULT_DATE; structural context=CALENDAR_YEAR,1,5,Q1,2026,NO,issuer Investor Relations earnings release/archive,P2_LATEST4Q,2,Research official issuer sources for FY2026 Q1. Verify first-public result publication date. Do not research other fields.,P8H-2-0222,NO,READY_FOR_EXTERNAL_RESEARCH_CLEANED,,MVIS,NO,Required to close downstream-critical latest8Q gaps for TTM / Score / Lifecycle / Valuation
Latest8Q closure,TOTAL_DEBT,1564,EXTERNAL_OFFICIAL_EVIDENCE_REQUIRED,2025-09-30,2025-11-04,NO,0,TOTAL_DEBT,Verify Total Debt for FY2026 Q1,Phase 8G issue=PRIMARY_CORE_INCOMPLETE|SECONDARY_FIELDS_INCOMPLETE; source dependency=NEED_DEBT; structural context=FIXED_DATE_FISCAL_YEAR,1,25,Q1,2026,NO,issuer quarterly/annual report; SEC filing/XBRL only as fallback,P2_LATEST4Q,3,Research official issuer sources for FY2026 Q1. Verify Total Debt. Do not research other fields.,P8H-2-0223,NO,READY_FOR_EXTERNAL_RESEARCH_CLEANED,,MZTI,NO,Required to close downstream-critical latest8Q gaps for TTM / Score / Lifecycle / Valuation
Latest8Q closure,FIRST_PUBLIC_PUBLISH_DATE,1609,EXTERNAL_OFFICIAL_EVIDENCE_REQUIRED,2025-09-30,,NO,0,FIRST_PUBLIC_PUBLISH_DATE,Verify first-public result publication date for FY2025 Q3,Phase 8G issue=PUBLISH_DATE_MISSING; source dependency=NEED_FIRST_PUBLIC_RESULT_DATE; structural context=CALENDAR_YEAR,1,5,Q3,2025,NO,issuer Investor Relations earnings release/archive,P2_LATEST4Q,4,Research official issuer sources for FY2025 Q3. Verify first-public result publication date. Do not research other fields.,P8H-2-0228,NO,READY_FOR_EXTERNAL_RESEARCH_CLEANED,,NNDM,NO,Required to close downstream-critical latest8Q gaps for TTM / Score / Lifecycle / Valuation
Latest8Q closure,TOTAL_DEBT,1623,EXTERNAL_OFFICIAL_EVIDENCE_REQUIRED,2025-09-30,2025-11-06,NO,0,TOTAL_DEBT,Verify Total Debt for FY2025 Q3,Phase 8G issue=PRIMARY_CORE_INCOMPLETE; source dependency=NEED_DEBT; structural context=CALENDAR_YEAR,1,25,Q3,2025,NO,issuer quarterly/annual report; SEC filing/XBRL only as fallback,P2_LATEST4Q,4,Research official issuer sources for FY2025 Q3. Verify Total Debt. Do not research other fields.,P8H-2-0229,NO,READY_FOR_EXTERNAL_RESEARCH_CLEANED,,NRDS,NO,Required to close downstream-critical latest8Q gaps for TTM / Score / Lifecycle / Valuation
Latest8Q closure,TOTAL_DEBT,1623,EXTERNAL_OFFICIAL_EVIDENCE_REQUIRED,2026-03-31,2026-05-06,NO,0,TOTAL_DEBT,Verify Total Debt for FY2026 Q1,Phase 8G issue=PRIMARY_CORE_INCOMPLETE; source dependency=NEED_DEBT; structural context=CALENDAR_YEAR,1,25,Q1,2026,NO,issuer quarterly/annual report; SEC filing/XBRL only as fallback,P2_LATEST4Q,2,Research official issuer sources for FY2026 Q1. Verify Total Debt. Do not research other fields.,P8H-2-0230,NO,READY_FOR_EXTERNAL_RESEARCH_CLEANED,,NRDS,NO,Required to close downstream-critical latest8Q gaps for TTM / Score / Lifecycle / Valuation
Latest8Q closure,TOTAL_DEBT,1624,EXTERNAL_OFFICIAL_EVIDENCE_REQUIRED,2025-09-30,2025-11-06,NO,0,TOTAL_DEBT,Verify Total Debt for FY2025 Q3,Phase 8G issue=PRIMARY_CORE_INCOMPLETE; source dependency=NEED_DEBT; structural context=CALENDAR_YEAR,1,25,Q3,2025,NO,issuer quarterly/annual report; SEC filing/XBRL only as fallback,P2_LATEST4Q,4,Research official issuer sources for FY2025 Q3. Verify Total Debt. Do not research other fields.,P8H-2-0231,NO,READY_FOR_EXTERNAL_RESEARCH_CLEANED,,NRDY,NO,Required to close downstream-critical latest8Q gaps for TTM / Score / Lifecycle / Valuation
Latest8Q closure,FIRST_PUBLIC_PUBLISH_DATE,1641,EXTERNAL_OFFICIAL_EVIDENCE_REQUIRED,2025-06-30,,NO,0,FIRST_PUBLIC_PUBLISH_DATE,Verify first-public result publication date for FY2025 Q2,Phase 8G issue=PUBLISH_DATE_MISSING|SECONDARY_FIELDS_INCOMPLETE; source dependency=NEED_FIRST_PUBLIC_RESULT_DATE; structural context=CALENDAR_YEAR,1,5,Q2,2025,NO,issuer Investor Relations earnings release/archive,P2_LATEST4Q,4,Research official issuer sources for FY2025 Q2. Verify first-public result publication date. Do not research other fields.,P8H-2-0233,NO,READY_FOR_EXTERNAL_RESEARCH_CLEANED,,NUAI,NO,Required to close downstream-critical latest8Q gaps for TTM / Score / Lifecycle / Valuation
Latest8Q closure,FIRST_PUBLIC_PUBLISH_DATE,1641,EXTERNAL_OFFICIAL_EVIDENCE_REQUIRED,2025-09-30,,NO,0,FIRST_PUBLIC_PUBLISH_DATE,Verify first-public result publication date for FY2025 Q3,Phase 8G issue=PUBLISH_DATE_MISSING|SECONDARY_FIELDS_INCOMPLETE; source dependency=NEED_FIRST_PUBLIC_RESULT_DATE; structural context=CALENDAR_YEAR,1,5,Q3,2025,NO,issuer Investor Relations earnings release/archive,P2_LATEST4Q,3,Research official issuer sources for FY2025 Q3. Verify first-public result publication date. Do not research other fields.,P8H-2-0234,NO,READY_FOR_EXTERNAL_RESEARCH_CLEANED,,NUAI,NO,Required to close downstream-critical latest8Q gaps for TTM / Score / Lifecycle / Valuation
Latest8Q closure,TOTAL_DEBT,1650,EXTERNAL_OFFICIAL_EVIDENCE_REQUIRED,2025-09-30,2025-11-04,NO,0,TOTAL_DEBT,Verify Total Debt for FY2025 Q3,Phase 8G issue=PRIMARY_CORE_INCOMPLETE|SECONDARY_FIELDS_INCOMPLETE; source dependency=NEED_DEBT; structural context=CALENDAR_YEAR,1,25,Q3,2025,NO,issuer quarterly/annual report; SEC filing/XBRL only as fallback,P2_LATEST4Q,4,Research official issuer sources for FY2025 Q3. Verify Total Debt. Do not research other fields.,P8H-2-0236,NO,READY_FOR_EXTERNAL_RESEARCH_CLEANED,,NVCT,NO,Required to close downstream-critical latest8Q gaps for TTM / Score / Lifecycle / Valuation
Latest8Q closure,TOTAL_DEBT,1650,EXTERNAL_OFFICIAL_EVIDENCE_REQUIRED,2025-12-31,2026-02-11,NO,0,TOTAL_DEBT,Verify Total Debt for FY2025 Q4,Phase 8G issue=PRIMARY_CORE_INCOMPLETE|SECONDARY_FIELDS_INCOMPLETE; source dependency=NEED_DEBT; structural context=CALENDAR_YEAR,1,25,Q4,2025,NO,issuer quarterly/annual report; SEC filing/XBRL only as fallback,P2_LATEST4Q,3,Research official issuer sources for FY2025 Q4. Verify Total Debt. Do not research other fields.,P8H-2-0237,NO,READY_FOR_EXTERNAL_RESEARCH_CLEANED,,NVCT,NO,Required to close downstream-critical latest8Q gaps for TTM / Score / Lifecycle / Valuation
Latest8Q closure,TOTAL_DEBT,1650,EXTERNAL_OFFICIAL_EVIDENCE_REQUIRED,2026-03-31,2026-05-05,NO,0,TOTAL_DEBT,Verify Total Debt for FY2026 Q1,Phase 8G issue=PRIMARY_CORE_INCOMPLETE|SECONDARY_FIELDS_INCOMPLETE; source dependency=NEED_DEBT; structural context=CALENDAR_YEAR,1,25,Q1,2026,NO,issuer quarterly/annual report; SEC filing/XBRL only as fallback,P2_LATEST4Q,2,Research official issuer sources for FY2026 Q1. Verify Total Debt. Do not research other fields.,P8H-2-0238,NO,READY_FOR_EXTERNAL_RESEARCH_CLEANED,,NVCT,NO,Required to close downstream-critical latest8Q gaps for TTM / Score / Lifecycle / Valuation
Latest8Q closure,TOTAL_DEBT,1668,EXTERNAL_OFFICIAL_EVIDENCE_REQUIRED,2025-12-31,2026-01-30,NO,0,TOTAL_DEBT,Verify Total Debt for FY2026 Q3,Phase 8G issue=PRIMARY_CORE_INCOMPLETE; source dependency=NEED_DEBT; structural context=FIXED_DATE_FISCAL_YEAR,1,25,Q3,2026,NO,issuer quarterly/annual report; SEC filing/XBRL only as fallback,P2_LATEST4Q,4,Research official issuer sources for FY2026 Q3. Verify Total Debt. Do not research other fields.,P8H-2-0241,NO,READY_FOR_EXTERNAL_RESEARCH_CLEANED,STRUCTURAL_REVIEW_ALSO_REQUIRED,NXT,NO,Required to close downstream-critical latest8Q gaps for TTM / Score / Lifecycle / Valuation
Latest8Q closure,TOTAL_DEBT,1670,EXTERNAL_OFFICIAL_EVIDENCE_REQUIRED,2025-09-30,2025-11-05,NO,0,TOTAL_DEBT,Verify Total Debt for FY2025 Q3,Phase 8G issue=PRIMARY_CORE_INCOMPLETE; source dependency=NEED_DEBT; structural context=CALENDAR_YEAR,1,25,Q3,2025,NO,issuer quarterly/annual report; SEC filing/XBRL only as fallback,P2_LATEST4Q,4,Research official issuer sources for FY2025 Q3. Verify Total Debt. Do not research other fields.,P8H-2-0243,NO,READY_FOR_EXTERNAL_RESEARCH_CLEANED,,NYT,NO,Required to close downstream-critical latest8Q gaps for TTM / Score / Lifecycle / Valuation
Latest8Q closure,TOTAL_DEBT,1670,EXTERNAL_OFFICIAL_EVIDENCE_REQUIRED,2026-03-31,2026-05-06,NO,0,TOTAL_DEBT,Verify Total Debt for FY2026 Q1,Phase 8G issue=PRIMARY_CORE_INCOMPLETE; source dependency=NEED_DEBT; structural context=CALENDAR_YEAR,1,25,Q1,2026,NO,issuer quarterly/annual report; SEC filing/XBRL only as fallback,P2_LATEST4Q,2,Research official issuer sources for FY2026 Q1. Verify Total Debt. Do not research other fields.,P8H-2-0244,NO,READY_FOR_EXTERNAL_RESEARCH_CLEANED,,NYT,NO,Required to close downstream-critical latest8Q gaps for TTM / Score / Lifecycle / Valuation
Latest8Q closure,FIRST_PUBLIC_PUBLISH_DATE,1691,EXTERNAL_OFFICIAL_EVIDENCE_REQUIRED,2025-06-30,,NO,0,FIRST_PUBLIC_PUBLISH_DATE,Verify first-public result publication date for FY2025 Q2,Phase 8G issue=PUBLISH_DATE_MISSING|SECONDARY_FIELDS_INCOMPLETE; source dependency=NEED_FIRST_PUBLIC_RESULT_DATE; structural context=CALENDAR_YEAR,1,5,Q2,2025,NO,issuer Investor Relations earnings release/archive,P2_LATEST4Q,4,Research official issuer sources for FY2025 Q2. Verify first-public result publication date. Do not research other fields.,P8H-2-0245,NO,READY_FOR_EXTERNAL_RESEARCH_CLEANED,,OLB,NO,Required to close downstream-critical latest8Q gaps for TTM / Score / Lifecycle / Valuation
Latest8Q closure,FIRST_PUBLIC_PUBLISH_DATE,1691,EXTERNAL_OFFICIAL_EVIDENCE_REQUIRED,2025-09-30,,NO,0,FIRST_PUBLIC_PUBLISH_DATE,Verify first-public result publication date for FY2025 Q3,Phase 8G issue=PUBLISH_DATE_MISSING|SECONDARY_FIELDS_INCOMPLETE; source dependency=NEED_FIRST_PUBLIC_RESULT_DATE; structural context=CALENDAR_YEAR,1,5,Q3,2025,NO,issuer Investor Relations earnings release/archive,P2_LATEST4Q,3,Research official issuer sources for FY2025 Q3. Verify first-public result publication date. Do not research other fields.,P8H-2-0246,NO,READY_FOR_EXTERNAL_RESEARCH_CLEANED,,OLB,NO,Required to close downstream-critical latest8Q gaps for TTM / Score / Lifecycle / Valuation
Latest8Q closure,FIRST_PUBLIC_PUBLISH_DATE,1691,EXTERNAL_OFFICIAL_EVIDENCE_REQUIRED,2025-12-31,,NO,0,FIRST_PUBLIC_PUBLISH_DATE,Verify first-public result publication date for FY2025 Q4,Phase 8G issue=PUBLISH_DATE_MISSING|SECONDARY_FIELDS_INCOMPLETE; source dependency=NEED_FIRST_PUBLIC_RESULT_DATE; structural context=CALENDAR_YEAR,1,5,Q4,2025,NO,issuer Investor Relations earnings release/archive,P2_LATEST4Q,2,Research official issuer sources for FY2025 Q4. Verify first-public result publication date. Do not research other fields.,P8H-2-0247,NO,READY_FOR_EXTERNAL_RESEARCH_CLEANED,,OLB,NO,Required to close downstream-critical latest8Q gaps for TTM / Score / Lifecycle / Valuation
Latest8Q closure,FIRST_PUBLIC_PUBLISH_DATE,1701,EXTERNAL_OFFICIAL_EVIDENCE_REQUIRED,2025-06-30,,NO,0,FIRST_PUBLIC_PUBLISH_DATE,Verify first-public result publication date for FY2025 Q2,Phase 8G issue=PUBLISH_DATE_MISSING; source dependency=NEED_FIRST_PUBLIC_RESULT_DATE; structural context=CALENDAR_YEAR,1,5,Q2,2025,NO,issuer Investor Relations earnings release/archive,P2_LATEST4Q,4,Research official issuer sources for FY2025 Q2. Verify first-public result publication date. Do not research other fields.,P8H-2-0248,NO,READY_FOR_EXTERNAL_RESEARCH_CLEANED,,OMEX,NO,Required to close downstream-critical latest8Q gaps for TTM / Score / Lifecycle / Valuation
Latest8Q closure,FIRST_PUBLIC_PUBLISH_DATE,1701,EXTERNAL_OFFICIAL_EVIDENCE_REQUIRED,2025-09-30,,NO,0,FIRST_PUBLIC_PUBLISH_DATE,Verify first-public result publication date for FY2025 Q3,Phase 8G issue=PUBLISH_DATE_MISSING; source dependency=NEED_FIRST_PUBLIC_RESULT_DATE; structural context=CALENDAR_YEAR,1,5,Q3,2025,NO,issuer Investor Relations earnings release/archive,P2_LATEST4Q,3,Research official issuer sources for FY2025 Q3. Verify first-public result publication date. Do not research other fields.,P8H-2-0249,NO,READY_FOR_EXTERNAL_RESEARCH_CLEANED,,OMEX,NO,Required to close downstream-critical latest8Q gaps for TTM / Score / Lifecycle / Valuation
Latest8Q closure,FIRST_PUBLIC_PUBLISH_DATE,1701,EXTERNAL_OFFICIAL_EVIDENCE_REQUIRED,2025-12-31,,NO,0,FIRST_PUBLIC_PUBLISH_DATE,Verify first-public result publication date for FY2025 Q4,Phase 8G issue=PUBLISH_DATE_MISSING; source dependency=NEED_FIRST_PUBLIC_RESULT_DATE; structural context=CALENDAR_YEAR,1,5,Q4,2025,NO,issuer Investor Relations earnings release/archive,P2_LATEST4Q,2,Research official issuer sources for FY2025 Q4. Verify first-public result publication date. Do not research other fields.,P8H-2-0250,NO,READY_FOR_EXTERNAL_RESEARCH_CLEANED,,OMEX,NO,Required to close downstream-critical latest8Q gaps for TTM / Score / Lifecycle / Valuation
Latest8Q closure,FIRST_PUBLIC_PUBLISH_DATE,1705,EXTERNAL_OFFICIAL_EVIDENCE_REQUIRED,2025-06-30,,NO,0,FIRST_PUBLIC_PUBLISH_DATE,Verify first-public result publication date for FY2025 Q2,Phase 8G issue=PUBLISH_DATE_MISSING|SECONDARY_FIELDS_INCOMPLETE; source dependency=NEED_FIRST_PUBLIC_RESULT_DATE; structural context=CALENDAR_YEAR,1,5,Q2,2025,NO,issuer Investor Relations earnings release/archive,P2_LATEST4Q,4,Research official issuer sources for FY2025 Q2. Verify first-public result publication date. Do not research other fields.,P8H-2-0251,NO,READY_FOR_EXTERNAL_RESEARCH_CLEANED,,ONCY,NO,Required to close downstream-critical latest8Q gaps for TTM / Score / Lifecycle / Valuation
Latest8Q closure,FIRST_PUBLIC_PUBLISH_DATE,1705,EXTERNAL_OFFICIAL_EVIDENCE_REQUIRED,2025-09-30,,NO,0,FIRST_PUBLIC_PUBLISH_DATE,Verify first-public result publication date for FY2025 Q3,Phase 8G issue=PUBLISH_DATE_MISSING|SECONDARY_FIELDS_INCOMPLETE; source dependency=NEED_FIRST_PUBLIC_RESULT_DATE; structural context=CALENDAR_YEAR,1,5,Q3,2025,NO,issuer Investor Relations earnings release/archive,P2_LATEST4Q,3,Research official issuer sources for FY2025 Q3. Verify first-public result publication date. Do not research other fields.,P8H-2-0252,NO,READY_FOR_EXTERNAL_RESEARCH_CLEANED,,ONCY,NO,Required to close downstream-critical latest8Q gaps for TTM / Score / Lifecycle / Valuation
Latest8Q closure,TOTAL_DEBT,1709,EXTERNAL_OFFICIAL_EVIDENCE_REQUIRED,2026-03-31,2026-05-05,NO,0,TOTAL_DEBT,Verify Total Debt for FY2026 Q1,Phase 8G issue=PRIMARY_CORE_INCOMPLETE; source dependency=NEED_DEBT; structural context=OTHER_VERIFIED,1,25,Q1,2026,NO,issuer quarterly/annual report; SEC filing/XBRL only as fallback,P2_LATEST4Q,2,Research official issuer sources for FY2026 Q1. Verify Total Debt. Do not research other fields.,P8H-2-0254,NO,READY_FOR_EXTERNAL_RESEARCH_CLEANED,STRUCTURAL_REVIEW_ALSO_REQUIRED,ONTO,NO,Required to close downstream-critical latest8Q gaps for TTM / Score / Lifecycle / Valuation
Latest8Q closure,FIRST_PUBLIC_PUBLISH_DATE,1718,EXTERNAL_OFFICIAL_EVIDENCE_REQUIRED,2025-09-30,,NO,0,FIRST_PUBLIC_PUBLISH_DATE,Verify first-public result publication date for FY2025 Q3,Phase 8G issue=PUBLISH_DATE_MISSING; source dependency=NEED_FIRST_PUBLIC_RESULT_DATE; structural context=CALENDAR_YEAR,1,5,Q3,2025,NO,issuer Investor Relations earnings release/archive,P2_LATEST4Q,4,Research official issuer sources for FY2025 Q3. Verify first-public result publication date. Do not research other fields.,P8H-2-0256,NO,READY_FOR_EXTERNAL_RESEARCH_CLEANED,,ORBS,NO,Required to close downstream-critical latest8Q gaps for TTM / Score / Lifecycle / Valuation
Latest8Q closure,FIRST_PUBLIC_PUBLISH_DATE,1718,EXTERNAL_OFFICIAL_EVIDENCE_REQUIRED,2025-12-31,,NO,0,FIRST_PUBLIC_PUBLISH_DATE,Verify first-public result publication date for FY2025 Q4,Phase 8G issue=PUBLISH_DATE_MISSING; source dependency=NEED_FIRST_PUBLIC_RESULT_DATE; structural context=CALENDAR_YEAR,1,5,Q4,2025,NO,issuer Investor Relations earnings release/archive,P2_LATEST4Q,3,Research official issuer sources for FY2025 Q4. Verify first-public result publication date. Do not research other fields.,P8H-2-0257,NO,READY_FOR_EXTERNAL_RESEARCH_CLEANED,,ORBS,NO,Required to close downstream-critical latest8Q gaps for TTM / Score / Lifecycle / Valuation
Latest8Q closure,FIRST_PUBLIC_PUBLISH_DATE,1718,EXTERNAL_OFFICIAL_EVIDENCE_REQUIRED,2026-03-31,,NO,0,FIRST_PUBLIC_PUBLISH_DATE,Verify first-public result publication date for FY2026 Q1,Phase 8G issue=PUBLISH_DATE_MISSING; source dependency=NEED_FIRST_PUBLIC_RESULT_DATE; structural context=CALENDAR_YEAR,1,5,Q1,2026,NO,issuer Investor Relations earnings release/archive,P2_LATEST4Q,2,Research official issuer sources for FY2026 Q1. Verify first-public result publication date. Do not research other fields.,P8H-2-0258,NO,READY_FOR_EXTERNAL_RESEARCH_CLEANED,,ORBS,NO,Required to close downstream-critical latest8Q gaps for TTM / Score / Lifecycle / Valuation
Latest8Q closure,FIRST_PUBLIC_PUBLISH_DATE,1726,EXTERNAL_OFFICIAL_EVIDENCE_REQUIRED,2025-09-30,2026-05-04,NO,0,FIRST_PUBLIC_PUBLISH_DATE,Verify first-public result publication date for FY2026 Q1,Phase 8G issue=PUBLISH_SEQUENCE_CONFLICT; source dependency=NEED_FIRST_PUBLIC_RESULT_DATE; structural context=FIXED_DATE_FISCAL_YEAR,1,5,Q1,2026,NO,issuer Investor Relations earnings release/archive,P2_LATEST4Q,3,Research official issuer sources for FY2026 Q1. Verify first-public result publication date. Do not research other fields.,P8H-2-0259,NO,READY_FOR_EXTERNAL_RESEARCH_CLEANED,,OSIS,NO,Required to close downstream-critical latest8Q gaps for TTM / Score / Lifecycle / Valuation
Latest8Q closure,FIRST_PUBLIC_PUBLISH_DATE,1726,EXTERNAL_OFFICIAL_EVIDENCE_REQUIRED,2025-12-31,2026-01-29,NO,0,FIRST_PUBLIC_PUBLISH_DATE,Verify first-public result publication date for FY2026 Q2,Phase 8G issue=PUBLISH_SEQUENCE_CONFLICT; source dependency=NEED_FIRST_PUBLIC_RESULT_DATE; structural context=FIXED_DATE_FISCAL_YEAR,1,5,Q2,2026,NO,issuer Investor Relations earnings release/archive,P2_LATEST4Q,2,Research official issuer sources for FY2026 Q2. Verify first-public result publication date. Do not research other fields.,P8H-2-0260,NO,READY_FOR_EXTERNAL_RESEARCH_CLEANED,,OSIS,NO,Required to close downstream-critical latest8Q gaps for TTM / Score / Lifecycle / Valuation
Latest8Q closure,FIRST_PUBLIC_PUBLISH_DATE,1785,EXTERNAL_OFFICIAL_EVIDENCE_REQUIRED,2025-06-30,2025-09-18,NO,0,FIRST_PUBLIC_PUBLISH_DATE,Verify first-public result publication date for FY2026 Q1,Phase 8G issue=PUBLISH_SEQUENCE_CONFLICT; source dependency=NEED_FIRST_PUBLIC_RESULT_DATE; structural context=FIXED_DATE_FISCAL_YEAR,1,5,Q1,2026,NO,issuer Investor Relations earnings release/archive,P2_LATEST4Q,4,Research official issuer sources for FY2026 Q1. Verify first-public result publication date. Do not research other fields.,P8H-2-0261,NO,READY_FOR_EXTERNAL_RESEARCH_CLEANED,,PETS,NO,Required to close downstream-critical latest8Q gaps for TTM / Score / Lifecycle / Valuation
Latest8Q closure,TOTAL_DEBT,1796,EXTERNAL_OFFICIAL_EVIDENCE_REQUIRED,2025-06-30,2025-08-14,NO,0,TOTAL_DEBT,Verify Total Debt for FY2025 Q2,Phase 8G issue=PRIMARY_CORE_INCOMPLETE|SECONDARY_FIELDS_INCOMPLETE; source dependency=NEED_DEBT; structural context=CALENDAR_YEAR,1,25,Q2,2025,NO,issuer quarterly/annual report; SEC filing/XBRL only as fallback,P2_LATEST4Q,4,Research official issuer sources for FY2025 Q2. Verify Total Debt. Do not research other fields.,P8H-2-0263,NO,READY_FOR_EXTERNAL_RESEARCH_CLEANED,,PHIO,NO,Required to close downstream-critical latest8Q gaps for TTM / Score / Lifecycle / Valuation
Latest8Q closure,TOTAL_DEBT,1796,EXTERNAL_OFFICIAL_EVIDENCE_REQUIRED,2025-09-30,2025-11-13,NO,0,TOTAL_DEBT,Verify Total Debt for FY2025 Q3,Phase 8G issue=PRIMARY_CORE_INCOMPLETE|SECONDARY_FIELDS_INCOMPLETE; source dependency=NEED_DEBT; structural context=CALENDAR_YEAR,1,25,Q3,2025,NO,issuer quarterly/annual report; SEC filing/XBRL only as fallback,P2_LATEST4Q,3,Research official issuer sources for FY2025 Q3. Verify Total Debt. Do not research other fields.,P8H-2-0264,NO,READY_FOR_EXTERNAL_RESEARCH_CLEANED,,PHIO,NO,Required to close downstream-critical latest8Q gaps for TTM / Score / Lifecycle / Valuation
Latest8Q closure,TOTAL_DEBT,1796,EXTERNAL_OFFICIAL_EVIDENCE_REQUIRED,2025-12-31,2026-03-05,NO,0,TOTAL_DEBT,Verify Total Debt for FY2025 Q4,Phase 8G issue=PRIMARY_CORE_INCOMPLETE|SECONDARY_FIELDS_INCOMPLETE; source dependency=NEED_DEBT; structural context=CALENDAR_YEAR,1,25,Q4,2025,NO,issuer quarterly/annual report; SEC filing/XBRL only as fallback,P2_LATEST4Q,2,Research official issuer sources for FY2025 Q4. Verify Total Debt. Do not research other fields.,P8H-2-0265,NO,READY_FOR_EXTERNAL_RESEARCH_CLEANED,,PHIO,NO,Required to close downstream-critical latest8Q gaps for TTM / Score / Lifecycle / Valuation
Latest8Q closure,TOTAL_DEBT,1832,EXTERNAL_OFFICIAL_EVIDENCE_REQUIRED,2025-09-30,2025-11-05,NO,0,TOTAL_DEBT,Verify Total Debt for FY2025 Q3,Phase 8G issue=PRIMARY_CORE_INCOMPLETE; source dependency=NEED_DEBT; structural context=CALENDAR_YEAR,1,25,Q3,2025,NO,issuer quarterly/annual report; SEC filing/XBRL only as fallback,P2_LATEST4Q,4,Research official issuer sources for FY2025 Q3. Verify Total Debt. Do not research other fields.,P8H-2-0266,NO,READY_FOR_EXTERNAL_RESEARCH_CLEANED,,POWI,NO,Required to close downstream-critical latest8Q gaps for TTM / Score / Lifecycle / Valuation
Latest8Q closure,TOTAL_DEBT,1832,EXTERNAL_OFFICIAL_EVIDENCE_REQUIRED,2025-12-31,2026-02-06,NO,0,TOTAL_DEBT,Verify Total Debt for FY2025 Q4,Phase 8G issue=PRIMARY_CORE_INCOMPLETE; source dependency=NEED_DEBT; structural context=CALENDAR_YEAR,1,25,Q4,2025,NO,issuer quarterly/annual report; SEC filing/XBRL only as fallback,P2_LATEST4Q,3,Research official issuer sources for FY2025 Q4. Verify Total Debt. Do not research other fields.,P8H-2-0267,NO,READY_FOR_EXTERNAL_RESEARCH_CLEANED,,POWI,NO,Required to close downstream-critical latest8Q gaps for TTM / Score / Lifecycle / Valuation
Latest8Q closure,TOTAL_DEBT,1832,EXTERNAL_OFFICIAL_EVIDENCE_REQUIRED,2026-03-31,2026-05-07,NO,0,TOTAL_DEBT,Verify Total Debt for FY2026 Q1,Phase 8G issue=PRIMARY_CORE_INCOMPLETE; source dependency=NEED_DEBT; structural context=CALENDAR_YEAR,1,25,Q1,2026,NO,issuer quarterly/annual report; SEC filing/XBRL only as fallback,P2_LATEST4Q,2,Research official issuer sources for FY2026 Q1. Verify Total Debt. Do not research other fields.,P8H-2-0268,NO,READY_FOR_EXTERNAL_RESEARCH_CLEANED,,POWI,NO,Required to close downstream-critical latest8Q gaps for TTM / Score / Lifecycle / Valuation
Latest8Q closure,TOTAL_DEBT,1884,EXTERNAL_OFFICIAL_EVIDENCE_REQUIRED,2025-09-30,2025-11-12,NO,0,TOTAL_DEBT,Verify Total Debt for FY2025 Q3,Phase 8G issue=PRIMARY_CORE_INCOMPLETE|SECONDARY_FIELDS_INCOMPLETE; source dependency=NEED_DEBT; structural context=CALENDAR_YEAR,1,25,Q3,2025,NO,issuer quarterly/annual report; SEC filing/XBRL only as fallback,P2_LATEST4Q,4,Research official issuer sources for FY2025 Q3. Verify Total Debt. Do not research other fields.,P8H-2-0270,NO,READY_FOR_EXTERNAL_RESEARCH_CLEANED,,PVLA,NO,Required to close downstream-critical latest8Q gaps for TTM / Score / Lifecycle / Valuation
Latest8Q closure,TOTAL_DEBT,1895,EXTERNAL_OFFICIAL_EVIDENCE_REQUIRED,2025-06-30,2025-08-07,NO,0,TOTAL_DEBT,Verify Total Debt for FY2025 Q2,Phase 8G issue=PRIMARY_CORE_INCOMPLETE|SECONDARY_FIELDS_INCOMPLETE; source dependency=NEED_DEBT; structural context=CALENDAR_YEAR,1,25,Q2,2025,NO,issuer quarterly/annual report; SEC filing/XBRL only as fallback,P2_LATEST4Q,4,Research official issuer sources for FY2025 Q2. Verify Total Debt. Do not research other fields.,P8H-2-0271,NO,READY_FOR_EXTERNAL_RESEARCH_CLEANED,,QNRX,NO,Required to close downstream-critical latest8Q gaps for TTM / Score / Lifecycle / Valuation
Latest8Q closure,TOTAL_DEBT,1895,EXTERNAL_OFFICIAL_EVIDENCE_REQUIRED,2025-09-30,2025-11-06,NO,0,TOTAL_DEBT,Verify Total Debt for FY2025 Q3,Phase 8G issue=PRIMARY_CORE_INCOMPLETE|SECONDARY_FIELDS_INCOMPLETE; source dependency=NEED_DEBT; structural context=CALENDAR_YEAR,1,25,Q3,2025,NO,issuer quarterly/annual report; SEC filing/XBRL only as fallback,P2_LATEST4Q,3,Research official issuer sources for FY2025 Q3. Verify Total Debt. Do not research other fields.,P8H-2-0272,NO,READY_FOR_EXTERNAL_RESEARCH_CLEANED,,QNRX,NO,Required to close downstream-critical latest8Q gaps for TTM / Score / Lifecycle / Valuation
Latest8Q closure,TOTAL_DEBT,1895,EXTERNAL_OFFICIAL_EVIDENCE_REQUIRED,2025-12-31,2026-03-26,NO,0,TOTAL_DEBT,Verify Total Debt for FY2025 Q4,Phase 8G issue=PRIMARY_CORE_INCOMPLETE|SECONDARY_FIELDS_INCOMPLETE; source dependency=NEED_DEBT; structural context=CALENDAR_YEAR,1,25,Q4,2025,NO,issuer quarterly/annual report; SEC filing/XBRL only as fallback,P2_LATEST4Q,2,Research official issuer sources for FY2025 Q4. Verify Total Debt. Do not research other fields.,P8H-2-0273,NO,READY_FOR_EXTERNAL_RESEARCH_CLEANED,,QNRX,NO,Required to close downstream-critical latest8Q gaps for TTM / Score / Lifecycle / Valuation
Latest8Q closure,TOTAL_DEBT,1913,EXTERNAL_OFFICIAL_EVIDENCE_REQUIRED,2026-03-31,2026-05-05,NO,0,TOTAL_DEBT,Verify Total Debt for FY2026 Q1,Phase 8G issue=PRIMARY_CORE_INCOMPLETE; source dependency=NEED_DEBT; structural context=CALENDAR_YEAR,1,25,Q1,2026,NO,issuer quarterly/annual report; SEC filing/XBRL only as fallback,P2_LATEST4Q,2,Research official issuer sources for FY2026 Q1. Verify Total Debt. Do not research other fields.,P8H-2-0274,NO,READY_FOR_EXTERNAL_RESEARCH_CLEANED,,RARE,NO,Required to close downstream-critical latest8Q gaps for TTM / Score / Lifecycle / Valuation
Latest8Q closure,TOTAL_DEBT,1939,EXTERNAL_OFFICIAL_EVIDENCE_REQUIRED,2025-09-30,2025-11-06,NO,0,TOTAL_DEBT,Verify Total Debt for FY2025 Q3,Phase 8G issue=PRIMARY_CORE_INCOMPLETE|SECONDARY_FIELDS_INCOMPLETE; source dependency=NEED_DEBT; structural context=CALENDAR_YEAR,1,25,Q3,2025,NO,issuer quarterly/annual report; SEC filing/XBRL only as fallback,P2_LATEST4Q,4,Research official issuer sources for FY2025 Q3. Verify Total Debt. Do not research other fields.,P8H-2-0278,NO,READY_FOR_EXTERNAL_RESEARCH_CLEANED,,REVB,NO,Required to close downstream-critical latest8Q gaps for TTM / Score / Lifecycle / Valuation
Latest8Q closure,FIRST_PUBLIC_PUBLISH_DATE,1955,EXTERNAL_OFFICIAL_EVIDENCE_REQUIRED,2025-06-30,,NO,0,FIRST_PUBLIC_PUBLISH_DATE,Verify first-public result publication date for FY2025 Q2,Phase 8G issue=PUBLISH_DATE_MISSING; source dependency=NEED_FIRST_PUBLIC_RESULT_DATE; structural context=CALENDAR_YEAR,1,5,Q2,2025,NO,issuer Investor Relations earnings release/archive,P2_LATEST4Q,4,Research official issuer sources for FY2025 Q2. Verify first-public result publication date. Do not research other fields.,P8H-2-0279,NO,READY_FOR_EXTERNAL_RESEARCH_CLEANED,,RIME,NO,Required to close downstream-critical latest8Q gaps for TTM / Score / Lifecycle / Valuation
Latest8Q closure,FIRST_PUBLIC_PUBLISH_DATE,1955,EXTERNAL_OFFICIAL_EVIDENCE_REQUIRED,2025-09-30,,NO,0,FIRST_PUBLIC_PUBLISH_DATE,Verify first-public result publication date for FY2025 Q3,Phase 8G issue=PUBLISH_DATE_MISSING; source dependency=NEED_FIRST_PUBLIC_RESULT_DATE; structural context=CALENDAR_YEAR,1,5,Q3,2025,NO,issuer Investor Relations earnings release/archive,P2_LATEST4Q,3,Research official issuer sources for FY2025 Q3. Verify first-public result publication date. Do not research other fields.,P8H-2-0280,NO,READY_FOR_EXTERNAL_RESEARCH_CLEANED,,RIME,NO,Required to close downstream-critical latest8Q gaps for TTM / Score / Lifecycle / Valuation
Latest8Q closure,FIRST_PUBLIC_PUBLISH_DATE,1955,EXTERNAL_OFFICIAL_EVIDENCE_REQUIRED,2025-12-31,,NO,0,FIRST_PUBLIC_PUBLISH_DATE,Verify first-public result publication date for FY2025 Q4,Phase 8G issue=PUBLISH_DATE_MISSING; source dependency=NEED_FIRST_PUBLIC_RESULT_DATE; structural context=CALENDAR_YEAR,1,5,Q4,2025,NO,issuer Investor Relations earnings release/archive,P2_LATEST4Q,2,Research official issuer sources for FY2025 Q4. Verify first-public result publication date. Do not research other fields.,P8H-2-0281,NO,READY_FOR_EXTERNAL_RESEARCH_CLEANED,,RIME,NO,Required to close downstream-critical latest8Q gaps for TTM / Score / Lifecycle / Valuation
Latest8Q closure,EBIT_DIRECT,1956,EXTERNAL_OFFICIAL_EVIDENCE_REQUIRED,2025-09-30,2025-10-31,NO,0,EBIT_DIRECT,Verify EBIT for FY2025 Q3,Phase 8G issue=PRIMARY_CORE_INCOMPLETE|SECONDARY_FIELDS_INCOMPLETE; source dependency=NEED_EBIT; structural context=CALENDAR_YEAR,1,25,Q3,2025,NO,issuer quarterly/annual report; SEC filing/XBRL only as fallback,P2_LATEST4Q,4,Research official issuer sources for FY2025 Q3. Verify EBIT. Do not research other fields.,P8H-2-0282,NO,READY_FOR_EXTERNAL_RESEARCH_CLEANED,,RITM,NO,Required to close downstream-critical latest8Q gaps for TTM / Score / Lifecycle / Valuation
Latest8Q closure,EBIT_DIRECT,1956,EXTERNAL_OFFICIAL_EVIDENCE_REQUIRED,2025-12-31,2026-02-19,NO,0,EBIT_DIRECT,Verify EBIT for FY2025 Q4,Phase 8G issue=PRIMARY_CORE_INCOMPLETE|SECONDARY_FIELDS_INCOMPLETE; source dependency=NEED_EBIT; structural context=CALENDAR_YEAR,1,25,Q4,2025,NO,issuer quarterly/annual report; SEC filing/XBRL only as fallback,P2_LATEST4Q,3,Research official issuer sources for FY2025 Q4. Verify EBIT. Do not research other fields.,P8H-2-0283,NO,READY_FOR_EXTERNAL_RESEARCH_CLEANED,,RITM,NO,Required to close downstream-critical latest8Q gaps for TTM / Score / Lifecycle / Valuation
Latest8Q closure,FIRST_PUBLIC_PUBLISH_DATE,1969,EXTERNAL_OFFICIAL_EVIDENCE_REQUIRED,2025-06-30,,NO,0,FIRST_PUBLIC_PUBLISH_DATE,Verify first-public result publication date for FY2025 Q2,Phase 8G issue=PUBLISH_DATE_MISSING|SECONDARY_FIELDS_INCOMPLETE; source dependency=NEED_FIRST_PUBLIC_RESULT_DATE; structural context=CALENDAR_YEAR,1,5,Q2,2025,NO,issuer Investor Relations earnings release/archive,P2_LATEST4Q,4,Research official issuer sources for FY2025 Q2. Verify first-public result publication date. Do not research other fields.,P8H-2-0285,NO,READY_FOR_EXTERNAL_RESEARCH_CLEANED,,RNAZ,NO,Required to close downstream-critical latest8Q gaps for TTM / Score / Lifecycle / Valuation
Latest8Q closure,FIRST_PUBLIC_PUBLISH_DATE,1969,EXTERNAL_OFFICIAL_EVIDENCE_REQUIRED,2025-09-30,,NO,0,FIRST_PUBLIC_PUBLISH_DATE,Verify first-public result publication date for FY2025 Q3,Phase 8G issue=PUBLISH_DATE_MISSING|SECONDARY_FIELDS_INCOMPLETE; source dependency=NEED_FIRST_PUBLIC_RESULT_DATE; structural context=CALENDAR_YEAR,1,5,Q3,2025,NO,issuer Investor Relations earnings release/archive,P2_LATEST4Q,3,Research official issuer sources for FY2025 Q3. Verify first-public result publication date. Do not research other fields.,P8H-2-0286,NO,READY_FOR_EXTERNAL_RESEARCH_CLEANED,,RNAZ,NO,Required to close downstream-critical latest8Q gaps for TTM / Score / Lifecycle / Valuation
Latest8Q closure,FIRST_PUBLIC_PUBLISH_DATE,1969,EXTERNAL_OFFICIAL_EVIDENCE_REQUIRED,2025-12-31,,NO,0,FIRST_PUBLIC_PUBLISH_DATE,Verify first-public result publication date for FY2025 Q4,Phase 8G issue=PUBLISH_DATE_MISSING|SECONDARY_FIELDS_INCOMPLETE; source dependency=NEED_FIRST_PUBLIC_RESULT_DATE; structural context=CALENDAR_YEAR,1,5,Q4,2025,NO,issuer Investor Relations earnings release/archive,P2_LATEST4Q,2,Research official issuer sources for FY2025 Q4. Verify first-public result publication date. Do not research other fields.,P8H-2-0287,NO,READY_FOR_EXTERNAL_RESEARCH_CLEANED,,RNAZ,NO,Required to close downstream-critical latest8Q gaps for TTM / Score / Lifecycle / Valuation
Latest8Q closure,EBIT_DIRECT,1986,EXTERNAL_OFFICIAL_EVIDENCE_REQUIRED,2025-09-30,2025-10-31,NO,0,EBIT_DIRECT,Verify EBIT for FY2025 Q3,Phase 8G issue=PRIMARY_CORE_INCOMPLETE|SECONDARY_FIELDS_INCOMPLETE; source dependency=NEED_EBIT; structural context=CALENDAR_YEAR,1,25,Q3,2025,NO,issuer quarterly/annual report; SEC filing/XBRL only as fallback,P2_LATEST4Q,4,Research official issuer sources for FY2025 Q3. Verify EBIT. Do not research other fields.,P8H-2-0288,NO,READY_FOR_EXTERNAL_RESEARCH_CLEANED,,RPT,NO,Required to close downstream-critical latest8Q gaps for TTM / Score / Lifecycle / Valuation
Latest8Q closure,EBIT_DIRECT,1986,EXTERNAL_OFFICIAL_EVIDENCE_REQUIRED,2025-12-31,2026-02-13,NO,0,EBIT_DIRECT,Verify EBIT for FY2025 Q4,Phase 8G issue=PRIMARY_CORE_INCOMPLETE|SECONDARY_FIELDS_INCOMPLETE; source dependency=NEED_EBIT; structural context=CALENDAR_YEAR,1,25,Q4,2025,NO,issuer quarterly/annual report; SEC filing/XBRL only as fallback,P2_LATEST4Q,3,Research official issuer sources for FY2025 Q4. Verify EBIT. Do not research other fields.,P8H-2-0289,NO,READY_FOR_EXTERNAL_RESEARCH_CLEANED,,RPT,NO,Required to close downstream-critical latest8Q gaps for TTM / Score / Lifecycle / Valuation
Latest8Q closure,EBIT_DIRECT,1986,EXTERNAL_OFFICIAL_EVIDENCE_REQUIRED,2026-03-31,2026-04-24,NO,0,EBIT_DIRECT,Verify EBIT for FY2026 Q1,Phase 8G issue=PRIMARY_CORE_INCOMPLETE|SECONDARY_FIELDS_INCOMPLETE; source dependency=NEED_EBIT; structural context=CALENDAR_YEAR,1,25,Q1,2026,NO,issuer quarterly/annual report; SEC filing/XBRL only as fallback,P2_LATEST4Q,2,Research official issuer sources for FY2026 Q1. Verify EBIT. Do not research other fields.,P8H-2-0290,NO,READY_FOR_EXTERNAL_RESEARCH_CLEANED,,RPT,NO,Required to close downstream-critical latest8Q gaps for TTM / Score / Lifecycle / Valuation
Latest8Q closure,FIRST_PUBLIC_PUBLISH_DATE,1987,EXTERNAL_OFFICIAL_EVIDENCE_REQUIRED,2025-09-30,2026-08-07,NO,0,FIRST_PUBLIC_PUBLISH_DATE,Verify first-public result publication date for FY2025 Q4,Phase 8G issue=PUBLISH_LATE_REVIEW; source dependency=NEED_FIRST_PUBLIC_RESULT_DATE; structural context=FIXED_DATE_FISCAL_YEAR,1,5,Q4,2025,NO,issuer Investor Relations earnings release/archive,P2_LATEST4Q,2,Research official issuer sources for FY2025 Q4. Verify first-public result publication date. Do not research other fields.,P8H-2-0291,NO,READY_FOR_EXTERNAL_RESEARCH_CLEANED,,RR,NO,Required to close downstream-critical latest8Q gaps for TTM / Score / Lifecycle / Valuation
Latest8Q closure,FIRST_PUBLIC_PUBLISH_DATE,2035,EXTERNAL_OFFICIAL_EVIDENCE_REQUIRED,2025-09-30,2026-05-07,NO,0,FIRST_PUBLIC_PUBLISH_DATE,Verify first-public result publication date for FY2026 Q1,Phase 8G issue=PUBLISH_SEQUENCE_CONFLICT; source dependency=NEED_FIRST_PUBLIC_RESULT_DATE; structural context=FIXED_DATE_FISCAL_YEAR,1,5,Q1,2026,NO,issuer Investor Relations earnings release/archive,P2_LATEST4Q,3,Research official issuer sources for FY2026 Q1. Verify first-public result publication date. Do not research other fields.,P8H-2-0295,NO,READY_FOR_EXTERNAL_RESEARCH_CLEANED,,SCSC,NO,Required to close downstream-critical latest8Q gaps for TTM / Score / Lifecycle / Valuation
Latest8Q closure,FIRST_PUBLIC_PUBLISH_DATE,2035,EXTERNAL_OFFICIAL_EVIDENCE_REQUIRED,2025-12-31,2026-02-05,NO,0,FIRST_PUBLIC_PUBLISH_DATE,Verify first-public result publication date for FY2026 Q2,Phase 8G issue=PUBLISH_SEQUENCE_CONFLICT; source dependency=NEED_FIRST_PUBLIC_RESULT_DATE; structural context=FIXED_DATE_FISCAL_YEAR,1,5,Q2,2026,NO,issuer Investor Relations earnings release/archive,P2_LATEST4Q,2,Research official issuer sources for FY2026 Q2. Verify first-public result publication date. Do not research other fields.,P8H-2-0296,NO,READY_FOR_EXTERNAL_RESEARCH_CLEANED,,SCSC,NO,Required to close downstream-critical latest8Q gaps for TTM / Score / Lifecycle / Valuation
Latest8Q closure,TOTAL_DEBT,2037,EXTERNAL_OFFICIAL_EVIDENCE_REQUIRED,2025-09-30,2025-11-06,NO,0,TOTAL_DEBT,Verify Total Debt for FY2025 Q3,Phase 8G issue=PRIMARY_CORE_INCOMPLETE; source dependency=NEED_DEBT; structural context=CALENDAR_YEAR,1,25,Q3,2025,NO,issuer quarterly/annual report; SEC filing/XBRL only as fallback,P2_LATEST4Q,4,Research official issuer sources for FY2025 Q3. Verify Total Debt. Do not research other fields.,P8H-2-0297,NO,READY_FOR_EXTERNAL_RESEARCH_CLEANED,,SD,NO,Required to close downstream-critical latest8Q gaps for TTM / Score / Lifecycle / Valuation
Latest8Q closure,TOTAL_DEBT,2037,EXTERNAL_OFFICIAL_EVIDENCE_REQUIRED,2025-12-31,2026-03-05,NO,0,TOTAL_DEBT,Verify Total Debt for FY2025 Q4,Phase 8G issue=PRIMARY_CORE_INCOMPLETE; source dependency=NEED_DEBT; structural context=CALENDAR_YEAR,1,25,Q4,2025,NO,issuer quarterly/annual report; SEC filing/XBRL only as fallback,P2_LATEST4Q,3,Research official issuer sources for FY2025 Q4. Verify Total Debt. Do not research other fields.,P8H-2-0298,NO,READY_FOR_EXTERNAL_RESEARCH_CLEANED,,SD,NO,Required to close downstream-critical latest8Q gaps for TTM / Score / Lifecycle / Valuation
Latest8Q closure,TOTAL_DEBT,2037,EXTERNAL_OFFICIAL_EVIDENCE_REQUIRED,2026-03-31,2026-05-07,NO,0,TOTAL_DEBT,Verify Total Debt for FY2026 Q1,Phase 8G issue=PRIMARY_CORE_INCOMPLETE; source dependency=NEED_DEBT; structural context=CALENDAR_YEAR,1,25,Q1,2026,NO,issuer quarterly/annual report; SEC filing/XBRL only as fallback,P2_LATEST4Q,2,Research official issuer sources for FY2026 Q1. Verify Total Debt. Do not research other fields.,P8H-2-0299,NO,READY_FOR_EXTERNAL_RESEARCH_CLEANED,,SD,NO,Required to close downstream-critical latest8Q gaps for TTM / Score / Lifecycle / Valuation
Latest8Q closure,TOTAL_DEBT,2040,EXTERNAL_OFFICIAL_EVIDENCE_REQUIRED,2025-06-30,2025-08-13,NO,0,TOTAL_DEBT,Verify Total Debt for FY2025 Q2,Phase 8G issue=PRIMARY_CORE_INCOMPLETE|SECONDARY_FIELDS_INCOMPLETE; source dependency=NEED_DEBT; structural context=CALENDAR_YEAR,1,25,Q2,2025,NO,issuer quarterly/annual report; SEC filing/XBRL only as fallback,P2_LATEST4Q,4,Research official issuer sources for FY2025 Q2. Verify Total Debt. Do not research other fields.,P8H-2-0300,NO,READY_FOR_EXTERNAL_RESEARCH_CLEANED,,SDST,NO,Required to close downstream-critical latest8Q gaps for TTM / Score / Lifecycle / Valuation
Latest8Q closure,FIRST_PUBLIC_PUBLISH_DATE,2042,EXTERNAL_OFFICIAL_EVIDENCE_REQUIRED,2026-03-31,,NO,0,FIRST_PUBLIC_PUBLISH_DATE,Verify first-public result publication date for FY2026 Q1,Phase 8G issue=PUBLISH_DATE_MISSING; source dependency=NEED_FIRST_PUBLIC_RESULT_DATE; structural context=CALENDAR_YEAR,1,5,Q1,2026,NO,issuer Investor Relations earnings release/archive,P2_LATEST4Q,2,Research official issuer sources for FY2026 Q1. Verify first-public result publication date. Do not research other fields.,P8H-2-0301,NO,READY_FOR_EXTERNAL_RESEARCH_CLEANED,,SEB,NO,Required to close downstream-critical latest8Q gaps for TTM / Score / Lifecycle / Valuation
Latest8Q closure,FIRST_PUBLIC_PUBLISH_DATE,2045,EXTERNAL_OFFICIAL_EVIDENCE_REQUIRED,2025-03-31,,NO,0,FIRST_PUBLIC_PUBLISH_DATE,Verify first-public result publication date for FY2025 Q1,Phase 8G issue=PUBLISH_DATE_MISSING|SECONDARY_FIELDS_INCOMPLETE; source dependency=NEED_FIRST_PUBLIC_RESULT_DATE; structural context=CALENDAR_YEAR,1,5,Q1,2025,NO,issuer Investor Relations earnings release/archive,P2_LATEST4Q,4,Research official issuer sources for FY2025 Q1. Verify first-public result publication date. Do not research other fields.,P8H-2-0302,NO,READY_FOR_EXTERNAL_RESEARCH_CLEANED,,SEGG,NO,Required to close downstream-critical latest8Q gaps for TTM / Score / Lifecycle / Valuation
Latest8Q closure,FIRST_PUBLIC_PUBLISH_DATE,2070,EXTERNAL_OFFICIAL_EVIDENCE_REQUIRED,2025-06-30,,NO,0,FIRST_PUBLIC_PUBLISH_DATE,Verify first-public result publication date for FY2025 Q2,Phase 8G issue=PUBLISH_DATE_MISSING; source dependency=NEED_FIRST_PUBLIC_RESULT_DATE; structural context=CALENDAR_YEAR,1,5,Q2,2025,NO,issuer Investor Relations earnings release/archive,P2_LATEST4Q,4,Research official issuer sources for FY2025 Q2. Verify first-public result publication date. Do not research other fields.,P8H-2-0304,NO,READY_FOR_EXTERNAL_RESEARCH_CLEANED,,SIDU,NO,Required to close downstream-critical latest8Q gaps for TTM / Score / Lifecycle / Valuation
Latest8Q closure,TOTAL_DEBT,2075,EXTERNAL_OFFICIAL_EVIDENCE_REQUIRED,2025-12-31,2026-02-26,NO,0,TOTAL_DEBT,Verify Total Debt for FY2025 Q4,Phase 8G issue=PRIMARY_CORE_INCOMPLETE; source dependency=NEED_DEBT; structural context=CALENDAR_YEAR,1,25,Q4,2025,NO,issuer quarterly/annual report; SEC filing/XBRL only as fallback,P2_LATEST4Q,3,Research official issuer sources for FY2025 Q4. Verify Total Debt. Do not research other fields.,P8H-2-0305,NO,READY_FOR_EXTERNAL_RESEARCH_CLEANED,,SITC,NO,Required to close downstream-critical latest8Q gaps for TTM / Score / Lifecycle / Valuation
Latest8Q closure,TOTAL_DEBT,2075,EXTERNAL_OFFICIAL_EVIDENCE_REQUIRED,2026-03-31,2026-05-07,NO,0,TOTAL_DEBT,Verify Total Debt for FY2026 Q1,Phase 8G issue=PRIMARY_CORE_INCOMPLETE|SECONDARY_FIELDS_INCOMPLETE; source dependency=NEED_DEBT; structural context=CALENDAR_YEAR,1,25,Q1,2026,NO,issuer quarterly/annual report; SEC filing/XBRL only as fallback,P2_LATEST4Q,2,Research official issuer sources for FY2026 Q1. Verify Total Debt. Do not research other fields.,P8H-2-0306,NO,READY_FOR_EXTERNAL_RESEARCH_CLEANED,,SITC,NO,Required to close downstream-critical latest8Q gaps for TTM / Score / Lifecycle / Valuation
Latest8Q closure,FIRST_PUBLIC_PUBLISH_DATE,2099,EXTERNAL_OFFICIAL_EVIDENCE_REQUIRED,2025-06-30,,NO,0,FIRST_PUBLIC_PUBLISH_DATE,Verify first-public result publication date for FY2025 Q2,Phase 8G issue=PUBLISH_DATE_MISSING|SECONDARY_FIELDS_INCOMPLETE; source dependency=NEED_FIRST_PUBLIC_RESULT_DATE; structural context=CALENDAR_YEAR,1,5,Q2,2025,NO,issuer Investor Relations earnings release/archive,P2_LATEST4Q,4,Research official issuer sources for FY2025 Q2. Verify first-public result publication date. Do not research other fields.,P8H-2-0310,NO,READY_FOR_EXTERNAL_RESEARCH_CLEANED,STRUCTURAL_REVIEW_ALSO_REQUIRED,SLXN,NO,Required to close downstream-critical latest8Q gaps for TTM / Score / Lifecycle / Valuation
Latest8Q closure,TOTAL_DEBT,2106,EXTERNAL_OFFICIAL_EVIDENCE_REQUIRED,2025-09-30,2025-11-06,NO,0,TOTAL_DEBT,Verify Total Debt for FY2025 Q3,Phase 8G issue=PRIMARY_CORE_INCOMPLETE; source dependency=NEED_DEBT; structural context=CALENDAR_YEAR,1,25,Q3,2025,NO,issuer quarterly/annual report; SEC filing/XBRL only as fallback,P2_LATEST4Q,4,Research official issuer sources for FY2025 Q3. Verify Total Debt. Do not research other fields.,P8H-2-0311,NO,READY_FOR_EXTERNAL_RESEARCH_CLEANED,,SMR,NO,Required to close downstream-critical latest8Q gaps for TTM / Score / Lifecycle / Valuation
Latest8Q closure,TOTAL_DEBT,2106,EXTERNAL_OFFICIAL_EVIDENCE_REQUIRED,2025-12-31,2026-02-26,NO,0,TOTAL_DEBT,Verify Total Debt for FY2025 Q4,Phase 8G issue=PRIMARY_CORE_INCOMPLETE; source dependency=NEED_DEBT; structural context=CALENDAR_YEAR,1,25,Q4,2025,NO,issuer quarterly/annual report; SEC filing/XBRL only as fallback,P2_LATEST4Q,3,Research official issuer sources for FY2025 Q4. Verify Total Debt. Do not research other fields.,P8H-2-0312,NO,READY_FOR_EXTERNAL_RESEARCH_CLEANED,,SMR,NO,Required to close downstream-critical latest8Q gaps for TTM / Score / Lifecycle / Valuation
Latest8Q closure,FIRST_PUBLIC_PUBLISH_DATE,2110,EXTERNAL_OFFICIAL_EVIDENCE_REQUIRED,2025-09-30,,NO,0,FIRST_PUBLIC_PUBLISH_DATE,Verify first-public result publication date for FY2025 Q3,Phase 8G issue=PUBLISH_DATE_MISSING; source dependency=NEED_FIRST_PUBLIC_RESULT_DATE; structural context=CALENDAR_YEAR,1,5,Q3,2025,NO,issuer Investor Relations earnings release/archive,P2_LATEST4Q,4,Research official issuer sources for FY2025 Q3. Verify first-public result publication date. Do not research other fields.,P8H-2-0313,NO,READY_FOR_EXTERNAL_RESEARCH_CLEANED,,SN,NO,Required to close downstream-critical latest8Q gaps for TTM / Score / Lifecycle / Valuation
Latest8Q closure,FIRST_PUBLIC_PUBLISH_DATE,2117,EXTERNAL_OFFICIAL_EVIDENCE_REQUIRED,2025-12-31,,NO,0,FIRST_PUBLIC_PUBLISH_DATE,Verify first-public result publication date for FY2025 Q4,Phase 8G issue=PUBLISH_DATE_MISSING; source dependency=NEED_FIRST_PUBLIC_RESULT_DATE; structural context=CALENDAR_YEAR,1,5,Q4,2025,NO,issuer Investor Relations earnings release/archive,P2_LATEST4Q,2,Research official issuer sources for FY2025 Q4. Verify first-public result publication date. Do not research other fields.,P8H-2-0314,NO,READY_FOR_EXTERNAL_RESEARCH_CLEANED,,SNGX,NO,Required to close downstream-critical latest8Q gaps for TTM / Score / Lifecycle / Valuation
Latest8Q closure,FIRST_PUBLIC_PUBLISH_DATE,2124,EXTERNAL_OFFICIAL_EVIDENCE_REQUIRED,2025-06-30,,NO,0,FIRST_PUBLIC_PUBLISH_DATE,Verify first-public result publication date for FY2025 Q2,Phase 8G issue=PUBLISH_DATE_MISSING|SECONDARY_FIELDS_INCOMPLETE; source dependency=NEED_FIRST_PUBLIC_RESULT_DATE; structural context=CALENDAR_YEAR,1,5,Q2,2025,NO,issuer Investor Relations earnings release/archive,P2_LATEST4Q,4,Research official issuer sources for FY2025 Q2. Verify first-public result publication date. Do not research other fields.,P8H-2-0315,NO,READY_FOR_EXTERNAL_RESEARCH_CLEANED,,SOBR,NO,Required to close downstream-critical latest8Q gaps for TTM / Score / Lifecycle / Valuation
Latest8Q closure,FIRST_PUBLIC_PUBLISH_DATE,2124,EXTERNAL_OFFICIAL_EVIDENCE_REQUIRED,2025-09-30,,NO,0,FIRST_PUBLIC_PUBLISH_DATE,Verify first-public result publication date for FY2025 Q3,Phase 8G issue=PUBLISH_DATE_MISSING; source dependency=NEED_FIRST_PUBLIC_RESULT_DATE; structural context=CALENDAR_YEAR,1,5,Q3,2025,NO,issuer Investor Relations earnings release/archive,P2_LATEST4Q,3,Research official issuer sources for FY2025 Q3. Verify first-public result publication date. Do not research other fields.,P8H-2-0316,NO,READY_FOR_EXTERNAL_RESEARCH_CLEANED,,SOBR,NO,Required to close downstream-critical latest8Q gaps for TTM / Score / Lifecycle / Valuation
Latest8Q closure,FIRST_PUBLIC_PUBLISH_DATE,2124,EXTERNAL_OFFICIAL_EVIDENCE_REQUIRED,2025-12-31,,NO,0,FIRST_PUBLIC_PUBLISH_DATE,Verify first-public result publication date for FY2025 Q4,Phase 8G issue=PUBLISH_DATE_MISSING; source dependency=NEED_FIRST_PUBLIC_RESULT_DATE; structural context=CALENDAR_YEAR,1,5,Q4,2025,NO,issuer Investor Relations earnings release/archive,P2_LATEST4Q,2,Research official issuer sources for FY2025 Q4. Verify first-public result publication date. Do not research other fields.,P8H-2-0317,NO,READY_FOR_EXTERNAL_RESEARCH_CLEANED,,SOBR,NO,Required to close downstream-critical latest8Q gaps for TTM / Score / Lifecycle / Valuation
Latest8Q closure,FIRST_PUBLIC_PUBLISH_DATE,2140,EXTERNAL_OFFICIAL_EVIDENCE_REQUIRED,2025-12-31,2026-07-24,NO,0,FIRST_PUBLIC_PUBLISH_DATE,Verify first-public result publication date for FY2025 Q4,Phase 8G issue=PUBLISH_SEQUENCE_CONFLICT; source dependency=NEED_FIRST_PUBLIC_RESULT_DATE; structural context=CALENDAR_YEAR,1,5,Q4,2025,NO,issuer Investor Relations earnings release/archive,P2_LATEST4Q,2,Research official issuer sources for FY2025 Q4. Verify first-public result publication date. Do not research other fields.,P8H-2-0318,NO,READY_FOR_EXTERNAL_RESEARCH_CLEANED,,SPRU,NO,Required to close downstream-critical latest8Q gaps for TTM / Score / Lifecycle / Valuation
Latest8Q closure,TOTAL_DEBT,2198,EXTERNAL_OFFICIAL_EVIDENCE_REQUIRED,2025-12-31,2026-02-04,NO,0,TOTAL_DEBT,Verify Total Debt for FY2026 Q1,Phase 8G issue=PRIMARY_CORE_INCOMPLETE; source dependency=NEED_DEBT; structural context=WEEK_BASED_52_53,1,25,Q1,2026,NO,issuer quarterly/annual report; SEC filing/XBRL only as fallback,P2_LATEST4Q,3,Research official issuer sources for FY2026 Q1. Verify Total Debt. Do not research other fields.,P8H-2-0322,NO,READY_FOR_EXTERNAL_RESEARCH_CLEANED,STRUCTURAL_REVIEW_ALSO_REQUIRED,SYM,NO,Required to close downstream-critical latest8Q gaps for TTM / Score / Lifecycle / Valuation
Latest8Q closure,TOTAL_DEBT,2198,EXTERNAL_OFFICIAL_EVIDENCE_REQUIRED,2026-03-31,2026-05-06,NO,0,TOTAL_DEBT,Verify Total Debt for FY2026 Q2,Phase 8G issue=PRIMARY_CORE_INCOMPLETE; source dependency=NEED_DEBT; structural context=WEEK_BASED_52_53,1,25,Q2,2026,NO,issuer quarterly/annual report; SEC filing/XBRL only as fallback,P2_LATEST4Q,2,Research official issuer sources for FY2026 Q2. Verify Total Debt. Do not research other fields.,P8H-2-0323,NO,READY_FOR_EXTERNAL_RESEARCH_CLEANED,STRUCTURAL_REVIEW_ALSO_REQUIRED,SYM,NO,Required to close downstream-critical latest8Q gaps for TTM / Score / Lifecycle / Valuation
Latest8Q closure,TOTAL_DEBT,2200,EXTERNAL_OFFICIAL_EVIDENCE_REQUIRED,2025-09-30,2025-11-04,NO,0,TOTAL_DEBT,Verify Total Debt for FY2025 Q3,Phase 8G issue=PRIMARY_CORE_INCOMPLETE|SECONDARY_FIELDS_INCOMPLETE; source dependency=NEED_DEBT; structural context=CALENDAR_YEAR,1,25,Q3,2025,NO,issuer quarterly/annual report; SEC filing/XBRL only as fallback,P2_LATEST4Q,4,Research official issuer sources for FY2025 Q3. Verify Total Debt. Do not research other fields.,P8H-2-0324,NO,READY_FOR_EXTERNAL_RESEARCH_CLEANED,,SYRE,NO,Required to close downstream-critical latest8Q gaps for TTM / Score / Lifecycle / Valuation
Latest8Q closure,TOTAL_DEBT,2200,EXTERNAL_OFFICIAL_EVIDENCE_REQUIRED,2025-12-31,2026-02-19,NO,0,TOTAL_DEBT,Verify Total Debt for FY2025 Q4,Phase 8G issue=PRIMARY_CORE_INCOMPLETE|SECONDARY_FIELDS_INCOMPLETE; source dependency=NEED_DEBT; structural context=CALENDAR_YEAR,1,25,Q4,2025,NO,issuer quarterly/annual report; SEC filing/XBRL only as fallback,P2_LATEST4Q,3,Research official issuer sources for FY2025 Q4. Verify Total Debt. Do not research other fields.,P8H-2-0325,NO,READY_FOR_EXTERNAL_RESEARCH_CLEANED,,SYRE,NO,Required to close downstream-critical latest8Q gaps for TTM / Score / Lifecycle / Valuation
Latest8Q closure,TOTAL_DEBT,2200,EXTERNAL_OFFICIAL_EVIDENCE_REQUIRED,2026-03-31,2026-05-05,NO,0,TOTAL_DEBT,Verify Total Debt for FY2026 Q1,Phase 8G issue=PRIMARY_CORE_INCOMPLETE|SECONDARY_FIELDS_INCOMPLETE; source dependency=NEED_DEBT; structural context=CALENDAR_YEAR,1,25,Q1,2026,NO,issuer quarterly/annual report; SEC filing/XBRL only as fallback,P2_LATEST4Q,2,Research official issuer sources for FY2026 Q1. Verify Total Debt. Do not research other fields.,P8H-2-0326,NO,READY_FOR_EXTERNAL_RESEARCH_CLEANED,,SYRE,NO,Required to close downstream-critical latest8Q gaps for TTM / Score / Lifecycle / Valuation
Latest8Q closure,TOTAL_DEBT,2203,EXTERNAL_OFFICIAL_EVIDENCE_REQUIRED,2025-09-30,2025-11-06,NO,0,TOTAL_DEBT,Verify Total Debt for FY2025 Q3,Phase 8G issue=PRIMARY_CORE_INCOMPLETE; source dependency=NEED_DEBT; structural context=CALENDAR_YEAR,1,25,Q3,2025,NO,issuer quarterly/annual report; SEC filing/XBRL only as fallback,P2_LATEST4Q,4,Research official issuer sources for FY2025 Q3. Verify Total Debt. Do not research other fields.,P8H-2-0327,NO,READY_FOR_EXTERNAL_RESEARCH_CLEANED,,TALK,NO,Required to close downstream-critical latest8Q gaps for TTM / Score / Lifecycle / Valuation
Latest8Q closure,TOTAL_DEBT,2203,EXTERNAL_OFFICIAL_EVIDENCE_REQUIRED,2025-12-31,2026-03-13,NO,0,TOTAL_DEBT,Verify Total Debt for FY2025 Q4,Phase 8G issue=PRIMARY_CORE_INCOMPLETE; source dependency=NEED_DEBT; structural context=CALENDAR_YEAR,1,25,Q4,2025,NO,issuer quarterly/annual report; SEC filing/XBRL only as fallback,P2_LATEST4Q,3,Research official issuer sources for FY2025 Q4. Verify Total Debt. Do not research other fields.,P8H-2-0328,NO,READY_FOR_EXTERNAL_RESEARCH_CLEANED,,TALK,NO,Required to close downstream-critical latest8Q gaps for TTM / Score / Lifecycle / Valuation
Latest8Q closure,TOTAL_DEBT,2203,EXTERNAL_OFFICIAL_EVIDENCE_REQUIRED,2026-03-31,2026-05-11,NO,0,TOTAL_DEBT,Verify Total Debt for FY2026 Q1,Phase 8G issue=PRIMARY_CORE_INCOMPLETE; source dependency=NEED_DEBT; structural context=CALENDAR_YEAR,1,25,Q1,2026,NO,issuer quarterly/annual report; SEC filing/XBRL only as fallback,P2_LATEST4Q,2,Research official issuer sources for FY2026 Q1. Verify Total Debt. Do not research other fields.,P8H-2-0329,NO,READY_FOR_EXTERNAL_RESEARCH_CLEANED,,TALK,NO,Required to close downstream-critical latest8Q gaps for TTM / Score / Lifecycle / Valuation
Latest8Q closure,TOTAL_DEBT,2205,EXTERNAL_OFFICIAL_EVIDENCE_REQUIRED,2025-06-30,2025-08-14,NO,0,TOTAL_DEBT,Verify Total Debt for FY2025 Q2,Phase 8G issue=PRIMARY_CORE_INCOMPLETE|SECONDARY_FIELDS_INCOMPLETE; source dependency=NEED_DEBT; structural context=CALENDAR_YEAR,1,25,Q2,2025,NO,issuer quarterly/annual report; SEC filing/XBRL only as fallback,P2_LATEST4Q,4,Research official issuer sources for FY2025 Q2. Verify Total Debt. Do not research other fields.,P8H-2-0330,NO,READY_FOR_EXTERNAL_RESEARCH_CLEANED,,TAOX,NO,Required to close downstream-critical latest8Q gaps for TTM / Score / Lifecycle / Valuation
Latest8Q closure,TOTAL_DEBT,2231,EXTERNAL_OFFICIAL_EVIDENCE_REQUIRED,2025-06-30,2025-08-14,NO,0,TOTAL_DEBT,Verify Total Debt for FY2025 Q2,Phase 8G issue=PRIMARY_CORE_INCOMPLETE|SECONDARY_FIELDS_INCOMPLETE; source dependency=NEED_DEBT; structural context=CALENDAR_YEAR,1,25,Q2,2025,NO,issuer quarterly/annual report; SEC filing/XBRL only as fallback,P2_LATEST4Q,4,Research official issuer sources for FY2025 Q2. Verify Total Debt. Do not research other fields.,P8H-2-0333,NO,READY_FOR_EXTERNAL_RESEARCH_CLEANED,,TELO,NO,Required to close downstream-critical latest8Q gaps for TTM / Score / Lifecycle / Valuation
Latest8Q closure,TOTAL_DEBT,2231,EXTERNAL_OFFICIAL_EVIDENCE_REQUIRED,2025-09-30,2025-11-10,NO,0,TOTAL_DEBT,Verify Total Debt for FY2025 Q3,Phase 8G issue=PRIMARY_CORE_INCOMPLETE|SECONDARY_FIELDS_INCOMPLETE; source dependency=NEED_DEBT; structural context=CALENDAR_YEAR,1,25,Q3,2025,NO,issuer quarterly/annual report; SEC filing/XBRL only as fallback,P2_LATEST4Q,3,Research official issuer sources for FY2025 Q3. Verify Total Debt. Do not research other fields.,P8H-2-0334,NO,READY_FOR_EXTERNAL_RESEARCH_CLEANED,,TELO,NO,Required to close downstream-critical latest8Q gaps for TTM / Score / Lifecycle / Valuation
Latest8Q closure,TOTAL_DEBT,2231,EXTERNAL_OFFICIAL_EVIDENCE_REQUIRED,2025-12-31,2026-03-17,NO,0,TOTAL_DEBT,Verify Total Debt for FY2025 Q4,Phase 8G issue=PRIMARY_CORE_INCOMPLETE|SECONDARY_FIELDS_INCOMPLETE; source dependency=NEED_DEBT; structural context=CALENDAR_YEAR,1,25,Q4,2025,NO,issuer quarterly/annual report; SEC filing/XBRL only as fallback,P2_LATEST4Q,2,Research official issuer sources for FY2025 Q4. Verify Total Debt. Do not research other fields.,P8H-2-0335,NO,READY_FOR_EXTERNAL_RESEARCH_CLEANED,,TELO,NO,Required to close downstream-critical latest8Q gaps for TTM / Score / Lifecycle / Valuation
Latest8Q closure,TOTAL_DEBT,2238,EXTERNAL_OFFICIAL_EVIDENCE_REQUIRED,2025-06-30,2025-10-14,NO,0,TOTAL_DEBT,Verify Total Debt for FY2025 Q4,Phase 8G issue=PRIMARY_CORE_INCOMPLETE; source dependency=NEED_DEBT; structural context=FIXED_DATE_FISCAL_YEAR,1,25,Q4,2025,NO,issuer quarterly/annual report; SEC filing/XBRL only as fallback,P2_LATEST4Q,4,Research official issuer sources for FY2025 Q4. Verify Total Debt. Do not research other fields.,P8H-2-0336,NO,READY_FOR_EXTERNAL_RESEARCH_CLEANED,,TGL,NO,Required to close downstream-critical latest8Q gaps for TTM / Score / Lifecycle / Valuation
Latest8Q closure,FIRST_PUBLIC_PUBLISH_DATE,2257,EXTERNAL_OFFICIAL_EVIDENCE_REQUIRED,2025-08-31,,NO,0,FIRST_PUBLIC_PUBLISH_DATE,Verify first-public result publication date for FY2026 Q1,Phase 8G issue=PUBLISH_DATE_MISSING; source dependency=NEED_FIRST_PUBLIC_RESULT_DATE; structural context=FIXED_DATE_FISCAL_YEAR,1,5,Q1,2026,NO,issuer Investor Relations earnings release/archive,P2_LATEST4Q,4,Research official issuer sources for FY2026 Q1. Verify first-public result publication date. Do not research other fields.,P8H-2-0337,NO,READY_FOR_EXTERNAL_RESEARCH_CLEANED,,TLRY,NO,Required to close downstream-critical latest8Q gaps for TTM / Score / Lifecycle / Valuation
Latest8Q closure,FIRST_PUBLIC_PUBLISH_DATE,2257,EXTERNAL_OFFICIAL_EVIDENCE_REQUIRED,2025-11-30,,NO,0,FIRST_PUBLIC_PUBLISH_DATE,Verify first-public result publication date for FY2026 Q2,Phase 8G issue=PUBLISH_DATE_MISSING; source dependency=NEED_FIRST_PUBLIC_RESULT_DATE; structural context=FIXED_DATE_FISCAL_YEAR,1,5,Q2,2026,NO,issuer Investor Relations earnings release/archive,P2_LATEST4Q,3,Research official issuer sources for FY2026 Q2. Verify first-public result publication date. Do not research other fields.,P8H-2-0338,NO,READY_FOR_EXTERNAL_RESEARCH_CLEANED,,TLRY,NO,Required to close downstream-critical latest8Q gaps for TTM / Score / Lifecycle / Valuation
Latest8Q closure,TOTAL_DEBT,2259,EXTERNAL_OFFICIAL_EVIDENCE_REQUIRED,2025-09-30,2025-11-13,NO,0,TOTAL_DEBT,Verify Total Debt for FY2025 Q3,Phase 8G issue=PRIMARY_CORE_INCOMPLETE|SECONDARY_FIELDS_INCOMPLETE; source dependency=NEED_DEBT; structural context=CALENDAR_YEAR,1,25,Q3,2025,NO,issuer quarterly/annual report; SEC filing/XBRL only as fallback,P2_LATEST4Q,3,Research official issuer sources for FY2025 Q3. Verify Total Debt. Do not research other fields.,P8H-2-0339,NO,READY_FOR_EXTERNAL_RESEARCH_CLEANED,,TMC,NO,Required to close downstream-critical latest8Q gaps for TTM / Score / Lifecycle / Valuation
Latest8Q closure,TOTAL_DEBT,2259,EXTERNAL_OFFICIAL_EVIDENCE_REQUIRED,2025-12-31,2026-03-31,NO,0,TOTAL_DEBT,Verify Total Debt for FY2025 Q4,Phase 8G issue=PRIMARY_CORE_INCOMPLETE|SECONDARY_FIELDS_INCOMPLETE; source dependency=NEED_DEBT; structural context=CALENDAR_YEAR,1,25,Q4,2025,NO,issuer quarterly/annual report; SEC filing/XBRL only as fallback,P2_LATEST4Q,2,Research official issuer sources for FY2025 Q4. Verify Total Debt. Do not research other fields.,P8H-2-0340,NO,READY_FOR_EXTERNAL_RESEARCH_CLEANED,,TMC,NO,Required to close downstream-critical latest8Q gaps for TTM / Score / Lifecycle / Valuation
Latest8Q closure,TOTAL_DEBT,2282,EXTERNAL_OFFICIAL_EVIDENCE_REQUIRED,2025-06-30,2025-08-14,NO,0,TOTAL_DEBT,Verify Total Debt for FY2025 Q2,Phase 8G issue=PRIMARY_CORE_INCOMPLETE|SECONDARY_FIELDS_INCOMPLETE; source dependency=NEED_DEBT; structural context=CALENDAR_YEAR,1,25,Q2,2025,NO,issuer quarterly/annual report; SEC filing/XBRL only as fallback,P2_LATEST4Q,4,Research official issuer sources for FY2025 Q2. Verify Total Debt. Do not research other fields.,P8H-2-0341,NO,READY_FOR_EXTERNAL_RESEARCH_CLEANED,,TRAW,NO,Required to close downstream-critical latest8Q gaps for TTM / Score / Lifecycle / Valuation
Latest8Q closure,TOTAL_DEBT,2282,EXTERNAL_OFFICIAL_EVIDENCE_REQUIRED,2025-09-30,2025-11-13,NO,0,TOTAL_DEBT,Verify Total Debt for FY2025 Q3,Phase 8G issue=PRIMARY_CORE_INCOMPLETE|SECONDARY_FIELDS_INCOMPLETE; source dependency=NEED_DEBT; structural context=CALENDAR_YEAR,1,25,Q3,2025,NO,issuer quarterly/annual report; SEC filing/XBRL only as fallback,P2_LATEST4Q,3,Research official issuer sources for FY2025 Q3. Verify Total Debt. Do not research other fields.,P8H-2-0342,NO,READY_FOR_EXTERNAL_RESEARCH_CLEANED,,TRAW,NO,Required to close downstream-critical latest8Q gaps for TTM / Score / Lifecycle / Valuation
Latest8Q closure,TOTAL_DEBT,2282,EXTERNAL_OFFICIAL_EVIDENCE_REQUIRED,2025-12-31,2026-04-30,NO,0,TOTAL_DEBT,Verify Total Debt for FY2025 Q4,Phase 8G issue=PRIMARY_CORE_INCOMPLETE|SECONDARY_FIELDS_INCOMPLETE; source dependency=NEED_DEBT; structural context=CALENDAR_YEAR,1,25,Q4,2025,NO,issuer quarterly/annual report; SEC filing/XBRL only as fallback,P2_LATEST4Q,2,Research official issuer sources for FY2025 Q4. Verify Total Debt. Do not research other fields.,P8H-2-0343,NO,READY_FOR_EXTERNAL_RESEARCH_CLEANED,,TRAW,NO,Required to close downstream-critical latest8Q gaps for TTM / Score / Lifecycle / Valuation
Latest8Q closure,TOTAL_DEBT,2293,EXTERNAL_OFFICIAL_EVIDENCE_REQUIRED,2025-06-30,2025-08-12,NO,0,TOTAL_DEBT,Verify Total Debt for FY2025 Q2,Phase 8G issue=PRIMARY_CORE_INCOMPLETE|SECONDARY_FIELDS_INCOMPLETE; source dependency=NEED_DEBT; structural context=CALENDAR_YEAR,1,25,Q2,2025,NO,issuer quarterly/annual report; SEC filing/XBRL only as fallback,P2_LATEST4Q,4,Research official issuer sources for FY2025 Q2. Verify Total Debt. Do not research other fields.,P8H-2-0344,NO,READY_FOR_EXTERNAL_RESEARCH_CLEANED,,TRON,NO,Required to close downstream-critical latest8Q gaps for TTM / Score / Lifecycle / Valuation
Latest8Q closure,FIRST_PUBLIC_PUBLISH_DATE,2343,EXTERNAL_OFFICIAL_EVIDENCE_REQUIRED,2025-09-30,2026-05-08,NO,0,FIRST_PUBLIC_PUBLISH_DATE,Verify first-public result publication date for FY2026 Q1,Phase 8G issue=PUBLISH_SEQUENCE_CONFLICT; source dependency=NEED_FIRST_PUBLIC_RESULT_DATE; structural context=FIXED_DATE_FISCAL_YEAR,1,5,Q1,2026,NO,issuer Investor Relations earnings release/archive,P2_LATEST4Q,3,Research official issuer sources for FY2026 Q1. Verify first-public result publication date. Do not research other fields.,P8H-2-0348,NO,READY_FOR_EXTERNAL_RESEARCH_CLEANED,,UI,NO,Required to close downstream-critical latest8Q gaps for TTM / Score / Lifecycle / Valuation
Latest8Q closure,FIRST_PUBLIC_PUBLISH_DATE,2343,EXTERNAL_OFFICIAL_EVIDENCE_REQUIRED,2025-12-31,2026-02-06,NO,0,FIRST_PUBLIC_PUBLISH_DATE,Verify first-public result publication date for FY2026 Q2,Phase 8G issue=PUBLISH_SEQUENCE_CONFLICT; source dependency=NEED_FIRST_PUBLIC_RESULT_DATE; structural context=FIXED_DATE_FISCAL_YEAR,1,5,Q2,2026,NO,issuer Investor Relations earnings release/archive,P2_LATEST4Q,2,Research official issuer sources for FY2026 Q2. Verify first-public result publication date. Do not research other fields.,P8H-2-0349,NO,READY_FOR_EXTERNAL_RESEARCH_CLEANED,,UI,NO,Required to close downstream-critical latest8Q gaps for TTM / Score / Lifecycle / Valuation
Latest8Q closure,TOTAL_DEBT,2372,EXTERNAL_OFFICIAL_EVIDENCE_REQUIRED,2025-09-30,2025-10-29,NO,0,TOTAL_DEBT,Verify Total Debt for FY2025 Q3,Phase 8G issue=PRIMARY_CORE_INCOMPLETE; source dependency=NEED_DEBT; structural context=CALENDAR_YEAR,1,25,Q3,2025,NO,issuer quarterly/annual report; SEC filing/XBRL only as fallback,P2_LATEST4Q,4,Research official issuer sources for FY2025 Q3. Verify Total Debt. Do not research other fields.,P8H-2-0352,NO,READY_FOR_EXTERNAL_RESEARCH_CLEANED,,UTHR,NO,Required to close downstream-critical latest8Q gaps for TTM / Score / Lifecycle / Valuation
Latest8Q closure,TOTAL_DEBT,2372,EXTERNAL_OFFICIAL_EVIDENCE_REQUIRED,2025-12-31,2026-02-25,NO,0,TOTAL_DEBT,Verify Total Debt for FY2025 Q4,Phase 8G issue=PRIMARY_CORE_INCOMPLETE; source dependency=NEED_DEBT; structural context=CALENDAR_YEAR,1,25,Q4,2025,NO,issuer quarterly/annual report; SEC filing/XBRL only as fallback,P2_LATEST4Q,3,Research official issuer sources for FY2025 Q4. Verify Total Debt. Do not research other fields.,P8H-2-0353,NO,READY_FOR_EXTERNAL_RESEARCH_CLEANED,,UTHR,NO,Required to close downstream-critical latest8Q gaps for TTM / Score / Lifecycle / Valuation
Latest8Q closure,TOTAL_DEBT,2372,EXTERNAL_OFFICIAL_EVIDENCE_REQUIRED,2026-03-31,2026-05-06,NO,0,TOTAL_DEBT,Verify Total Debt for FY2026 Q1,Phase 8G issue=PRIMARY_CORE_INCOMPLETE; source dependency=NEED_DEBT; structural context=CALENDAR_YEAR,1,25,Q1,2026,NO,issuer quarterly/annual report; SEC filing/XBRL only as fallback,P2_LATEST4Q,2,Research official issuer sources for FY2026 Q1. Verify Total Debt. Do not research other fields.,P8H-2-0354,NO,READY_FOR_EXTERNAL_RESEARCH_CLEANED,,UTHR,NO,Required to close downstream-critical latest8Q gaps for TTM / Score / Lifecycle / Valuation
Latest8Q closure,MISSING_QUARTER_EXISTENCE,2385,EXTERNAL_OFFICIAL_EVIDENCE_REQUIRED,2026-01-31,2026-03-20,NO,0,MISSING_QUARTER_EXISTENCE,Verify missing quarter existence/source evidence for FY2026 Q4,Phase 8G issue=MISSING_QUARTER|SECONDARY_FIELDS_INCOMPLETE; source dependency=NEED_MISSING_QUARTER_SOURCE; structural context=FIXED_DATE_FISCAL_YEAR,1,5,Q4,2026,NO,"issuer IR release, annual report, or financial reports page",P2_LATEST4Q,2,Research official issuer sources for FY2026 Q4. Verify missing quarter existence/source evidence. Do not research other fields.,P8H-2-0355,NO,READY_FOR_EXTERNAL_RESEARCH_CLEANED,STRUCTURAL_REVIEW_ALSO_REQUIRED,VEEV,NO,Required to close downstream-critical latest8Q gaps for TTM / Score / Lifecycle / Valuation
Latest8Q closure,FIRST_PUBLIC_PUBLISH_DATE,2386,EXTERNAL_OFFICIAL_EVIDENCE_REQUIRED,2025-06-30,,NO,0,FIRST_PUBLIC_PUBLISH_DATE,Verify first-public result publication date for FY2025 Q2,Phase 8G issue=PUBLISH_DATE_MISSING; source dependency=NEED_FIRST_PUBLIC_RESULT_DATE; structural context=CALENDAR_YEAR,1,5,Q2,2025,NO,issuer Investor Relations earnings release/archive,P2_LATEST4Q,4,Research official issuer sources for FY2025 Q2. Verify first-public result publication date. Do not research other fields.,P8H-2-0356,NO,READY_FOR_EXTERNAL_RESEARCH_CLEANED,,VELO,NO,Required to close downstream-critical latest8Q gaps for TTM / Score / Lifecycle / Valuation
Latest8Q closure,TOTAL_DEBT,2422,EXTERNAL_OFFICIAL_EVIDENCE_REQUIRED,2025-06-30,2025-08-14,NO,0,TOTAL_DEBT,Verify Total Debt for FY2025 Q2,Phase 8G issue=PRIMARY_CORE_INCOMPLETE|SECONDARY_FIELDS_INCOMPLETE; source dependency=NEED_DEBT; structural context=CALENDAR_YEAR,1,25,Q2,2025,NO,issuer quarterly/annual report; SEC filing/XBRL only as fallback,P2_LATEST4Q,4,Research official issuer sources for FY2025 Q2. Verify Total Debt. Do not research other fields.,P8H-2-0357,NO,READY_FOR_EXTERNAL_RESEARCH_CLEANED,,VS,NO,Required to close downstream-critical latest8Q gaps for TTM / Score / Lifecycle / Valuation
Latest8Q closure,TOTAL_DEBT,2422,EXTERNAL_OFFICIAL_EVIDENCE_REQUIRED,2025-12-31,2026-04-15,NO,0,TOTAL_DEBT,Verify Total Debt for FY2025 Q4,Phase 8G issue=PRIMARY_CORE_INCOMPLETE; source dependency=NEED_DEBT; structural context=CALENDAR_YEAR,1,25,Q4,2025,NO,issuer quarterly/annual report; SEC filing/XBRL only as fallback,P2_LATEST4Q,2,Research official issuer sources for FY2025 Q4. Verify Total Debt. Do not research other fields.,P8H-2-0359,NO,READY_FOR_EXTERNAL_RESEARCH_CLEANED,,VS,NO,Required to close downstream-critical latest8Q gaps for TTM / Score / Lifecycle / Valuation
Latest8Q closure,MISSING_QUARTER_EXISTENCE,2431,EXTERNAL_OFFICIAL_EVIDENCE_REQUIRED,2025-06-30,2025-08-07,NO,0,MISSING_QUARTER_EXISTENCE,Verify missing quarter existence/source evidence for FY2026 Q1,Phase 8G issue=MISSING_QUARTER|SECONDARY_FIELDS_INCOMPLETE; source dependency=NEED_MISSING_QUARTER_SOURCE; structural context=FIXED_DATE_FISCAL_YEAR,1,5,Q1,2026,NO,"issuer IR release, annual report, or financial reports page",P2_LATEST4Q,4,Research official issuer sources for FY2026 Q1. Verify missing quarter existence/source evidence. Do not research other fields.,P8H-2-0361,NO,READY_FOR_EXTERNAL_RESEARCH_CLEANED,STRUCTURAL_REVIEW_ALSO_REQUIRED,VTGN,NO,Required to close downstream-critical latest8Q gaps for TTM / Score / Lifecycle / Valuation
Latest8Q closure,TOTAL_DEBT,2467,EXTERNAL_OFFICIAL_EVIDENCE_REQUIRED,2026-03-31,2026-05-07,NO,0,TOTAL_DEBT,Verify Total Debt for FY2026 Q1,Phase 8G issue=PRIMARY_CORE_INCOMPLETE; source dependency=NEED_DEBT; structural context=CALENDAR_YEAR,1,25,Q1,2026,NO,issuer quarterly/annual report; SEC filing/XBRL only as fallback,P2_LATEST4Q,2,Research official issuer sources for FY2026 Q1. Verify Total Debt. Do not research other fields.,P8H-2-0362,NO,READY_FOR_EXTERNAL_RESEARCH_CLEANED,,WHWK,NO,Required to close downstream-critical latest8Q gaps for TTM / Score / Lifecycle / Valuation
Latest8Q closure,FIRST_PUBLIC_PUBLISH_DATE,2479,EXTERNAL_OFFICIAL_EVIDENCE_REQUIRED,2026-03-31,,NO,0,FIRST_PUBLIC_PUBLISH_DATE,Verify first-public result publication date for FY2026 Q1,Phase 8G issue=PUBLISH_DATE_MISSING; source dependency=NEED_FIRST_PUBLIC_RESULT_DATE; structural context=WEEK_BASED_52_53,1,5,Q1,2026,NO,issuer Investor Relations earnings release/archive,P2_LATEST4Q,2,Research official issuer sources for FY2026 Q1. Verify first-public result publication date. Do not research other fields.,P8H-2-0363,NO,READY_FOR_EXTERNAL_RESEARCH_CLEANED,STRUCTURAL_REVIEW_ALSO_REQUIRED,WMK,NO,Required to close downstream-critical latest8Q gaps for TTM / Score / Lifecycle / Valuation
Latest8Q closure,FIRST_PUBLIC_PUBLISH_DATE,2519,EXTERNAL_OFFICIAL_EVIDENCE_REQUIRED,2025-06-30,,NO,0,FIRST_PUBLIC_PUBLISH_DATE,Verify first-public result publication date for FY2025 Q2,Phase 8G issue=PUBLISH_DATE_MISSING; source dependency=NEED_FIRST_PUBLIC_RESULT_DATE; structural context=CALENDAR_YEAR,1,5,Q2,2025,NO,issuer Investor Relations earnings release/archive,P2_LATEST4Q,4,Research official issuer sources for FY2025 Q2. Verify first-public result publication date. Do not research other fields.,P8H-2-0364,NO,READY_FOR_EXTERNAL_RESEARCH_CLEANED,,XPON,NO,Required to close downstream-critical latest8Q gaps for TTM / Score / Lifecycle / Valuation
Latest8Q closure,FIRST_PUBLIC_PUBLISH_DATE,2519,EXTERNAL_OFFICIAL_EVIDENCE_REQUIRED,2025-09-30,,NO,0,FIRST_PUBLIC_PUBLISH_DATE,Verify first-public result publication date for FY2025 Q3,Phase 8G issue=PUBLISH_DATE_MISSING; source dependency=NEED_FIRST_PUBLIC_RESULT_DATE; structural context=CALENDAR_YEAR,1,5,Q3,2025,NO,issuer Investor Relations earnings release/archive,P2_LATEST4Q,3,Research official issuer sources for FY2025 Q3. Verify first-public result publication date. Do not research other fields.,P8H-2-0365,NO,READY_FOR_EXTERNAL_RESEARCH_CLEANED,,XPON,NO,Required to close downstream-critical latest8Q gaps for TTM / Score / Lifecycle / Valuation
Latest8Q closure,FIRST_PUBLIC_PUBLISH_DATE,2519,EXTERNAL_OFFICIAL_EVIDENCE_REQUIRED,2025-12-31,,NO,0,FIRST_PUBLIC_PUBLISH_DATE,Verify first-public result publication date for FY2025 Q4,Phase 8G issue=PUBLISH_DATE_MISSING; source dependency=NEED_FIRST_PUBLIC_RESULT_DATE; structural context=CALENDAR_YEAR,1,5,Q4,2025,NO,issuer Investor Relations earnings release/archive,P2_LATEST4Q,2,Research official issuer sources for FY2025 Q4. Verify first-public result publication date. Do not research other fields.,P8H-2-0366,NO,READY_FOR_EXTERNAL_RESEARCH_CLEANED,,XPON,NO,Required to close downstream-critical latest8Q gaps for TTM / Score / Lifecycle / Valuation
Latest8Q closure,FIRST_PUBLIC_PUBLISH_DATE,2524,EXTERNAL_OFFICIAL_EVIDENCE_REQUIRED,2025-09-30,,NO,0,FIRST_PUBLIC_PUBLISH_DATE,Verify first-public result publication date for FY2025 Q3,Phase 8G issue=PUBLISH_DATE_MISSING; source dependency=NEED_FIRST_PUBLIC_RESULT_DATE; structural context=CALENDAR_YEAR,1,5,Q3,2025,NO,issuer Investor Relations earnings release/archive,P2_LATEST4Q,3,Research official issuer sources for FY2025 Q3. Verify first-public result publication date. Do not research other fields.,P8H-2-0367,NO,READY_FOR_EXTERNAL_RESEARCH_CLEANED,,XXII,NO,Required to close downstream-critical latest8Q gaps for TTM / Score / Lifecycle / Valuation
Latest8Q closure,TOTAL_DEBT,2533,EXTERNAL_OFFICIAL_EVIDENCE_REQUIRED,2025-04-30,2025-08-13,NO,0,TOTAL_DEBT,Verify Total Debt for FY2025 Q4,Phase 8G issue=PRIMARY_CORE_INCOMPLETE|SECONDARY_FIELDS_INCOMPLETE; source dependency=NEED_DEBT; structural context=FIXED_DATE_FISCAL_YEAR,1,25,Q4,2025,NO,issuer quarterly/annual report; SEC filing/XBRL only as fallback,P2_LATEST4Q,4,Research official issuer sources for FY2025 Q4. Verify Total Debt. Do not research other fields.,P8H-2-0368,NO,READY_FOR_EXTERNAL_RESEARCH_CLEANED,,YYAI,NO,Required to close downstream-critical latest8Q gaps for TTM / Score / Lifecycle / Valuation
Latest8Q closure,TOTAL_DEBT,2533,EXTERNAL_OFFICIAL_EVIDENCE_REQUIRED,2025-07-31,2025-09-15,NO,0,TOTAL_DEBT,Verify Total Debt for FY2026 Q1,Phase 8G issue=PRIMARY_CORE_INCOMPLETE|SECONDARY_FIELDS_INCOMPLETE; source dependency=NEED_DEBT; structural context=FIXED_DATE_FISCAL_YEAR,1,25,Q1,2026,NO,issuer quarterly/annual report; SEC filing/XBRL only as fallback,P2_LATEST4Q,3,Research official issuer sources for FY2026 Q1. Verify Total Debt. Do not research other fields.,P8H-2-0369,NO,READY_FOR_EXTERNAL_RESEARCH_CLEANED,,YYAI,NO,Required to close downstream-critical latest8Q gaps for TTM / Score / Lifecycle / Valuation
Latest8Q closure,TOTAL_DEBT,2533,EXTERNAL_OFFICIAL_EVIDENCE_REQUIRED,2025-10-31,2025-12-23,NO,0,TOTAL_DEBT,Verify Total Debt for FY2026 Q2,Phase 8G issue=PRIMARY_CORE_INCOMPLETE|SECONDARY_FIELDS_INCOMPLETE; source dependency=NEED_DEBT; structural context=FIXED_DATE_FISCAL_YEAR,1,25,Q2,2026,NO,issuer quarterly/annual report; SEC filing/XBRL only as fallback,P2_LATEST4Q,2,Research official issuer sources for FY2026 Q2. Verify Total Debt. Do not research other fields.,P8H-2-0370,NO,READY_FOR_EXTERNAL_RESEARCH_CLEANED,,YYAI,NO,Required to close downstream-critical latest8Q gaps for TTM / Score / Lifecycle / Valuation
