affected_fy_fq,company_id,current_evidence,evidence_that_would_resolve_it,exact_decision_needed,external_research_also_required,fy_fq_locally_resolved,issue,priority,status,structural_category,structural_decision_remaining,structural_task_id,ticker
FY2025Q3,6,DIRECT_EXACT_INTERVAL|TARGET_DIFFERENT_ECONOMIC,NEED_MISSING_QUARTER_SOURCE|NEED_TARGET_COLLISION_RESOLUTION,FY2025Q3: verify missing adjacent fiscal quarter source ; FY2025Q3: target FY/FQ collision requires reconciliation,YES,NO,MISSING_QUARTER|TARGET_COLLISION,P2_LATEST4Q,STRUCTURAL_REVIEW_SEPARATE,TARGET_DIFFERENT_ECONOMIC,YES,P8H-S-0001,AAP
FY2025Q2,6,DIRECT_EXACT_INTERVAL|TARGET_DIFFERENT_ECONOMIC,NEED_TARGET_COLLISION_RESOLUTION,FY2025Q2: target FY/FQ collision requires reconciliation,YES,NO,TARGET_COLLISION,P2_LATEST4Q,STRUCTURAL_REVIEW_SEPARATE,TARGET_DIFFERENT_ECONOMIC,YES,P8H-S-0002,AAP
FY2025Q1,6,DIRECT_EXACT_INTERVAL|TARGET_DIFFERENT_ECONOMIC,NEED_MISSING_QUARTER_SOURCE|NEED_TARGET_COLLISION_RESOLUTION,FY2025Q1: verify missing adjacent fiscal quarter source ; FY2025Q1: target FY/FQ collision requires reconciliation,YES,NO,MISSING_QUARTER|TARGET_COLLISION,P3_LATEST8Q,STRUCTURAL_REVIEW_SEPARATE,TARGET_DIFFERENT_ECONOMIC,YES,P8H-S-0003,AAP
FY2024Q2,6,DIRECT_EXACT_INTERVAL|TARGET_DIFFERENT_ECONOMIC,NEED_EBITDA|NEED_TARGET_COLLISION_RESOLUTION,FY2024Q2: need EBITDA ; FY2024Q2: target FY/FQ collision requires reconciliation,YES,NO,SECONDARY_FIELDS_INCOMPLETE|TARGET_COLLISION,P3_LATEST8Q,STRUCTURAL_REVIEW_SEPARATE,TARGET_DIFFERENT_ECONOMIC,YES,P8H-S-0004,AAP
FY2024Q1,6,DIRECT_EXACT_INTERVAL|TARGET_DIFFERENT_ECONOMIC,NEED_TARGET_COLLISION_RESOLUTION,FY2024Q1: target FY/FQ collision requires reconciliation,YES,NO,TARGET_COLLISION,P3_LATEST8Q,STRUCTURAL_REVIEW_SEPARATE,TARGET_DIFFERENT_ECONOMIC,YES,P8H-S-0005,AAP
FY2025Q3,7,DIRECT_EXACT_INTERVAL|TARGET_DIFFERENT_ECONOMIC,NEED_MISSING_QUARTER_SOURCE|NEED_TARGET_COLLISION_RESOLUTION,FY2025Q3: verify missing adjacent fiscal quarter source ; FY2025Q3: target FY/FQ collision requires reconciliation,NO,NO,MISSING_QUARTER|TARGET_COLLISION,P3_LATEST8Q,STRUCTURAL_REVIEW_SEPARATE,TARGET_DIFFERENT_ECONOMIC,YES,P8H-S-0006,AAPL
FY2026Q3,9,UNRESOLVED|UNRESOLVED,NEED_OFFICIAL_FISCAL_YEAR_START|NEED_OFFICIAL_FY_FQ_IDENTITY|NEED_SOURCE_SEMANTICS_CONFIRMATION,FY2026Q3: need official fiscal year start and FY/FQ identity ; FY2026Q3: confirm sequence semantics,YES,NO,UNRESOLVED_BOUNDARY|UNRESOLVED_SEQUENCE,P1_CURRENT,STRUCTURAL_REVIEW_SEPARATE,SOURCE_SEMANTIC_AMBIGUITY,YES,P8H-S-0007,ABAT
FY2026Q2,9,UNRESOLVED|UNRESOLVED,NEED_OFFICIAL_FISCAL_YEAR_START|NEED_OFFICIAL_FY_FQ_IDENTITY|NEED_SOURCE_SEMANTICS_CONFIRMATION,FY2026Q2: need official fiscal year start and FY/FQ identity ; FY2026Q2: confirm sequence semantics,YES,NO,UNRESOLVED_BOUNDARY|UNRESOLVED_SEQUENCE,P1_CURRENT,STRUCTURAL_REVIEW_SEPARATE,SOURCE_SEMANTIC_AMBIGUITY,YES,P8H-S-0008,ABAT
FY2026Q1,9,UNRESOLVED|UNRESOLVED,NEED_OFFICIAL_FISCAL_YEAR_START|NEED_OFFICIAL_FY_FQ_IDENTITY|NEED_SOURCE_SEMANTICS_CONFIRMATION,FY2026Q1: need official fiscal year start and FY/FQ identity ; FY2026Q1: confirm sequence semantics,YES,NO,UNRESOLVED_BOUNDARY|UNRESOLVED_SEQUENCE,P1_CURRENT,STRUCTURAL_REVIEW_SEPARATE,SOURCE_SEMANTIC_AMBIGUITY,YES,P8H-S-0009,ABAT
FY2026Q2,17,UNRESOLVED|UNRESOLVED,NEED_CAPEX|NEED_EBIT|NEED_FCF|NEED_OFFICIAL_FISCAL_YEAR_START|NEED_OFFICIAL_FY_FQ_IDENTITY|NEED_SOURCE_SEMANTICS_CONFIRMATION,FY2026Q2: need EBIT ; FY2026Q2: need FCF ; FY2026Q2: need Capex ; FY2026Q2: need official fiscal year start and FY/FQ identity ; FY2026Q2: confirm sequence semantics ; FY2026Q2: Need approved issuer/company-specific EBIT rule; do not blanket map Operating Income ; FY2026Q2: Need Capex to derive FCF,YES,NO,PRIMARY_CORE_INCOMPLETE|SECONDARY_FIELDS_INCOMPLETE|UNRESOLVED_BOUNDARY|UNRESOLVED_SEQUENCE,P1_CURRENT,STRUCTURAL_REVIEW_SEPARATE,SOURCE_SEMANTIC_AMBIGUITY,YES,P8H-S-0010,ABR
FY2026Q1,17,UNRESOLVED|UNRESOLVED,NEED_CAPEX|NEED_EBIT|NEED_OFFICIAL_FISCAL_YEAR_START|NEED_OFFICIAL_FY_FQ_IDENTITY|NEED_SOURCE_SEMANTICS_CONFIRMATION,FY2026Q1: need EBIT ; FY2026Q1: need Capex ; FY2026Q1: need official fiscal year start and FY/FQ identity ; FY2026Q1: confirm sequence semantics ; FY2026Q1: Need approved issuer/company-specific EBIT rule; do not blanket map Operating Income,YES,NO,PRIMARY_CORE_INCOMPLETE|SECONDARY_FIELDS_INCOMPLETE|UNRESOLVED_BOUNDARY|UNRESOLVED_SEQUENCE,P1_CURRENT,STRUCTURAL_REVIEW_SEPARATE,SOURCE_SEMANTIC_AMBIGUITY,YES,P8H-S-0011,ABR
FY2026Q1,21,UNRESOLVED|UNRESOLVED,NEED_CAPEX|NEED_OFFICIAL_FISCAL_YEAR_START|NEED_OFFICIAL_FY_FQ_IDENTITY|NEED_SOURCE_SEMANTICS_CONFIRMATION,FY2026Q1: need Capex ; FY2026Q1: need official fiscal year start and FY/FQ identity ; FY2026Q1: confirm sequence semantics,YES,NO,SECONDARY_FIELDS_INCOMPLETE|UNRESOLVED_BOUNDARY|UNRESOLVED_SEQUENCE,P1_CURRENT,STRUCTURAL_REVIEW_SEPARATE,SOURCE_SEMANTIC_AMBIGUITY,YES,P8H-S-0012,ABVC
FY2026Q2,26,UNRESOLVED|UNRESOLVED,NEED_FIRST_PUBLIC_RESULT_DATE|NEED_OFFICIAL_FISCAL_YEAR_START|NEED_OFFICIAL_FY_FQ_IDENTITY|NEED_SOURCE_SEMANTICS_CONFIRMATION,FY2026Q2: need official fiscal year start and FY/FQ identity ; FY2026Q2: need first-public result date ; FY2026Q2: confirm sequence semantics,YES,NO,PUBLISH_DATE_MISSING|UNRESOLVED_BOUNDARY|UNRESOLVED_SEQUENCE,P1_CURRENT,STRUCTURAL_REVIEW_SEPARATE,SOURCE_SEMANTIC_AMBIGUITY,YES,P8H-S-0013,ACEL
FY2026Q1,26,UNRESOLVED|UNRESOLVED,NEED_OFFICIAL_FISCAL_YEAR_START|NEED_OFFICIAL_FY_FQ_IDENTITY|NEED_SOURCE_SEMANTICS_CONFIRMATION,FY2026Q1: need official fiscal year start and FY/FQ identity ; FY2026Q1: confirm sequence semantics,YES,NO,UNRESOLVED_BOUNDARY|UNRESOLVED_SEQUENCE,P1_CURRENT,STRUCTURAL_REVIEW_SEPARATE,SOURCE_SEMANTIC_AMBIGUITY,YES,P8H-S-0014,ACEL
FY2025Q3,30,DIRECT_EXACT_INTERVAL|TARGET_DIFFERENT_ECONOMIC,NEED_MISSING_QUARTER_SOURCE|NEED_TARGET_COLLISION_RESOLUTION,FY2025Q3: verify missing adjacent fiscal quarter source ; FY2025Q3: target FY/FQ collision requires reconciliation,YES,NO,MISSING_QUARTER|TARGET_COLLISION,P2_LATEST4Q,STRUCTURAL_REVIEW_SEPARATE,TARGET_DIFFERENT_ECONOMIC,YES,P8H-S-0015,ACI
FY2025Q2,30,DIRECT_EXACT_INTERVAL|TARGET_DIFFERENT_ECONOMIC,NEED_TARGET_COLLISION_RESOLUTION,FY2025Q2: target FY/FQ collision requires reconciliation,YES,NO,TARGET_COLLISION,P3_LATEST8Q,STRUCTURAL_REVIEW_SEPARATE,TARGET_DIFFERENT_ECONOMIC,YES,P8H-S-0016,ACI
FY2025Q1,30,DIRECT_EXACT_INTERVAL|TARGET_DIFFERENT_ECONOMIC,NEED_MISSING_QUARTER_SOURCE|NEED_TARGET_COLLISION_RESOLUTION,FY2025Q1: verify missing adjacent fiscal quarter source ; FY2025Q1: target FY/FQ collision requires reconciliation,YES,NO,MISSING_QUARTER|TARGET_COLLISION,P3_LATEST8Q,STRUCTURAL_REVIEW_SEPARATE,TARGET_DIFFERENT_ECONOMIC,YES,P8H-S-0017,ACI
FY2024Q3,30,DIRECT_EXACT_INTERVAL|TARGET_DIFFERENT_ECONOMIC,NEED_MISSING_QUARTER_SOURCE|NEED_TARGET_COLLISION_RESOLUTION,FY2024Q3: verify missing adjacent fiscal quarter source ; FY2024Q3: target FY/FQ collision requires reconciliation,YES,NO,MISSING_QUARTER|TARGET_COLLISION,P3_LATEST8Q,STRUCTURAL_REVIEW_SEPARATE,TARGET_DIFFERENT_ECONOMIC,YES,P8H-S-0018,ACI
FY2026Q2,37,UNRESOLVED|UNRESOLVED,NEED_EBIT|NEED_GROSS_PROFIT|NEED_OFFICIAL_FISCAL_YEAR_START|NEED_OFFICIAL_FY_FQ_IDENTITY|NEED_SOURCE_SEMANTICS_CONFIRMATION,FY2026Q2: need EBIT ; FY2026Q2: need Gross Profit ; FY2026Q2: need official fiscal year start and FY/FQ identity ; FY2026Q2: confirm sequence semantics ; FY2026Q2: Need approved issuer/company-specific EBIT rule; do not blanket map Operating Income,YES,NO,PRIMARY_CORE_INCOMPLETE|SECONDARY_FIELDS_INCOMPLETE|UNRESOLVED_BOUNDARY|UNRESOLVED_SEQUENCE,P1_CURRENT,STRUCTURAL_REVIEW_SEPARATE,SOURCE_SEMANTIC_AMBIGUITY,YES,P8H-S-0019,ACRE
FY2026Q1,37,UNRESOLVED|UNRESOLVED,NEED_EBIT|NEED_GROSS_PROFIT|NEED_OFFICIAL_FISCAL_YEAR_START|NEED_OFFICIAL_FY_FQ_IDENTITY|NEED_SOURCE_SEMANTICS_CONFIRMATION,FY2026Q1: need EBIT ; FY2026Q1: need Gross Profit ; FY2026Q1: need official fiscal year start and FY/FQ identity ; FY2026Q1: confirm sequence semantics ; FY2026Q1: Need approved issuer/company-specific EBIT rule; do not blanket map Operating Income,YES,NO,PRIMARY_CORE_INCOMPLETE|SECONDARY_FIELDS_INCOMPLETE|UNRESOLVED_BOUNDARY|UNRESOLVED_SEQUENCE,P1_CURRENT,STRUCTURAL_REVIEW_SEPARATE,SOURCE_SEMANTIC_AMBIGUITY,YES,P8H-S-0020,ACRE
FY2025Q3,45,DIRECT_EXACT_INTERVAL|TARGET_DIFFERENT_ECONOMIC,NEED_MISSING_QUARTER_SOURCE|NEED_TARGET_COLLISION_RESOLUTION,FY2025Q3: verify missing adjacent fiscal quarter source ; FY2025Q3: target FY/FQ collision requires reconciliation,NO,NO,MISSING_QUARTER|TARGET_COLLISION,P2_LATEST4Q,STRUCTURAL_REVIEW_SEPARATE,TARGET_DIFFERENT_ECONOMIC,YES,P8H-S-0021,ADBE
FY2025Q2,45,DIRECT_EXACT_INTERVAL|TARGET_DIFFERENT_ECONOMIC,NEED_MISSING_QUARTER_SOURCE|NEED_TARGET_COLLISION_RESOLUTION,FY2025Q2: verify missing adjacent fiscal quarter source ; FY2025Q2: target FY/FQ collision requires reconciliation,NO,NO,MISSING_QUARTER|TARGET_COLLISION,P3_LATEST8Q,STRUCTURAL_REVIEW_SEPARATE,TARGET_DIFFERENT_ECONOMIC,YES,P8H-S-0022,ADBE
FY2024Q2,49,DIRECT_EXACT_INTERVAL|TARGET_DIFFERENT_ECONOMIC,NEED_TARGET_COLLISION_RESOLUTION,FY2024Q2: target FY/FQ collision requires reconciliation,NO,NO,TARGET_COLLISION,P3_LATEST8Q,STRUCTURAL_REVIEW_SEPARATE,TARGET_DIFFERENT_ECONOMIC,YES,P8H-S-0023,ADI
FY2026Q2,50,UNRESOLVED|UNRESOLVED,NEED_OFFICIAL_FISCAL_YEAR_START|NEED_OFFICIAL_FY_FQ_IDENTITY|NEED_SOURCE_SEMANTICS_CONFIRMATION,FY2026Q2: need official fiscal year start and FY/FQ identity ; FY2026Q2: confirm sequence semantics,YES,NO,UNRESOLVED_BOUNDARY|UNRESOLVED_SEQUENCE,P1_CURRENT,STRUCTURAL_REVIEW_SEPARATE,SOURCE_SEMANTIC_AMBIGUITY,YES,P8H-S-0024,ADM
FY2026Q1,50,UNRESOLVED|UNRESOLVED,NEED_OFFICIAL_FISCAL_YEAR_START|NEED_OFFICIAL_FY_FQ_IDENTITY|NEED_SOURCE_SEMANTICS_CONFIRMATION,FY2026Q1: need official fiscal year start and FY/FQ identity ; FY2026Q1: confirm sequence semantics,YES,NO,UNRESOLVED_BOUNDARY|UNRESOLVED_SEQUENCE,P1_CURRENT,STRUCTURAL_REVIEW_SEPARATE,SOURCE_SEMANTIC_AMBIGUITY,YES,P8H-S-0025,ADM
FY2025Q1,55,DIRECT_EXACT_INTERVAL|TARGET_DIFFERENT_ECONOMIC,NEED_LOCAL_LINEAGE_RECONCILIATION|NEED_TARGET_COLLISION_RESOLUTION,FY2025Q1: reconcile stored FY/FQ against direct exact fiscal anchor ; FY2025Q1: target FY/FQ collision requires reconciliation,YES,NO,FY_CONFLICT_DIRECT_EXACT|TARGET_COLLISION,P3_LATEST8Q,STRUCTURAL_REVIEW_SEPARATE,TARGET_DIFFERENT_ECONOMIC,YES,P8H-S-0026,ADSK
FY2026Q3,61,DIRECT_EXACT_INTERVAL|TARGET_DIFFERENT_ECONOMIC,NEED_MISSING_QUARTER_SOURCE|NEED_TARGET_COLLISION_RESOLUTION,FY2026Q3: verify missing adjacent fiscal quarter source ; FY2026Q3: target FY/FQ collision requires reconciliation,YES,NO,MISSING_QUARTER|TARGET_COLLISION,P2_LATEST4Q,STRUCTURAL_REVIEW_SEPARATE,TARGET_DIFFERENT_ECONOMIC,YES,P8H-S-0027,AEHR
FY2026Q2,61,DIRECT_EXACT_INTERVAL|TARGET_DIFFERENT_ECONOMIC,NEED_TARGET_COLLISION_RESOLUTION,FY2026Q2: target FY/FQ collision requires reconciliation,YES,NO,TARGET_COLLISION,P2_LATEST4Q,STRUCTURAL_REVIEW_SEPARATE,TARGET_DIFFERENT_ECONOMIC,YES,P8H-S-0028,AEHR
FY2026Q1,61,DIRECT_EXACT_INTERVAL|TARGET_DIFFERENT_ECONOMIC,NEED_TARGET_COLLISION_RESOLUTION,FY2026Q1: target FY/FQ collision requires reconciliation,YES,NO,TARGET_COLLISION,P2_LATEST4Q,STRUCTURAL_REVIEW_SEPARATE,TARGET_DIFFERENT_ECONOMIC,YES,P8H-S-0029,AEHR
FY2025Q4,61,DIRECT_EXACT_INTERVAL|TARGET_DIFFERENT_ECONOMIC,NEED_LOCAL_LINEAGE_RECONCILIATION|NEED_OFFICIAL_PERIOD_END|NEED_TARGET_COLLISION_RESOLUTION,FY2025Q4: reconcile stored FY/FQ against direct exact fiscal anchor ; FY2025Q4: need official period_end ; FY2025Q4: target FY/FQ collision requires reconciliation,YES,NO,FY_CONFLICT_DIRECT_EXACT|PERIOD_END_FISCAL_SLOT_CONFLICT|TARGET_COLLISION,P3_LATEST8Q,STRUCTURAL_REVIEW_SEPARATE,TARGET_DIFFERENT_ECONOMIC,YES,P8H-S-0030,AEHR
FY2026Q1,71,UNRESOLVED|UNRESOLVED,NEED_CAPEX|NEED_EBIT|NEED_EBITDA|NEED_GROSS_PROFIT|NEED_OFFICIAL_FISCAL_YEAR_START|NEED_OFFICIAL_FY_FQ_IDENTITY|NEED_OPERATING_INCOME|NEED_SOURCE_SEMANTICS_CONFIRMATION,FY2026Q1: need EBIT ; FY2026Q1: need Gross Profit ; FY2026Q1: need Operating Income ; FY2026Q1: need EBITDA ; FY2026Q1: need Capex ; FY2026Q1: need official fiscal year start and FY/FQ identity ; FY2026Q1: confirm sequence semantics,YES,NO,PRIMARY_CORE_INCOMPLETE|SECONDARY_FIELDS_INCOMPLETE|UNRESOLVED_BOUNDARY|UNRESOLVED_SEQUENCE,P1_CURRENT,STRUCTURAL_REVIEW_SEPARATE,SOURCE_SEMANTIC_AMBIGUITY,YES,P8H-S-0031,AFCG
FY2026Q2,72,UNRESOLVED|UNRESOLVED,NEED_OFFICIAL_FISCAL_YEAR_START|NEED_OFFICIAL_FY_FQ_IDENTITY|NEED_SOURCE_SEMANTICS_CONFIRMATION,FY2026Q2: need official fiscal year start and FY/FQ identity ; FY2026Q2: confirm sequence semantics,YES,NO,UNRESOLVED_BOUNDARY|UNRESOLVED_SEQUENCE,P1_CURRENT,STRUCTURAL_REVIEW_SEPARATE,SOURCE_SEMANTIC_AMBIGUITY,YES,P8H-S-0032,AGCO
FY2026Q1,72,UNRESOLVED|UNRESOLVED,NEED_OFFICIAL_FISCAL_YEAR_START|NEED_OFFICIAL_FY_FQ_IDENTITY|NEED_SOURCE_SEMANTICS_CONFIRMATION,FY2026Q1: need official fiscal year start and FY/FQ identity ; FY2026Q1: confirm sequence semantics,YES,NO,UNRESOLVED_BOUNDARY|UNRESOLVED_SEQUENCE,P1_CURRENT,STRUCTURAL_REVIEW_SEPARATE,SOURCE_SEMANTIC_AMBIGUITY,YES,P8H-S-0033,AGCO
FY2025Q1,77,DIRECT_EXACT_INTERVAL|TARGET_DIFFERENT_ECONOMIC,NEED_LOCAL_LINEAGE_RECONCILIATION|NEED_TARGET_COLLISION_RESOLUTION,FY2025Q1: reconcile stored FY/FQ against direct exact fiscal anchor ; FY2025Q1: target FY/FQ collision requires reconciliation,YES,NO,FY_CONFLICT_DIRECT_EXACT|TARGET_COLLISION,P3_LATEST8Q,STRUCTURAL_REVIEW_SEPARATE,TARGET_DIFFERENT_ECONOMIC,YES,P8H-S-0034,AGX
FY2025Q4,78,DIRECT_EXACT_INTERVAL|TARGET_SELF,NEED_OFFICIAL_PERIOD_END|NEED_SOURCE_SEMANTICS_CONFIRMATION|NEED_TRANSITION_CALENDAR_EVIDENCE,FY2025Q4: need transition/stub calendar decision ; FY2025Q4: need official period_end ; FY2025Q4: confirm sequence semantics,YES,NO,PERIOD_END_TRANSITION_REVIEW|TRANSITION_REVIEW|TRANSITION_SEQUENCE,P1_CURRENT,STRUCTURAL_REVIEW_SEPARATE,CALENDAR_TRANSITION,YES,P8H-S-0035,AGYS
FY2025Q3,78,DIRECT_EXACT_INTERVAL|TARGET_DIFFERENT_ECONOMIC,NEED_OFFICIAL_PERIOD_END|NEED_SOURCE_SEMANTICS_CONFIRMATION|NEED_TARGET_COLLISION_RESOLUTION|NEED_TRANSITION_CALENDAR_EVIDENCE,FY2025Q3: need transition/stub calendar decision ; FY2025Q3: need official period_end ; FY2025Q3: confirm sequence semantics ; FY2025Q3: target FY/FQ collision requires reconciliation,YES,NO,PERIOD_END_TRANSITION_REVIEW|TARGET_COLLISION|TRANSITION_REVIEW|TRANSITION_SEQUENCE,P1_CURRENT,STRUCTURAL_REVIEW_SEPARATE,CALENDAR_TRANSITION,YES,P8H-S-0036,AGYS
FY2025Q2,78,DIRECT_EXACT_INTERVAL|TARGET_DIFFERENT_ECONOMIC,NEED_OFFICIAL_PERIOD_END|NEED_SOURCE_SEMANTICS_CONFIRMATION|NEED_TARGET_COLLISION_RESOLUTION|NEED_TRANSITION_CALENDAR_EVIDENCE,FY2025Q2: need transition/stub calendar decision ; FY2025Q2: need official period_end ; FY2025Q2: confirm sequence semantics ; FY2025Q2: target FY/FQ collision requires reconciliation,YES,NO,PERIOD_END_TRANSITION_REVIEW|TARGET_COLLISION|TRANSITION_REVIEW|TRANSITION_SEQUENCE,P1_CURRENT,STRUCTURAL_REVIEW_SEPARATE,CALENDAR_TRANSITION,YES,P8H-S-0037,AGYS
FY2025Q1,78,DIRECT_EXACT_INTERVAL|TARGET_DIFFERENT_ECONOMIC,NEED_OFFICIAL_PERIOD_END|NEED_SOURCE_SEMANTICS_CONFIRMATION|NEED_TARGET_COLLISION_RESOLUTION|NEED_TRANSITION_CALENDAR_EVIDENCE,FY2025Q1: need transition/stub calendar decision ; FY2025Q1: need official period_end ; FY2025Q1: confirm sequence semantics ; FY2025Q1: target FY/FQ collision requires reconciliation,YES,NO,PERIOD_END_TRANSITION_REVIEW|TARGET_COLLISION|TRANSITION_REVIEW|TRANSITION_SEQUENCE,P3_LATEST8Q,STRUCTURAL_REVIEW_SEPARATE,CALENDAR_TRANSITION,YES,P8H-S-0038,AGYS
FY2024Q3,78,DIRECT_EXACT_INTERVAL|TARGET_DIFFERENT_ECONOMIC,NEED_OFFICIAL_PERIOD_END|NEED_SOURCE_SEMANTICS_CONFIRMATION|NEED_TARGET_COLLISION_RESOLUTION|NEED_TRANSITION_CALENDAR_EVIDENCE,FY2024Q3: need transition/stub calendar decision ; FY2024Q3: need official period_end ; FY2024Q3: confirm sequence semantics ; FY2024Q3: target FY/FQ collision requires reconciliation,YES,NO,PERIOD_END_TRANSITION_REVIEW|TARGET_COLLISION|TRANSITION_REVIEW|TRANSITION_SEQUENCE,P3_LATEST8Q,STRUCTURAL_REVIEW_SEPARATE,CALENDAR_TRANSITION,YES,P8H-S-0039,AGYS
FY2024Q2,78,DIRECT_EXACT_INTERVAL|TARGET_DIFFERENT_ECONOMIC,NEED_OFFICIAL_PERIOD_END|NEED_SOURCE_SEMANTICS_CONFIRMATION|NEED_TARGET_COLLISION_RESOLUTION|NEED_TRANSITION_CALENDAR_EVIDENCE,FY2024Q2: need transition/stub calendar decision ; FY2024Q2: need official period_end ; FY2024Q2: confirm sequence semantics ; FY2024Q2: target FY/FQ collision requires reconciliation,YES,NO,PERIOD_END_TRANSITION_REVIEW|TARGET_COLLISION|TRANSITION_REVIEW|TRANSITION_SEQUENCE,P3_LATEST8Q,STRUCTURAL_REVIEW_SEPARATE,CALENDAR_TRANSITION,YES,P8H-S-0040,AGYS
FY2024Q1,78,DIRECT_EXACT_INTERVAL|TARGET_DIFFERENT_ECONOMIC,NEED_DEBT|NEED_OFFICIAL_PERIOD_END|NEED_SOURCE_SEMANTICS_CONFIRMATION|NEED_TARGET_COLLISION_RESOLUTION|NEED_TRANSITION_CALENDAR_EVIDENCE,FY2024Q1: need Debt ; FY2024Q1: need transition/stub calendar decision ; FY2024Q1: need official period_end ; FY2024Q1: confirm sequence semantics ; FY2024Q1: target FY/FQ collision requires reconciliation,YES,NO,PERIOD_END_TRANSITION_REVIEW|PRIMARY_CORE_INCOMPLETE|TARGET_COLLISION|TRANSITION_REVIEW|TRANSITION_SEQUENCE,P3_LATEST8Q,STRUCTURAL_REVIEW_SEPARATE,CALENDAR_TRANSITION,YES,P8H-S-0041,AGYS
FY2026Q2,96,UNRESOLVED|UNRESOLVED,NEED_OFFICIAL_FISCAL_YEAR_START|NEED_OFFICIAL_FY_FQ_IDENTITY|NEED_SOURCE_SEMANTICS_CONFIRMATION,FY2026Q2: need official fiscal year start and FY/FQ identity ; FY2026Q2: confirm sequence semantics,YES,NO,UNRESOLVED_BOUNDARY|UNRESOLVED_SEQUENCE,P1_CURRENT,STRUCTURAL_REVIEW_SEPARATE,SOURCE_SEMANTIC_AMBIGUITY,YES,P8H-S-0042,AKR
FY2026Q1,96,UNRESOLVED|UNRESOLVED,NEED_OFFICIAL_FISCAL_YEAR_START|NEED_OFFICIAL_FY_FQ_IDENTITY|NEED_SOURCE_SEMANTICS_CONFIRMATION,FY2026Q1: need official fiscal year start and FY/FQ identity ; FY2026Q1: confirm sequence semantics,YES,NO,UNRESOLVED_BOUNDARY|UNRESOLVED_SEQUENCE,P1_CURRENT,STRUCTURAL_REVIEW_SEPARATE,SOURCE_SEMANTIC_AMBIGUITY,YES,P8H-S-0043,AKR
FY2025Q1,115,DIRECT_EXACT_INTERVAL|TARGET_DIFFERENT_ECONOMIC,NEED_LOCAL_LINEAGE_RECONCILIATION|NEED_TARGET_COLLISION_RESOLUTION,FY2025Q1: reconcile stored FY/FQ against direct exact fiscal anchor ; FY2025Q1: target FY/FQ collision requires reconciliation,YES,NO,FQ_CONFLICT_DIRECT_EXACT|TARGET_COLLISION,P3_LATEST8Q,STRUCTURAL_REVIEW_SEPARATE,TARGET_DIFFERENT_ECONOMIC,YES,P8H-S-0044,ALMU
FY2024Q3,115,DIRECT_EXACT_INTERVAL|TARGET_DIFFERENT_ECONOMIC,NEED_LOCAL_LINEAGE_RECONCILIATION|NEED_TARGET_COLLISION_RESOLUTION,FY2024Q3: reconcile stored FY/FQ against direct exact fiscal anchor ; FY2024Q3: target FY/FQ collision requires reconciliation,YES,NO,FY_CONFLICT_DIRECT_EXACT|TARGET_COLLISION,P3_LATEST8Q,STRUCTURAL_REVIEW_SEPARATE,TARGET_DIFFERENT_ECONOMIC,YES,P8H-S-0045,ALMU
FY2024Q1,115,DIRECT_EXACT_INTERVAL|TARGET_DIFFERENT_ECONOMIC,NEED_DEBT|NEED_FIRST_PUBLIC_RESULT_DATE|NEED_LOCAL_LINEAGE_RECONCILIATION|NEED_TARGET_COLLISION_RESOLUTION,FY2024Q1: need Debt ; FY2024Q1: reconcile stored FY/FQ against direct exact fiscal anchor ; FY2024Q1: need first-public result date ; FY2024Q1: target FY/FQ collision requires reconciliation,YES,NO,FQ_CONFLICT_DIRECT_EXACT|PRIMARY_CORE_INCOMPLETE|PUBLISH_SEQUENCE_CONFLICT|TARGET_COLLISION,P3_LATEST8Q,STRUCTURAL_REVIEW_SEPARATE,TARGET_DIFFERENT_ECONOMIC,YES,P8H-S-0046,ALMU
FY2025Q3,129,DIRECT_EXACT_INTERVAL|TARGET_DIFFERENT_ECONOMIC,NEED_MISSING_QUARTER_SOURCE|NEED_TARGET_COLLISION_RESOLUTION,FY2025Q3: verify missing adjacent fiscal quarter source ; FY2025Q3: target FY/FQ collision requires reconciliation,NO,NO,MISSING_QUARTER|TARGET_COLLISION,P2_LATEST4Q,STRUCTURAL_REVIEW_SEPARATE,TARGET_DIFFERENT_ECONOMIC,YES,P8H-S-0047,AMAT
FY2025Q2,129,DIRECT_EXACT_INTERVAL|TARGET_DIFFERENT_ECONOMIC,NEED_MISSING_QUARTER_SOURCE|NEED_TARGET_COLLISION_RESOLUTION,FY2025Q2: verify missing adjacent fiscal quarter source ; FY2025Q2: target FY/FQ collision requires reconciliation,NO,NO,MISSING_QUARTER|TARGET_COLLISION,P3_LATEST8Q,STRUCTURAL_REVIEW_SEPARATE,TARGET_DIFFERENT_ECONOMIC,YES,P8H-S-0048,AMAT
FY2025Q2,130,DIRECT_EXACT_INTERVAL|TARGET_DIFFERENT_ECONOMIC,NEED_LOCAL_LINEAGE_RECONCILIATION|NEED_TARGET_COLLISION_RESOLUTION,FY2025Q2: reconcile stored FY/FQ against direct exact fiscal anchor ; FY2025Q2: target FY/FQ collision requires reconciliation,YES,NO,FY_CONFLICT_DIRECT_EXACT|TARGET_COLLISION,P2_LATEST4Q,STRUCTURAL_REVIEW_SEPARATE,TARGET_DIFFERENT_ECONOMIC,YES,P8H-S-0049,AMBA
FY2024Q2,130,DIRECT_EXACT_INTERVAL|TARGET_DIFFERENT_ECONOMIC,NEED_DEBT|NEED_LOCAL_LINEAGE_RECONCILIATION|NEED_TARGET_COLLISION_RESOLUTION,FY2024Q2: need Debt ; FY2024Q2: reconcile stored FY/FQ against direct exact fiscal anchor ; FY2024Q2: target FY/FQ collision requires reconciliation,YES,NO,FY_CONFLICT_DIRECT_EXACT|PRIMARY_CORE_INCOMPLETE|TARGET_COLLISION,P3_LATEST8Q,STRUCTURAL_REVIEW_SEPARATE,TARGET_DIFFERENT_ECONOMIC,YES,P8H-S-0050,AMBA
FY2026Q2,131,UNRESOLVED|UNRESOLVED,NEED_OFFICIAL_FISCAL_YEAR_START|NEED_OFFICIAL_FY_FQ_IDENTITY|NEED_SOURCE_SEMANTICS_CONFIRMATION,FY2026Q2: need official fiscal year start and FY/FQ identity ; FY2026Q2: confirm sequence semantics,YES,NO,UNRESOLVED_BOUNDARY|UNRESOLVED_SEQUENCE,P1_CURRENT,STRUCTURAL_REVIEW_SEPARATE,SOURCE_SEMANTIC_AMBIGUITY,YES,P8H-S-0051,AMC
FY2026Q1,131,UNRESOLVED|UNRESOLVED,NEED_OFFICIAL_FISCAL_YEAR_START|NEED_OFFICIAL_FY_FQ_IDENTITY|NEED_SOURCE_SEMANTICS_CONFIRMATION,FY2026Q1: need official fiscal year start and FY/FQ identity ; FY2026Q1: confirm sequence semantics,YES,NO,UNRESOLVED_BOUNDARY|UNRESOLVED_SEQUENCE,P1_CURRENT,STRUCTURAL_REVIEW_SEPARATE,SOURCE_SEMANTIC_AMBIGUITY,YES,P8H-S-0052,AMC
FY2025Q3,134,DIRECT_EXACT_INTERVAL|TARGET_DIFFERENT_ECONOMIC,NEED_MISSING_QUARTER_SOURCE|NEED_TARGET_COLLISION_RESOLUTION,FY2025Q3: verify missing adjacent fiscal quarter source ; FY2025Q3: target FY/FQ collision requires reconciliation,YES,NO,MISSING_QUARTER|TARGET_COLLISION,P2_LATEST4Q,STRUCTURAL_REVIEW_SEPARATE,TARGET_DIFFERENT_ECONOMIC,YES,P8H-S-0053,AMD
FY2025Q2,134,DIRECT_EXACT_INTERVAL|TARGET_DIFFERENT_ECONOMIC,NEED_MISSING_QUARTER_SOURCE|NEED_TARGET_COLLISION_RESOLUTION,FY2025Q2: verify missing adjacent fiscal quarter source ; FY2025Q2: target FY/FQ collision requires reconciliation,YES,NO,MISSING_QUARTER|TARGET_COLLISION,P3_LATEST8Q,STRUCTURAL_REVIEW_SEPARATE,TARGET_DIFFERENT_ECONOMIC,YES,P8H-S-0054,AMD
FY2025Q2,138,DIRECT_EXACT_INTERVAL|TARGET_DIFFERENT_ECONOMIC,NEED_DEBT|NEED_GROSS_PROFIT|NEED_LOCAL_LINEAGE_RECONCILIATION|NEED_TARGET_COLLISION_RESOLUTION,FY2025Q2: need Debt ; FY2025Q2: need Gross Profit ; FY2025Q2: reconcile stored FY/FQ against direct exact fiscal anchor ; FY2025Q2: target FY/FQ collision requires reconciliation,YES,NO,FY_CONFLICT_DIRECT_EXACT|PRIMARY_CORE_INCOMPLETE|SECONDARY_FIELDS_INCOMPLETE|TARGET_COLLISION,P1_CURRENT,STRUCTURAL_REVIEW_SEPARATE,TARGET_DIFFERENT_ECONOMIC,YES,P8H-S-0055,AMIX
FY2026Q2,148,UNRESOLVED|UNRESOLVED,NEED_OFFICIAL_FISCAL_YEAR_START|NEED_OFFICIAL_FY_FQ_IDENTITY|NEED_SOURCE_SEMANTICS_CONFIRMATION,FY2026Q2: need official fiscal year start and FY/FQ identity ; FY2026Q2: confirm sequence semantics,YES,NO,UNRESOLVED_BOUNDARY|UNRESOLVED_SEQUENCE,P1_CURRENT,STRUCTURAL_REVIEW_SEPARATE,SOURCE_SEMANTIC_AMBIGUITY,YES,P8H-S-0056,AMR
FY2026Q1,148,UNRESOLVED|UNRESOLVED,NEED_OFFICIAL_FISCAL_YEAR_START|NEED_OFFICIAL_FY_FQ_IDENTITY|NEED_SOURCE_SEMANTICS_CONFIRMATION,FY2026Q1: need official fiscal year start and FY/FQ identity ; FY2026Q1: confirm sequence semantics,YES,NO,UNRESOLVED_BOUNDARY|UNRESOLVED_SEQUENCE,P1_CURRENT,STRUCTURAL_REVIEW_SEPARATE,SOURCE_SEMANTIC_AMBIGUITY,YES,P8H-S-0057,AMR
FY2025Q1,151,DIRECT_EXACT_INTERVAL|TARGET_DIFFERENT_ECONOMIC,NEED_LOCAL_LINEAGE_RECONCILIATION|NEED_TARGET_COLLISION_RESOLUTION,FY2025Q1: reconcile stored FY/FQ against direct exact fiscal anchor ; FY2025Q1: target FY/FQ collision requires reconciliation,YES,NO,FY_CONFLICT_DIRECT_EXACT|TARGET_COLLISION,P3_LATEST8Q,STRUCTURAL_REVIEW_SEPARATE,TARGET_DIFFERENT_ECONOMIC,YES,P8H-S-0058,AMSC
FY2025Q1,182,DIRECT_EXACT_INTERVAL|TARGET_DIFFERENT_ECONOMIC,NEED_LOCAL_LINEAGE_RECONCILIATION|NEED_TARGET_COLLISION_RESOLUTION,FY2025Q1: reconcile stored FY/FQ against direct exact fiscal anchor ; FY2025Q1: target FY/FQ collision requires reconciliation,YES,NO,FY_CONFLICT_DIRECT_EXACT|TARGET_COLLISION,P3_LATEST8Q,STRUCTURAL_REVIEW_SEPARATE,TARGET_DIFFERENT_ECONOMIC,YES,P8H-S-0059,APOG
FY2024Q4,182,DIRECT_EXACT_INTERVAL|TARGET_DIFFERENT_ECONOMIC,NEED_LOCAL_LINEAGE_RECONCILIATION|NEED_TARGET_COLLISION_RESOLUTION,FY2024Q4: reconcile stored FY/FQ against direct exact fiscal anchor ; FY2024Q4: target FY/FQ collision requires reconciliation,YES,NO,FY_CONFLICT_DIRECT_EXACT|TARGET_COLLISION,P3_LATEST8Q,STRUCTURAL_REVIEW_SEPARATE,TARGET_DIFFERENT_ECONOMIC,YES,P8H-S-0060,APOG
FY2024Q3,182,DIRECT_EXACT_INTERVAL|TARGET_DIFFERENT_ECONOMIC,NEED_LOCAL_LINEAGE_RECONCILIATION|NEED_TARGET_COLLISION_RESOLUTION,FY2024Q3: reconcile stored FY/FQ against direct exact fiscal anchor ; FY2024Q3: target FY/FQ collision requires reconciliation,YES,NO,FY_CONFLICT_DIRECT_EXACT|TARGET_COLLISION,P3_LATEST8Q,STRUCTURAL_REVIEW_SEPARATE,TARGET_DIFFERENT_ECONOMIC,YES,P8H-S-0061,APOG
FY2024Q2,182,DIRECT_EXACT_INTERVAL|TARGET_DIFFERENT_ECONOMIC,NEED_LOCAL_LINEAGE_RECONCILIATION|NEED_TARGET_COLLISION_RESOLUTION,FY2024Q2: reconcile stored FY/FQ against direct exact fiscal anchor ; FY2024Q2: target FY/FQ collision requires reconciliation,YES,NO,FY_CONFLICT_DIRECT_EXACT|TARGET_COLLISION,P3_LATEST8Q,STRUCTURAL_REVIEW_SEPARATE,TARGET_DIFFERENT_ECONOMIC,YES,P8H-S-0062,APOG
FY2025Q1,186,DIRECT_EXACT_INTERVAL|TARGET_DIFFERENT_ECONOMIC,NEED_LOCAL_LINEAGE_RECONCILIATION|NEED_TARGET_COLLISION_RESOLUTION,FY2025Q1: reconcile stored FY/FQ against direct exact fiscal anchor ; FY2025Q1: target FY/FQ collision requires reconciliation,YES,NO,FY_CONFLICT_DIRECT_EXACT|TARGET_COLLISION,P3_LATEST8Q,STRUCTURAL_REVIEW_SEPARATE,TARGET_DIFFERENT_ECONOMIC,YES,P8H-S-0063,APPS
FY2026Q2,194,UNRESOLVED|UNRESOLVED,NEED_OFFICIAL_FISCAL_YEAR_START|NEED_OFFICIAL_FY_FQ_IDENTITY|NEED_SOURCE_SEMANTICS_CONFIRMATION,FY2026Q2: need official fiscal year start and FY/FQ identity ; FY2026Q2: confirm sequence semantics,YES,NO,UNRESOLVED_BOUNDARY|UNRESOLVED_SEQUENCE,P1_CURRENT,STRUCTURAL_REVIEW_SEPARATE,SOURCE_SEMANTIC_AMBIGUITY,YES,P8H-S-0064,ARCB
FY2026Q1,194,UNRESOLVED|UNRESOLVED,NEED_OFFICIAL_FISCAL_YEAR_START|NEED_OFFICIAL_FY_FQ_IDENTITY|NEED_SOURCE_SEMANTICS_CONFIRMATION,FY2026Q1: need official fiscal year start and FY/FQ identity ; FY2026Q1: confirm sequence semantics,YES,NO,UNRESOLVED_BOUNDARY|UNRESOLVED_SEQUENCE,P1_CURRENT,STRUCTURAL_REVIEW_SEPARATE,SOURCE_SEMANTIC_AMBIGUITY,YES,P8H-S-0065,ARCB
FY2025Q3,204,DIRECT_EXACT_INTERVAL|TARGET_DIFFERENT_ECONOMIC,NEED_MISSING_QUARTER_SOURCE|NEED_TARGET_COLLISION_RESOLUTION,FY2025Q3: verify missing adjacent fiscal quarter source ; FY2025Q3: target FY/FQ collision requires reconciliation,NO,NO,MISSING_QUARTER|TARGET_COLLISION,P2_LATEST4Q,STRUCTURAL_REVIEW_SEPARATE,TARGET_DIFFERENT_ECONOMIC,YES,P8H-S-0066,ARMK
FY2025Q2,204,DIRECT_EXACT_INTERVAL|TARGET_DIFFERENT_ECONOMIC,NEED_MISSING_QUARTER_SOURCE|NEED_TARGET_COLLISION_RESOLUTION,FY2025Q2: verify missing adjacent fiscal quarter source ; FY2025Q2: target FY/FQ collision requires reconciliation,NO,NO,MISSING_QUARTER|TARGET_COLLISION,P3_LATEST8Q,STRUCTURAL_REVIEW_SEPARATE,TARGET_DIFFERENT_ECONOMIC,YES,P8H-S-0067,ARMK
FY2026Q1,210,UNRESOLVED|UNRESOLVED,NEED_CAPEX|NEED_FIRST_PUBLIC_RESULT_DATE|NEED_GROSS_PROFIT|NEED_OFFICIAL_FISCAL_YEAR_START|NEED_OFFICIAL_FY_FQ_IDENTITY|NEED_SOURCE_SEMANTICS_CONFIRMATION,FY2026Q1: need Gross Profit ; FY2026Q1: need Capex ; FY2026Q1: need official fiscal year start and FY/FQ identity ; FY2026Q1: need first-public result date ; FY2026Q1: confirm sequence semantics,YES,NO,PUBLISH_DATE_MISSING|SECONDARY_FIELDS_INCOMPLETE|UNRESOLVED_BOUNDARY|UNRESOLVED_SEQUENCE,P1_CURRENT,STRUCTURAL_REVIEW_SEPARATE,SOURCE_SEMANTIC_AMBIGUITY,YES,P8H-S-0068,ARTL
FY2025Q1,214,DIRECT_EXACT_INTERVAL|TARGET_DIFFERENT_ECONOMIC,NEED_FIRST_PUBLIC_RESULT_DATE|NEED_LOCAL_LINEAGE_RECONCILIATION|NEED_TARGET_COLLISION_RESOLUTION,FY2025Q1: reconcile stored FY/FQ against direct exact fiscal anchor ; FY2025Q1: need first-public result date ; FY2025Q1: target FY/FQ collision requires reconciliation,YES,NO,FY_CONFLICT_DIRECT_EXACT|PUBLISH_SEQUENCE_CONFLICT|TARGET_COLLISION,P3_LATEST8Q,STRUCTURAL_REVIEW_SEPARATE,TARGET_DIFFERENT_ECONOMIC,YES,P8H-S-0069,ASAN
FY2026Q1,220,UNRESOLVED|UNRESOLVED,NEED_OFFICIAL_FISCAL_YEAR_START|NEED_OFFICIAL_FY_FQ_IDENTITY|NEED_SOURCE_SEMANTICS_CONFIRMATION,FY2026Q1: need official fiscal year start and FY/FQ identity ; FY2026Q1: confirm sequence semantics,YES,NO,UNRESOLVED_BOUNDARY|UNRESOLVED_SEQUENCE,P1_CURRENT,STRUCTURAL_REVIEW_SEPARATE,SOURCE_SEMANTIC_AMBIGUITY,YES,P8H-S-0070,ASPI
FY2026Q1,223,UNRESOLVED|UNRESOLVED,NEED_OFFICIAL_FISCAL_YEAR_START|NEED_OFFICIAL_FY_FQ_IDENTITY|NEED_SOURCE_SEMANTICS_CONFIRMATION,FY2026Q1: need official fiscal year start and FY/FQ identity ; FY2026Q1: confirm sequence semantics,YES,NO,UNRESOLVED_BOUNDARY|UNRESOLVED_SEQUENCE,P1_CURRENT,STRUCTURAL_REVIEW_SEPARATE,SOURCE_SEMANTIC_AMBIGUITY,YES,P8H-S-0071,ASTH
FY2026Q2,224,UNRESOLVED|UNRESOLVED,NEED_CAPEX|NEED_FIRST_PUBLIC_RESULT_DATE|NEED_OFFICIAL_FISCAL_YEAR_START|NEED_OFFICIAL_FY_FQ_IDENTITY|NEED_SOURCE_SEMANTICS_CONFIRMATION,FY2026Q2: need Capex ; FY2026Q2: need official fiscal year start and FY/FQ identity ; FY2026Q2: need first-public result date ; FY2026Q2: confirm sequence semantics,YES,NO,PUBLISH_DATE_MISSING|SECONDARY_FIELDS_INCOMPLETE|UNRESOLVED_BOUNDARY|UNRESOLVED_SEQUENCE,P1_CURRENT,STRUCTURAL_REVIEW_SEPARATE,SOURCE_SEMANTIC_AMBIGUITY,YES,P8H-S-0072,ASTI
FY2026Q1,224,UNRESOLVED|UNRESOLVED,NEED_OFFICIAL_FISCAL_YEAR_START|NEED_OFFICIAL_FY_FQ_IDENTITY|NEED_SOURCE_SEMANTICS_CONFIRMATION,FY2026Q1: need official fiscal year start and FY/FQ identity ; FY2026Q1: confirm sequence semantics,YES,NO,UNRESOLVED_BOUNDARY|UNRESOLVED_SEQUENCE,P1_CURRENT,STRUCTURAL_REVIEW_SEPARATE,SOURCE_SEMANTIC_AMBIGUITY,YES,P8H-S-0073,ASTI
FY2026Q1,225,UNRESOLVED|UNRESOLVED,NEED_OFFICIAL_FISCAL_YEAR_START|NEED_OFFICIAL_FY_FQ_IDENTITY|NEED_SOURCE_SEMANTICS_CONFIRMATION,FY2026Q1: need official fiscal year start and FY/FQ identity ; FY2026Q1: confirm sequence semantics,YES,NO,UNRESOLVED_BOUNDARY|UNRESOLVED_SEQUENCE,P1_CURRENT,STRUCTURAL_REVIEW_SEPARATE,SOURCE_SEMANTIC_AMBIGUITY,YES,P8H-S-0074,ASTS
FY2025Q3,230,DIRECT_EXACT_INTERVAL|TARGET_DIFFERENT_ECONOMIC,NEED_MISSING_QUARTER_SOURCE|NEED_TARGET_COLLISION_RESOLUTION,FY2025Q3: verify missing adjacent fiscal quarter source ; FY2025Q3: target FY/FQ collision requires reconciliation,NO,NO,MISSING_QUARTER|TARGET_COLLISION,P2_LATEST4Q,STRUCTURAL_REVIEW_SEPARATE,TARGET_DIFFERENT_ECONOMIC,YES,P8H-S-0075,ATI
FY2025Q2,230,DIRECT_EXACT_INTERVAL|TARGET_DIFFERENT_ECONOMIC,NEED_TARGET_COLLISION_RESOLUTION,FY2025Q2: target FY/FQ collision requires reconciliation,NO,NO,TARGET_COLLISION,P3_LATEST8Q,STRUCTURAL_REVIEW_SEPARATE,TARGET_DIFFERENT_ECONOMIC,YES,P8H-S-0076,ATI
FY2025Q1,230,DIRECT_EXACT_INTERVAL|TARGET_DIFFERENT_ECONOMIC,NEED_MISSING_QUARTER_SOURCE|NEED_TARGET_COLLISION_RESOLUTION,FY2025Q1: verify missing adjacent fiscal quarter source ; FY2025Q1: target FY/FQ collision requires reconciliation,NO,NO,MISSING_QUARTER|TARGET_COLLISION,P3_LATEST8Q,STRUCTURAL_REVIEW_SEPARATE,TARGET_DIFFERENT_ECONOMIC,YES,P8H-S-0077,ATI
FY2026Q1,236,UNRESOLVED|UNRESOLVED,NEED_OFFICIAL_FISCAL_YEAR_START|NEED_OFFICIAL_FY_FQ_IDENTITY|NEED_SOURCE_SEMANTICS_CONFIRMATION,FY2026Q1: need official fiscal year start and FY/FQ identity ; FY2026Q1: confirm sequence semantics,YES,NO,UNRESOLVED_BOUNDARY|UNRESOLVED_SEQUENCE,P1_CURRENT,STRUCTURAL_REVIEW_SEPARATE,SOURCE_SEMANTIC_AMBIGUITY,YES,P8H-S-0078,ATPC
FY2026Q1,245,UNRESOLVED|UNRESOLVED,NEED_OFFICIAL_FISCAL_YEAR_START|NEED_OFFICIAL_FY_FQ_IDENTITY|NEED_SOURCE_SEMANTICS_CONFIRMATION,FY2026Q1: need official fiscal year start and FY/FQ identity ; FY2026Q1: confirm sequence semantics,YES,NO,UNRESOLVED_BOUNDARY|UNRESOLVED_SEQUENCE,P1_CURRENT,STRUCTURAL_REVIEW_SEPARATE,SOURCE_SEMANTIC_AMBIGUITY,YES,P8H-S-0079,AUTL
FY2026Q1,247,UNRESOLVED|UNRESOLVED,NEED_OFFICIAL_FISCAL_YEAR_START|NEED_OFFICIAL_FY_FQ_IDENTITY|NEED_SOURCE_SEMANTICS_CONFIRMATION,FY2026Q1: need official fiscal year start and FY/FQ identity ; FY2026Q1: confirm sequence semantics,YES,NO,UNRESOLVED_BOUNDARY|UNRESOLVED_SEQUENCE,P1_CURRENT,STRUCTURAL_REVIEW_SEPARATE,SOURCE_SEMANTIC_AMBIGUITY,YES,P8H-S-0080,AVA
FY2025Q3,248,DIRECT_EXACT_INTERVAL|TARGET_DIFFERENT_ECONOMIC,NEED_MISSING_QUARTER_SOURCE|NEED_TARGET_COLLISION_RESOLUTION,FY2025Q3: verify missing adjacent fiscal quarter source ; FY2025Q3: target FY/FQ collision requires reconciliation,YES,NO,MISSING_QUARTER|TARGET_COLLISION,P2_LATEST4Q,STRUCTURAL_REVIEW_SEPARATE,TARGET_DIFFERENT_ECONOMIC,YES,P8H-S-0081,AVAH
FY2025Q2,248,DIRECT_EXACT_INTERVAL|TARGET_DIFFERENT_ECONOMIC,NEED_TARGET_COLLISION_RESOLUTION,FY2025Q2: target FY/FQ collision requires reconciliation,YES,NO,TARGET_COLLISION,P3_LATEST8Q,STRUCTURAL_REVIEW_SEPARATE,TARGET_DIFFERENT_ECONOMIC,YES,P8H-S-0082,AVAH
FY2025Q1,248,DIRECT_EXACT_INTERVAL|TARGET_DIFFERENT_ECONOMIC,NEED_MISSING_QUARTER_SOURCE|NEED_TARGET_COLLISION_RESOLUTION,FY2025Q1: verify missing adjacent fiscal quarter source ; FY2025Q1: target FY/FQ collision requires reconciliation,YES,NO,MISSING_QUARTER|TARGET_COLLISION,P3_LATEST8Q,STRUCTURAL_REVIEW_SEPARATE,TARGET_DIFFERENT_ECONOMIC,YES,P8H-S-0083,AVAH
FY2024Q2,253,DIRECT_EXACT_INTERVAL|TARGET_DIFFERENT_ECONOMIC,NEED_TARGET_COLLISION_RESOLUTION,FY2024Q2: target FY/FQ collision requires reconciliation,NO,NO,TARGET_COLLISION,P3_LATEST8Q,STRUCTURAL_REVIEW_SEPARATE,TARGET_DIFFERENT_ECONOMIC,YES,P8H-S-0084,AVGO
FY2025Q3,257,DIRECT_EXACT_INTERVAL|TARGET_DIFFERENT_ECONOMIC,NEED_MISSING_QUARTER_SOURCE|NEED_TARGET_COLLISION_RESOLUTION,FY2025Q3: verify missing adjacent fiscal quarter source ; FY2025Q3: target FY/FQ collision requires reconciliation,YES,NO,MISSING_QUARTER|TARGET_COLLISION,P3_LATEST8Q,STRUCTURAL_REVIEW_SEPARATE,TARGET_DIFFERENT_ECONOMIC,YES,P8H-S-0085,AVNW
FY2026Q2,260,DIRECT_EXACT_INTERVAL|TARGET_DIFFERENT_ECONOMIC,NEED_TARGET_COLLISION_RESOLUTION,FY2026Q2: target FY/FQ collision requires reconciliation,YES,NO,TARGET_COLLISION,P1_CURRENT,STRUCTURAL_REVIEW_SEPARATE,TARGET_DIFFERENT_ECONOMIC,YES,P8H-S-0086,AVT
FY2026Q1,260,DIRECT_EXACT_INTERVAL|TARGET_DIFFERENT_ECONOMIC,NEED_TARGET_COLLISION_RESOLUTION,FY2026Q1: target FY/FQ collision requires reconciliation,YES,NO,TARGET_COLLISION,P1_CURRENT,STRUCTURAL_REVIEW_SEPARATE,TARGET_DIFFERENT_ECONOMIC,YES,P8H-S-0087,AVT
FY2025Q4,260,DIRECT_EXACT_INTERVAL|TARGET_DIFFERENT_ECONOMIC,NEED_LOCAL_LINEAGE_RECONCILIATION|NEED_OFFICIAL_PERIOD_END|NEED_TARGET_COLLISION_RESOLUTION,FY2025Q4: reconcile stored FY/FQ against direct exact fiscal anchor ; FY2025Q4: need official period_end ; FY2025Q4: target FY/FQ collision requires reconciliation,YES,NO,FY_CONFLICT_DIRECT_EXACT|PERIOD_END_FISCAL_SLOT_CONFLICT|TARGET_COLLISION,P1_CURRENT,STRUCTURAL_REVIEW_SEPARATE,TARGET_DIFFERENT_ECONOMIC,YES,P8H-S-0088,AVT
FY2025Q3,260,DIRECT_EXACT_INTERVAL|TARGET_DIFFERENT_ECONOMIC,NEED_MISSING_QUARTER_SOURCE|NEED_TARGET_COLLISION_RESOLUTION,FY2025Q3: verify missing adjacent fiscal quarter source ; FY2025Q3: target FY/FQ collision requires reconciliation,YES,NO,MISSING_QUARTER|TARGET_COLLISION,P3_LATEST8Q,STRUCTURAL_REVIEW_SEPARATE,TARGET_DIFFERENT_ECONOMIC,YES,P8H-S-0089,AVT
FY2025Q4,264,DIRECT_EXACT_INTERVAL|TARGET_SELF,NEED_OFFICIAL_PERIOD_END|NEED_SOURCE_SEMANTICS_CONFIRMATION|NEED_TRANSITION_CALENDAR_EVIDENCE,FY2025Q4: need transition/stub calendar decision ; FY2025Q4: need official period_end ; FY2025Q4: confirm sequence semantics,YES,NO,PERIOD_END_TRANSITION_REVIEW|TRANSITION_REVIEW|TRANSITION_SEQUENCE,P1_CURRENT,STRUCTURAL_REVIEW_SEPARATE,CALENDAR_TRANSITION,YES,P8H-S-0090,AVY
FY2025Q3,264,DIRECT_EXACT_INTERVAL|TARGET_DIFFERENT_ECONOMIC,NEED_OFFICIAL_PERIOD_END|NEED_SOURCE_SEMANTICS_CONFIRMATION|NEED_TARGET_COLLISION_RESOLUTION|NEED_TRANSITION_CALENDAR_EVIDENCE,FY2025Q3: need transition/stub calendar decision ; FY2025Q3: need official period_end ; FY2025Q3: confirm sequence semantics ; FY2025Q3: target FY/FQ collision requires reconciliation,YES,NO,PERIOD_END_TRANSITION_REVIEW|TARGET_COLLISION|TRANSITION_REVIEW|TRANSITION_SEQUENCE,P1_CURRENT,STRUCTURAL_REVIEW_SEPARATE,CALENDAR_TRANSITION,YES,P8H-S-0091,AVY
FY2025Q2,264,DIRECT_EXACT_INTERVAL|TARGET_DIFFERENT_ECONOMIC,NEED_OFFICIAL_PERIOD_END|NEED_SOURCE_SEMANTICS_CONFIRMATION|NEED_TARGET_COLLISION_RESOLUTION|NEED_TRANSITION_CALENDAR_EVIDENCE,FY2025Q2: need transition/stub calendar decision ; FY2025Q2: need official period_end ; FY2025Q2: confirm sequence semantics ; FY2025Q2: target FY/FQ collision requires reconciliation,YES,NO,PERIOD_END_TRANSITION_REVIEW|TARGET_COLLISION|TRANSITION_REVIEW|TRANSITION_SEQUENCE,P3_LATEST8Q,STRUCTURAL_REVIEW_SEPARATE,CALENDAR_TRANSITION,YES,P8H-S-0092,AVY
FY2025Q1,264,DIRECT_EXACT_INTERVAL|TARGET_DIFFERENT_ECONOMIC,NEED_EBIT|NEED_OFFICIAL_PERIOD_END|NEED_SOURCE_SEMANTICS_CONFIRMATION|NEED_TARGET_COLLISION_RESOLUTION|NEED_TRANSITION_CALENDAR_EVIDENCE,FY2025Q1: need EBIT ; FY2025Q1: need transition/stub calendar decision ; FY2025Q1: need official period_end ; FY2025Q1: confirm sequence semantics ; FY2025Q1: target FY/FQ collision requires reconciliation ; FY2025Q1: Need approved issuer/company-specific EBIT rule; do not blanket map Operating Income,YES,NO,PERIOD_END_TRANSITION_REVIEW|PRIMARY_CORE_INCOMPLETE|TARGET_COLLISION|TRANSITION_REVIEW|TRANSITION_SEQUENCE,P3_LATEST8Q,STRUCTURAL_REVIEW_SEPARATE,CALENDAR_TRANSITION,YES,P8H-S-0093,AVY
FY2026Q1,274,UNRESOLVED|UNRESOLVED,NEED_OFFICIAL_FISCAL_YEAR_START|NEED_OFFICIAL_FY_FQ_IDENTITY|NEED_SOURCE_SEMANTICS_CONFIRMATION,FY2026Q1: need official fiscal year start and FY/FQ identity ; FY2026Q1: confirm sequence semantics,YES,NO,UNRESOLVED_BOUNDARY|UNRESOLVED_SEQUENCE,P1_CURRENT,STRUCTURAL_REVIEW_SEPARATE,SOURCE_SEMANTIC_AMBIGUITY,YES,P8H-S-0094,AYTU
FY2025Q4,274,UNRESOLVED|UNRESOLVED,NEED_OFFICIAL_FISCAL_YEAR_START|NEED_OFFICIAL_FY_FQ_IDENTITY|NEED_SOURCE_SEMANTICS_CONFIRMATION,FY2025Q4: need official fiscal year start and FY/FQ identity ; FY2025Q4: confirm sequence semantics,YES,NO,UNRESOLVED_BOUNDARY|UNRESOLVED_SEQUENCE,P1_CURRENT,STRUCTURAL_REVIEW_SEPARATE,SOURCE_SEMANTIC_AMBIGUITY,YES,P8H-S-0095,AYTU
FY2025Q3,274,UNRESOLVED|UNRESOLVED,NEED_OFFICIAL_FISCAL_YEAR_START|NEED_OFFICIAL_FY_FQ_IDENTITY|NEED_SOURCE_SEMANTICS_CONFIRMATION,FY2025Q3: need official fiscal year start and FY/FQ identity ; FY2025Q3: confirm sequence semantics,YES,NO,UNRESOLVED_BOUNDARY|UNRESOLVED_SEQUENCE,P1_CURRENT,STRUCTURAL_REVIEW_SEPARATE,SOURCE_SEMANTIC_AMBIGUITY,YES,P8H-S-0096,AYTU
FY2025Q2,274,DIRECT_EXACT_INTERVAL|TARGET_DIFFERENT_ECONOMIC,NEED_LOCAL_LINEAGE_RECONCILIATION|NEED_TARGET_COLLISION_RESOLUTION,FY2025Q2: reconcile stored FY/FQ against direct exact fiscal anchor ; FY2025Q2: target FY/FQ collision requires reconciliation,YES,NO,FQ_CONFLICT_DIRECT_EXACT|TARGET_COLLISION,P1_CURRENT,STRUCTURAL_REVIEW_SEPARATE,TARGET_DIFFERENT_ECONOMIC,YES,P8H-S-0097,AYTU
FY2025Q1,274,DIRECT_EXACT_INTERVAL|TARGET_DIFFERENT_ECONOMIC,NEED_LOCAL_LINEAGE_RECONCILIATION|NEED_TARGET_COLLISION_RESOLUTION,FY2025Q1: reconcile stored FY/FQ against direct exact fiscal anchor ; FY2025Q1: target FY/FQ collision requires reconciliation,YES,NO,FQ_CONFLICT_DIRECT_EXACT|TARGET_COLLISION,P3_LATEST8Q,STRUCTURAL_REVIEW_SEPARATE,TARGET_DIFFERENT_ECONOMIC,YES,P8H-S-0098,AYTU
FY2024Q4,274,DIRECT_EXACT_INTERVAL|TARGET_DIFFERENT_ECONOMIC,NEED_EBITDA|NEED_LOCAL_LINEAGE_RECONCILIATION|NEED_TARGET_COLLISION_RESOLUTION,FY2024Q4: need EBITDA ; FY2024Q4: reconcile stored FY/FQ against direct exact fiscal anchor ; FY2024Q4: target FY/FQ collision requires reconciliation,YES,NO,FY_CONFLICT_DIRECT_EXACT|SECONDARY_FIELDS_INCOMPLETE|TARGET_COLLISION,P3_LATEST8Q,STRUCTURAL_REVIEW_SEPARATE,TARGET_DIFFERENT_ECONOMIC,YES,P8H-S-0099,AYTU
FY2025Q1,277,DIRECT_EXACT_INTERVAL|TARGET_DIFFERENT_ECONOMIC,NEED_LOCAL_LINEAGE_RECONCILIATION|NEED_TARGET_COLLISION_RESOLUTION,FY2025Q1: reconcile stored FY/FQ against direct exact fiscal anchor ; FY2025Q1: target FY/FQ collision requires reconciliation,NO,NO,FY_CONFLICT_DIRECT_EXACT|TARGET_COLLISION,P3_LATEST8Q,STRUCTURAL_REVIEW_SEPARATE,TARGET_DIFFERENT_ECONOMIC,YES,P8H-S-0100,AZZ
FY2025Q1,280,DIRECT_EXACT_INTERVAL|TARGET_DIFFERENT_ECONOMIC,NEED_LOCAL_LINEAGE_RECONCILIATION|NEED_TARGET_COLLISION_RESOLUTION,FY2025Q1: reconcile stored FY/FQ against direct exact fiscal anchor ; FY2025Q1: target FY/FQ collision requires reconciliation,YES,NO,FY_CONFLICT_DIRECT_EXACT|TARGET_COLLISION,P3_LATEST8Q,STRUCTURAL_REVIEW_SEPARATE,TARGET_DIFFERENT_ECONOMIC,YES,P8H-S-0101,BAH
FY2025Q1,285,DIRECT_EXACT_INTERVAL|TARGET_DIFFERENT_ECONOMIC,NEED_LOCAL_LINEAGE_RECONCILIATION|NEED_TARGET_COLLISION_RESOLUTION,FY2025Q1: reconcile stored FY/FQ against direct exact fiscal anchor ; FY2025Q1: target FY/FQ collision requires reconciliation,NO,NO,FY_CONFLICT_DIRECT_EXACT|TARGET_COLLISION,P3_LATEST8Q,STRUCTURAL_REVIEW_SEPARATE,TARGET_DIFFERENT_ECONOMIC,YES,P8H-S-0102,BB
FY2024Q1,285,DIRECT_EXACT_INTERVAL|TARGET_DIFFERENT_ECONOMIC,NEED_LOCAL_LINEAGE_RECONCILIATION|NEED_TARGET_COLLISION_RESOLUTION,FY2024Q1: reconcile stored FY/FQ against direct exact fiscal anchor ; FY2024Q1: target FY/FQ collision requires reconciliation,NO,NO,FY_CONFLICT_DIRECT_EXACT|TARGET_COLLISION,P3_LATEST8Q,STRUCTURAL_REVIEW_SEPARATE,TARGET_DIFFERENT_ECONOMIC,YES,P8H-S-0103,BB
FY2026Q1,290,UNRESOLVED|UNRESOLVED,NEED_CAPEX|NEED_DEBT|NEED_GROSS_PROFIT|NEED_OFFICIAL_FISCAL_YEAR_START|NEED_OFFICIAL_FY_FQ_IDENTITY|NEED_SOURCE_SEMANTICS_CONFIRMATION,FY2026Q1: need Debt ; FY2026Q1: need Gross Profit ; FY2026Q1: need Capex ; FY2026Q1: need official fiscal year start and FY/FQ identity ; FY2026Q1: confirm sequence semantics,YES,NO,PRIMARY_CORE_INCOMPLETE|SECONDARY_FIELDS_INCOMPLETE|UNRESOLVED_BOUNDARY|UNRESOLVED_SEQUENCE,P1_CURRENT,STRUCTURAL_REVIEW_SEPARATE,SOURCE_SEMANTIC_AMBIGUITY,YES,P8H-S-0104,BBLG
FY2027Q1,293,UNRESOLVED|UNRESOLVED,NEED_DEBT|NEED_EBIT|NEED_EBITDA|NEED_GROSS_PROFIT|NEED_NET_INCOME|NEED_OFFICIAL_FISCAL_YEAR_START|NEED_OFFICIAL_FY_FQ_IDENTITY|NEED_OPERATING_INCOME|NEED_SHARES|NEED_SOURCE_SEMANTICS_CONFIRMATION,FY2027Q1: need EBIT ; FY2027Q1: need Debt ; FY2027Q1: need Shares ; FY2027Q1: need Gross Profit ; FY2027Q1: need Operating Income ; FY2027Q1: need EBITDA ; FY2027Q1: need Net Income ; FY2027Q1: need official fiscal year start and FY/FQ identity ; FY2027Q1: confirm sequence semantics,YES,NO,PRIMARY_CORE_INCOMPLETE|SECONDARY_FIELDS_INCOMPLETE|UNRESOLVED_BOUNDARY|UNRESOLVED_SEQUENCE,P1_CURRENT,STRUCTURAL_REVIEW_SEPARATE,SOURCE_SEMANTIC_AMBIGUITY,YES,P8H-S-0105,BBW
FY2026Q1,293,UNRESOLVED|UNRESOLVED,NEED_FIRST_PUBLIC_RESULT_DATE|NEED_OFFICIAL_FISCAL_YEAR_START|NEED_OFFICIAL_FY_FQ_IDENTITY|NEED_SOURCE_SEMANTICS_CONFIRMATION,FY2026Q1: need official fiscal year start and FY/FQ identity ; FY2026Q1: need first-public result date ; FY2026Q1: confirm sequence semantics,YES,NO,PUBLISH_DATE_MISSING|UNRESOLVED_BOUNDARY|UNRESOLVED_SEQUENCE,P1_CURRENT,STRUCTURAL_REVIEW_SEPARATE,SOURCE_SEMANTIC_AMBIGUITY,YES,P8H-S-0106,BBW
FY2025Q1,293,DIRECT_EXACT_INTERVAL|TARGET_DIFFERENT_ECONOMIC,NEED_LOCAL_LINEAGE_RECONCILIATION|NEED_TARGET_COLLISION_RESOLUTION,FY2025Q1: reconcile stored FY/FQ against direct exact fiscal anchor ; FY2025Q1: target FY/FQ collision requires reconciliation,YES,NO,FY_CONFLICT_DIRECT_EXACT|TARGET_COLLISION,P3_LATEST8Q,STRUCTURAL_REVIEW_SEPARATE,TARGET_DIFFERENT_ECONOMIC,YES,P8H-S-0107,BBW
FY2024Q4,293,DIRECT_EXACT_INTERVAL|TARGET_DIFFERENT_ECONOMIC,NEED_EBIT|NEED_LOCAL_LINEAGE_RECONCILIATION|NEED_SOURCE_SEMANTICS_CONFIRMATION|NEED_TARGET_COLLISION_RESOLUTION,FY2024Q4: need EBIT ; FY2024Q4: reconcile stored FY/FQ against direct exact fiscal anchor ; FY2024Q4: target FY/FQ collision requires reconciliation ; FY2024Q4: Need approved issuer/company-specific EBIT rule; do not blanket map Operating Income,YES,NO,FY_CONFLICT_DIRECT_EXACT|PRIMARY_CORE_INCOMPLETE|TARGET_COLLISION,P3_LATEST8Q,STRUCTURAL_REVIEW_SEPARATE,TARGET_DIFFERENT_ECONOMIC,YES,P8H-S-0108,BBW
FY2024Q3,293,DIRECT_EXACT_INTERVAL|TARGET_DIFFERENT_ECONOMIC,NEED_DEBT|NEED_EBIT|NEED_EBITDA|NEED_LOCAL_LINEAGE_RECONCILIATION|NEED_SOURCE_SEMANTICS_CONFIRMATION|NEED_TARGET_COLLISION_RESOLUTION,FY2024Q3: need EBIT ; FY2024Q3: need Debt ; FY2024Q3: need EBITDA ; FY2024Q3: reconcile stored FY/FQ against direct exact fiscal anchor ; FY2024Q3: target FY/FQ collision requires reconciliation ; FY2024Q3: Need approved issuer/company-specific EBIT rule; do not blanket map Operating Income,YES,NO,FY_CONFLICT_DIRECT_EXACT|PRIMARY_CORE_INCOMPLETE|SECONDARY_FIELDS_INCOMPLETE|TARGET_COLLISION,P3_LATEST8Q,STRUCTURAL_REVIEW_SEPARATE,TARGET_DIFFERENT_ECONOMIC,YES,P8H-S-0109,BBW
FY2025Q1,295,DIRECT_EXACT_INTERVAL|TARGET_DIFFERENT_ECONOMIC,NEED_LOCAL_LINEAGE_RECONCILIATION|NEED_TARGET_COLLISION_RESOLUTION,FY2025Q1: reconcile stored FY/FQ against direct exact fiscal anchor ; FY2025Q1: target FY/FQ collision requires reconciliation,YES,NO,FY_CONFLICT_DIRECT_EXACT|TARGET_COLLISION,P3_LATEST8Q,STRUCTURAL_REVIEW_SEPARATE,TARGET_DIFFERENT_ECONOMIC,YES,P8H-S-0110,BBY
FY2024Q4,295,DIRECT_EXACT_INTERVAL|TARGET_DIFFERENT_ECONOMIC,NEED_EBIT|NEED_LOCAL_LINEAGE_RECONCILIATION|NEED_SOURCE_SEMANTICS_CONFIRMATION|NEED_TARGET_COLLISION_RESOLUTION,FY2024Q4: need EBIT ; FY2024Q4: reconcile stored FY/FQ against direct exact fiscal anchor ; FY2024Q4: target FY/FQ collision requires reconciliation ; FY2024Q4: Need approved issuer/company-specific EBIT rule; do not blanket map Operating Income,YES,NO,FY_CONFLICT_DIRECT_EXACT|PRIMARY_CORE_INCOMPLETE|TARGET_COLLISION,P3_LATEST8Q,STRUCTURAL_REVIEW_SEPARATE,TARGET_DIFFERENT_ECONOMIC,YES,P8H-S-0111,BBY
FY2026Q1,305,UNRESOLVED|UNRESOLVED,NEED_OFFICIAL_FISCAL_YEAR_START|NEED_OFFICIAL_FY_FQ_IDENTITY|NEED_SOURCE_SEMANTICS_CONFIRMATION,FY2026Q1: need official fiscal year start and FY/FQ identity ; FY2026Q1: confirm sequence semantics,YES,NO,UNRESOLVED_BOUNDARY|UNRESOLVED_SEQUENCE,P1_CURRENT,STRUCTURAL_REVIEW_SEPARATE,SOURCE_SEMANTIC_AMBIGUITY,YES,P8H-S-0112,BDN
FY2025Q3,319,DIRECT_EXACT_INTERVAL|TARGET_DIFFERENT_ECONOMIC,NEED_MISSING_QUARTER_SOURCE|NEED_TARGET_COLLISION_RESOLUTION,FY2025Q3: verify missing adjacent fiscal quarter source ; FY2025Q3: target FY/FQ collision requires reconciliation,NO,NO,MISSING_QUARTER|TARGET_COLLISION,P2_LATEST4Q,STRUCTURAL_REVIEW_SEPARATE,TARGET_DIFFERENT_ECONOMIC,YES,P8H-S-0113,BGS
FY2025Q2,319,DIRECT_EXACT_INTERVAL|TARGET_DIFFERENT_ECONOMIC,NEED_TARGET_COLLISION_RESOLUTION,FY2025Q2: target FY/FQ collision requires reconciliation,NO,NO,TARGET_COLLISION,P2_LATEST4Q,STRUCTURAL_REVIEW_SEPARATE,TARGET_DIFFERENT_ECONOMIC,YES,P8H-S-0114,BGS
FY2025Q1,319,DIRECT_EXACT_INTERVAL|TARGET_DIFFERENT_ECONOMIC,NEED_MISSING_QUARTER_SOURCE|NEED_TARGET_COLLISION_RESOLUTION,FY2025Q1: verify missing adjacent fiscal quarter source ; FY2025Q1: target FY/FQ collision requires reconciliation,NO,NO,MISSING_QUARTER|TARGET_COLLISION,P3_LATEST8Q,STRUCTURAL_REVIEW_SEPARATE,TARGET_DIFFERENT_ECONOMIC,YES,P8H-S-0115,BGS
FY2025Q3,340,DIRECT_EXACT_INTERVAL|TARGET_DIFFERENT_ECONOMIC,NEED_MISSING_QUARTER_SOURCE|NEED_TARGET_COLLISION_RESOLUTION,FY2025Q3: verify missing adjacent fiscal quarter source ; FY2025Q3: target FY/FQ collision requires reconciliation,YES,NO,MISSING_QUARTER|TARGET_COLLISION,P3_LATEST8Q,STRUCTURAL_REVIEW_SEPARATE,TARGET_DIFFERENT_ECONOMIC,YES,P8H-S-0116,BLBD
FY2025Q2,340,DIRECT_EXACT_INTERVAL|TARGET_DIFFERENT_ECONOMIC,NEED_MISSING_QUARTER_SOURCE|NEED_TARGET_COLLISION_RESOLUTION,FY2025Q2: verify missing adjacent fiscal quarter source ; FY2025Q2: target FY/FQ collision requires reconciliation,YES,NO,MISSING_QUARTER|TARGET_COLLISION,P3_LATEST8Q,STRUCTURAL_REVIEW_SEPARATE,TARGET_DIFFERENT_ECONOMIC,YES,P8H-S-0117,BLBD
FY2025Q3,346,DIRECT_EXACT_INTERVAL|TARGET_DIFFERENT_ECONOMIC,NEED_MISSING_QUARTER_SOURCE|NEED_TARGET_COLLISION_RESOLUTION,FY2025Q3: verify missing adjacent fiscal quarter source ; FY2025Q3: target FY/FQ collision requires reconciliation,NO,NO,MISSING_QUARTER|TARGET_COLLISION,P2_LATEST4Q,STRUCTURAL_REVIEW_SEPARATE,TARGET_DIFFERENT_ECONOMIC,YES,P8H-S-0118,BLMN
FY2025Q2,346,DIRECT_EXACT_INTERVAL|TARGET_DIFFERENT_ECONOMIC,NEED_MISSING_QUARTER_SOURCE|NEED_TARGET_COLLISION_RESOLUTION,FY2025Q2: verify missing adjacent fiscal quarter source ; FY2025Q2: target FY/FQ collision requires reconciliation,NO,NO,MISSING_QUARTER|TARGET_COLLISION,P3_LATEST8Q,STRUCTURAL_REVIEW_SEPARATE,TARGET_DIFFERENT_ECONOMIC,YES,P8H-S-0119,BLMN
FY2026Q2,348,UNRESOLVED|UNRESOLVED,NEED_FIRST_PUBLIC_RESULT_DATE|NEED_OFFICIAL_FISCAL_YEAR_START|NEED_OFFICIAL_FY_FQ_IDENTITY|NEED_SOURCE_SEMANTICS_CONFIRMATION,FY2026Q2: need official fiscal year start and FY/FQ identity ; FY2026Q2: need first-public result date ; FY2026Q2: confirm sequence semantics,YES,NO,PUBLISH_DATE_MISSING|UNRESOLVED_BOUNDARY|UNRESOLVED_SEQUENCE,P1_CURRENT,STRUCTURAL_REVIEW_SEPARATE,SOURCE_SEMANTIC_AMBIGUITY,YES,P8H-S-0120,BLNK
FY2026Q1,348,UNRESOLVED|UNRESOLVED,NEED_OFFICIAL_FISCAL_YEAR_START|NEED_OFFICIAL_FY_FQ_IDENTITY|NEED_SOURCE_SEMANTICS_CONFIRMATION,FY2026Q1: need official fiscal year start and FY/FQ identity ; FY2026Q1: confirm sequence semantics,YES,NO,UNRESOLVED_BOUNDARY|UNRESOLVED_SEQUENCE,P1_CURRENT,STRUCTURAL_REVIEW_SEPARATE,SOURCE_SEMANTIC_AMBIGUITY,YES,P8H-S-0121,BLNK
FY2026Q2,350,UNRESOLVED|UNRESOLVED,NEED_FIRST_PUBLIC_RESULT_DATE|NEED_OFFICIAL_FISCAL_YEAR_START|NEED_OFFICIAL_FY_FQ_IDENTITY|NEED_SOURCE_SEMANTICS_CONFIRMATION,FY2026Q2: need official fiscal year start and FY/FQ identity ; FY2026Q2: need first-public result date ; FY2026Q2: confirm sequence semantics,YES,NO,PUBLISH_DATE_MISSING|UNRESOLVED_BOUNDARY|UNRESOLVED_SEQUENCE,P1_CURRENT,STRUCTURAL_REVIEW_SEPARATE,SOURCE_SEMANTIC_AMBIGUITY,YES,P8H-S-0122,BMBL
FY2026Q1,350,UNRESOLVED|UNRESOLVED,NEED_OFFICIAL_FISCAL_YEAR_START|NEED_OFFICIAL_FY_FQ_IDENTITY|NEED_SOURCE_SEMANTICS_CONFIRMATION,FY2026Q1: need official fiscal year start and FY/FQ identity ; FY2026Q1: confirm sequence semantics,YES,NO,UNRESOLVED_BOUNDARY|UNRESOLVED_SEQUENCE,P1_CURRENT,STRUCTURAL_REVIEW_SEPARATE,SOURCE_SEMANTIC_AMBIGUITY,YES,P8H-S-0123,BMBL
FY2026Q4,356,DIRECT_EXACT_INTERVAL|TARGET_SELF,NEED_CAPEX|NEED_EBIT|NEED_EBITDA|NEED_FCF|NEED_GROSS_PROFIT|NEED_NET_INCOME|NEED_OCF|NEED_OFFICIAL_PERIOD_END|NEED_OPERATING_INCOME|NEED_SOURCE_SEMANTICS_CONFIRMATION|NEED_TRANSITION_CALENDAR_EVIDENCE,FY2026Q4: need EBIT ; FY2026Q4: need FCF ; FY2026Q4: need Gross Profit ; FY2026Q4: need Operating Income ; FY2026Q4: need EBITDA ; FY2026Q4: need Net Income ; FY2026Q4: need OCF ; FY2026Q4: need Capex ; FY2026Q4: need transition/stub calendar decision ; FY2026Q4: need official period_end ; FY2026Q4: confirm sequence semantics ; FY2026Q4: Need OCF and Capex to derive FCF,YES,NO,PERIOD_END_TRANSITION_REVIEW|PRIMARY_CORE_INCOMPLETE|SECONDARY_FIELDS_INCOMPLETE|TRANSITION_REVIEW|TRANSITION_SEQUENCE,P1_CURRENT,STRUCTURAL_REVIEW_SEPARATE,CALENDAR_TRANSITION,YES,P8H-S-0124,BNC
FY2026Q3,356,DIRECT_EXACT_INTERVAL|TARGET_SELF,NEED_OFFICIAL_PERIOD_END|NEED_SOURCE_SEMANTICS_CONFIRMATION|NEED_TRANSITION_CALENDAR_EVIDENCE,FY2026Q3: need transition/stub calendar decision ; FY2026Q3: need official period_end ; FY2026Q3: confirm sequence semantics,YES,NO,PERIOD_END_TRANSITION_REVIEW|TRANSITION_REVIEW|TRANSITION_SEQUENCE,P1_CURRENT,STRUCTURAL_REVIEW_SEPARATE,CALENDAR_TRANSITION,YES,P8H-S-0125,BNC
FY2026Q2,356,DIRECT_EXACT_INTERVAL|TARGET_SELF,NEED_OFFICIAL_PERIOD_END|NEED_SOURCE_SEMANTICS_CONFIRMATION|NEED_TRANSITION_CALENDAR_EVIDENCE,FY2026Q2: need transition/stub calendar decision ; FY2026Q2: need official period_end ; FY2026Q2: confirm sequence semantics,YES,NO,PERIOD_END_TRANSITION_REVIEW|TRANSITION_REVIEW|TRANSITION_SEQUENCE,P1_CURRENT,STRUCTURAL_REVIEW_SEPARATE,CALENDAR_TRANSITION,YES,P8H-S-0126,BNC
FY2026Q1,356,DIRECT_EXACT_INTERVAL|TARGET_EMPTY,NEED_CAPEX|NEED_OFFICIAL_PERIOD_END|NEED_SOURCE_SEMANTICS_CONFIRMATION|NEED_TRANSITION_CALENDAR_EVIDENCE,FY2026Q1: need Capex ; FY2026Q1: need transition/stub calendar decision ; FY2026Q1: need official period_end ; FY2026Q1: confirm sequence semantics,YES,NO,PERIOD_END_TRANSITION_REVIEW|SECONDARY_FIELDS_INCOMPLETE|TRANSITION_REVIEW|TRANSITION_SEQUENCE,P1_CURRENT,STRUCTURAL_REVIEW_SEPARATE,CALENDAR_TRANSITION,YES,P8H-S-0127,BNC
FY2026Q1,362,UNRESOLVED|UNRESOLVED,NEED_OFFICIAL_FISCAL_YEAR_START|NEED_OFFICIAL_FY_FQ_IDENTITY|NEED_SOURCE_SEMANTICS_CONFIRMATION,FY2026Q1: need official fiscal year start and FY/FQ identity ; FY2026Q1: confirm sequence semantics,YES,NO,UNRESOLVED_BOUNDARY|UNRESOLVED_SEQUENCE,P1_CURRENT,STRUCTURAL_REVIEW_SEPARATE,SOURCE_SEMANTIC_AMBIGUITY,YES,P8H-S-0128,BOF
FY2024Q4,364,DIRECT_EXACT_INTERVAL|TARGET_DIFFERENT_ECONOMIC,NEED_EBIT|NEED_LOCAL_LINEAGE_RECONCILIATION|NEED_SOURCE_SEMANTICS_CONFIRMATION|NEED_TARGET_COLLISION_RESOLUTION,FY2024Q4: need EBIT ; FY2024Q4: reconcile stored FY/FQ against direct exact fiscal anchor ; FY2024Q4: target FY/FQ collision requires reconciliation ; FY2024Q4: Need approved issuer/company-specific EBIT rule; do not blanket map Operating Income,YES,NO,FY_CONFLICT_DIRECT_EXACT|PRIMARY_CORE_INCOMPLETE|TARGET_COLLISION,P3_LATEST8Q,STRUCTURAL_REVIEW_SEPARATE,TARGET_DIFFERENT_ECONOMIC,YES,P8H-S-0129,BOOT
FY2025Q4,365,DIRECT_EXACT_INTERVAL|TARGET_SELF,NEED_OFFICIAL_PERIOD_END|NEED_SOURCE_SEMANTICS_CONFIRMATION|NEED_TRANSITION_CALENDAR_EVIDENCE,FY2025Q4: need transition/stub calendar decision ; FY2025Q4: need official period_end ; FY2025Q4: confirm sequence semantics,YES,NO,PERIOD_END_TRANSITION_REVIEW|TRANSITION_REVIEW|TRANSITION_SEQUENCE,P1_CURRENT,STRUCTURAL_REVIEW_SEPARATE,CALENDAR_TRANSITION,YES,P8H-S-0130,BOX
FY2025Q3,365,DIRECT_EXACT_INTERVAL|TARGET_DIFFERENT_ECONOMIC,NEED_OFFICIAL_PERIOD_END|NEED_SOURCE_SEMANTICS_CONFIRMATION|NEED_TARGET_COLLISION_RESOLUTION|NEED_TRANSITION_CALENDAR_EVIDENCE,FY2025Q3: need transition/stub calendar decision ; FY2025Q3: need official period_end ; FY2025Q3: confirm sequence semantics ; FY2025Q3: target FY/FQ collision requires reconciliation,YES,NO,PERIOD_END_TRANSITION_REVIEW|TARGET_COLLISION|TRANSITION_REVIEW|TRANSITION_SEQUENCE,P1_CURRENT,STRUCTURAL_REVIEW_SEPARATE,CALENDAR_TRANSITION,YES,P8H-S-0131,BOX
FY2025Q2,365,DIRECT_EXACT_INTERVAL|TARGET_DIFFERENT_ECONOMIC,NEED_OFFICIAL_PERIOD_END|NEED_SOURCE_SEMANTICS_CONFIRMATION|NEED_TARGET_COLLISION_RESOLUTION|NEED_TRANSITION_CALENDAR_EVIDENCE,FY2025Q2: need transition/stub calendar decision ; FY2025Q2: need official period_end ; FY2025Q2: confirm sequence semantics ; FY2025Q2: target FY/FQ collision requires reconciliation,YES,NO,PERIOD_END_TRANSITION_REVIEW|TARGET_COLLISION|TRANSITION_REVIEW|TRANSITION_SEQUENCE,P1_CURRENT,STRUCTURAL_REVIEW_SEPARATE,CALENDAR_TRANSITION,YES,P8H-S-0132,BOX
FY2025Q1,365,DIRECT_EXACT_INTERVAL|TARGET_DIFFERENT_ECONOMIC,NEED_OFFICIAL_PERIOD_END|NEED_SOURCE_SEMANTICS_CONFIRMATION|NEED_TARGET_COLLISION_RESOLUTION|NEED_TRANSITION_CALENDAR_EVIDENCE,FY2025Q1: need transition/stub calendar decision ; FY2025Q1: need official period_end ; FY2025Q1: confirm sequence semantics ; FY2025Q1: target FY/FQ collision requires reconciliation,YES,NO,PERIOD_END_TRANSITION_REVIEW|TARGET_COLLISION|TRANSITION_REVIEW|TRANSITION_SEQUENCE,P3_LATEST8Q,STRUCTURAL_REVIEW_SEPARATE,CALENDAR_TRANSITION,YES,P8H-S-0133,BOX
FY2024Q4,365,DIRECT_EXACT_INTERVAL|TARGET_DIFFERENT_ECONOMIC,NEED_OFFICIAL_PERIOD_END|NEED_SOURCE_SEMANTICS_CONFIRMATION|NEED_TARGET_COLLISION_RESOLUTION|NEED_TRANSITION_CALENDAR_EVIDENCE,FY2024Q4: need transition/stub calendar decision ; FY2024Q4: need official period_end ; FY2024Q4: confirm sequence semantics ; FY2024Q4: target FY/FQ collision requires reconciliation,YES,NO,PERIOD_END_TRANSITION_REVIEW|TARGET_COLLISION|TRANSITION_REVIEW|TRANSITION_SEQUENCE,P3_LATEST8Q,STRUCTURAL_REVIEW_SEPARATE,CALENDAR_TRANSITION,YES,P8H-S-0134,BOX
FY2024Q3,365,DIRECT_EXACT_INTERVAL|TARGET_DIFFERENT_ECONOMIC,NEED_OFFICIAL_PERIOD_END|NEED_SOURCE_SEMANTICS_CONFIRMATION|NEED_TARGET_COLLISION_RESOLUTION|NEED_TRANSITION_CALENDAR_EVIDENCE,FY2024Q3: need transition/stub calendar decision ; FY2024Q3: need official period_end ; FY2024Q3: confirm sequence semantics ; FY2024Q3: target FY/FQ collision requires reconciliation,YES,NO,PERIOD_END_TRANSITION_REVIEW|TARGET_COLLISION|TRANSITION_REVIEW|TRANSITION_SEQUENCE,P3_LATEST8Q,STRUCTURAL_REVIEW_SEPARATE,CALENDAR_TRANSITION,YES,P8H-S-0135,BOX
FY2024Q2,365,DIRECT_EXACT_INTERVAL|TARGET_DIFFERENT_ECONOMIC,NEED_OFFICIAL_PERIOD_END|NEED_SOURCE_SEMANTICS_CONFIRMATION|NEED_TARGET_COLLISION_RESOLUTION|NEED_TRANSITION_CALENDAR_EVIDENCE,FY2024Q2: need transition/stub calendar decision ; FY2024Q2: need official period_end ; FY2024Q2: confirm sequence semantics ; FY2024Q2: target FY/FQ collision requires reconciliation,YES,NO,PERIOD_END_TRANSITION_REVIEW|TARGET_COLLISION|TRANSITION_REVIEW|TRANSITION_SEQUENCE,P3_LATEST8Q,STRUCTURAL_REVIEW_SEPARATE,CALENDAR_TRANSITION,YES,P8H-S-0136,BOX
FY2025Q1,377,DIRECT_EXACT_INTERVAL|TARGET_DIFFERENT_ECONOMIC,NEED_LOCAL_LINEAGE_RECONCILIATION|NEED_TARGET_COLLISION_RESOLUTION,FY2025Q1: reconcile stored FY/FQ against direct exact fiscal anchor ; FY2025Q1: target FY/FQ collision requires reconciliation,YES,NO,FY_CONFLICT_DIRECT_EXACT|TARGET_COLLISION,P3_LATEST8Q,STRUCTURAL_REVIEW_SEPARATE,TARGET_DIFFERENT_ECONOMIC,YES,P8H-S-0137,BRZE
FY2022Q4,378,UNRESOLVED|UNRESOLVED,NEED_CAPEX|NEED_DEBT|NEED_EBITDA|NEED_FCF|NEED_GROSS_PROFIT|NEED_OFFICIAL_FISCAL_YEAR_START|NEED_OFFICIAL_FY_FQ_IDENTITY|NEED_REVENUE|NEED_SHARES|NEED_SOURCE_SEMANTICS_CONFIRMATION,FY2022Q4: need Revenue ; FY2022Q4: need FCF ; FY2022Q4: need Debt ; FY2022Q4: need Shares ; FY2022Q4: need Gross Profit ; FY2022Q4: need EBITDA ; FY2022Q4: need Capex ; FY2022Q4: need official fiscal year start and FY/FQ identity ; FY2022Q4: confirm sequence semantics ; FY2022Q4: Need Capex to derive FCF,YES,NO,PRIMARY_CORE_INCOMPLETE|SECONDARY_FIELDS_INCOMPLETE|UNRESOLVED_BOUNDARY|UNRESOLVED_SEQUENCE,P3_LATEST8Q,STRUCTURAL_REVIEW_SEPARATE,SOURCE_SEMANTIC_AMBIGUITY,YES,P8H-S-0138,BSLK
FY2025Q3,383,DIRECT_EXACT_INTERVAL|TARGET_DIFFERENT_ECONOMIC,NEED_FIRST_PUBLIC_RESULT_DATE|NEED_MISSING_QUARTER_SOURCE|NEED_TARGET_COLLISION_RESOLUTION,FY2025Q3: need first-public result date ; FY2025Q3: verify missing adjacent fiscal quarter source ; FY2025Q3: target FY/FQ collision requires reconciliation,YES,NO,MISSING_QUARTER|PUBLISH_DATE_MISSING|TARGET_COLLISION,P2_LATEST4Q,STRUCTURAL_REVIEW_SEPARATE,TARGET_DIFFERENT_ECONOMIC,YES,P8H-S-0139,BTBD
FY2025Q2,383,DIRECT_EXACT_INTERVAL|TARGET_DIFFERENT_ECONOMIC,NEED_FIRST_PUBLIC_RESULT_DATE|NEED_TARGET_COLLISION_RESOLUTION,FY2025Q2: need first-public result date ; FY2025Q2: target FY/FQ collision requires reconciliation,YES,NO,PUBLISH_DATE_MISSING|TARGET_COLLISION,P2_LATEST4Q,STRUCTURAL_REVIEW_SEPARATE,TARGET_DIFFERENT_ECONOMIC,YES,P8H-S-0140,BTBD
FY2025Q1,383,DIRECT_EXACT_INTERVAL|TARGET_DIFFERENT_ECONOMIC,NEED_FIRST_PUBLIC_RESULT_DATE|NEED_TARGET_COLLISION_RESOLUTION,FY2025Q1: need first-public result date ; FY2025Q1: target FY/FQ collision requires reconciliation,YES,NO,PUBLISH_DATE_MISSING|TARGET_COLLISION,P3_LATEST8Q,STRUCTURAL_REVIEW_SEPARATE,TARGET_DIFFERENT_ECONOMIC,YES,P8H-S-0141,BTBD
FY2024Q4,383,DIRECT_EXACT_INTERVAL|TARGET_DIFFERENT_ECONOMIC,NEED_LOCAL_LINEAGE_RECONCILIATION|NEED_OFFICIAL_PERIOD_END|NEED_TARGET_COLLISION_RESOLUTION,FY2024Q4: reconcile stored FY/FQ against direct exact fiscal anchor ; FY2024Q4: need official period_end ; FY2024Q4: target FY/FQ collision requires reconciliation,YES,NO,FY_CONFLICT_DIRECT_EXACT|PERIOD_END_FISCAL_SLOT_CONFLICT|TARGET_COLLISION,P3_LATEST8Q,STRUCTURAL_REVIEW_SEPARATE,TARGET_DIFFERENT_ECONOMIC,YES,P8H-S-0142,BTBD
FY2024Q3,383,DIRECT_EXACT_INTERVAL|TARGET_DIFFERENT_ECONOMIC,NEED_EBITDA|NEED_FIRST_PUBLIC_RESULT_DATE|NEED_GROSS_PROFIT|NEED_LOCAL_LINEAGE_RECONCILIATION|NEED_SHARES|NEED_TARGET_COLLISION_RESOLUTION,FY2024Q3: need Shares ; FY2024Q3: need Gross Profit ; FY2024Q3: need EBITDA ; FY2024Q3: reconcile stored FY/FQ against direct exact fiscal anchor ; FY2024Q3: need first-public result date ; FY2024Q3: target FY/FQ collision requires reconciliation,YES,NO,FY_CONFLICT_DIRECT_EXACT|PRIMARY_CORE_INCOMPLETE|PUBLISH_DATE_MISSING|SECONDARY_FIELDS_INCOMPLETE|TARGET_COLLISION,P3_LATEST8Q,STRUCTURAL_REVIEW_SEPARATE,TARGET_DIFFERENT_ECONOMIC,YES,P8H-S-0143,BTBD
FY2026Q1,385,UNRESOLVED|UNRESOLVED,NEED_OFFICIAL_FISCAL_YEAR_START|NEED_OFFICIAL_FY_FQ_IDENTITY|NEED_SOURCE_SEMANTICS_CONFIRMATION,FY2026Q1: need official fiscal year start and FY/FQ identity ; FY2026Q1: confirm sequence semantics,YES,NO,UNRESOLVED_BOUNDARY|UNRESOLVED_SEQUENCE,P1_CURRENT,STRUCTURAL_REVIEW_SEPARATE,SOURCE_SEMANTIC_AMBIGUITY,YES,P8H-S-0144,BTMD
FY2025Q1,398,DIRECT_EXACT_INTERVAL|TARGET_DIFFERENT_ECONOMIC,NEED_CAPEX|NEED_DEBT|NEED_EBIT|NEED_EBITDA|NEED_FCF|NEED_GROSS_PROFIT|NEED_LOCAL_LINEAGE_RECONCILIATION|NEED_NET_INCOME|NEED_OCF|NEED_OFFICIAL_PERIOD_END|NEED_OPERATING_INCOME|NEED_REVENUE|NEED_SOURCE_SEMANTICS_CONFIRMATION|NEED_TARGET_COLLISION_RESOLUTION,FY2025Q1: need Revenue ; FY2025Q1: need EBIT ; FY2025Q1: need FCF ; FY2025Q1: need Debt ; FY2025Q1: need Gross Profit ; FY2025Q1: need Operating Income ; FY2025Q1: need EBITDA ; FY2025Q1: need Net Income ; FY2025Q1: need OCF ; FY2025Q1: need Capex ; FY2025Q1: reconcile stored FY/FQ against direct exact fiscal anchor ; FY2025Q1: need official period_end ; FY2025Q1: target FY/FQ collision requires reconciliation ; FY2025Q1: Need OCF and Capex to derive FCF,YES,NO,FQ_CONFLICT_DIRECT_EXACT|PERIOD_END_FISCAL_SLOT_CONFLICT|PRIMARY_CORE_INCOMPLETE|SECONDARY_FIELDS_INCOMPLETE|TARGET_COLLISION,P3_LATEST8Q,STRUCTURAL_REVIEW_SEPARATE,TARGET_DIFFERENT_ECONOMIC,YES,P8H-S-0145,BYRN
FY2026Q3,406,DIRECT_EXACT_INTERVAL|TARGET_DIFFERENT_ECONOMIC,NEED_MISSING_QUARTER_SOURCE|NEED_TARGET_COLLISION_RESOLUTION,FY2026Q3: verify missing adjacent fiscal quarter source ; FY2026Q3: target FY/FQ collision requires reconciliation,YES,NO,MISSING_QUARTER|TARGET_COLLISION,P2_LATEST4Q,STRUCTURAL_REVIEW_SEPARATE,TARGET_DIFFERENT_ECONOMIC,YES,P8H-S-0146,CAG
FY2026Q2,406,DIRECT_EXACT_INTERVAL|TARGET_DIFFERENT_ECONOMIC,NEED_TARGET_COLLISION_RESOLUTION,FY2026Q2: target FY/FQ collision requires reconciliation,YES,NO,TARGET_COLLISION,P2_LATEST4Q,STRUCTURAL_REVIEW_SEPARATE,TARGET_DIFFERENT_ECONOMIC,YES,P8H-S-0147,CAG
FY2026Q1,406,DIRECT_EXACT_INTERVAL|TARGET_DIFFERENT_ECONOMIC,NEED_TARGET_COLLISION_RESOLUTION,FY2026Q1: target FY/FQ collision requires reconciliation,YES,NO,TARGET_COLLISION,P2_LATEST4Q,STRUCTURAL_REVIEW_SEPARATE,TARGET_DIFFERENT_ECONOMIC,YES,P8H-S-0148,CAG
FY2025Q4,406,DIRECT_EXACT_INTERVAL|TARGET_DIFFERENT_ECONOMIC,NEED_LOCAL_LINEAGE_RECONCILIATION|NEED_OFFICIAL_PERIOD_END|NEED_TARGET_COLLISION_RESOLUTION,FY2025Q4: reconcile stored FY/FQ against direct exact fiscal anchor ; FY2025Q4: need official period_end ; FY2025Q4: target FY/FQ collision requires reconciliation,YES,NO,FY_CONFLICT_DIRECT_EXACT|PERIOD_END_FISCAL_SLOT_CONFLICT|TARGET_COLLISION,P3_LATEST8Q,STRUCTURAL_REVIEW_SEPARATE,TARGET_DIFFERENT_ECONOMIC,YES,P8H-S-0149,CAG
FY2025Q3,406,DIRECT_EXACT_INTERVAL|TARGET_DIFFERENT_ECONOMIC,NEED_MISSING_QUARTER_SOURCE|NEED_TARGET_COLLISION_RESOLUTION,FY2025Q3: verify missing adjacent fiscal quarter source ; FY2025Q3: target FY/FQ collision requires reconciliation,YES,NO,MISSING_QUARTER|TARGET_COLLISION,P3_LATEST8Q,STRUCTURAL_REVIEW_SEPARATE,TARGET_DIFFERENT_ECONOMIC,YES,P8H-S-0150,CAG
FY2026Q2,410,DIRECT_EXACT_INTERVAL|TARGET_DIFFERENT_ECONOMIC,NEED_DEBT|NEED_MISSING_QUARTER_SOURCE|NEED_TARGET_COLLISION_RESOLUTION,FY2026Q2: need Debt ; FY2026Q2: verify missing adjacent fiscal quarter source ; FY2026Q2: target FY/FQ collision requires reconciliation,YES,NO,MISSING_QUARTER|PRIMARY_CORE_INCOMPLETE|TARGET_COLLISION,P2_LATEST4Q,STRUCTURAL_REVIEW_SEPARATE,TARGET_DIFFERENT_ECONOMIC,YES,P8H-S-0151,CALM
FY2026Q1,410,DIRECT_EXACT_INTERVAL|TARGET_DIFFERENT_ECONOMIC,NEED_DEBT|NEED_MISSING_QUARTER_SOURCE|NEED_TARGET_COLLISION_RESOLUTION,FY2026Q1: need Debt ; FY2026Q1: verify missing adjacent fiscal quarter source ; FY2026Q1: target FY/FQ collision requires reconciliation,YES,NO,MISSING_QUARTER|PRIMARY_CORE_INCOMPLETE|TARGET_COLLISION,P2_LATEST4Q,STRUCTURAL_REVIEW_SEPARATE,TARGET_DIFFERENT_ECONOMIC,YES,P8H-S-0152,CALM
FY2026Q1,412,UNRESOLVED|UNRESOLVED,NEED_GROSS_PROFIT|NEED_OFFICIAL_FISCAL_YEAR_START|NEED_OFFICIAL_FY_FQ_IDENTITY|NEED_SOURCE_SEMANTICS_CONFIRMATION,FY2026Q1: need Gross Profit ; FY2026Q1: need official fiscal year start and FY/FQ identity ; FY2026Q1: confirm sequence semantics,YES,NO,SECONDARY_FIELDS_INCOMPLETE|UNRESOLVED_BOUNDARY|UNRESOLVED_SEQUENCE,P1_CURRENT,STRUCTURAL_REVIEW_SEPARATE,SOURCE_SEMANTIC_AMBIGUITY,YES,P8H-S-0153,CAPR
FY2026Q1,413,UNRESOLVED|UNRESOLVED,NEED_OFFICIAL_FISCAL_YEAR_START|NEED_OFFICIAL_FY_FQ_IDENTITY|NEED_SOURCE_SEMANTICS_CONFIRMATION,FY2026Q1: need official fiscal year start and FY/FQ identity ; FY2026Q1: confirm sequence semantics,YES,NO,UNRESOLVED_BOUNDARY|UNRESOLVED_SEQUENCE,P1_CURRENT,STRUCTURAL_REVIEW_SEPARATE,SOURCE_SEMANTIC_AMBIGUITY,YES,P8H-S-0154,CAPS
FY2019Q2,413,UNRESOLVED|UNRESOLVED,NEED_CAPEX|NEED_DEBT|NEED_EBITDA|NEED_FCF|NEED_FIRST_PUBLIC_RESULT_DATE|NEED_GROSS_PROFIT|NEED_OFFICIAL_FISCAL_YEAR_START|NEED_OFFICIAL_FY_FQ_IDENTITY|NEED_SHARES|NEED_SOURCE_SEMANTICS_CONFIRMATION,FY2019Q2: need FCF ; FY2019Q2: need Debt ; FY2019Q2: need Shares ; FY2019Q2: need Gross Profit ; FY2019Q2: need EBITDA ; FY2019Q2: need Capex ; FY2019Q2: need official fiscal year start and FY/FQ identity ; FY2019Q2: need first-public result date ; FY2019Q2: confirm sequence semantics ; FY2019Q2: Need Capex to derive FCF,YES,NO,PRIMARY_CORE_INCOMPLETE|PUBLISH_DATE_MISSING|SECONDARY_FIELDS_INCOMPLETE|UNRESOLVED_BOUNDARY|UNRESOLVED_SEQUENCE,P3_LATEST8Q,STRUCTURAL_REVIEW_SEPARATE,SOURCE_SEMANTIC_AMBIGUITY,YES,P8H-S-0155,CAPS
FY2018Q4,413,UNRESOLVED|UNRESOLVED,NEED_CAPEX|NEED_EBITDA|NEED_FCF|NEED_GROSS_PROFIT|NEED_OFFICIAL_FISCAL_YEAR_START|NEED_OFFICIAL_FY_FQ_IDENTITY|NEED_SHARES|NEED_SOURCE_SEMANTICS_CONFIRMATION,FY2018Q4: need FCF ; FY2018Q4: need Shares ; FY2018Q4: need Gross Profit ; FY2018Q4: need EBITDA ; FY2018Q4: need Capex ; FY2018Q4: need official fiscal year start and FY/FQ identity ; FY2018Q4: confirm sequence semantics ; FY2018Q4: Need Capex to derive FCF,YES,NO,PRIMARY_CORE_INCOMPLETE|SECONDARY_FIELDS_INCOMPLETE|UNRESOLVED_BOUNDARY|UNRESOLVED_SEQUENCE,P3_LATEST8Q,STRUCTURAL_REVIEW_SEPARATE,SOURCE_SEMANTIC_AMBIGUITY,YES,P8H-S-0156,CAPS
FY2025Q3,421,DIRECT_EXACT_INTERVAL|TARGET_DIFFERENT_ECONOMIC,NEED_MISSING_QUARTER_SOURCE|NEED_TARGET_COLLISION_RESOLUTION,FY2025Q3: verify missing adjacent fiscal quarter source ; FY2025Q3: target FY/FQ collision requires reconciliation,YES,NO,MISSING_QUARTER|TARGET_COLLISION,P2_LATEST4Q,STRUCTURAL_REVIEW_SEPARATE,TARGET_DIFFERENT_ECONOMIC,YES,P8H-S-0157,CAVA
FY2025Q2,421,DIRECT_EXACT_INTERVAL|TARGET_DIFFERENT_ECONOMIC,NEED_TARGET_COLLISION_RESOLUTION,FY2025Q2: target FY/FQ collision requires reconciliation,YES,NO,TARGET_COLLISION,P2_LATEST4Q,STRUCTURAL_REVIEW_SEPARATE,TARGET_DIFFERENT_ECONOMIC,YES,P8H-S-0158,CAVA
FY2025Q1,421,DIRECT_EXACT_INTERVAL|TARGET_DIFFERENT_ECONOMIC,NEED_DEBT|NEED_MISSING_QUARTER_SOURCE|NEED_TARGET_COLLISION_RESOLUTION,FY2025Q1: need Debt ; FY2025Q1: verify missing adjacent fiscal quarter source ; FY2025Q1: target FY/FQ collision requires reconciliation,YES,NO,MISSING_QUARTER|PRIMARY_CORE_INCOMPLETE|TARGET_COLLISION,P3_LATEST8Q,STRUCTURAL_REVIEW_SEPARATE,TARGET_DIFFERENT_ECONOMIC,YES,P8H-S-0159,CAVA
FY2024Q2,421,DIRECT_EXACT_INTERVAL|TARGET_DIFFERENT_ECONOMIC,NEED_DEBT|NEED_MISSING_QUARTER_SOURCE|NEED_TARGET_COLLISION_RESOLUTION,FY2024Q2: need Debt ; FY2024Q2: verify missing adjacent fiscal quarter source ; FY2024Q2: target FY/FQ collision requires reconciliation,YES,NO,MISSING_QUARTER|PRIMARY_CORE_INCOMPLETE|TARGET_COLLISION,P3_LATEST8Q,STRUCTURAL_REVIEW_SEPARATE,TARGET_DIFFERENT_ECONOMIC,YES,P8H-S-0160,CAVA
FY2026Q2,428,UNRESOLVED|UNRESOLVED,NEED_FIRST_PUBLIC_RESULT_DATE|NEED_OFFICIAL_FISCAL_YEAR_START|NEED_OFFICIAL_FY_FQ_IDENTITY|NEED_SOURCE_SEMANTICS_CONFIRMATION,FY2026Q2: need official fiscal year start and FY/FQ identity ; FY2026Q2: need first-public result date ; FY2026Q2: confirm sequence semantics,YES,NO,PUBLISH_DATE_MISSING|UNRESOLVED_BOUNDARY|UNRESOLVED_SEQUENCE,P1_CURRENT,STRUCTURAL_REVIEW_SEPARATE,SOURCE_SEMANTIC_AMBIGUITY,YES,P8H-S-0161,CC
FY2026Q1,428,UNRESOLVED|UNRESOLVED,NEED_OFFICIAL_FISCAL_YEAR_START|NEED_OFFICIAL_FY_FQ_IDENTITY|NEED_SOURCE_SEMANTICS_CONFIRMATION,FY2026Q1: need official fiscal year start and FY/FQ identity ; FY2026Q1: confirm sequence semantics,YES,NO,UNRESOLVED_BOUNDARY|UNRESOLVED_SEQUENCE,P1_CURRENT,STRUCTURAL_REVIEW_SEPARATE,SOURCE_SEMANTIC_AMBIGUITY,YES,P8H-S-0162,CC
FY2026Q1,450,UNRESOLVED|UNRESOLVED,NEED_OFFICIAL_FISCAL_YEAR_START|NEED_OFFICIAL_FY_FQ_IDENTITY|NEED_SOURCE_SEMANTICS_CONFIRMATION,FY2026Q1: need official fiscal year start and FY/FQ identity ; FY2026Q1: confirm sequence semantics,YES,NO,UNRESOLVED_BOUNDARY|UNRESOLVED_SEQUENCE,P1_CURRENT,STRUCTURAL_REVIEW_SEPARATE,SOURCE_SEMANTIC_AMBIGUITY,YES,P8H-S-0163,CECO
FY2025Q3,455,DIRECT_EXACT_INTERVAL|TARGET_DIFFERENT_ECONOMIC,NEED_MISSING_QUARTER_SOURCE|NEED_TARGET_COLLISION_RESOLUTION,FY2025Q3: verify missing adjacent fiscal quarter source ; FY2025Q3: target FY/FQ collision requires reconciliation,NO,NO,MISSING_QUARTER|TARGET_COLLISION,P3_LATEST8Q,STRUCTURAL_REVIEW_SEPARATE,TARGET_DIFFERENT_ECONOMIC,YES,P8H-S-0164,CENT
FY2025Q3,456,DIRECT_EXACT_INTERVAL|TARGET_DIFFERENT_ECONOMIC,NEED_MISSING_QUARTER_SOURCE|NEED_TARGET_COLLISION_RESOLUTION,FY2025Q3: verify missing adjacent fiscal quarter source ; FY2025Q3: target FY/FQ collision requires reconciliation,YES,NO,MISSING_QUARTER|TARGET_COLLISION,P3_LATEST8Q,STRUCTURAL_REVIEW_SEPARATE,TARGET_DIFFERENT_ECONOMIC,YES,P8H-S-0165,CENTA
FY2026Q1,458,UNRESOLVED|UNRESOLVED,NEED_CAPEX|NEED_FIRST_PUBLIC_RESULT_DATE|NEED_GROSS_PROFIT|NEED_OFFICIAL_FISCAL_YEAR_START|NEED_OFFICIAL_FY_FQ_IDENTITY|NEED_SOURCE_SEMANTICS_CONFIRMATION,FY2026Q1: need Gross Profit ; FY2026Q1: need Capex ; FY2026Q1: need official fiscal year start and FY/FQ identity ; FY2026Q1: need first-public result date ; FY2026Q1: confirm sequence semantics,YES,NO,PUBLISH_DATE_MISSING|SECONDARY_FIELDS_INCOMPLETE|UNRESOLVED_BOUNDARY|UNRESOLVED_SEQUENCE,P1_CURRENT,STRUCTURAL_REVIEW_SEPARATE,SOURCE_SEMANTIC_AMBIGUITY,YES,P8H-S-0166,CERO
FY2026Q1,463,DIRECT_EXACT_INTERVAL|TARGET_DIFFERENT_ECONOMIC,NEED_OFFICIAL_PERIOD_END|NEED_SOURCE_SEMANTICS_CONFIRMATION|NEED_TARGET_COLLISION_RESOLUTION|NEED_TRANSITION_CALENDAR_EVIDENCE,FY2026Q1: need transition/stub calendar decision ; FY2026Q1: need official period_end ; FY2026Q1: confirm sequence semantics ; FY2026Q1: target FY/FQ collision requires reconciliation,YES,NO,PERIOD_END_TRANSITION_REVIEW|TARGET_COLLISION|TRANSITION_REVIEW|TRANSITION_SEQUENCE,P1_CURRENT,STRUCTURAL_REVIEW_SEPARATE,CALENDAR_TRANSITION,YES,P8H-S-0167,CGC
FY2025Q4,463,DIRECT_EXACT_INTERVAL|TARGET_SELF,NEED_OFFICIAL_PERIOD_END|NEED_SOURCE_SEMANTICS_CONFIRMATION|NEED_TRANSITION_CALENDAR_EVIDENCE,FY2025Q4: need transition/stub calendar decision ; FY2025Q4: need official period_end ; FY2025Q4: confirm sequence semantics,YES,NO,PERIOD_END_TRANSITION_REVIEW|TRANSITION_REVIEW|TRANSITION_SEQUENCE,P1_CURRENT,STRUCTURAL_REVIEW_SEPARATE,CALENDAR_TRANSITION,YES,P8H-S-0168,CGC
FY2025Q3,463,DIRECT_EXACT_INTERVAL|TARGET_DIFFERENT_ECONOMIC,NEED_OFFICIAL_PERIOD_END|NEED_SOURCE_SEMANTICS_CONFIRMATION|NEED_TARGET_COLLISION_RESOLUTION|NEED_TRANSITION_CALENDAR_EVIDENCE,FY2025Q3: need transition/stub calendar decision ; FY2025Q3: need official period_end ; FY2025Q3: confirm sequence semantics ; FY2025Q3: target FY/FQ collision requires reconciliation,YES,NO,PERIOD_END_TRANSITION_REVIEW|TARGET_COLLISION|TRANSITION_REVIEW|TRANSITION_SEQUENCE,P1_CURRENT,STRUCTURAL_REVIEW_SEPARATE,CALENDAR_TRANSITION,YES,P8H-S-0169,CGC
FY2025Q2,463,DIRECT_EXACT_INTERVAL|TARGET_DIFFERENT_ECONOMIC,NEED_OFFICIAL_PERIOD_END|NEED_SOURCE_SEMANTICS_CONFIRMATION|NEED_TARGET_COLLISION_RESOLUTION|NEED_TRANSITION_CALENDAR_EVIDENCE,FY2025Q2: need transition/stub calendar decision ; FY2025Q2: need official period_end ; FY2025Q2: confirm sequence semantics ; FY2025Q2: target FY/FQ collision requires reconciliation,YES,NO,PERIOD_END_TRANSITION_REVIEW|TARGET_COLLISION|TRANSITION_REVIEW|TRANSITION_SEQUENCE,P3_LATEST8Q,STRUCTURAL_REVIEW_SEPARATE,CALENDAR_TRANSITION,YES,P8H-S-0170,CGC
FY2024Q4,463,DIRECT_EXACT_INTERVAL|TARGET_DIFFERENT_ECONOMIC,NEED_OFFICIAL_PERIOD_END|NEED_SOURCE_SEMANTICS_CONFIRMATION|NEED_TARGET_COLLISION_RESOLUTION|NEED_TRANSITION_CALENDAR_EVIDENCE,FY2024Q4: need transition/stub calendar decision ; FY2024Q4: need official period_end ; FY2024Q4: confirm sequence semantics ; FY2024Q4: target FY/FQ collision requires reconciliation,YES,NO,PERIOD_END_TRANSITION_REVIEW|TARGET_COLLISION|TRANSITION_REVIEW|TRANSITION_SEQUENCE,P3_LATEST8Q,STRUCTURAL_REVIEW_SEPARATE,CALENDAR_TRANSITION,YES,P8H-S-0171,CGC
FY2024Q3,463,DIRECT_EXACT_INTERVAL|TARGET_DIFFERENT_ECONOMIC,NEED_OFFICIAL_PERIOD_END|NEED_SOURCE_SEMANTICS_CONFIRMATION|NEED_TARGET_COLLISION_RESOLUTION|NEED_TRANSITION_CALENDAR_EVIDENCE,FY2024Q3: need transition/stub calendar decision ; FY2024Q3: need official period_end ; FY2024Q3: confirm sequence semantics ; FY2024Q3: target FY/FQ collision requires reconciliation,YES,NO,PERIOD_END_TRANSITION_REVIEW|TARGET_COLLISION|TRANSITION_REVIEW|TRANSITION_SEQUENCE,P3_LATEST8Q,STRUCTURAL_REVIEW_SEPARATE,CALENDAR_TRANSITION,YES,P8H-S-0172,CGC
FY2024Q2,463,DIRECT_EXACT_INTERVAL|TARGET_EMPTY,NEED_OFFICIAL_PERIOD_END|NEED_SOURCE_SEMANTICS_CONFIRMATION|NEED_TRANSITION_CALENDAR_EVIDENCE,FY2024Q2: need transition/stub calendar decision ; FY2024Q2: need official period_end ; FY2024Q2: confirm sequence semantics,YES,NO,PERIOD_END_TRANSITION_REVIEW|TRANSITION_REVIEW|TRANSITION_SEQUENCE,P3_LATEST8Q,STRUCTURAL_REVIEW_SEPARATE,CALENDAR_TRANSITION,YES,P8H-S-0173,CGC
FY2025Q3,472,DIRECT_EXACT_INTERVAL|TARGET_DIFFERENT_ECONOMIC,NEED_MISSING_QUARTER_SOURCE|NEED_TARGET_COLLISION_RESOLUTION,FY2025Q3: verify missing adjacent fiscal quarter source ; FY2025Q3: target FY/FQ collision requires reconciliation,NO,NO,MISSING_QUARTER|TARGET_COLLISION,P2_LATEST4Q,STRUCTURAL_REVIEW_SEPARATE,TARGET_DIFFERENT_ECONOMIC,YES,P8H-S-0174,CHEF
FY2025Q2,472,DIRECT_EXACT_INTERVAL|TARGET_DIFFERENT_ECONOMIC,NEED_MISSING_QUARTER_SOURCE|NEED_TARGET_COLLISION_RESOLUTION,FY2025Q2: verify missing adjacent fiscal quarter source ; FY2025Q2: target FY/FQ collision requires reconciliation,NO,NO,MISSING_QUARTER|TARGET_COLLISION,P3_LATEST8Q,STRUCTURAL_REVIEW_SEPARATE,TARGET_DIFFERENT_ECONOMIC,YES,P8H-S-0175,CHEF
FY2026Q1,475,UNRESOLVED|UNRESOLVED,NEED_CAPEX|NEED_EBIT|NEED_EBITDA|NEED_OFFICIAL_FISCAL_YEAR_START|NEED_OFFICIAL_FY_FQ_IDENTITY|NEED_SOURCE_SEMANTICS_CONFIRMATION,FY2026Q1: need EBIT ; FY2026Q1: need EBITDA ; FY2026Q1: need Capex ; FY2026Q1: need official fiscal year start and FY/FQ identity ; FY2026Q1: confirm sequence semantics ; FY2026Q1: Need approved issuer/company-specific EBIT rule; do not blanket map Operating Income,YES,NO,PRIMARY_CORE_INCOMPLETE|SECONDARY_FIELDS_INCOMPLETE|UNRESOLVED_BOUNDARY|UNRESOLVED_SEQUENCE,P1_CURRENT,STRUCTURAL_REVIEW_SEPARATE,SOURCE_SEMANTIC_AMBIGUITY,YES,P8H-S-0176,CHMI
FY2025Q1,476,DIRECT_EXACT_INTERVAL|TARGET_DIFFERENT_ECONOMIC,NEED_LOCAL_LINEAGE_RECONCILIATION|NEED_TARGET_COLLISION_RESOLUTION,FY2025Q1: reconcile stored FY/FQ against direct exact fiscal anchor ; FY2025Q1: target FY/FQ collision requires reconciliation,YES,NO,FY_CONFLICT_DIRECT_EXACT|TARGET_COLLISION,P3_LATEST8Q,STRUCTURAL_REVIEW_SEPARATE,TARGET_DIFFERENT_ECONOMIC,YES,P8H-S-0177,CHPT
FY2026Q2,483,UNRESOLVED|UNRESOLVED,NEED_FIRST_PUBLIC_RESULT_DATE|NEED_OFFICIAL_FISCAL_YEAR_START|NEED_OFFICIAL_FY_FQ_IDENTITY|NEED_SOURCE_SEMANTICS_CONFIRMATION,FY2026Q2: need official fiscal year start and FY/FQ identity ; FY2026Q2: need first-public result date ; FY2026Q2: confirm sequence semantics,YES,NO,PUBLISH_DATE_MISSING|UNRESOLVED_BOUNDARY|UNRESOLVED_SEQUENCE,P1_CURRENT,STRUCTURAL_REVIEW_SEPARATE,SOURCE_SEMANTIC_AMBIGUITY,YES,P8H-S-0178,CIFR
FY2026Q1,483,UNRESOLVED|UNRESOLVED,NEED_OFFICIAL_FISCAL_YEAR_START|NEED_OFFICIAL_FY_FQ_IDENTITY|NEED_SOURCE_SEMANTICS_CONFIRMATION,FY2026Q1: need official fiscal year start and FY/FQ identity ; FY2026Q1: confirm sequence semantics,YES,NO,UNRESOLVED_BOUNDARY|UNRESOLVED_SEQUENCE,P1_CURRENT,STRUCTURAL_REVIEW_SEPARATE,SOURCE_SEMANTIC_AMBIGUITY,YES,P8H-S-0179,CIFR
FY2026Q1,485,UNRESOLVED|UNRESOLVED,NEED_GROSS_PROFIT|NEED_OFFICIAL_FISCAL_YEAR_START|NEED_OFFICIAL_FY_FQ_IDENTITY|NEED_SOURCE_SEMANTICS_CONFIRMATION,FY2026Q1: need Gross Profit ; FY2026Q1: need official fiscal year start and FY/FQ identity ; FY2026Q1: confirm sequence semantics,YES,NO,SECONDARY_FIELDS_INCOMPLETE|UNRESOLVED_BOUNDARY|UNRESOLVED_SEQUENCE,P1_CURRENT,STRUCTURAL_REVIEW_SEPARATE,SOURCE_SEMANTIC_AMBIGUITY,YES,P8H-S-0180,CING
FY2026Q2,505,UNRESOLVED|UNRESOLVED,NEED_CAPEX|NEED_FIRST_PUBLIC_RESULT_DATE|NEED_GROSS_PROFIT|NEED_OFFICIAL_FISCAL_YEAR_START|NEED_OFFICIAL_FY_FQ_IDENTITY|NEED_SOURCE_SEMANTICS_CONFIRMATION,FY2026Q2: need Gross Profit ; FY2026Q2: need Capex ; FY2026Q2: need official fiscal year start and FY/FQ identity ; FY2026Q2: need first-public result date ; FY2026Q2: confirm sequence semantics,YES,NO,PUBLISH_DATE_MISSING|SECONDARY_FIELDS_INCOMPLETE|UNRESOLVED_BOUNDARY|UNRESOLVED_SEQUENCE,P1_CURRENT,STRUCTURAL_REVIEW_SEPARATE,SOURCE_SEMANTIC_AMBIGUITY,YES,P8H-S-0181,CLYM
FY2026Q1,505,UNRESOLVED|UNRESOLVED,NEED_CAPEX|NEED_GROSS_PROFIT|NEED_OFFICIAL_FISCAL_YEAR_START|NEED_OFFICIAL_FY_FQ_IDENTITY|NEED_SOURCE_SEMANTICS_CONFIRMATION,FY2026Q1: need Gross Profit ; FY2026Q1: need Capex ; FY2026Q1: need official fiscal year start and FY/FQ identity ; FY2026Q1: confirm sequence semantics,YES,NO,SECONDARY_FIELDS_INCOMPLETE|UNRESOLVED_BOUNDARY|UNRESOLVED_SEQUENCE,P1_CURRENT,STRUCTURAL_REVIEW_SEPARATE,SOURCE_SEMANTIC_AMBIGUITY,YES,P8H-S-0182,CLYM
FY2025Q1,507,DIRECT_EXACT_INTERVAL|TARGET_DIFFERENT_ECONOMIC,NEED_LOCAL_LINEAGE_RECONCILIATION|NEED_TARGET_COLLISION_RESOLUTION,FY2025Q1: reconcile stored FY/FQ against direct exact fiscal anchor ; FY2025Q1: target FY/FQ collision requires reconciliation,NO,NO,FY_CONFLICT_DIRECT_EXACT|TARGET_COLLISION,P3_LATEST8Q,STRUCTURAL_REVIEW_SEPARATE,TARGET_DIFFERENT_ECONOMIC,YES,P8H-S-0183,CMCO
FY2025Q3,513,DIRECT_EXACT_INTERVAL|TARGET_DIFFERENT_ECONOMIC,NEED_LOCAL_LINEAGE_RECONCILIATION|NEED_TARGET_COLLISION_RESOLUTION,FY2025Q3: reconcile stored FY/FQ against direct exact fiscal anchor ; FY2025Q3: target FY/FQ collision requires reconciliation,YES,NO,FQ_CONFLICT_DIRECT_EXACT|TARGET_COLLISION,P1_CURRENT,STRUCTURAL_REVIEW_SEPARATE,TARGET_DIFFERENT_ECONOMIC,YES,P8H-S-0184,CMP
FY2025Q2,513,DIRECT_EXACT_INTERVAL|TARGET_DIFFERENT_ECONOMIC,NEED_LOCAL_LINEAGE_RECONCILIATION|NEED_TARGET_COLLISION_RESOLUTION,FY2025Q2: reconcile stored FY/FQ against direct exact fiscal anchor ; FY2025Q2: target FY/FQ collision requires reconciliation,YES,NO,FQ_CONFLICT_DIRECT_EXACT|TARGET_COLLISION,P3_LATEST8Q,STRUCTURAL_REVIEW_SEPARATE,TARGET_DIFFERENT_ECONOMIC,YES,P8H-S-0185,CMP
FY2025Q1,513,DIRECT_EXACT_INTERVAL|TARGET_DIFFERENT_ECONOMIC,NEED_LOCAL_LINEAGE_RECONCILIATION|NEED_TARGET_COLLISION_RESOLUTION,FY2025Q1: reconcile stored FY/FQ against direct exact fiscal anchor ; FY2025Q1: target FY/FQ collision requires reconciliation,YES,NO,FQ_CONFLICT_DIRECT_EXACT|TARGET_COLLISION,P3_LATEST8Q,STRUCTURAL_REVIEW_SEPARATE,TARGET_DIFFERENT_ECONOMIC,YES,P8H-S-0186,CMP
FY2026Q2,526,UNRESOLVED|UNRESOLVED,NEED_OFFICIAL_FISCAL_YEAR_START|NEED_OFFICIAL_FY_FQ_IDENTITY|NEED_SOURCE_SEMANTICS_CONFIRMATION,FY2026Q2: need official fiscal year start and FY/FQ identity ; FY2026Q2: confirm sequence semantics,YES,NO,UNRESOLVED_BOUNDARY|UNRESOLVED_SEQUENCE,P1_CURRENT,STRUCTURAL_REVIEW_SEPARATE,SOURCE_SEMANTIC_AMBIGUITY,YES,P8H-S-0187,CNMD
FY2026Q1,526,UNRESOLVED|UNRESOLVED,NEED_OFFICIAL_FISCAL_YEAR_START|NEED_OFFICIAL_FY_FQ_IDENTITY|NEED_SOURCE_SEMANTICS_CONFIRMATION,FY2026Q1: need official fiscal year start and FY/FQ identity ; FY2026Q1: confirm sequence semantics,YES,NO,UNRESOLVED_BOUNDARY|UNRESOLVED_SEQUENCE,P1_CURRENT,STRUCTURAL_REVIEW_SEPARATE,SOURCE_SEMANTIC_AMBIGUITY,YES,P8H-S-0188,CNMD
FY2025Q3,540,DIRECT_EXACT_INTERVAL|TARGET_DIFFERENT_ECONOMIC,NEED_MISSING_QUARTER_SOURCE|NEED_TARGET_COLLISION_RESOLUTION,FY2025Q3: verify missing adjacent fiscal quarter source ; FY2025Q3: target FY/FQ collision requires reconciliation,NO,NO,MISSING_QUARTER|TARGET_COLLISION,P2_LATEST4Q,STRUCTURAL_REVIEW_SEPARATE,TARGET_DIFFERENT_ECONOMIC,YES,P8H-S-0189,COHU
FY2025Q2,540,DIRECT_EXACT_INTERVAL|TARGET_DIFFERENT_ECONOMIC,NEED_TARGET_COLLISION_RESOLUTION,FY2025Q2: target FY/FQ collision requires reconciliation,NO,NO,TARGET_COLLISION,P3_LATEST8Q,STRUCTURAL_REVIEW_SEPARATE,TARGET_DIFFERENT_ECONOMIC,YES,P8H-S-0190,COHU
FY2025Q1,540,DIRECT_EXACT_INTERVAL|TARGET_DIFFERENT_ECONOMIC,NEED_MISSING_QUARTER_SOURCE|NEED_TARGET_COLLISION_RESOLUTION,FY2025Q1: verify missing adjacent fiscal quarter source ; FY2025Q1: target FY/FQ collision requires reconciliation,NO,NO,MISSING_QUARTER|TARGET_COLLISION,P3_LATEST8Q,STRUCTURAL_REVIEW_SEPARATE,TARGET_DIFFERENT_ECONOMIC,YES,P8H-S-0191,COHU
FY2026Q1,553,UNRESOLVED|UNRESOLVED,NEED_OFFICIAL_FISCAL_YEAR_START|NEED_OFFICIAL_FY_FQ_IDENTITY|NEED_SOURCE_SEMANTICS_CONFIRMATION,FY2026Q1: need official fiscal year start and FY/FQ identity ; FY2026Q1: confirm sequence semantics,YES,NO,UNRESOLVED_BOUNDARY|UNRESOLVED_SEQUENCE,P1_CURRENT,STRUCTURAL_REVIEW_SEPARATE,SOURCE_SEMANTIC_AMBIGUITY,YES,P8H-S-0192,COSM
FY2025Q3,559,DIRECT_EXACT_INTERVAL|TARGET_DIFFERENT_ECONOMIC,NEED_MISSING_QUARTER_SOURCE|NEED_TARGET_COLLISION_RESOLUTION,FY2025Q3: verify missing adjacent fiscal quarter source ; FY2025Q3: target FY/FQ collision requires reconciliation,NO,NO,MISSING_QUARTER|TARGET_COLLISION,P3_LATEST8Q,STRUCTURAL_REVIEW_SEPARATE,TARGET_DIFFERENT_ECONOMIC,YES,P8H-S-0193,CPB
FY2024Q4,563,DIRECT_EXACT_INTERVAL|TARGET_DIFFERENT_ECONOMIC,NEED_EBIT|NEED_LOCAL_LINEAGE_RECONCILIATION|NEED_SOURCE_SEMANTICS_CONFIRMATION|NEED_TARGET_COLLISION_RESOLUTION,FY2024Q4: need EBIT ; FY2024Q4: reconcile stored FY/FQ against direct exact fiscal anchor ; FY2024Q4: target FY/FQ collision requires reconciliation ; FY2024Q4: Need approved issuer/company-specific EBIT rule; do not blanket map Operating Income,YES,NO,FY_CONFLICT_DIRECT_EXACT|PRIMARY_CORE_INCOMPLETE|TARGET_COLLISION,P3_LATEST8Q,STRUCTURAL_REVIEW_SEPARATE,TARGET_DIFFERENT_ECONOMIC,YES,P8H-S-0194,CPRI
FY2026Q1,574,UNRESOLVED|UNRESOLVED,NEED_CAPEX|NEED_GROSS_PROFIT|NEED_OFFICIAL_FISCAL_YEAR_START|NEED_OFFICIAL_FY_FQ_IDENTITY|NEED_SOURCE_SEMANTICS_CONFIRMATION,FY2026Q1: need Gross Profit ; FY2026Q1: need Capex ; FY2026Q1: need official fiscal year start and FY/FQ identity ; FY2026Q1: confirm sequence semantics,YES,NO,SECONDARY_FIELDS_INCOMPLETE|UNRESOLVED_BOUNDARY|UNRESOLVED_SEQUENCE,P1_CURRENT,STRUCTURAL_REVIEW_SEPARATE,SOURCE_SEMANTIC_AMBIGUITY,YES,P8H-S-0195,CRDF
FY2025Q3,575,DIRECT_EXACT_INTERVAL|TARGET_DIFFERENT_ECONOMIC,NEED_MISSING_QUARTER_SOURCE|NEED_TARGET_COLLISION_RESOLUTION,FY2025Q3: verify missing adjacent fiscal quarter source ; FY2025Q3: target FY/FQ collision requires reconciliation,YES,NO,MISSING_QUARTER|TARGET_COLLISION,P3_LATEST8Q,STRUCTURAL_REVIEW_SEPARATE,TARGET_DIFFERENT_ECONOMIC,YES,P8H-S-0196,CRDO
FY2025Q2,575,DIRECT_EXACT_INTERVAL|TARGET_DIFFERENT_ECONOMIC,NEED_DEBT|NEED_TARGET_COLLISION_RESOLUTION,FY2025Q2: need Debt ; FY2025Q2: target FY/FQ collision requires reconciliation,YES,NO,PRIMARY_CORE_INCOMPLETE|TARGET_COLLISION,P3_LATEST8Q,STRUCTURAL_REVIEW_SEPARATE,TARGET_DIFFERENT_ECONOMIC,YES,P8H-S-0197,CRDO
FY2025Q1,575,DIRECT_EXACT_INTERVAL|TARGET_DIFFERENT_ECONOMIC,NEED_DEBT|NEED_TARGET_COLLISION_RESOLUTION,FY2025Q1: need Debt ; FY2025Q1: target FY/FQ collision requires reconciliation,YES,NO,PRIMARY_CORE_INCOMPLETE|TARGET_COLLISION,P3_LATEST8Q,STRUCTURAL_REVIEW_SEPARATE,TARGET_DIFFERENT_ECONOMIC,YES,P8H-S-0198,CRDO
FY2025Q3,578,DIRECT_EXACT_INTERVAL|TARGET_DIFFERENT_ECONOMIC,NEED_MISSING_QUARTER_SOURCE|NEED_TARGET_COLLISION_RESOLUTION,FY2025Q3: verify missing adjacent fiscal quarter source ; FY2025Q3: target FY/FQ collision requires reconciliation,NO,NO,MISSING_QUARTER|TARGET_COLLISION,P2_LATEST4Q,STRUCTURAL_REVIEW_SEPARATE,TARGET_DIFFERENT_ECONOMIC,YES,P8H-S-0199,CRI
FY2025Q2,578,DIRECT_EXACT_INTERVAL|TARGET_DIFFERENT_ECONOMIC,NEED_TARGET_COLLISION_RESOLUTION,FY2025Q2: target FY/FQ collision requires reconciliation,NO,NO,TARGET_COLLISION,P3_LATEST8Q,STRUCTURAL_REVIEW_SEPARATE,TARGET_DIFFERENT_ECONOMIC,YES,P8H-S-0200,CRI
FY2025Q1,578,DIRECT_EXACT_INTERVAL|TARGET_DIFFERENT_ECONOMIC,NEED_MISSING_QUARTER_SOURCE|NEED_TARGET_COLLISION_RESOLUTION,FY2025Q1: verify missing adjacent fiscal quarter source ; FY2025Q1: target FY/FQ collision requires reconciliation,NO,NO,MISSING_QUARTER|TARGET_COLLISION,P3_LATEST8Q,STRUCTURAL_REVIEW_SEPARATE,TARGET_DIFFERENT_ECONOMIC,YES,P8H-S-0201,CRI
FY2025Q3,580,DIRECT_EXACT_INTERVAL|TARGET_DIFFERENT_ECONOMIC,NEED_MISSING_QUARTER_SOURCE|NEED_TARGET_COLLISION_RESOLUTION,FY2025Q3: verify missing adjacent fiscal quarter source ; FY2025Q3: target FY/FQ collision requires reconciliation,YES,NO,MISSING_QUARTER|TARGET_COLLISION,P2_LATEST4Q,STRUCTURAL_REVIEW_SEPARATE,TARGET_DIFFERENT_ECONOMIC,YES,P8H-S-0202,CRL
FY2025Q2,580,DIRECT_EXACT_INTERVAL|TARGET_DIFFERENT_ECONOMIC,NEED_MISSING_QUARTER_SOURCE|NEED_TARGET_COLLISION_RESOLUTION,FY2025Q2: verify missing adjacent fiscal quarter source ; FY2025Q2: target FY/FQ collision requires reconciliation,YES,NO,MISSING_QUARTER|TARGET_COLLISION,P3_LATEST8Q,STRUCTURAL_REVIEW_SEPARATE,TARGET_DIFFERENT_ECONOMIC,YES,P8H-S-0203,CRL
FY2025Q2,581,DIRECT_EXACT_INTERVAL|TARGET_DIFFERENT_ECONOMIC,NEED_LOCAL_LINEAGE_RECONCILIATION|NEED_TARGET_COLLISION_RESOLUTION,FY2025Q2: reconcile stored FY/FQ against direct exact fiscal anchor ; FY2025Q2: target FY/FQ collision requires reconciliation,NO,NO,FY_CONFLICT_DIRECT_EXACT|TARGET_COLLISION,P2_LATEST4Q,STRUCTURAL_REVIEW_SEPARATE,TARGET_DIFFERENT_ECONOMIC,YES,P8H-S-0204,CRM
FY2024Q2,581,DIRECT_EXACT_INTERVAL|TARGET_DIFFERENT_ECONOMIC,NEED_LOCAL_LINEAGE_RECONCILIATION|NEED_TARGET_COLLISION_RESOLUTION,FY2024Q2: reconcile stored FY/FQ against direct exact fiscal anchor ; FY2024Q2: target FY/FQ collision requires reconciliation,NO,NO,FY_CONFLICT_DIRECT_EXACT|TARGET_COLLISION,P3_LATEST8Q,STRUCTURAL_REVIEW_SEPARATE,TARGET_DIFFERENT_ECONOMIC,YES,P8H-S-0205,CRM
FY2026Q1,582,UNRESOLVED|UNRESOLVED,NEED_OFFICIAL_FISCAL_YEAR_START|NEED_OFFICIAL_FY_FQ_IDENTITY|NEED_SOURCE_SEMANTICS_CONFIRMATION,FY2026Q1: need official fiscal year start and FY/FQ identity ; FY2026Q1: confirm sequence semantics,YES,NO,UNRESOLVED_BOUNDARY|UNRESOLVED_SEQUENCE,P1_CURRENT,STRUCTURAL_REVIEW_SEPARATE,SOURCE_SEMANTIC_AMBIGUITY,YES,P8H-S-0206,CRMD
FY2025Q1,595,DIRECT_EXACT_INTERVAL|TARGET_DIFFERENT_ECONOMIC,NEED_LOCAL_LINEAGE_RECONCILIATION|NEED_TARGET_COLLISION_RESOLUTION,FY2025Q1: reconcile stored FY/FQ against direct exact fiscal anchor ; FY2025Q1: target FY/FQ collision requires reconciliation,YES,NO,FY_CONFLICT_DIRECT_EXACT|TARGET_COLLISION,P3_LATEST8Q,STRUCTURAL_REVIEW_SEPARATE,TARGET_DIFFERENT_ECONOMIC,YES,P8H-S-0207,CRWD
FY2025Q3,596,DIRECT_EXACT_INTERVAL|TARGET_DIFFERENT_ECONOMIC,NEED_MISSING_QUARTER_SOURCE|NEED_TARGET_COLLISION_RESOLUTION,FY2025Q3: verify missing adjacent fiscal quarter source ; FY2025Q3: target FY/FQ collision requires reconciliation,NO,NO,MISSING_QUARTER|TARGET_COLLISION,P3_LATEST8Q,STRUCTURAL_REVIEW_SEPARATE,TARGET_DIFFERENT_ECONOMIC,YES,P8H-S-0208,CSCO
FY2026Q2,600,UNRESOLVED|UNRESOLVED,NEED_CAPEX|NEED_FIRST_PUBLIC_RESULT_DATE|NEED_OFFICIAL_FISCAL_YEAR_START|NEED_OFFICIAL_FY_FQ_IDENTITY|NEED_SOURCE_SEMANTICS_CONFIRMATION,FY2026Q2: need Capex ; FY2026Q2: need official fiscal year start and FY/FQ identity ; FY2026Q2: need first-public result date ; FY2026Q2: confirm sequence semantics,YES,NO,PUBLISH_DATE_MISSING|SECONDARY_FIELDS_INCOMPLETE|UNRESOLVED_BOUNDARY|UNRESOLVED_SEQUENCE,P1_CURRENT,STRUCTURAL_REVIEW_SEPARATE,SOURCE_SEMANTIC_AMBIGUITY,YES,P8H-S-0209,CSR
FY2026Q1,600,UNRESOLVED|UNRESOLVED,NEED_CAPEX|NEED_OFFICIAL_FISCAL_YEAR_START|NEED_OFFICIAL_FY_FQ_IDENTITY|NEED_SOURCE_SEMANTICS_CONFIRMATION,FY2026Q1: need Capex ; FY2026Q1: need official fiscal year start and FY/FQ identity ; FY2026Q1: confirm sequence semantics,YES,NO,SECONDARY_FIELDS_INCOMPLETE|UNRESOLVED_BOUNDARY|UNRESOLVED_SEQUENCE,P1_CURRENT,STRUCTURAL_REVIEW_SEPARATE,SOURCE_SEMANTIC_AMBIGUITY,YES,P8H-S-0210,CSR
FY2026Q1,614,UNRESOLVED|UNRESOLVED,NEED_OFFICIAL_FISCAL_YEAR_START|NEED_OFFICIAL_FY_FQ_IDENTITY|NEED_SOURCE_SEMANTICS_CONFIRMATION,FY2026Q1: need official fiscal year start and FY/FQ identity ; FY2026Q1: confirm sequence semantics,YES,NO,UNRESOLVED_BOUNDARY|UNRESOLVED_SEQUENCE,P1_CURRENT,STRUCTURAL_REVIEW_SEPARATE,SOURCE_SEMANTIC_AMBIGUITY,YES,P8H-S-0211,CTOR
FY2025Q4,614,UNRESOLVED|UNRESOLVED,NEED_OFFICIAL_FISCAL_YEAR_START|NEED_OFFICIAL_FY_FQ_IDENTITY|NEED_SOURCE_SEMANTICS_CONFIRMATION,FY2025Q4: need official fiscal year start and FY/FQ identity ; FY2025Q4: confirm sequence semantics,YES,NO,UNRESOLVED_BOUNDARY|UNRESOLVED_SEQUENCE,P1_CURRENT,STRUCTURAL_REVIEW_SEPARATE,SOURCE_SEMANTIC_AMBIGUITY,YES,P8H-S-0212,CTOR
FY2025Q3,614,DIRECT_EXACT_INTERVAL|TARGET_DIFFERENT_ECONOMIC,NEED_CAPEX|NEED_GROSS_PROFIT|NEED_LOCAL_LINEAGE_RECONCILIATION|NEED_TARGET_COLLISION_RESOLUTION,FY2025Q3: need Gross Profit ; FY2025Q3: need Capex ; FY2025Q3: reconcile stored FY/FQ against direct exact fiscal anchor ; FY2025Q3: target FY/FQ collision requires reconciliation,YES,NO,FQ_CONFLICT_DIRECT_EXACT|SECONDARY_FIELDS_INCOMPLETE|TARGET_COLLISION,P1_CURRENT,STRUCTURAL_REVIEW_SEPARATE,TARGET_DIFFERENT_ECONOMIC,YES,P8H-S-0213,CTOR
FY2025Q2,614,DIRECT_EXACT_INTERVAL|TARGET_DIFFERENT_ECONOMIC,NEED_CAPEX|NEED_GROSS_PROFIT|NEED_LOCAL_LINEAGE_RECONCILIATION|NEED_TARGET_COLLISION_RESOLUTION,FY2025Q2: need Gross Profit ; FY2025Q2: need Capex ; FY2025Q2: reconcile stored FY/FQ against direct exact fiscal anchor ; FY2025Q2: target FY/FQ collision requires reconciliation,YES,NO,FQ_CONFLICT_DIRECT_EXACT|SECONDARY_FIELDS_INCOMPLETE|TARGET_COLLISION,P1_CURRENT,STRUCTURAL_REVIEW_SEPARATE,TARGET_DIFFERENT_ECONOMIC,YES,P8H-S-0214,CTOR
FY2025Q1,614,DIRECT_EXACT_INTERVAL|TARGET_DIFFERENT_ECONOMIC,NEED_CAPEX|NEED_LOCAL_LINEAGE_RECONCILIATION|NEED_TARGET_COLLISION_RESOLUTION,FY2025Q1: need Capex ; FY2025Q1: reconcile stored FY/FQ against direct exact fiscal anchor ; FY2025Q1: target FY/FQ collision requires reconciliation,YES,NO,FQ_CONFLICT_DIRECT_EXACT|SECONDARY_FIELDS_INCOMPLETE|TARGET_COLLISION,P3_LATEST8Q,STRUCTURAL_REVIEW_SEPARATE,TARGET_DIFFERENT_ECONOMIC,YES,P8H-S-0215,CTOR
FY2024Q4,614,DIRECT_EXACT_INTERVAL|TARGET_DIFFERENT_ECONOMIC,NEED_CAPEX|NEED_EBITDA|NEED_LOCAL_LINEAGE_RECONCILIATION|NEED_TARGET_COLLISION_RESOLUTION,FY2024Q4: need EBITDA ; FY2024Q4: need Capex ; FY2024Q4: reconcile stored FY/FQ against direct exact fiscal anchor ; FY2024Q4: target FY/FQ collision requires reconciliation,YES,NO,FY_CONFLICT_DIRECT_EXACT|SECONDARY_FIELDS_INCOMPLETE|TARGET_COLLISION,P3_LATEST8Q,STRUCTURAL_REVIEW_SEPARATE,TARGET_DIFFERENT_ECONOMIC,YES,P8H-S-0216,CTOR
FY2024Q1,614,DIRECT_EXACT_INTERVAL|TARGET_DIFFERENT_ECONOMIC,NEED_CAPEX|NEED_CASH|NEED_DEBT|NEED_EBITDA|NEED_FCF|NEED_FIRST_PUBLIC_RESULT_DATE|NEED_GROSS_PROFIT|NEED_LOCAL_LINEAGE_RECONCILIATION|NEED_REVENUE|NEED_SOURCE_SEMANTICS_CONFIRMATION|NEED_TARGET_COLLISION_RESOLUTION,FY2024Q1: need Revenue ; FY2024Q1: need FCF ; FY2024Q1: need Cash ; FY2024Q1: need Debt ; FY2024Q1: need Gross Profit ; FY2024Q1: need EBITDA ; FY2024Q1: need Capex ; FY2024Q1: reconcile stored FY/FQ against direct exact fiscal anchor ; FY2024Q1: need first-public result date ; FY2024Q1: target FY/FQ collision requires reconciliation ; FY2024Q1: Need Capex to derive FCF,YES,NO,FQ_CONFLICT_DIRECT_EXACT|PRIMARY_CORE_INCOMPLETE|PUBLISH_DATE_MISSING|SECONDARY_FIELDS_INCOMPLETE|TARGET_COLLISION,P3_LATEST8Q,STRUCTURAL_REVIEW_SEPARATE,TARGET_DIFFERENT_ECONOMIC,YES,P8H-S-0217,CTOR
FY2026Q2,620,UNRESOLVED|UNRESOLVED,NEED_EBIT|NEED_OFFICIAL_FISCAL_YEAR_START|NEED_OFFICIAL_FY_FQ_IDENTITY|NEED_SOURCE_SEMANTICS_CONFIRMATION,FY2026Q2: need EBIT ; FY2026Q2: need official fiscal year start and FY/FQ identity ; FY2026Q2: confirm sequence semantics ; FY2026Q2: Need approved issuer/company-specific EBIT rule; do not blanket map Operating Income,YES,NO,PRIMARY_CORE_INCOMPLETE|UNRESOLVED_BOUNDARY|UNRESOLVED_SEQUENCE,P1_CURRENT,STRUCTURAL_REVIEW_SEPARATE,SOURCE_SEMANTIC_AMBIGUITY,YES,P8H-S-0218,CTVA
FY2026Q1,620,UNRESOLVED|UNRESOLVED,NEED_OFFICIAL_FISCAL_YEAR_START|NEED_OFFICIAL_FY_FQ_IDENTITY|NEED_SOURCE_SEMANTICS_CONFIRMATION,FY2026Q1: need official fiscal year start and FY/FQ identity ; FY2026Q1: confirm sequence semantics,YES,NO,UNRESOLVED_BOUNDARY|UNRESOLVED_SEQUENCE,P1_CURRENT,STRUCTURAL_REVIEW_SEPARATE,SOURCE_SEMANTIC_AMBIGUITY,YES,P8H-S-0219,CTVA
FY2026Q2,621,UNRESOLVED|UNRESOLVED,NEED_CAPEX|NEED_OFFICIAL_FISCAL_YEAR_START|NEED_OFFICIAL_FY_FQ_IDENTITY|NEED_SOURCE_SEMANTICS_CONFIRMATION,FY2026Q2: need Capex ; FY2026Q2: need official fiscal year start and FY/FQ identity ; FY2026Q2: confirm sequence semantics,YES,NO,SECONDARY_FIELDS_INCOMPLETE|UNRESOLVED_BOUNDARY|UNRESOLVED_SEQUENCE,P1_CURRENT,STRUCTURAL_REVIEW_SEPARATE,SOURCE_SEMANTIC_AMBIGUITY,YES,P8H-S-0220,CTXR
FY2026Q1,621,UNRESOLVED|UNRESOLVED,NEED_CAPEX|NEED_OFFICIAL_FISCAL_YEAR_START|NEED_OFFICIAL_FY_FQ_IDENTITY|NEED_SOURCE_SEMANTICS_CONFIRMATION,FY2026Q1: need Capex ; FY2026Q1: need official fiscal year start and FY/FQ identity ; FY2026Q1: confirm sequence semantics,YES,NO,SECONDARY_FIELDS_INCOMPLETE|UNRESOLVED_BOUNDARY|UNRESOLVED_SEQUENCE,P1_CURRENT,STRUCTURAL_REVIEW_SEPARATE,SOURCE_SEMANTIC_AMBIGUITY,YES,P8H-S-0221,CTXR
FY2025Q1,632,DIRECT_EXACT_INTERVAL|TARGET_DIFFERENT_ECONOMIC,NEED_LOCAL_LINEAGE_RECONCILIATION|NEED_TARGET_COLLISION_RESOLUTION,FY2025Q1: reconcile stored FY/FQ against direct exact fiscal anchor ; FY2025Q1: target FY/FQ collision requires reconciliation,YES,NO,FY_CONFLICT_DIRECT_EXACT|TARGET_COLLISION,P3_LATEST8Q,STRUCTURAL_REVIEW_SEPARATE,TARGET_DIFFERENT_ECONOMIC,YES,P8H-S-0222,CVLT
FY2026Q2,635,UNRESOLVED|UNRESOLVED,NEED_FIRST_PUBLIC_RESULT_DATE|NEED_OFFICIAL_FISCAL_YEAR_START|NEED_OFFICIAL_FY_FQ_IDENTITY|NEED_SOURCE_SEMANTICS_CONFIRMATION,FY2026Q2: need official fiscal year start and FY/FQ identity ; FY2026Q2: need first-public result date ; FY2026Q2: confirm sequence semantics,YES,NO,PUBLISH_DATE_MISSING|UNRESOLVED_BOUNDARY|UNRESOLVED_SEQUENCE,P1_CURRENT,STRUCTURAL_REVIEW_SEPARATE,SOURCE_SEMANTIC_AMBIGUITY,YES,P8H-S-0223,CVS
FY2026Q1,635,UNRESOLVED|UNRESOLVED,NEED_OFFICIAL_FISCAL_YEAR_START|NEED_OFFICIAL_FY_FQ_IDENTITY|NEED_SOURCE_SEMANTICS_CONFIRMATION,FY2026Q1: need official fiscal year start and FY/FQ identity ; FY2026Q1: confirm sequence semantics,YES,NO,UNRESOLVED_BOUNDARY|UNRESOLVED_SEQUENCE,P1_CURRENT,STRUCTURAL_REVIEW_SEPARATE,SOURCE_SEMANTIC_AMBIGUITY,YES,P8H-S-0224,CVS
FY2026Q1,639,UNRESOLVED|UNRESOLVED,NEED_OFFICIAL_FISCAL_YEAR_START|NEED_OFFICIAL_FY_FQ_IDENTITY|NEED_SOURCE_SEMANTICS_CONFIRMATION,FY2026Q1: need official fiscal year start and FY/FQ identity ; FY2026Q1: confirm sequence semantics,YES,NO,UNRESOLVED_BOUNDARY|UNRESOLVED_SEQUENCE,P1_CURRENT,STRUCTURAL_REVIEW_SEPARATE,SOURCE_SEMANTIC_AMBIGUITY,YES,P8H-S-0225,CWCO
FY2027Q1,643,UNRESOLVED|UNRESOLVED,NEED_FIRST_PUBLIC_RESULT_DATE|NEED_OFFICIAL_FISCAL_YEAR_START|NEED_OFFICIAL_FY_FQ_IDENTITY|NEED_SOURCE_SEMANTICS_CONFIRMATION,FY2027Q1: need official fiscal year start and FY/FQ identity ; FY2027Q1: need first-public result date ; FY2027Q1: confirm sequence semantics,YES,NO,PUBLISH_DATE_MISSING|UNRESOLVED_BOUNDARY|UNRESOLVED_SEQUENCE,P1_CURRENT,STRUCTURAL_REVIEW_SEPARATE,SOURCE_SEMANTIC_AMBIGUITY,YES,P8H-S-0226,CWST
FY2025Q1,646,DIRECT_EXACT_INTERVAL|TARGET_DIFFERENT_ECONOMIC,NEED_LOCAL_LINEAGE_RECONCILIATION|NEED_TARGET_COLLISION_RESOLUTION,FY2025Q1: reconcile stored FY/FQ against direct exact fiscal anchor ; FY2025Q1: target FY/FQ collision requires reconciliation,YES,NO,FY_CONFLICT_DIRECT_EXACT|TARGET_COLLISION,P3_LATEST8Q,STRUCTURAL_REVIEW_SEPARATE,TARGET_DIFFERENT_ECONOMIC,YES,P8H-S-0227,CXM
FY2025Q3,652,DIRECT_EXACT_INTERVAL|TARGET_DIFFERENT_ECONOMIC,NEED_LOCAL_LINEAGE_RECONCILIATION|NEED_TARGET_COLLISION_RESOLUTION,FY2025Q3: reconcile stored FY/FQ against direct exact fiscal anchor ; FY2025Q3: target FY/FQ collision requires reconciliation,NO,NO,FQ_CONFLICT_DIRECT_EXACT|TARGET_COLLISION,P1_CURRENT,STRUCTURAL_REVIEW_SEPARATE,TARGET_DIFFERENT_ECONOMIC,YES,P8H-S-0228,CYRX
FY2025Q2,652,DIRECT_EXACT_INTERVAL|TARGET_DIFFERENT_ECONOMIC,NEED_LOCAL_LINEAGE_RECONCILIATION|NEED_TARGET_COLLISION_RESOLUTION,FY2025Q2: reconcile stored FY/FQ against direct exact fiscal anchor ; FY2025Q2: target FY/FQ collision requires reconciliation,NO,NO,FQ_CONFLICT_DIRECT_EXACT|TARGET_COLLISION,P1_CURRENT,STRUCTURAL_REVIEW_SEPARATE,TARGET_DIFFERENT_ECONOMIC,YES,P8H-S-0229,CYRX
FY2025Q1,652,DIRECT_EXACT_INTERVAL|TARGET_DIFFERENT_ECONOMIC,NEED_LOCAL_LINEAGE_RECONCILIATION|NEED_TARGET_COLLISION_RESOLUTION,FY2025Q1: reconcile stored FY/FQ against direct exact fiscal anchor ; FY2025Q1: target FY/FQ collision requires reconciliation,NO,NO,FQ_CONFLICT_DIRECT_EXACT|TARGET_COLLISION,P3_LATEST8Q,STRUCTURAL_REVIEW_SEPARATE,TARGET_DIFFERENT_ECONOMIC,YES,P8H-S-0230,CYRX
FY2026Q3,656,DIRECT_EXACT_INTERVAL|TARGET_DIFFERENT_ECONOMIC,NEED_MISSING_QUARTER_SOURCE|NEED_TARGET_COLLISION_RESOLUTION,FY2026Q3: verify missing adjacent fiscal quarter source ; FY2026Q3: target FY/FQ collision requires reconciliation,YES,NO,MISSING_QUARTER|TARGET_COLLISION,P2_LATEST4Q,STRUCTURAL_REVIEW_SEPARATE,TARGET_DIFFERENT_ECONOMIC,YES,P8H-S-0231,DAKT
FY2026Q2,656,DIRECT_EXACT_INTERVAL|TARGET_DIFFERENT_ECONOMIC,NEED_TARGET_COLLISION_RESOLUTION,FY2026Q2: target FY/FQ collision requires reconciliation,YES,NO,TARGET_COLLISION,P2_LATEST4Q,STRUCTURAL_REVIEW_SEPARATE,TARGET_DIFFERENT_ECONOMIC,YES,P8H-S-0232,DAKT
FY2026Q1,656,DIRECT_EXACT_INTERVAL|TARGET_DIFFERENT_ECONOMIC,NEED_TARGET_COLLISION_RESOLUTION,FY2026Q1: target FY/FQ collision requires reconciliation,YES,NO,TARGET_COLLISION,P2_LATEST4Q,STRUCTURAL_REVIEW_SEPARATE,TARGET_DIFFERENT_ECONOMIC,YES,P8H-S-0233,DAKT
FY2025Q4,656,DIRECT_EXACT_INTERVAL|TARGET_DIFFERENT_ECONOMIC,NEED_LOCAL_LINEAGE_RECONCILIATION|NEED_OFFICIAL_PERIOD_END|NEED_TARGET_COLLISION_RESOLUTION,FY2025Q4: reconcile stored FY/FQ against direct exact fiscal anchor ; FY2025Q4: need official period_end ; FY2025Q4: target FY/FQ collision requires reconciliation,YES,NO,FY_CONFLICT_DIRECT_EXACT|PERIOD_END_FISCAL_SLOT_CONFLICT|TARGET_COLLISION,P3_LATEST8Q,STRUCTURAL_REVIEW_SEPARATE,TARGET_DIFFERENT_ECONOMIC,YES,P8H-S-0234,DAKT
FY2025Q3,659,DIRECT_EXACT_INTERVAL|TARGET_DIFFERENT_ECONOMIC,NEED_MISSING_QUARTER_SOURCE|NEED_TARGET_COLLISION_RESOLUTION,FY2025Q3: verify missing adjacent fiscal quarter source ; FY2025Q3: target FY/FQ collision requires reconciliation,NO,NO,MISSING_QUARTER|TARGET_COLLISION,P2_LATEST4Q,STRUCTURAL_REVIEW_SEPARATE,TARGET_DIFFERENT_ECONOMIC,YES,P8H-S-0235,DAR
FY2025Q2,659,DIRECT_EXACT_INTERVAL|TARGET_DIFFERENT_ECONOMIC,NEED_TARGET_COLLISION_RESOLUTION,FY2025Q2: target FY/FQ collision requires reconciliation,NO,NO,TARGET_COLLISION,P3_LATEST8Q,STRUCTURAL_REVIEW_SEPARATE,TARGET_DIFFERENT_ECONOMIC,YES,P8H-S-0236,DAR
FY2025Q1,659,DIRECT_EXACT_INTERVAL|TARGET_DIFFERENT_ECONOMIC,NEED_MISSING_QUARTER_SOURCE|NEED_TARGET_COLLISION_RESOLUTION,FY2025Q1: verify missing adjacent fiscal quarter source ; FY2025Q1: target FY/FQ collision requires reconciliation,NO,NO,MISSING_QUARTER|TARGET_COLLISION,P3_LATEST8Q,STRUCTURAL_REVIEW_SEPARATE,TARGET_DIFFERENT_ECONOMIC,YES,P8H-S-0237,DAR
FY2026Q1,666,UNRESOLVED|UNRESOLVED,NEED_OFFICIAL_FISCAL_YEAR_START|NEED_OFFICIAL_FY_FQ_IDENTITY|NEED_SOURCE_SEMANTICS_CONFIRMATION,FY2026Q1: need official fiscal year start and FY/FQ identity ; FY2026Q1: confirm sequence semantics,YES,NO,UNRESOLVED_BOUNDARY|UNRESOLVED_SEQUENCE,P1_CURRENT,STRUCTURAL_REVIEW_SEPARATE,SOURCE_SEMANTIC_AMBIGUITY,YES,P8H-S-0238,DBI
FY2025Q3,677,DIRECT_EXACT_INTERVAL|TARGET_DIFFERENT_ECONOMIC,NEED_MISSING_QUARTER_SOURCE|NEED_TARGET_COLLISION_RESOLUTION,FY2025Q3: verify missing adjacent fiscal quarter source ; FY2025Q3: target FY/FQ collision requires reconciliation,YES,NO,MISSING_QUARTER|TARGET_COLLISION,P2_LATEST4Q,STRUCTURAL_REVIEW_SEPARATE,TARGET_DIFFERENT_ECONOMIC,YES,P8H-S-0239,DE
FY2025Q2,677,DIRECT_EXACT_INTERVAL|TARGET_DIFFERENT_ECONOMIC,NEED_MISSING_QUARTER_SOURCE|NEED_TARGET_COLLISION_RESOLUTION,FY2025Q2: verify missing adjacent fiscal quarter source ; FY2025Q2: target FY/FQ collision requires reconciliation,YES,NO,MISSING_QUARTER|TARGET_COLLISION,P3_LATEST8Q,STRUCTURAL_REVIEW_SEPARATE,TARGET_DIFFERENT_ECONOMIC,YES,P8H-S-0240,DE
FY2026Q1,680,UNRESOLVED|UNRESOLVED,NEED_OFFICIAL_FISCAL_YEAR_START|NEED_OFFICIAL_FY_FQ_IDENTITY|NEED_SOURCE_SEMANTICS_CONFIRMATION,FY2026Q1: need official fiscal year start and FY/FQ identity ; FY2026Q1: confirm sequence semantics,YES,NO,UNRESOLVED_BOUNDARY|UNRESOLVED_SEQUENCE,P1_CURRENT,STRUCTURAL_REVIEW_SEPARATE,SOURCE_SEMANTIC_AMBIGUITY,YES,P8H-S-0241,DECK
FY2025Q1,680,DIRECT_EXACT_INTERVAL|TARGET_DIFFERENT_ECONOMIC,NEED_LOCAL_LINEAGE_RECONCILIATION|NEED_TARGET_COLLISION_RESOLUTION,FY2025Q1: reconcile stored FY/FQ against direct exact fiscal anchor ; FY2025Q1: target FY/FQ collision requires reconciliation,YES,NO,FY_CONFLICT_DIRECT_EXACT|TARGET_COLLISION,P3_LATEST8Q,STRUCTURAL_REVIEW_SEPARATE,TARGET_DIFFERENT_ECONOMIC,YES,P8H-S-0242,DECK
FY2025Q1,682,DIRECT_EXACT_INTERVAL|TARGET_DIFFERENT_ECONOMIC,NEED_LOCAL_LINEAGE_RECONCILIATION|NEED_TARGET_COLLISION_RESOLUTION,FY2025Q1: reconcile stored FY/FQ against direct exact fiscal anchor ; FY2025Q1: target FY/FQ collision requires reconciliation,YES,NO,FY_CONFLICT_DIRECT_EXACT|TARGET_COLLISION,P3_LATEST8Q,STRUCTURAL_REVIEW_SEPARATE,TARGET_DIFFERENT_ECONOMIC,YES,P8H-S-0243,DELL
FY2024Q4,682,DIRECT_EXACT_INTERVAL|TARGET_DIFFERENT_ECONOMIC,NEED_EBIT|NEED_LOCAL_LINEAGE_RECONCILIATION|NEED_SOURCE_SEMANTICS_CONFIRMATION|NEED_TARGET_COLLISION_RESOLUTION,FY2024Q4: need EBIT ; FY2024Q4: reconcile stored FY/FQ against direct exact fiscal anchor ; FY2024Q4: target FY/FQ collision requires reconciliation ; FY2024Q4: Need approved issuer/company-specific EBIT rule; do not blanket map Operating Income,YES,NO,FY_CONFLICT_DIRECT_EXACT|PRIMARY_CORE_INCOMPLETE|TARGET_COLLISION,P3_LATEST8Q,STRUCTURAL_REVIEW_SEPARATE,TARGET_DIFFERENT_ECONOMIC,YES,P8H-S-0244,DELL
FY2025Q3,696,DIRECT_EXACT_INTERVAL|TARGET_DIFFERENT_ECONOMIC,NEED_MISSING_QUARTER_SOURCE|NEED_TARGET_COLLISION_RESOLUTION,FY2025Q3: verify missing adjacent fiscal quarter source ; FY2025Q3: target FY/FQ collision requires reconciliation,YES,NO,MISSING_QUARTER|TARGET_COLLISION,P2_LATEST4Q,STRUCTURAL_REVIEW_SEPARATE,TARGET_DIFFERENT_ECONOMIC,YES,P8H-S-0245,DIN
FY2025Q2,696,DIRECT_EXACT_INTERVAL|TARGET_DIFFERENT_ECONOMIC,NEED_TARGET_COLLISION_RESOLUTION,FY2025Q2: target FY/FQ collision requires reconciliation,YES,NO,TARGET_COLLISION,P3_LATEST8Q,STRUCTURAL_REVIEW_SEPARATE,TARGET_DIFFERENT_ECONOMIC,YES,P8H-S-0246,DIN
FY2025Q1,696,DIRECT_EXACT_INTERVAL|TARGET_DIFFERENT_ECONOMIC,NEED_MISSING_QUARTER_SOURCE|NEED_TARGET_COLLISION_RESOLUTION,FY2025Q1: verify missing adjacent fiscal quarter source ; FY2025Q1: target FY/FQ collision requires reconciliation,YES,NO,MISSING_QUARTER|TARGET_COLLISION,P3_LATEST8Q,STRUCTURAL_REVIEW_SEPARATE,TARGET_DIFFERENT_ECONOMIC,YES,P8H-S-0247,DIN
FY2025Q3,699,DIRECT_EXACT_INTERVAL|TARGET_DIFFERENT_ECONOMIC,NEED_MISSING_QUARTER_SOURCE|NEED_TARGET_COLLISION_RESOLUTION,FY2025Q3: verify missing adjacent fiscal quarter source ; FY2025Q3: target FY/FQ collision requires reconciliation,YES,NO,MISSING_QUARTER|TARGET_COLLISION,P3_LATEST8Q,STRUCTURAL_REVIEW_SEPARATE,TARGET_DIFFERENT_ECONOMIC,YES,P8H-S-0248,DIS
FY2025Q3,705,DIRECT_EXACT_INTERVAL|TARGET_DIFFERENT_ECONOMIC,NEED_MISSING_QUARTER_SOURCE|NEED_TARGET_COLLISION_RESOLUTION,FY2025Q3: verify missing adjacent fiscal quarter source ; FY2025Q3: target FY/FQ collision requires reconciliation,YES,NO,MISSING_QUARTER|TARGET_COLLISION,P3_LATEST8Q,STRUCTURAL_REVIEW_SEPARATE,TARGET_DIFFERENT_ECONOMIC,YES,P8H-S-0249,DLB
FY2025Q3,717,DIRECT_EXACT_INTERVAL|TARGET_DIFFERENT_ECONOMIC,NEED_MISSING_QUARTER_SOURCE|NEED_TARGET_COLLISION_RESOLUTION,FY2025Q3: verify missing adjacent fiscal quarter source ; FY2025Q3: target FY/FQ collision requires reconciliation,NO,NO,MISSING_QUARTER|TARGET_COLLISION,P2_LATEST4Q,STRUCTURAL_REVIEW_SEPARATE,TARGET_DIFFERENT_ECONOMIC,YES,P8H-S-0250,DNUT
FY2025Q2,717,DIRECT_EXACT_INTERVAL|TARGET_DIFFERENT_ECONOMIC,NEED_TARGET_COLLISION_RESOLUTION,FY2025Q2: target FY/FQ collision requires reconciliation,NO,NO,TARGET_COLLISION,P3_LATEST8Q,STRUCTURAL_REVIEW_SEPARATE,TARGET_DIFFERENT_ECONOMIC,YES,P8H-S-0251,DNUT
FY2025Q1,717,DIRECT_EXACT_INTERVAL|TARGET_DIFFERENT_ECONOMIC,NEED_MISSING_QUARTER_SOURCE|NEED_TARGET_COLLISION_RESOLUTION,FY2025Q1: verify missing adjacent fiscal quarter source ; FY2025Q1: target FY/FQ collision requires reconciliation,NO,NO,MISSING_QUARTER|TARGET_COLLISION,P3_LATEST8Q,STRUCTURAL_REVIEW_SEPARATE,TARGET_DIFFERENT_ECONOMIC,YES,P8H-S-0252,DNUT
FY2025Q1,720,DIRECT_EXACT_INTERVAL|TARGET_DIFFERENT_ECONOMIC,NEED_LOCAL_LINEAGE_RECONCILIATION|NEED_TARGET_COLLISION_RESOLUTION,FY2025Q1: reconcile stored FY/FQ against direct exact fiscal anchor ; FY2025Q1: target FY/FQ collision requires reconciliation,YES,NO,FY_CONFLICT_DIRECT_EXACT|TARGET_COLLISION,P3_LATEST8Q,STRUCTURAL_REVIEW_SEPARATE,TARGET_DIFFERENT_ECONOMIC,YES,P8H-S-0253,DOCS
FY2025Q1,721,DIRECT_EXACT_INTERVAL|TARGET_DIFFERENT_ECONOMIC,NEED_LOCAL_LINEAGE_RECONCILIATION|NEED_TARGET_COLLISION_RESOLUTION,FY2025Q1: reconcile stored FY/FQ against direct exact fiscal anchor ; FY2025Q1: target FY/FQ collision requires reconciliation,YES,NO,FY_CONFLICT_DIRECT_EXACT|TARGET_COLLISION,P3_LATEST8Q,STRUCTURAL_REVIEW_SEPARATE,TARGET_DIFFERENT_ECONOMIC,YES,P8H-S-0254,DOCU
FY2025Q3,728,DIRECT_EXACT_INTERVAL|TARGET_DIFFERENT_ECONOMIC,NEED_MISSING_QUARTER_SOURCE|NEED_TARGET_COLLISION_RESOLUTION,FY2025Q3: verify missing adjacent fiscal quarter source ; FY2025Q3: target FY/FQ collision requires reconciliation,YES,NO,MISSING_QUARTER|TARGET_COLLISION,P2_LATEST4Q,STRUCTURAL_REVIEW_SEPARATE,TARGET_DIFFERENT_ECONOMIC,YES,P8H-S-0255,DPZ
FY2025Q2,728,DIRECT_EXACT_INTERVAL|TARGET_DIFFERENT_ECONOMIC,NEED_MISSING_QUARTER_SOURCE|NEED_TARGET_COLLISION_RESOLUTION,FY2025Q2: verify missing adjacent fiscal quarter source ; FY2025Q2: target FY/FQ collision requires reconciliation,YES,NO,MISSING_QUARTER|TARGET_COLLISION,P3_LATEST8Q,STRUCTURAL_REVIEW_SEPARATE,TARGET_DIFFERENT_ECONOMIC,YES,P8H-S-0256,DPZ
FY2026Q3,730,DIRECT_EXACT_INTERVAL|TARGET_DIFFERENT_ECONOMIC,NEED_MISSING_QUARTER_SOURCE|NEED_TARGET_COLLISION_RESOLUTION,FY2026Q3: verify missing adjacent fiscal quarter source ; FY2026Q3: target FY/FQ collision requires reconciliation,YES,NO,MISSING_QUARTER|TARGET_COLLISION,P2_LATEST4Q,STRUCTURAL_REVIEW_SEPARATE,TARGET_DIFFERENT_ECONOMIC,YES,P8H-S-0257,DRI
FY2026Q2,730,DIRECT_EXACT_INTERVAL|TARGET_DIFFERENT_ECONOMIC,NEED_TARGET_COLLISION_RESOLUTION,FY2026Q2: target FY/FQ collision requires reconciliation,YES,NO,TARGET_COLLISION,P2_LATEST4Q,STRUCTURAL_REVIEW_SEPARATE,TARGET_DIFFERENT_ECONOMIC,YES,P8H-S-0258,DRI
FY2026Q1,730,DIRECT_EXACT_INTERVAL|TARGET_DIFFERENT_ECONOMIC,NEED_TARGET_COLLISION_RESOLUTION,FY2026Q1: target FY/FQ collision requires reconciliation,YES,NO,TARGET_COLLISION,P2_LATEST4Q,STRUCTURAL_REVIEW_SEPARATE,TARGET_DIFFERENT_ECONOMIC,YES,P8H-S-0259,DRI
FY2025Q4,730,DIRECT_EXACT_INTERVAL|TARGET_DIFFERENT_ECONOMIC,NEED_LOCAL_LINEAGE_RECONCILIATION|NEED_OFFICIAL_PERIOD_END|NEED_TARGET_COLLISION_RESOLUTION,FY2025Q4: reconcile stored FY/FQ against direct exact fiscal anchor ; FY2025Q4: need official period_end ; FY2025Q4: target FY/FQ collision requires reconciliation,YES,NO,FY_CONFLICT_DIRECT_EXACT|PERIOD_END_FISCAL_SLOT_CONFLICT|TARGET_COLLISION,P3_LATEST8Q,STRUCTURAL_REVIEW_SEPARATE,TARGET_DIFFERENT_ECONOMIC,YES,P8H-S-0260,DRI
FY2025Q3,732,DIRECT_EXACT_INTERVAL|TARGET_DIFFERENT_ECONOMIC,NEED_MISSING_QUARTER_SOURCE|NEED_TARGET_COLLISION_RESOLUTION,FY2025Q3: verify missing adjacent fiscal quarter source ; FY2025Q3: target FY/FQ collision requires reconciliation,YES,NO,MISSING_QUARTER|TARGET_COLLISION,P2_LATEST4Q,STRUCTURAL_REVIEW_SEPARATE,TARGET_DIFFERENT_ECONOMIC,YES,P8H-S-0261,DRVN
FY2025Q2,732,DIRECT_EXACT_INTERVAL|TARGET_DIFFERENT_ECONOMIC,NEED_TARGET_COLLISION_RESOLUTION,FY2025Q2: target FY/FQ collision requires reconciliation,YES,NO,TARGET_COLLISION,P3_LATEST8Q,STRUCTURAL_REVIEW_SEPARATE,TARGET_DIFFERENT_ECONOMIC,YES,P8H-S-0262,DRVN
FY2025Q1,735,DIRECT_EXACT_INTERVAL|TARGET_DIFFERENT_ECONOMIC,NEED_LOCAL_LINEAGE_RECONCILIATION|NEED_TARGET_COLLISION_RESOLUTION,FY2025Q1: reconcile stored FY/FQ against direct exact fiscal anchor ; FY2025Q1: target FY/FQ collision requires reconciliation,YES,NO,FY_CONFLICT_DIRECT_EXACT|TARGET_COLLISION,P3_LATEST8Q,STRUCTURAL_REVIEW_SEPARATE,TARGET_DIFFERENT_ECONOMIC,YES,P8H-S-0263,DT
FY2026Q1,750,UNRESOLVED|UNRESOLVED,NEED_OFFICIAL_FISCAL_YEAR_START|NEED_OFFICIAL_FY_FQ_IDENTITY|NEED_SOURCE_SEMANTICS_CONFIRMATION,FY2026Q1: need official fiscal year start and FY/FQ identity ; FY2026Q1: confirm sequence semantics,YES,NO,UNRESOLVED_BOUNDARY|UNRESOLVED_SEQUENCE,P1_CURRENT,STRUCTURAL_REVIEW_SEPARATE,SOURCE_SEMANTIC_AMBIGUITY,YES,P8H-S-0264,DXLG
FY2027Q1,752,UNRESOLVED|UNRESOLVED,NEED_EBIT|NEED_EBITDA|NEED_FIRST_PUBLIC_RESULT_DATE|NEED_GROSS_PROFIT|NEED_NET_INCOME|NEED_OFFICIAL_FISCAL_YEAR_START|NEED_OFFICIAL_FY_FQ_IDENTITY|NEED_OPERATING_INCOME|NEED_SHARES|NEED_SOURCE_SEMANTICS_CONFIRMATION,FY2027Q1: need EBIT ; FY2027Q1: need Shares ; FY2027Q1: need Gross Profit ; FY2027Q1: need Operating Income ; FY2027Q1: need EBITDA ; FY2027Q1: need Net Income ; FY2027Q1: need official fiscal year start and FY/FQ identity ; FY2027Q1: need first-public result date ; FY2027Q1: confirm sequence semantics,YES,NO,PRIMARY_CORE_INCOMPLETE|PUBLISH_SEQUENCE_CONFLICT|SECONDARY_FIELDS_INCOMPLETE|UNRESOLVED_BOUNDARY|UNRESOLVED_SEQUENCE,P1_CURRENT,STRUCTURAL_REVIEW_SEPARATE,SOURCE_SEMANTIC_AMBIGUITY,YES,P8H-S-0265,DY
FY2026Q1,752,UNRESOLVED|UNRESOLVED,NEED_FIRST_PUBLIC_RESULT_DATE|NEED_OFFICIAL_FISCAL_YEAR_START|NEED_OFFICIAL_FY_FQ_IDENTITY|NEED_SOURCE_SEMANTICS_CONFIRMATION,FY2026Q1: need official fiscal year start and FY/FQ identity ; FY2026Q1: need first-public result date ; FY2026Q1: confirm sequence semantics,YES,NO,PUBLISH_SEQUENCE_CONFLICT|UNRESOLVED_BOUNDARY|UNRESOLVED_SEQUENCE,P1_CURRENT,STRUCTURAL_REVIEW_SEPARATE,SOURCE_SEMANTIC_AMBIGUITY,YES,P8H-S-0266,DY
FY2024Q4,752,DIRECT_EXACT_INTERVAL|TARGET_DIFFERENT_ECONOMIC,NEED_LOCAL_LINEAGE_RECONCILIATION|NEED_TARGET_COLLISION_RESOLUTION,FY2024Q4: reconcile stored FY/FQ against direct exact fiscal anchor ; FY2024Q4: target FY/FQ collision requires reconciliation,YES,NO,FY_CONFLICT_DIRECT_EXACT|TARGET_COLLISION,P3_LATEST8Q,STRUCTURAL_REVIEW_SEPARATE,TARGET_DIFFERENT_ECONOMIC,YES,P8H-S-0267,DY
FY2026Q2,755,UNRESOLVED|UNRESOLVED,NEED_OFFICIAL_FISCAL_YEAR_START|NEED_OFFICIAL_FY_FQ_IDENTITY|NEED_SOURCE_SEMANTICS_CONFIRMATION,FY2026Q2: need official fiscal year start and FY/FQ identity ; FY2026Q2: confirm sequence semantics,YES,NO,UNRESOLVED_BOUNDARY|UNRESOLVED_SEQUENCE,P1_CURRENT,STRUCTURAL_REVIEW_SEPARATE,SOURCE_SEMANTIC_AMBIGUITY,YES,P8H-S-0268,EAF
FY2026Q1,755,UNRESOLVED|UNRESOLVED,NEED_OFFICIAL_FISCAL_YEAR_START|NEED_OFFICIAL_FY_FQ_IDENTITY|NEED_SOURCE_SEMANTICS_CONFIRMATION,FY2026Q1: need official fiscal year start and FY/FQ identity ; FY2026Q1: confirm sequence semantics,YES,NO,UNRESOLVED_BOUNDARY|UNRESOLVED_SEQUENCE,P1_CURRENT,STRUCTURAL_REVIEW_SEPARATE,SOURCE_SEMANTIC_AMBIGUITY,YES,P8H-S-0269,EAF
FY2026Q2,756,DIRECT_EXACT_INTERVAL|TARGET_DIFFERENT_ECONOMIC,NEED_TARGET_COLLISION_RESOLUTION,FY2026Q2: target FY/FQ collision requires reconciliation,YES,NO,TARGET_COLLISION,P1_CURRENT,STRUCTURAL_REVIEW_SEPARATE,TARGET_DIFFERENT_ECONOMIC,YES,P8H-S-0270,EAT
FY2026Q1,756,DIRECT_EXACT_INTERVAL|TARGET_DIFFERENT_ECONOMIC,NEED_TARGET_COLLISION_RESOLUTION,FY2026Q1: target FY/FQ collision requires reconciliation,YES,NO,TARGET_COLLISION,P1_CURRENT,STRUCTURAL_REVIEW_SEPARATE,TARGET_DIFFERENT_ECONOMIC,YES,P8H-S-0271,EAT
FY2025Q4,756,DIRECT_EXACT_INTERVAL|TARGET_DIFFERENT_ECONOMIC,NEED_LOCAL_LINEAGE_RECONCILIATION|NEED_OFFICIAL_PERIOD_END|NEED_TARGET_COLLISION_RESOLUTION,FY2025Q4: reconcile stored FY/FQ against direct exact fiscal anchor ; FY2025Q4: need official period_end ; FY2025Q4: target FY/FQ collision requires reconciliation,YES,NO,FY_CONFLICT_DIRECT_EXACT|PERIOD_END_FISCAL_SLOT_CONFLICT|TARGET_COLLISION,P1_CURRENT,STRUCTURAL_REVIEW_SEPARATE,TARGET_DIFFERENT_ECONOMIC,YES,P8H-S-0272,EAT
FY2025Q3,756,DIRECT_EXACT_INTERVAL|TARGET_DIFFERENT_ECONOMIC,NEED_MISSING_QUARTER_SOURCE|NEED_TARGET_COLLISION_RESOLUTION,FY2025Q3: verify missing adjacent fiscal quarter source ; FY2025Q3: target FY/FQ collision requires reconciliation,YES,NO,MISSING_QUARTER|TARGET_COLLISION,P3_LATEST8Q,STRUCTURAL_REVIEW_SEPARATE,TARGET_DIFFERENT_ECONOMIC,YES,P8H-S-0273,EAT
FY2025Q4,758,DIRECT_EXACT_INTERVAL|TARGET_SELF,NEED_OFFICIAL_PERIOD_END|NEED_SOURCE_SEMANTICS_CONFIRMATION|NEED_TRANSITION_CALENDAR_EVIDENCE,FY2025Q4: need transition/stub calendar decision ; FY2025Q4: need official period_end ; FY2025Q4: confirm sequence semantics,YES,NO,PERIOD_END_TRANSITION_REVIEW|TRANSITION_REVIEW|TRANSITION_SEQUENCE,P1_CURRENT,STRUCTURAL_REVIEW_SEPARATE,CALENDAR_TRANSITION,YES,P8H-S-0274,EBF
FY2025Q3,758,DIRECT_EXACT_INTERVAL|TARGET_DIFFERENT_ECONOMIC,NEED_OFFICIAL_PERIOD_END|NEED_SOURCE_SEMANTICS_CONFIRMATION|NEED_TARGET_COLLISION_RESOLUTION|NEED_TRANSITION_CALENDAR_EVIDENCE,FY2025Q3: need transition/stub calendar decision ; FY2025Q3: need official period_end ; FY2025Q3: confirm sequence semantics ; FY2025Q3: target FY/FQ collision requires reconciliation,YES,NO,PERIOD_END_TRANSITION_REVIEW|TARGET_COLLISION|TRANSITION_REVIEW|TRANSITION_SEQUENCE,P1_CURRENT,STRUCTURAL_REVIEW_SEPARATE,CALENDAR_TRANSITION,YES,P8H-S-0275,EBF
FY2025Q2,758,DIRECT_EXACT_INTERVAL|TARGET_DIFFERENT_ECONOMIC,NEED_OFFICIAL_PERIOD_END|NEED_SOURCE_SEMANTICS_CONFIRMATION|NEED_TARGET_COLLISION_RESOLUTION|NEED_TRANSITION_CALENDAR_EVIDENCE,FY2025Q2: need transition/stub calendar decision ; FY2025Q2: need official period_end ; FY2025Q2: confirm sequence semantics ; FY2025Q2: target FY/FQ collision requires reconciliation,YES,NO,PERIOD_END_TRANSITION_REVIEW|TARGET_COLLISION|TRANSITION_REVIEW|TRANSITION_SEQUENCE,P1_CURRENT,STRUCTURAL_REVIEW_SEPARATE,CALENDAR_TRANSITION,YES,P8H-S-0276,EBF
FY2025Q1,758,DIRECT_EXACT_INTERVAL|TARGET_DIFFERENT_ECONOMIC,NEED_OFFICIAL_PERIOD_END|NEED_SOURCE_SEMANTICS_CONFIRMATION|NEED_TARGET_COLLISION_RESOLUTION|NEED_TRANSITION_CALENDAR_EVIDENCE,FY2025Q1: need transition/stub calendar decision ; FY2025Q1: need official period_end ; FY2025Q1: confirm sequence semantics ; FY2025Q1: target FY/FQ collision requires reconciliation,YES,NO,PERIOD_END_TRANSITION_REVIEW|TARGET_COLLISION|TRANSITION_REVIEW|TRANSITION_SEQUENCE,P3_LATEST8Q,STRUCTURAL_REVIEW_SEPARATE,CALENDAR_TRANSITION,YES,P8H-S-0277,EBF
FY2024Q3,758,DIRECT_EXACT_INTERVAL|TARGET_DIFFERENT_ECONOMIC,NEED_OFFICIAL_PERIOD_END|NEED_SOURCE_SEMANTICS_CONFIRMATION|NEED_TARGET_COLLISION_RESOLUTION|NEED_TRANSITION_CALENDAR_EVIDENCE,FY2024Q3: need transition/stub calendar decision ; FY2024Q3: need official period_end ; FY2024Q3: confirm sequence semantics ; FY2024Q3: target FY/FQ collision requires reconciliation,YES,NO,PERIOD_END_TRANSITION_REVIEW|TARGET_COLLISION|TRANSITION_REVIEW|TRANSITION_SEQUENCE,P3_LATEST8Q,STRUCTURAL_REVIEW_SEPARATE,CALENDAR_TRANSITION,YES,P8H-S-0278,EBF
FY2024Q2,758,DIRECT_EXACT_INTERVAL|TARGET_DIFFERENT_ECONOMIC,NEED_DEBT|NEED_OFFICIAL_PERIOD_END|NEED_SOURCE_SEMANTICS_CONFIRMATION|NEED_TARGET_COLLISION_RESOLUTION|NEED_TRANSITION_CALENDAR_EVIDENCE,FY2024Q2: need Debt ; FY2024Q2: need transition/stub calendar decision ; FY2024Q2: need official period_end ; FY2024Q2: confirm sequence semantics ; FY2024Q2: target FY/FQ collision requires reconciliation,YES,NO,PERIOD_END_TRANSITION_REVIEW|PRIMARY_CORE_INCOMPLETE|TARGET_COLLISION|TRANSITION_REVIEW|TRANSITION_SEQUENCE,P3_LATEST8Q,STRUCTURAL_REVIEW_SEPARATE,CALENDAR_TRANSITION,YES,P8H-S-0279,EBF
FY2024Q1,758,DIRECT_EXACT_INTERVAL|TARGET_DIFFERENT_ECONOMIC,NEED_DEBT|NEED_OFFICIAL_PERIOD_END|NEED_SOURCE_SEMANTICS_CONFIRMATION|NEED_TARGET_COLLISION_RESOLUTION|NEED_TRANSITION_CALENDAR_EVIDENCE,FY2024Q1: need Debt ; FY2024Q1: need transition/stub calendar decision ; FY2024Q1: need official period_end ; FY2024Q1: confirm sequence semantics ; FY2024Q1: target FY/FQ collision requires reconciliation,YES,NO,PERIOD_END_TRANSITION_REVIEW|PRIMARY_CORE_INCOMPLETE|TARGET_COLLISION|TRANSITION_REVIEW|TRANSITION_SEQUENCE,P3_LATEST8Q,STRUCTURAL_REVIEW_SEPARATE,CALENDAR_TRANSITION,YES,P8H-S-0280,EBF
FY2026Q1,766,UNRESOLVED|UNRESOLVED,NEED_CAPEX|NEED_DEBT|NEED_GROSS_PROFIT|NEED_OFFICIAL_FISCAL_YEAR_START|NEED_OFFICIAL_FY_FQ_IDENTITY|NEED_SOURCE_SEMANTICS_CONFIRMATION,FY2026Q1: need Debt ; FY2026Q1: need Gross Profit ; FY2026Q1: need Capex ; FY2026Q1: need official fiscal year start and FY/FQ identity ; FY2026Q1: confirm sequence semantics,YES,NO,PRIMARY_CORE_INCOMPLETE|SECONDARY_FIELDS_INCOMPLETE|UNRESOLVED_BOUNDARY|UNRESOLVED_SEQUENCE,P1_CURRENT,STRUCTURAL_REVIEW_SEPARATE,SOURCE_SEMANTIC_AMBIGUITY,YES,P8H-S-0281,EDSA
FY2025Q4,766,UNRESOLVED|UNRESOLVED,NEED_CAPEX|NEED_GROSS_PROFIT|NEED_OFFICIAL_FISCAL_YEAR_START|NEED_OFFICIAL_FY_FQ_IDENTITY|NEED_SOURCE_SEMANTICS_CONFIRMATION,FY2025Q4: need Gross Profit ; FY2025Q4: need Capex ; FY2025Q4: need official fiscal year start and FY/FQ identity ; FY2025Q4: confirm sequence semantics,YES,NO,SECONDARY_FIELDS_INCOMPLETE|UNRESOLVED_BOUNDARY|UNRESOLVED_SEQUENCE,P1_CURRENT,STRUCTURAL_REVIEW_SEPARATE,SOURCE_SEMANTIC_AMBIGUITY,YES,P8H-S-0282,EDSA
FY2025Q3,766,DIRECT_EXACT_INTERVAL|TARGET_DIFFERENT_ECONOMIC,NEED_CAPEX|NEED_GROSS_PROFIT|NEED_LOCAL_LINEAGE_RECONCILIATION|NEED_TARGET_COLLISION_RESOLUTION,FY2025Q3: need Gross Profit ; FY2025Q3: need Capex ; FY2025Q3: reconcile stored FY/FQ against direct exact fiscal anchor ; FY2025Q3: target FY/FQ collision requires reconciliation,YES,NO,FQ_CONFLICT_DIRECT_EXACT|SECONDARY_FIELDS_INCOMPLETE|TARGET_COLLISION,P1_CURRENT,STRUCTURAL_REVIEW_SEPARATE,TARGET_DIFFERENT_ECONOMIC,YES,P8H-S-0283,EDSA
FY2025Q2,766,DIRECT_EXACT_INTERVAL|TARGET_DIFFERENT_ECONOMIC,NEED_CAPEX|NEED_GROSS_PROFIT|NEED_LOCAL_LINEAGE_RECONCILIATION|NEED_TARGET_COLLISION_RESOLUTION,FY2025Q2: need Gross Profit ; FY2025Q2: need Capex ; FY2025Q2: reconcile stored FY/FQ against direct exact fiscal anchor ; FY2025Q2: target FY/FQ collision requires reconciliation,YES,NO,FQ_CONFLICT_DIRECT_EXACT|SECONDARY_FIELDS_INCOMPLETE|TARGET_COLLISION,P1_CURRENT,STRUCTURAL_REVIEW_SEPARATE,TARGET_DIFFERENT_ECONOMIC,YES,P8H-S-0284,EDSA
FY2025Q1,766,DIRECT_EXACT_INTERVAL|TARGET_DIFFERENT_ECONOMIC,NEED_CAPEX|NEED_GROSS_PROFIT|NEED_LOCAL_LINEAGE_RECONCILIATION|NEED_TARGET_COLLISION_RESOLUTION,FY2025Q1: need Gross Profit ; FY2025Q1: need Capex ; FY2025Q1: reconcile stored FY/FQ against direct exact fiscal anchor ; FY2025Q1: target FY/FQ collision requires reconciliation,YES,NO,FQ_CONFLICT_DIRECT_EXACT|SECONDARY_FIELDS_INCOMPLETE|TARGET_COLLISION,P3_LATEST8Q,STRUCTURAL_REVIEW_SEPARATE,TARGET_DIFFERENT_ECONOMIC,YES,P8H-S-0285,EDSA
FY2024Q4,766,DIRECT_EXACT_INTERVAL|TARGET_DIFFERENT_ECONOMIC,NEED_EBIT|NEED_GROSS_PROFIT|NEED_LOCAL_LINEAGE_RECONCILIATION|NEED_REVENUE|NEED_SOURCE_SEMANTICS_CONFIRMATION|NEED_TARGET_COLLISION_RESOLUTION,FY2024Q4: need Revenue ; FY2024Q4: need EBIT ; FY2024Q4: need Gross Profit ; FY2024Q4: reconcile stored FY/FQ against direct exact fiscal anchor ; FY2024Q4: target FY/FQ collision requires reconciliation ; FY2024Q4: Need approved issuer/company-specific EBIT rule; do not blanket map Operating Income,YES,NO,FY_CONFLICT_DIRECT_EXACT|PRIMARY_CORE_INCOMPLETE|SECONDARY_FIELDS_INCOMPLETE|TARGET_COLLISION,P3_LATEST8Q,STRUCTURAL_REVIEW_SEPARATE,TARGET_DIFFERENT_ECONOMIC,YES,P8H-S-0286,EDSA
FY2024Q3,766,DIRECT_EXACT_INTERVAL|TARGET_DIFFERENT_ECONOMIC,NEED_CAPEX|NEED_FCF|NEED_GROSS_PROFIT|NEED_LOCAL_LINEAGE_RECONCILIATION|NEED_SOURCE_SEMANTICS_CONFIRMATION|NEED_TARGET_COLLISION_RESOLUTION,FY2024Q3: need FCF ; FY2024Q3: need Gross Profit ; FY2024Q3: need Capex ; FY2024Q3: reconcile stored FY/FQ against direct exact fiscal anchor ; FY2024Q3: target FY/FQ collision requires reconciliation ; FY2024Q3: Need Capex to derive FCF,YES,NO,FQ_CONFLICT_DIRECT_EXACT|PRIMARY_CORE_INCOMPLETE|SECONDARY_FIELDS_INCOMPLETE|TARGET_COLLISION,P3_LATEST8Q,STRUCTURAL_REVIEW_SEPARATE,TARGET_DIFFERENT_ECONOMIC,YES,P8H-S-0287,EDSA
FY2024Q2,766,DIRECT_EXACT_INTERVAL|TARGET_DIFFERENT_ECONOMIC,NEED_CAPEX|NEED_DEBT|NEED_FCF|NEED_GROSS_PROFIT|NEED_LOCAL_LINEAGE_RECONCILIATION|NEED_SOURCE_SEMANTICS_CONFIRMATION|NEED_TARGET_COLLISION_RESOLUTION,FY2024Q2: need FCF ; FY2024Q2: need Debt ; FY2024Q2: need Gross Profit ; FY2024Q2: need Capex ; FY2024Q2: reconcile stored FY/FQ against direct exact fiscal anchor ; FY2024Q2: target FY/FQ collision requires reconciliation ; FY2024Q2: Need Capex to derive FCF,YES,NO,FQ_CONFLICT_DIRECT_EXACT|PRIMARY_CORE_INCOMPLETE|SECONDARY_FIELDS_INCOMPLETE|TARGET_COLLISION,P3_LATEST8Q,STRUCTURAL_REVIEW_SEPARATE,TARGET_DIFFERENT_ECONOMIC,YES,P8H-S-0288,EDSA
FY2025Q1,772,DIRECT_EXACT_INTERVAL|TARGET_DIFFERENT_ECONOMIC,NEED_LOCAL_LINEAGE_RECONCILIATION|NEED_TARGET_COLLISION_RESOLUTION,FY2025Q1: reconcile stored FY/FQ against direct exact fiscal anchor ; FY2025Q1: target FY/FQ collision requires reconciliation,YES,NO,FY_CONFLICT_DIRECT_EXACT|TARGET_COLLISION,P3_LATEST8Q,STRUCTURAL_REVIEW_SEPARATE,TARGET_DIFFERENT_ECONOMIC,YES,P8H-S-0289,EGHT
FY2024Q3,780,DIRECT_EXACT_INTERVAL|TARGET_DIFFERENT_ECONOMIC,NEED_DEBT|NEED_EBITDA|NEED_FIRST_PUBLIC_RESULT_DATE|NEED_LOCAL_LINEAGE_RECONCILIATION|NEED_TARGET_COLLISION_RESOLUTION,FY2024Q3: need Debt ; FY2024Q3: need EBITDA ; FY2024Q3: reconcile stored FY/FQ against direct exact fiscal anchor ; FY2024Q3: need first-public result date ; FY2024Q3: target FY/FQ collision requires reconciliation,YES,NO,FY_CONFLICT_DIRECT_EXACT|PRIMARY_CORE_INCOMPLETE|PUBLISH_DATE_MISSING|SECONDARY_FIELDS_INCOMPLETE|TARGET_COLLISION,P3_LATEST8Q,STRUCTURAL_REVIEW_SEPARATE,TARGET_DIFFERENT_ECONOMIC,YES,P8H-S-0290,ELAB
FY2026Q1,783,UNRESOLVED|UNRESOLVED,NEED_OFFICIAL_FISCAL_YEAR_START|NEED_OFFICIAL_FY_FQ_IDENTITY|NEED_SOURCE_SEMANTICS_CONFIRMATION,FY2026Q1: need official fiscal year start and FY/FQ identity ; FY2026Q1: confirm sequence semantics,YES,NO,UNRESOLVED_BOUNDARY|UNRESOLVED_SEQUENCE,P1_CURRENT,STRUCTURAL_REVIEW_SEPARATE,SOURCE_SEMANTIC_AMBIGUITY,YES,P8H-S-0291,ELF
FY2025Q1,783,DIRECT_EXACT_INTERVAL|TARGET_DIFFERENT_ECONOMIC,NEED_LOCAL_LINEAGE_RECONCILIATION|NEED_TARGET_COLLISION_RESOLUTION,FY2025Q1: reconcile stored FY/FQ against direct exact fiscal anchor ; FY2025Q1: target FY/FQ collision requires reconciliation,YES,NO,FY_CONFLICT_DIRECT_EXACT|TARGET_COLLISION,P3_LATEST8Q,STRUCTURAL_REVIEW_SEPARATE,TARGET_DIFFERENT_ECONOMIC,YES,P8H-S-0292,ELF
FY2026Q2,794,UNRESOLVED|UNRESOLVED,NEED_FIRST_PUBLIC_RESULT_DATE|NEED_OFFICIAL_FISCAL_YEAR_START|NEED_OFFICIAL_FY_FQ_IDENTITY|NEED_SOURCE_SEMANTICS_CONFIRMATION,FY2026Q2: need official fiscal year start and FY/FQ identity ; FY2026Q2: need first-public result date ; FY2026Q2: confirm sequence semantics,YES,NO,PUBLISH_DATE_MISSING|UNRESOLVED_BOUNDARY|UNRESOLVED_SEQUENCE,P1_CURRENT,STRUCTURAL_REVIEW_SEPARATE,SOURCE_SEMANTIC_AMBIGUITY,YES,P8H-S-0293,ENOV
FY2026Q1,794,UNRESOLVED|UNRESOLVED,NEED_OFFICIAL_FISCAL_YEAR_START|NEED_OFFICIAL_FY_FQ_IDENTITY|NEED_SOURCE_SEMANTICS_CONFIRMATION,FY2026Q1: need official fiscal year start and FY/FQ identity ; FY2026Q1: confirm sequence semantics,YES,NO,UNRESOLVED_BOUNDARY|UNRESOLVED_SEQUENCE,P1_CURRENT,STRUCTURAL_REVIEW_SEPARATE,SOURCE_SEMANTIC_AMBIGUITY,YES,P8H-S-0294,ENOV
FY2025Q1,794,DIRECT_EXACT_INTERVAL|TARGET_DIFFERENT_ECONOMIC,NEED_EBITDA|NEED_LOCAL_LINEAGE_RECONCILIATION|NEED_OFFICIAL_PERIOD_END|NEED_TARGET_COLLISION_RESOLUTION,FY2025Q1: need EBITDA ; FY2025Q1: reconcile stored FY/FQ against direct exact fiscal anchor ; FY2025Q1: need official period_end ; FY2025Q1: target FY/FQ collision requires reconciliation,YES,NO,FQ_CONFLICT_DIRECT_EXACT|PERIOD_END_FISCAL_SLOT_CONFLICT|SECONDARY_FIELDS_INCOMPLETE|TARGET_COLLISION,P3_LATEST8Q,STRUCTURAL_REVIEW_SEPARATE,TARGET_DIFFERENT_ECONOMIC,YES,P8H-S-0295,ENOV
FY2026Q1,798,UNRESOLVED|UNRESOLVED,NEED_CAPEX|NEED_GROSS_PROFIT|NEED_OFFICIAL_FISCAL_YEAR_START|NEED_OFFICIAL_FY_FQ_IDENTITY|NEED_SOURCE_SEMANTICS_CONFIRMATION,FY2026Q1: need Gross Profit ; FY2026Q1: need Capex ; FY2026Q1: need official fiscal year start and FY/FQ identity ; FY2026Q1: confirm sequence semantics,YES,NO,SECONDARY_FIELDS_INCOMPLETE|UNRESOLVED_BOUNDARY|UNRESOLVED_SEQUENCE,P1_CURRENT,STRUCTURAL_REVIEW_SEPARATE,SOURCE_SEMANTIC_AMBIGUITY,YES,P8H-S-0296,ENSC
FY2026Q2,799,UNRESOLVED|UNRESOLVED,NEED_OFFICIAL_FISCAL_YEAR_START|NEED_OFFICIAL_FY_FQ_IDENTITY|NEED_SOURCE_SEMANTICS_CONFIRMATION,FY2026Q2: need official fiscal year start and FY/FQ identity ; FY2026Q2: confirm sequence semantics,YES,NO,UNRESOLVED_BOUNDARY|UNRESOLVED_SEQUENCE,P1_CURRENT,STRUCTURAL_REVIEW_SEPARATE,SOURCE_SEMANTIC_AMBIGUITY,YES,P8H-S-0297,ENSG
FY2026Q1,799,UNRESOLVED|UNRESOLVED,NEED_OFFICIAL_FISCAL_YEAR_START|NEED_OFFICIAL_FY_FQ_IDENTITY|NEED_SOURCE_SEMANTICS_CONFIRMATION,FY2026Q1: need official fiscal year start and FY/FQ identity ; FY2026Q1: confirm sequence semantics,YES,NO,UNRESOLVED_BOUNDARY|UNRESOLVED_SEQUENCE,P1_CURRENT,STRUCTURAL_REVIEW_SEPARATE,SOURCE_SEMANTIC_AMBIGUITY,YES,P8H-S-0298,ENSG
FY2025Q3,802,DIRECT_EXACT_INTERVAL|TARGET_DIFFERENT_ECONOMIC,NEED_MISSING_QUARTER_SOURCE|NEED_TARGET_COLLISION_RESOLUTION,FY2025Q3: verify missing adjacent fiscal quarter source ; FY2025Q3: target FY/FQ collision requires reconciliation,NO,NO,MISSING_QUARTER|TARGET_COLLISION,P2_LATEST4Q,STRUCTURAL_REVIEW_SEPARATE,TARGET_DIFFERENT_ECONOMIC,YES,P8H-S-0299,ENVX
FY2025Q2,802,DIRECT_EXACT_INTERVAL|TARGET_DIFFERENT_ECONOMIC,NEED_TARGET_COLLISION_RESOLUTION,FY2025Q2: target FY/FQ collision requires reconciliation,NO,NO,TARGET_COLLISION,P2_LATEST4Q,STRUCTURAL_REVIEW_SEPARATE,TARGET_DIFFERENT_ECONOMIC,YES,P8H-S-0300,ENVX
FY2025Q1,802,DIRECT_EXACT_INTERVAL|TARGET_DIFFERENT_ECONOMIC,NEED_MISSING_QUARTER_SOURCE|NEED_TARGET_COLLISION_RESOLUTION,FY2025Q1: verify missing adjacent fiscal quarter source ; FY2025Q1: target FY/FQ collision requires reconciliation,NO,NO,MISSING_QUARTER|TARGET_COLLISION,P3_LATEST8Q,STRUCTURAL_REVIEW_SEPARATE,TARGET_DIFFERENT_ECONOMIC,YES,P8H-S-0301,ENVX
FY2026Q2,807,UNRESOLVED|UNRESOLVED,NEED_OFFICIAL_FISCAL_YEAR_START|NEED_OFFICIAL_FY_FQ_IDENTITY|NEED_SOURCE_SEMANTICS_CONFIRMATION,FY2026Q2: need official fiscal year start and FY/FQ identity ; FY2026Q2: confirm sequence semantics,YES,NO,UNRESOLVED_BOUNDARY|UNRESOLVED_SEQUENCE,P1_CURRENT,STRUCTURAL_REVIEW_SEPARATE,SOURCE_SEMANTIC_AMBIGUITY,YES,P8H-S-0302,EPAM
FY2026Q1,807,UNRESOLVED|UNRESOLVED,NEED_OFFICIAL_FISCAL_YEAR_START|NEED_OFFICIAL_FY_FQ_IDENTITY|NEED_SOURCE_SEMANTICS_CONFIRMATION,FY2026Q1: need official fiscal year start and FY/FQ identity ; FY2026Q1: confirm sequence semantics,YES,NO,UNRESOLVED_BOUNDARY|UNRESOLVED_SEQUENCE,P1_CURRENT,STRUCTURAL_REVIEW_SEPARATE,SOURCE_SEMANTIC_AMBIGUITY,YES,P8H-S-0303,EPAM
FY2025Q1,821,DIRECT_EXACT_INTERVAL|TARGET_DIFFERENT_ECONOMIC,NEED_LOCAL_LINEAGE_RECONCILIATION|NEED_OFFICIAL_PERIOD_END|NEED_TARGET_COLLISION_RESOLUTION,FY2025Q1: reconcile stored FY/FQ against direct exact fiscal anchor ; FY2025Q1: need official period_end ; FY2025Q1: target FY/FQ collision requires reconciliation,YES,NO,FQ_CONFLICT_DIRECT_EXACT|PERIOD_END_FISCAL_SLOT_CONFLICT|TARGET_COLLISION,P3_LATEST8Q,STRUCTURAL_REVIEW_SEPARATE,TARGET_DIFFERENT_ECONOMIC,YES,P8H-S-0304,ESAB
FY2025Q3,824,DIRECT_EXACT_INTERVAL|TARGET_DIFFERENT_ECONOMIC,NEED_LOCAL_LINEAGE_RECONCILIATION|NEED_TARGET_COLLISION_RESOLUTION,FY2025Q3: reconcile stored FY/FQ against direct exact fiscal anchor ; FY2025Q3: target FY/FQ collision requires reconciliation,YES,NO,FQ_CONFLICT_DIRECT_EXACT|TARGET_COLLISION,P1_CURRENT,STRUCTURAL_REVIEW_SEPARATE,TARGET_DIFFERENT_ECONOMIC,YES,P8H-S-0305,ESOA
FY2025Q2,824,DIRECT_EXACT_INTERVAL|TARGET_DIFFERENT_ECONOMIC,NEED_LOCAL_LINEAGE_RECONCILIATION|NEED_TARGET_COLLISION_RESOLUTION,FY2025Q2: reconcile stored FY/FQ against direct exact fiscal anchor ; FY2025Q2: target FY/FQ collision requires reconciliation,YES,NO,FQ_CONFLICT_DIRECT_EXACT|TARGET_COLLISION,P1_CURRENT,STRUCTURAL_REVIEW_SEPARATE,TARGET_DIFFERENT_ECONOMIC,YES,P8H-S-0306,ESOA
FY2025Q1,824,DIRECT_EXACT_INTERVAL|TARGET_DIFFERENT_ECONOMIC,NEED_LOCAL_LINEAGE_RECONCILIATION|NEED_TARGET_COLLISION_RESOLUTION,FY2025Q1: reconcile stored FY/FQ against direct exact fiscal anchor ; FY2025Q1: target FY/FQ collision requires reconciliation,YES,NO,FQ_CONFLICT_DIRECT_EXACT|TARGET_COLLISION,P3_LATEST8Q,STRUCTURAL_REVIEW_SEPARATE,TARGET_DIFFERENT_ECONOMIC,YES,P8H-S-0307,ESOA
FY2024Q4,824,DIRECT_EXACT_INTERVAL|TARGET_DIFFERENT_ECONOMIC,NEED_EBIT|NEED_LOCAL_LINEAGE_RECONCILIATION|NEED_SOURCE_SEMANTICS_CONFIRMATION|NEED_TARGET_COLLISION_RESOLUTION,FY2024Q4: need EBIT ; FY2024Q4: reconcile stored FY/FQ against direct exact fiscal anchor ; FY2024Q4: target FY/FQ collision requires reconciliation ; FY2024Q4: Need approved issuer/company-specific EBIT rule; do not blanket map Operating Income,YES,NO,FY_CONFLICT_DIRECT_EXACT|PRIMARY_CORE_INCOMPLETE|TARGET_COLLISION,P3_LATEST8Q,STRUCTURAL_REVIEW_SEPARATE,TARGET_DIFFERENT_ECONOMIC,YES,P8H-S-0308,ESOA
FY2026Q1,834,UNRESOLVED|UNRESOLVED,NEED_OFFICIAL_FISCAL_YEAR_START|NEED_OFFICIAL_FY_FQ_IDENTITY|NEED_SOURCE_SEMANTICS_CONFIRMATION,FY2026Q1: need official fiscal year start and FY/FQ identity ; FY2026Q1: confirm sequence semantics,YES,NO,UNRESOLVED_BOUNDARY|UNRESOLVED_SEQUENCE,P1_CURRENT,STRUCTURAL_REVIEW_SEPARATE,SOURCE_SEMANTIC_AMBIGUITY,YES,P8H-S-0309,ETR
FY2025Q1,852,DIRECT_EXACT_INTERVAL|TARGET_DIFFERENT_ECONOMIC,NEED_MISSING_QUARTER_SOURCE|NEED_TARGET_COLLISION_RESOLUTION,FY2025Q1: verify missing adjacent fiscal quarter source ; FY2025Q1: target FY/FQ collision requires reconciliation,YES,NO,MISSING_QUARTER|TARGET_COLLISION,P3_LATEST8Q,STRUCTURAL_REVIEW_SEPARATE,TARGET_DIFFERENT_ECONOMIC,YES,P8H-S-0310,EXEL
FY2025Q4,855,DIRECT_EXACT_INTERVAL|TARGET_SELF,NEED_OFFICIAL_PERIOD_END|NEED_SOURCE_SEMANTICS_CONFIRMATION|NEED_TRANSITION_CALENDAR_EVIDENCE,FY2025Q4: need transition/stub calendar decision ; FY2025Q4: need official period_end ; FY2025Q4: confirm sequence semantics,YES,NO,PERIOD_END_TRANSITION_REVIEW|TRANSITION_REVIEW|TRANSITION_SEQUENCE,P1_CURRENT,STRUCTURAL_REVIEW_SEPARATE,CALENDAR_TRANSITION,YES,P8H-S-0311,EXP
FY2025Q3,855,DIRECT_EXACT_INTERVAL|TARGET_DIFFERENT_ECONOMIC,NEED_OFFICIAL_PERIOD_END|NEED_SOURCE_SEMANTICS_CONFIRMATION|NEED_TARGET_COLLISION_RESOLUTION|NEED_TRANSITION_CALENDAR_EVIDENCE,FY2025Q3: need transition/stub calendar decision ; FY2025Q3: need official period_end ; FY2025Q3: confirm sequence semantics ; FY2025Q3: target FY/FQ collision requires reconciliation,YES,NO,PERIOD_END_TRANSITION_REVIEW|TARGET_COLLISION|TRANSITION_REVIEW|TRANSITION_SEQUENCE,P1_CURRENT,STRUCTURAL_REVIEW_SEPARATE,CALENDAR_TRANSITION,YES,P8H-S-0312,EXP
FY2025Q2,855,DIRECT_EXACT_INTERVAL|TARGET_DIFFERENT_ECONOMIC,NEED_OFFICIAL_PERIOD_END|NEED_SOURCE_SEMANTICS_CONFIRMATION|NEED_TARGET_COLLISION_RESOLUTION|NEED_TRANSITION_CALENDAR_EVIDENCE,FY2025Q2: need transition/stub calendar decision ; FY2025Q2: need official period_end ; FY2025Q2: confirm sequence semantics ; FY2025Q2: target FY/FQ collision requires reconciliation,YES,NO,PERIOD_END_TRANSITION_REVIEW|TARGET_COLLISION|TRANSITION_REVIEW|TRANSITION_SEQUENCE,P1_CURRENT,STRUCTURAL_REVIEW_SEPARATE,CALENDAR_TRANSITION,YES,P8H-S-0313,EXP
FY2025Q1,855,DIRECT_EXACT_INTERVAL|TARGET_DIFFERENT_ECONOMIC,NEED_OFFICIAL_PERIOD_END|NEED_SOURCE_SEMANTICS_CONFIRMATION|NEED_TARGET_COLLISION_RESOLUTION|NEED_TRANSITION_CALENDAR_EVIDENCE,FY2025Q1: need transition/stub calendar decision ; FY2025Q1: need official period_end ; FY2025Q1: confirm sequence semantics ; FY2025Q1: target FY/FQ collision requires reconciliation,YES,NO,PERIOD_END_TRANSITION_REVIEW|TARGET_COLLISION|TRANSITION_REVIEW|TRANSITION_SEQUENCE,P3_LATEST8Q,STRUCTURAL_REVIEW_SEPARATE,CALENDAR_TRANSITION,YES,P8H-S-0314,EXP
FY2024Q4,855,DIRECT_EXACT_INTERVAL|TARGET_DIFFERENT_ECONOMIC,NEED_OFFICIAL_PERIOD_END|NEED_SOURCE_SEMANTICS_CONFIRMATION|NEED_TARGET_COLLISION_RESOLUTION|NEED_TRANSITION_CALENDAR_EVIDENCE,FY2024Q4: need transition/stub calendar decision ; FY2024Q4: need official period_end ; FY2024Q4: confirm sequence semantics ; FY2024Q4: target FY/FQ collision requires reconciliation,YES,NO,PERIOD_END_TRANSITION_REVIEW|TARGET_COLLISION|TRANSITION_REVIEW|TRANSITION_SEQUENCE,P3_LATEST8Q,STRUCTURAL_REVIEW_SEPARATE,CALENDAR_TRANSITION,YES,P8H-S-0315,EXP
FY2024Q3,855,DIRECT_EXACT_INTERVAL|TARGET_DIFFERENT_ECONOMIC,NEED_OFFICIAL_PERIOD_END|NEED_SOURCE_SEMANTICS_CONFIRMATION|NEED_TARGET_COLLISION_RESOLUTION|NEED_TRANSITION_CALENDAR_EVIDENCE,FY2024Q3: need transition/stub calendar decision ; FY2024Q3: need official period_end ; FY2024Q3: confirm sequence semantics ; FY2024Q3: target FY/FQ collision requires reconciliation,YES,NO,PERIOD_END_TRANSITION_REVIEW|TARGET_COLLISION|TRANSITION_REVIEW|TRANSITION_SEQUENCE,P3_LATEST8Q,STRUCTURAL_REVIEW_SEPARATE,CALENDAR_TRANSITION,YES,P8H-S-0316,EXP
FY2024Q2,855,DIRECT_EXACT_INTERVAL|TARGET_DIFFERENT_ECONOMIC,NEED_OFFICIAL_PERIOD_END|NEED_SOURCE_SEMANTICS_CONFIRMATION|NEED_TARGET_COLLISION_RESOLUTION|NEED_TRANSITION_CALENDAR_EVIDENCE,FY2024Q2: need transition/stub calendar decision ; FY2024Q2: need official period_end ; FY2024Q2: confirm sequence semantics ; FY2024Q2: target FY/FQ collision requires reconciliation,YES,NO,PERIOD_END_TRANSITION_REVIEW|TARGET_COLLISION|TRANSITION_REVIEW|TRANSITION_SEQUENCE,P3_LATEST8Q,STRUCTURAL_REVIEW_SEPARATE,CALENDAR_TRANSITION,YES,P8H-S-0317,EXP
FY2025Q1,859,DIRECT_EXACT_INTERVAL|TARGET_DIFFERENT_ECONOMIC,NEED_MISSING_QUARTER_SOURCE|NEED_TARGET_COLLISION_RESOLUTION,FY2025Q1: verify missing adjacent fiscal quarter source ; FY2025Q1: target FY/FQ collision requires reconciliation,YES,NO,MISSING_QUARTER|TARGET_COLLISION,P3_LATEST8Q,STRUCTURAL_REVIEW_SEPARATE,TARGET_DIFFERENT_ECONOMIC,YES,P8H-S-0318,EXPO
FY2025Q3,862,DIRECT_EXACT_INTERVAL|TARGET_DIFFERENT_ECONOMIC,NEED_MISSING_QUARTER_SOURCE|NEED_TARGET_COLLISION_RESOLUTION,FY2025Q3: verify missing adjacent fiscal quarter source ; FY2025Q3: target FY/FQ collision requires reconciliation,NO,NO,MISSING_QUARTER|TARGET_COLLISION,P2_LATEST4Q,STRUCTURAL_REVIEW_SEPARATE,TARGET_DIFFERENT_ECONOMIC,YES,P8H-S-0319,EYE
FY2025Q2,862,DIRECT_EXACT_INTERVAL|TARGET_DIFFERENT_ECONOMIC,NEED_TARGET_COLLISION_RESOLUTION,FY2025Q2: target FY/FQ collision requires reconciliation,NO,NO,TARGET_COLLISION,P2_LATEST4Q,STRUCTURAL_REVIEW_SEPARATE,TARGET_DIFFERENT_ECONOMIC,YES,P8H-S-0320,EYE
FY2025Q1,862,DIRECT_EXACT_INTERVAL|TARGET_DIFFERENT_ECONOMIC,NEED_MISSING_QUARTER_SOURCE|NEED_TARGET_COLLISION_RESOLUTION,FY2025Q1: verify missing adjacent fiscal quarter source ; FY2025Q1: target FY/FQ collision requires reconciliation,NO,NO,MISSING_QUARTER|TARGET_COLLISION,P3_LATEST8Q,STRUCTURAL_REVIEW_SEPARATE,TARGET_DIFFERENT_ECONOMIC,YES,P8H-S-0321,EYE
FY2026Q2,863,UNRESOLVED|UNRESOLVED,NEED_OFFICIAL_FISCAL_YEAR_START|NEED_OFFICIAL_FY_FQ_IDENTITY|NEED_SOURCE_SEMANTICS_CONFIRMATION,FY2026Q2: need official fiscal year start and FY/FQ identity ; FY2026Q2: confirm sequence semantics,YES,NO,UNRESOLVED_BOUNDARY|UNRESOLVED_SEQUENCE,P1_CURRENT,STRUCTURAL_REVIEW_SEPARATE,SOURCE_SEMANTIC_AMBIGUITY,YES,P8H-S-0322,EYPT
FY2026Q1,863,UNRESOLVED|UNRESOLVED,NEED_OFFICIAL_FISCAL_YEAR_START|NEED_OFFICIAL_FY_FQ_IDENTITY|NEED_SOURCE_SEMANTICS_CONFIRMATION,FY2026Q1: need official fiscal year start and FY/FQ identity ; FY2026Q1: confirm sequence semantics,YES,NO,UNRESOLVED_BOUNDARY|UNRESOLVED_SEQUENCE,P1_CURRENT,STRUCTURAL_REVIEW_SEPARATE,SOURCE_SEMANTIC_AMBIGUITY,YES,P8H-S-0323,EYPT
FY2026Q2,865,UNRESOLVED|UNRESOLVED,NEED_OFFICIAL_FISCAL_YEAR_START|NEED_OFFICIAL_FY_FQ_IDENTITY|NEED_SOURCE_SEMANTICS_CONFIRMATION,FY2026Q2: need official fiscal year start and FY/FQ identity ; FY2026Q2: confirm sequence semantics,YES,NO,UNRESOLVED_BOUNDARY|UNRESOLVED_SEQUENCE,P1_CURRENT,STRUCTURAL_REVIEW_SEPARATE,SOURCE_SEMANTIC_AMBIGUITY,YES,P8H-S-0324,FA
FY2026Q1,865,UNRESOLVED|UNRESOLVED,NEED_OFFICIAL_FISCAL_YEAR_START|NEED_OFFICIAL_FY_FQ_IDENTITY|NEED_SOURCE_SEMANTICS_CONFIRMATION,FY2026Q1: need official fiscal year start and FY/FQ identity ; FY2026Q1: confirm sequence semantics,YES,NO,UNRESOLVED_BOUNDARY|UNRESOLVED_SEQUENCE,P1_CURRENT,STRUCTURAL_REVIEW_SEPARATE,SOURCE_SEMANTIC_AMBIGUITY,YES,P8H-S-0325,FA
FY2025Q3,868,DIRECT_EXACT_INTERVAL|TARGET_DIFFERENT_ECONOMIC,NEED_MISSING_QUARTER_SOURCE|NEED_TARGET_COLLISION_RESOLUTION,FY2025Q3: verify missing adjacent fiscal quarter source ; FY2025Q3: target FY/FQ collision requires reconciliation,YES,NO,MISSING_QUARTER|TARGET_COLLISION,P2_LATEST4Q,STRUCTURAL_REVIEW_SEPARATE,TARGET_DIFFERENT_ECONOMIC,YES,P8H-S-0326,FBIN
FY2025Q2,868,DIRECT_EXACT_INTERVAL|TARGET_DIFFERENT_ECONOMIC,NEED_TARGET_COLLISION_RESOLUTION,FY2025Q2: target FY/FQ collision requires reconciliation,YES,NO,TARGET_COLLISION,P3_LATEST8Q,STRUCTURAL_REVIEW_SEPARATE,TARGET_DIFFERENT_ECONOMIC,YES,P8H-S-0327,FBIN
FY2025Q1,868,DIRECT_EXACT_INTERVAL|TARGET_DIFFERENT_ECONOMIC,NEED_EBITDA|NEED_MISSING_QUARTER_SOURCE|NEED_TARGET_COLLISION_RESOLUTION,FY2025Q1: need EBITDA ; FY2025Q1: verify missing adjacent fiscal quarter source ; FY2025Q1: target FY/FQ collision requires reconciliation,YES,NO,MISSING_QUARTER|SECONDARY_FIELDS_INCOMPLETE|TARGET_COLLISION,P3_LATEST8Q,STRUCTURAL_REVIEW_SEPARATE,TARGET_DIFFERENT_ECONOMIC,YES,P8H-S-0328,FBIN
FY2026Q1,869,UNRESOLVED|UNRESOLVED,NEED_OFFICIAL_FISCAL_YEAR_START|NEED_OFFICIAL_FY_FQ_IDENTITY|NEED_SOURCE_SEMANTICS_CONFIRMATION,FY2026Q1: need official fiscal year start and FY/FQ identity ; FY2026Q1: confirm sequence semantics,YES,NO,UNRESOLVED_BOUNDARY|UNRESOLVED_SEQUENCE,P1_CURRENT,STRUCTURAL_REVIEW_SEPARATE,SOURCE_SEMANTIC_AMBIGUITY,YES,P8H-S-0329,FBIO
FY2026Q3,871,UNRESOLVED|UNRESOLVED,NEED_DEBT|NEED_OFFICIAL_FISCAL_YEAR_START|NEED_OFFICIAL_FY_FQ_IDENTITY|NEED_SOURCE_SEMANTICS_CONFIRMATION,FY2026Q3: need Debt ; FY2026Q3: need official fiscal year start and FY/FQ identity ; FY2026Q3: confirm sequence semantics,YES,NO,PRIMARY_CORE_INCOMPLETE|UNRESOLVED_BOUNDARY|UNRESOLVED_SEQUENCE,P1_CURRENT,STRUCTURAL_REVIEW_SEPARATE,SOURCE_SEMANTIC_AMBIGUITY,YES,P8H-S-0330,FC
FY2026Q2,871,UNRESOLVED|UNRESOLVED,NEED_OFFICIAL_FISCAL_YEAR_START|NEED_OFFICIAL_FY_FQ_IDENTITY|NEED_SOURCE_SEMANTICS_CONFIRMATION,FY2026Q2: need official fiscal year start and FY/FQ identity ; FY2026Q2: confirm sequence semantics,YES,NO,UNRESOLVED_BOUNDARY|UNRESOLVED_SEQUENCE,P1_CURRENT,STRUCTURAL_REVIEW_SEPARATE,SOURCE_SEMANTIC_AMBIGUITY,YES,P8H-S-0331,FC
FY2026Q1,871,UNRESOLVED|UNRESOLVED,NEED_OFFICIAL_FISCAL_YEAR_START|NEED_OFFICIAL_FY_FQ_IDENTITY|NEED_SOURCE_SEMANTICS_CONFIRMATION,FY2026Q1: need official fiscal year start and FY/FQ identity ; FY2026Q1: confirm sequence semantics,YES,NO,UNRESOLVED_BOUNDARY|UNRESOLVED_SEQUENCE,P1_CURRENT,STRUCTURAL_REVIEW_SEPARATE,SOURCE_SEMANTIC_AMBIGUITY,YES,P8H-S-0332,FC
FY2026Q1,875,UNRESOLVED|UNRESOLVED,NEED_OFFICIAL_FISCAL_YEAR_START|NEED_OFFICIAL_FY_FQ_IDENTITY|NEED_SOURCE_SEMANTICS_CONFIRMATION,FY2026Q1: need official fiscal year start and FY/FQ identity ; FY2026Q1: confirm sequence semantics,YES,NO,UNRESOLVED_BOUNDARY|UNRESOLVED_SEQUENCE,P1_CURRENT,STRUCTURAL_REVIEW_SEPARATE,SOURCE_SEMANTIC_AMBIGUITY,YES,P8H-S-0333,FCUV
FY2026Q1,877,UNRESOLVED|UNRESOLVED,NEED_GROSS_PROFIT|NEED_OFFICIAL_FISCAL_YEAR_START|NEED_OFFICIAL_FY_FQ_IDENTITY|NEED_SOURCE_SEMANTICS_CONFIRMATION,FY2026Q1: need Gross Profit ; FY2026Q1: need official fiscal year start and FY/FQ identity ; FY2026Q1: confirm sequence semantics,YES,NO,SECONDARY_FIELDS_INCOMPLETE|UNRESOLVED_BOUNDARY|UNRESOLVED_SEQUENCE,P1_CURRENT,STRUCTURAL_REVIEW_SEPARATE,SOURCE_SEMANTIC_AMBIGUITY,YES,P8H-S-0334,FDMT
FY2026Q1,884,DIRECT_EXACT_INTERVAL|TARGET_EMPTY,NEED_FIRST_PUBLIC_RESULT_DATE|NEED_OFFICIAL_PERIOD_END|NEED_SOURCE_SEMANTICS_CONFIRMATION|NEED_TRANSITION_CALENDAR_EVIDENCE,FY2026Q1: need transition/stub calendar decision ; FY2026Q1: need official period_end ; FY2026Q1: need first-public result date ; FY2026Q1: confirm sequence semantics,YES,NO,PERIOD_END_TRANSITION_REVIEW|PUBLISH_DATE_MISSING|TRANSITION_REVIEW|TRANSITION_SEQUENCE,P2_LATEST4Q,STRUCTURAL_REVIEW_SEPARATE,CALENDAR_TRANSITION,YES,P8H-S-0335,FERG
FY2025Q3,884,DIRECT_EXACT_INTERVAL|TARGET_SELF,NEED_OFFICIAL_PERIOD_END|NEED_SOURCE_SEMANTICS_CONFIRMATION|NEED_TRANSITION_CALENDAR_EVIDENCE,FY2025Q3: need transition/stub calendar decision ; FY2025Q3: need official period_end ; FY2025Q3: confirm sequence semantics,YES,NO,PERIOD_END_TRANSITION_REVIEW|TRANSITION_REVIEW|TRANSITION_SEQUENCE,P2_LATEST4Q,STRUCTURAL_REVIEW_SEPARATE,CALENDAR_TRANSITION,YES,P8H-S-0336,FERG
FY2025Q2,884,DIRECT_EXACT_INTERVAL|TARGET_SELF,NEED_OFFICIAL_PERIOD_END|NEED_SOURCE_SEMANTICS_CONFIRMATION|NEED_TRANSITION_CALENDAR_EVIDENCE,FY2025Q2: need transition/stub calendar decision ; FY2025Q2: need official period_end ; FY2025Q2: confirm sequence semantics,YES,NO,PERIOD_END_TRANSITION_REVIEW|TRANSITION_REVIEW|TRANSITION_SEQUENCE,P2_LATEST4Q,STRUCTURAL_REVIEW_SEPARATE,CALENDAR_TRANSITION,YES,P8H-S-0337,FERG
FY2026Q1,893,UNRESOLVED|UNRESOLVED,NEED_GROSS_PROFIT|NEED_OFFICIAL_FISCAL_YEAR_START|NEED_OFFICIAL_FY_FQ_IDENTITY|NEED_SOURCE_SEMANTICS_CONFIRMATION,FY2026Q1: need Gross Profit ; FY2026Q1: need official fiscal year start and FY/FQ identity ; FY2026Q1: confirm sequence semantics,YES,NO,SECONDARY_FIELDS_INCOMPLETE|UNRESOLVED_BOUNDARY|UNRESOLVED_SEQUENCE,P1_CURRENT,STRUCTURAL_REVIEW_SEPARATE,SOURCE_SEMANTIC_AMBIGUITY,YES,P8H-S-0338,FIP
FY2025Q3,903,DIRECT_EXACT_INTERVAL|TARGET_DIFFERENT_ECONOMIC,NEED_MISSING_QUARTER_SOURCE|NEED_TARGET_COLLISION_RESOLUTION,FY2025Q3: verify missing adjacent fiscal quarter source ; FY2025Q3: target FY/FQ collision requires reconciliation,NO,NO,MISSING_QUARTER|TARGET_COLLISION,P2_LATEST4Q,STRUCTURAL_REVIEW_SEPARATE,TARGET_DIFFERENT_ECONOMIC,YES,P8H-S-0339,FLO
FY2025Q2,903,DIRECT_EXACT_INTERVAL|TARGET_DIFFERENT_ECONOMIC,NEED_TARGET_COLLISION_RESOLUTION,FY2025Q2: target FY/FQ collision requires reconciliation,NO,NO,TARGET_COLLISION,P2_LATEST4Q,STRUCTURAL_REVIEW_SEPARATE,TARGET_DIFFERENT_ECONOMIC,YES,P8H-S-0340,FLO
FY2025Q1,903,DIRECT_EXACT_INTERVAL|TARGET_DIFFERENT_ECONOMIC,NEED_MISSING_QUARTER_SOURCE|NEED_TARGET_COLLISION_RESOLUTION,FY2025Q1: verify missing adjacent fiscal quarter source ; FY2025Q1: target FY/FQ collision requires reconciliation,NO,NO,MISSING_QUARTER|TARGET_COLLISION,P3_LATEST8Q,STRUCTURAL_REVIEW_SEPARATE,TARGET_DIFFERENT_ECONOMIC,YES,P8H-S-0341,FLO
FY2024Q2,903,DIRECT_EXACT_INTERVAL|TARGET_DIFFERENT_ECONOMIC,NEED_TARGET_COLLISION_RESOLUTION,FY2024Q2: target FY/FQ collision requires reconciliation,NO,NO,TARGET_COLLISION,P3_LATEST8Q,STRUCTURAL_REVIEW_SEPARATE,TARGET_DIFFERENT_ECONOMIC,YES,P8H-S-0342,FLO
FY2024Q1,903,DIRECT_EXACT_INTERVAL|TARGET_DIFFERENT_ECONOMIC,NEED_TARGET_COLLISION_RESOLUTION,FY2024Q1: target FY/FQ collision requires reconciliation,NO,NO,TARGET_COLLISION,P3_LATEST8Q,STRUCTURAL_REVIEW_SEPARATE,TARGET_DIFFERENT_ECONOMIC,YES,P8H-S-0343,FLO
FY2026Q2,906,UNRESOLVED|UNRESOLVED,NEED_OFFICIAL_FISCAL_YEAR_START|NEED_OFFICIAL_FY_FQ_IDENTITY|NEED_SOURCE_SEMANTICS_CONFIRMATION,FY2026Q2: need official fiscal year start and FY/FQ identity ; FY2026Q2: confirm sequence semantics,YES,NO,UNRESOLVED_BOUNDARY|UNRESOLVED_SEQUENCE,P1_CURRENT,STRUCTURAL_REVIEW_SEPARATE,SOURCE_SEMANTIC_AMBIGUITY,YES,P8H-S-0344,FLUT
FY2026Q1,906,UNRESOLVED|UNRESOLVED,NEED_OFFICIAL_FISCAL_YEAR_START|NEED_OFFICIAL_FY_FQ_IDENTITY|NEED_SOURCE_SEMANTICS_CONFIRMATION,FY2026Q1: need official fiscal year start and FY/FQ identity ; FY2026Q1: confirm sequence semantics,YES,NO,UNRESOLVED_BOUNDARY|UNRESOLVED_SEQUENCE,P1_CURRENT,STRUCTURAL_REVIEW_SEPARATE,SOURCE_SEMANTIC_AMBIGUITY,YES,P8H-S-0345,FLUT
FY2025Q3,908,DIRECT_EXACT_INTERVAL|TARGET_DIFFERENT_ECONOMIC,NEED_MISSING_QUARTER_SOURCE|NEED_TARGET_COLLISION_RESOLUTION,FY2025Q3: verify missing adjacent fiscal quarter source ; FY2025Q3: target FY/FQ collision requires reconciliation,NO,NO,MISSING_QUARTER|TARGET_COLLISION,P3_LATEST8Q,STRUCTURAL_REVIEW_SEPARATE,TARGET_DIFFERENT_ECONOMIC,YES,P8H-S-0346,FLWS
FY2026Q2,911,DIRECT_EXACT_INTERVAL|TARGET_DIFFERENT_ECONOMIC,NEED_TARGET_COLLISION_RESOLUTION,FY2026Q2: target FY/FQ collision requires reconciliation,YES,NO,TARGET_COLLISION,P1_CURRENT,STRUCTURAL_REVIEW_SEPARATE,TARGET_DIFFERENT_ECONOMIC,YES,P8H-S-0347,FN
FY2026Q1,911,DIRECT_EXACT_INTERVAL|TARGET_DIFFERENT_ECONOMIC,NEED_TARGET_COLLISION_RESOLUTION,FY2026Q1: target FY/FQ collision requires reconciliation,YES,NO,TARGET_COLLISION,P1_CURRENT,STRUCTURAL_REVIEW_SEPARATE,TARGET_DIFFERENT_ECONOMIC,YES,P8H-S-0348,FN
FY2025Q4,911,DIRECT_EXACT_INTERVAL|TARGET_DIFFERENT_ECONOMIC,NEED_LOCAL_LINEAGE_RECONCILIATION|NEED_OFFICIAL_PERIOD_END|NEED_TARGET_COLLISION_RESOLUTION,FY2025Q4: reconcile stored FY/FQ against direct exact fiscal anchor ; FY2025Q4: need official period_end ; FY2025Q4: target FY/FQ collision requires reconciliation,YES,NO,FY_CONFLICT_DIRECT_EXACT|PERIOD_END_FISCAL_SLOT_CONFLICT|TARGET_COLLISION,P1_CURRENT,STRUCTURAL_REVIEW_SEPARATE,TARGET_DIFFERENT_ECONOMIC,YES,P8H-S-0349,FN
FY2025Q3,911,DIRECT_EXACT_INTERVAL|TARGET_DIFFERENT_ECONOMIC,NEED_MISSING_QUARTER_SOURCE|NEED_TARGET_COLLISION_RESOLUTION,FY2025Q3: verify missing adjacent fiscal quarter source ; FY2025Q3: target FY/FQ collision requires reconciliation,YES,NO,MISSING_QUARTER|TARGET_COLLISION,P3_LATEST8Q,STRUCTURAL_REVIEW_SEPARATE,TARGET_DIFFERENT_ECONOMIC,YES,P8H-S-0350,FN
FY2025Q3,912,DIRECT_EXACT_INTERVAL|TARGET_DIFFERENT_ECONOMIC,NEED_MISSING_QUARTER_SOURCE|NEED_TARGET_COLLISION_RESOLUTION,FY2025Q3: verify missing adjacent fiscal quarter source ; FY2025Q3: target FY/FQ collision requires reconciliation,NO,NO,MISSING_QUARTER|TARGET_COLLISION,P2_LATEST4Q,STRUCTURAL_REVIEW_SEPARATE,TARGET_DIFFERENT_ECONOMIC,YES,P8H-S-0351,FND
FY2025Q2,912,DIRECT_EXACT_INTERVAL|TARGET_DIFFERENT_ECONOMIC,NEED_MISSING_QUARTER_SOURCE|NEED_TARGET_COLLISION_RESOLUTION,FY2025Q2: verify missing adjacent fiscal quarter source ; FY2025Q2: target FY/FQ collision requires reconciliation,NO,NO,MISSING_QUARTER|TARGET_COLLISION,P3_LATEST8Q,STRUCTURAL_REVIEW_SEPARATE,TARGET_DIFFERENT_ECONOMIC,YES,P8H-S-0352,FND
FY2025Q3,913,DIRECT_EXACT_INTERVAL|TARGET_DIFFERENT_ECONOMIC,NEED_LOCAL_LINEAGE_RECONCILIATION|NEED_TARGET_COLLISION_RESOLUTION,FY2025Q3: reconcile stored FY/FQ against direct exact fiscal anchor ; FY2025Q3: target FY/FQ collision requires reconciliation,YES,NO,FY_CONFLICT_DIRECT_EXACT|TARGET_COLLISION,P1_CURRENT,STRUCTURAL_REVIEW_SEPARATE,TARGET_DIFFERENT_ECONOMIC,YES,P8H-S-0353,FNGR
FY2025Q2,913,DIRECT_EXACT_INTERVAL|TARGET_DIFFERENT_ECONOMIC,NEED_LOCAL_LINEAGE_RECONCILIATION|NEED_TARGET_COLLISION_RESOLUTION,FY2025Q2: reconcile stored FY/FQ against direct exact fiscal anchor ; FY2025Q2: target FY/FQ collision requires reconciliation,YES,NO,FY_CONFLICT_DIRECT_EXACT|TARGET_COLLISION,P3_LATEST8Q,STRUCTURAL_REVIEW_SEPARATE,TARGET_DIFFERENT_ECONOMIC,YES,P8H-S-0354,FNGR
FY2025Q1,913,DIRECT_EXACT_INTERVAL|TARGET_DIFFERENT_ECONOMIC,NEED_DEBT|NEED_EBIT|NEED_FCF|NEED_GROSS_PROFIT|NEED_LOCAL_LINEAGE_RECONCILIATION|NEED_NET_INCOME|NEED_OCF|NEED_OPERATING_INCOME|NEED_REVENUE|NEED_SOURCE_SEMANTICS_CONFIRMATION|NEED_TARGET_COLLISION_RESOLUTION,FY2025Q1: need Revenue ; FY2025Q1: need EBIT ; FY2025Q1: need FCF ; FY2025Q1: need Debt ; FY2025Q1: need Gross Profit ; FY2025Q1: need Operating Income ; FY2025Q1: need Net Income ; FY2025Q1: need OCF ; FY2025Q1: reconcile stored FY/FQ against direct exact fiscal anchor ; FY2025Q1: target FY/FQ collision requires reconciliation ; FY2025Q1: Need OCF to derive FCF,YES,NO,FQ_CONFLICT_DIRECT_EXACT|PRIMARY_CORE_INCOMPLETE|SECONDARY_FIELDS_INCOMPLETE|TARGET_COLLISION,P3_LATEST8Q,STRUCTURAL_REVIEW_SEPARATE,TARGET_DIFFERENT_ECONOMIC,YES,P8H-S-0355,FNGR
FY2026Q2,914,UNRESOLVED|UNRESOLVED,NEED_OFFICIAL_FISCAL_YEAR_START|NEED_OFFICIAL_FY_FQ_IDENTITY|NEED_SOURCE_SEMANTICS_CONFIRMATION,FY2026Q2: need official fiscal year start and FY/FQ identity ; FY2026Q2: confirm sequence semantics,YES,NO,UNRESOLVED_BOUNDARY|UNRESOLVED_SEQUENCE,P1_CURRENT,STRUCTURAL_REVIEW_SEPARATE,SOURCE_SEMANTIC_AMBIGUITY,YES,P8H-S-0356,FNKO
FY2026Q1,914,UNRESOLVED|UNRESOLVED,NEED_OFFICIAL_FISCAL_YEAR_START|NEED_OFFICIAL_FY_FQ_IDENTITY|NEED_SOURCE_SEMANTICS_CONFIRMATION,FY2026Q1: need official fiscal year start and FY/FQ identity ; FY2026Q1: confirm sequence semantics,YES,NO,UNRESOLVED_BOUNDARY|UNRESOLVED_SEQUENCE,P1_CURRENT,STRUCTURAL_REVIEW_SEPARATE,SOURCE_SEMANTIC_AMBIGUITY,YES,P8H-S-0357,FNKO
FY2025Q3,917,DIRECT_EXACT_INTERVAL|TARGET_DIFFERENT_ECONOMIC,NEED_MISSING_QUARTER_SOURCE|NEED_TARGET_COLLISION_RESOLUTION,FY2025Q3: verify missing adjacent fiscal quarter source ; FY2025Q3: target FY/FQ collision requires reconciliation,NO,NO,MISSING_QUARTER|TARGET_COLLISION,P2_LATEST4Q,STRUCTURAL_REVIEW_SEPARATE,TARGET_DIFFERENT_ECONOMIC,YES,P8H-S-0358,FORM
FY2025Q2,917,DIRECT_EXACT_INTERVAL|TARGET_DIFFERENT_ECONOMIC,NEED_MISSING_QUARTER_SOURCE|NEED_TARGET_COLLISION_RESOLUTION,FY2025Q2: verify missing adjacent fiscal quarter source ; FY2025Q2: target FY/FQ collision requires reconciliation,NO,NO,MISSING_QUARTER|TARGET_COLLISION,P3_LATEST8Q,STRUCTURAL_REVIEW_SEPARATE,TARGET_DIFFERENT_ECONOMIC,YES,P8H-S-0359,FORM
FY2026Q1,918,UNRESOLVED|UNRESOLVED,NEED_OFFICIAL_FISCAL_YEAR_START|NEED_OFFICIAL_FY_FQ_IDENTITY|NEED_SOURCE_SEMANTICS_CONFIRMATION,FY2026Q1: need official fiscal year start and FY/FQ identity ; FY2026Q1: confirm sequence semantics,YES,NO,UNRESOLVED_BOUNDARY|UNRESOLVED_SEQUENCE,P1_CURRENT,STRUCTURAL_REVIEW_SEPARATE,SOURCE_SEMANTIC_AMBIGUITY,YES,P8H-S-0360,FOSL
FY2025Q3,918,DIRECT_EXACT_INTERVAL|TARGET_DIFFERENT_ECONOMIC,NEED_MISSING_QUARTER_SOURCE|NEED_TARGET_COLLISION_RESOLUTION,FY2025Q3: verify missing adjacent fiscal quarter source ; FY2025Q3: target FY/FQ collision requires reconciliation,YES,NO,MISSING_QUARTER|TARGET_COLLISION,P1_CURRENT,STRUCTURAL_REVIEW_SEPARATE,TARGET_DIFFERENT_ECONOMIC,YES,P8H-S-0361,FOSL
FY2025Q2,918,DIRECT_EXACT_INTERVAL|TARGET_DIFFERENT_ECONOMIC,NEED_TARGET_COLLISION_RESOLUTION,FY2025Q2: target FY/FQ collision requires reconciliation,YES,NO,TARGET_COLLISION,P1_CURRENT,STRUCTURAL_REVIEW_SEPARATE,TARGET_DIFFERENT_ECONOMIC,YES,P8H-S-0362,FOSL
FY2025Q1,918,DIRECT_EXACT_INTERVAL|TARGET_DIFFERENT_ECONOMIC,NEED_MISSING_QUARTER_SOURCE|NEED_TARGET_COLLISION_RESOLUTION,FY2025Q1: verify missing adjacent fiscal quarter source ; FY2025Q1: target FY/FQ collision requires reconciliation,YES,NO,MISSING_QUARTER|TARGET_COLLISION,P3_LATEST8Q,STRUCTURAL_REVIEW_SEPARATE,TARGET_DIFFERENT_ECONOMIC,YES,P8H-S-0363,FOSL
FY2025Q1,922,DIRECT_EXACT_INTERVAL|TARGET_DIFFERENT_ECONOMIC,NEED_MISSING_QUARTER_SOURCE|NEED_TARGET_COLLISION_RESOLUTION,FY2025Q1: verify missing adjacent fiscal quarter source ; FY2025Q1: target FY/FQ collision requires reconciliation,NO,NO,MISSING_QUARTER|TARGET_COLLISION,P3_LATEST8Q,STRUCTURAL_REVIEW_SEPARATE,TARGET_DIFFERENT_ECONOMIC,YES,P8H-S-0364,FOXF
FY2025Q3,943,DIRECT_EXACT_INTERVAL|TARGET_SELF,NEED_OFFICIAL_PERIOD_END|NEED_SOURCE_SEMANTICS_CONFIRMATION|NEED_TRANSITION_CALENDAR_EVIDENCE,FY2025Q3: need transition/stub calendar decision ; FY2025Q3: need official period_end ; FY2025Q3: confirm sequence semantics,YES,NO,PERIOD_END_TRANSITION_REVIEW|TRANSITION_REVIEW|TRANSITION_SEQUENCE,P1_CURRENT,STRUCTURAL_REVIEW_SEPARATE,CALENDAR_TRANSITION,YES,P8H-S-0365,FUBO
FY2025Q2,943,DIRECT_EXACT_INTERVAL|TARGET_SELF,NEED_OFFICIAL_PERIOD_END|NEED_SOURCE_SEMANTICS_CONFIRMATION|NEED_TRANSITION_CALENDAR_EVIDENCE,FY2025Q2: need transition/stub calendar decision ; FY2025Q2: need official period_end ; FY2025Q2: confirm sequence semantics,YES,NO,PERIOD_END_TRANSITION_REVIEW|TRANSITION_REVIEW|TRANSITION_SEQUENCE,P3_LATEST8Q,STRUCTURAL_REVIEW_SEPARATE,CALENDAR_TRANSITION,YES,P8H-S-0366,FUBO
FY2025Q1,943,DIRECT_EXACT_INTERVAL|TARGET_SELF,NEED_OFFICIAL_PERIOD_END|NEED_SOURCE_SEMANTICS_CONFIRMATION|NEED_TRANSITION_CALENDAR_EVIDENCE,FY2025Q1: need transition/stub calendar decision ; FY2025Q1: need official period_end ; FY2025Q1: confirm sequence semantics,YES,NO,PERIOD_END_TRANSITION_REVIEW|TRANSITION_REVIEW|TRANSITION_SEQUENCE,P3_LATEST8Q,STRUCTURAL_REVIEW_SEPARATE,CALENDAR_TRANSITION,YES,P8H-S-0367,FUBO
FY2025Q3,944,DIRECT_EXACT_INTERVAL|TARGET_DIFFERENT_ECONOMIC,NEED_MISSING_QUARTER_SOURCE|NEED_TARGET_COLLISION_RESOLUTION,FY2025Q3: verify missing adjacent fiscal quarter source ; FY2025Q3: target FY/FQ collision requires reconciliation,NO,NO,MISSING_QUARTER|TARGET_COLLISION,P2_LATEST4Q,STRUCTURAL_REVIEW_SEPARATE,TARGET_DIFFERENT_ECONOMIC,YES,P8H-S-0368,FUL
FY2026Q2,950,UNRESOLVED|UNRESOLVED,NEED_FIRST_PUBLIC_RESULT_DATE|NEED_OFFICIAL_FISCAL_YEAR_START|NEED_OFFICIAL_FY_FQ_IDENTITY|NEED_SOURCE_SEMANTICS_CONFIRMATION,FY2026Q2: need official fiscal year start and FY/FQ identity ; FY2026Q2: need first-public result date ; FY2026Q2: confirm sequence semantics,YES,NO,PUBLISH_DATE_MISSING|UNRESOLVED_BOUNDARY|UNRESOLVED_SEQUENCE,P1_CURRENT,STRUCTURAL_REVIEW_SEPARATE,SOURCE_SEMANTIC_AMBIGUITY,YES,P8H-S-0369,FWRG
FY2026Q1,950,UNRESOLVED|UNRESOLVED,NEED_OFFICIAL_FISCAL_YEAR_START|NEED_OFFICIAL_FY_FQ_IDENTITY|NEED_SOURCE_SEMANTICS_CONFIRMATION,FY2026Q1: need official fiscal year start and FY/FQ identity ; FY2026Q1: confirm sequence semantics,YES,NO,UNRESOLVED_BOUNDARY|UNRESOLVED_SEQUENCE,P1_CURRENT,STRUCTURAL_REVIEW_SEPARATE,SOURCE_SEMANTIC_AMBIGUITY,YES,P8H-S-0370,FWRG
FY2025Q4,950,UNRESOLVED|UNRESOLVED,NEED_OFFICIAL_FISCAL_YEAR_START|NEED_OFFICIAL_FY_FQ_IDENTITY|NEED_SOURCE_SEMANTICS_CONFIRMATION,FY2025Q4: need official fiscal year start and FY/FQ identity ; FY2025Q4: confirm sequence semantics,YES,NO,UNRESOLVED_BOUNDARY|UNRESOLVED_SEQUENCE,P1_CURRENT,STRUCTURAL_REVIEW_SEPARATE,SOURCE_SEMANTIC_AMBIGUITY,YES,P8H-S-0371,FWRG
FY2025Q3,950,DIRECT_EXACT_INTERVAL|TARGET_DIFFERENT_ECONOMIC,NEED_TARGET_COLLISION_RESOLUTION,FY2025Q3: target FY/FQ collision requires reconciliation,YES,NO,TARGET_COLLISION,P1_CURRENT,STRUCTURAL_REVIEW_SEPARATE,TARGET_DIFFERENT_ECONOMIC,YES,P8H-S-0372,FWRG
FY2025Q2,950,DIRECT_EXACT_INTERVAL|TARGET_DIFFERENT_ECONOMIC,NEED_TARGET_COLLISION_RESOLUTION,FY2025Q2: target FY/FQ collision requires reconciliation,YES,NO,TARGET_COLLISION,P3_LATEST8Q,STRUCTURAL_REVIEW_SEPARATE,TARGET_DIFFERENT_ECONOMIC,YES,P8H-S-0373,FWRG
FY2025Q1,950,DIRECT_EXACT_INTERVAL|TARGET_DIFFERENT_ECONOMIC,NEED_MISSING_QUARTER_SOURCE|NEED_TARGET_COLLISION_RESOLUTION,FY2025Q1: verify missing adjacent fiscal quarter source ; FY2025Q1: target FY/FQ collision requires reconciliation,YES,NO,MISSING_QUARTER|TARGET_COLLISION,P3_LATEST8Q,STRUCTURAL_REVIEW_SEPARATE,TARGET_DIFFERENT_ECONOMIC,YES,P8H-S-0374,FWRG
FY2026Q1,952,UNRESOLVED|UNRESOLVED,NEED_CAPEX|NEED_GROSS_PROFIT|NEED_OFFICIAL_FISCAL_YEAR_START|NEED_OFFICIAL_FY_FQ_IDENTITY|NEED_SOURCE_SEMANTICS_CONFIRMATION,FY2026Q1: need Gross Profit ; FY2026Q1: need Capex ; FY2026Q1: need official fiscal year start and FY/FQ identity ; FY2026Q1: confirm sequence semantics,YES,NO,SECONDARY_FIELDS_INCOMPLETE|UNRESOLVED_BOUNDARY|UNRESOLVED_SEQUENCE,P1_CURRENT,STRUCTURAL_REVIEW_SEPARATE,SOURCE_SEMANTIC_AMBIGUITY,YES,P8H-S-0375,GALT
FY2025Q1,958,DIRECT_EXACT_INTERVAL|TARGET_DIFFERENT_ECONOMIC,NEED_LOCAL_LINEAGE_RECONCILIATION|NEED_TARGET_COLLISION_RESOLUTION,FY2025Q1: reconcile stored FY/FQ against direct exact fiscal anchor ; FY2025Q1: target FY/FQ collision requires reconciliation,YES,NO,FY_CONFLICT_DIRECT_EXACT|TARGET_COLLISION,P3_LATEST8Q,STRUCTURAL_REVIEW_SEPARATE,TARGET_DIFFERENT_ECONOMIC,YES,P8H-S-0376,GCO
FY2024Q4,958,DIRECT_EXACT_INTERVAL|TARGET_DIFFERENT_ECONOMIC,NEED_EBIT|NEED_LOCAL_LINEAGE_RECONCILIATION|NEED_SOURCE_SEMANTICS_CONFIRMATION|NEED_TARGET_COLLISION_RESOLUTION,FY2024Q4: need EBIT ; FY2024Q4: reconcile stored FY/FQ against direct exact fiscal anchor ; FY2024Q4: target FY/FQ collision requires reconciliation ; FY2024Q4: Need approved issuer/company-specific EBIT rule; do not blanket map Operating Income,YES,NO,FY_CONFLICT_DIRECT_EXACT|PRIMARY_CORE_INCOMPLETE|TARGET_COLLISION,P3_LATEST8Q,STRUCTURAL_REVIEW_SEPARATE,TARGET_DIFFERENT_ECONOMIC,YES,P8H-S-0377,GCO
FY2025Q3,969,DIRECT_EXACT_INTERVAL|TARGET_SELF,NEED_OFFICIAL_PERIOD_END|NEED_SOURCE_SEMANTICS_CONFIRMATION|NEED_TRANSITION_CALENDAR_EVIDENCE,FY2025Q3: need transition/stub calendar decision ; FY2025Q3: need official period_end ; FY2025Q3: confirm sequence semantics,YES,NO,PERIOD_END_TRANSITION_REVIEW|TRANSITION_REVIEW|TRANSITION_SEQUENCE,P1_CURRENT,STRUCTURAL_REVIEW_SEPARATE,CALENDAR_TRANSITION,YES,P8H-S-0378,GEF
FY2025Q2,969,DIRECT_EXACT_INTERVAL|TARGET_SELF,NEED_EBIT|NEED_EBITDA|NEED_OFFICIAL_PERIOD_END|NEED_SOURCE_SEMANTICS_CONFIRMATION|NEED_TRANSITION_CALENDAR_EVIDENCE,FY2025Q2: need EBIT ; FY2025Q2: need EBITDA ; FY2025Q2: need transition/stub calendar decision ; FY2025Q2: need official period_end ; FY2025Q2: confirm sequence semantics ; FY2025Q2: Need approved issuer/company-specific EBIT rule; do not blanket map Operating Income,YES,NO,PERIOD_END_TRANSITION_REVIEW|PRIMARY_CORE_INCOMPLETE|SECONDARY_FIELDS_INCOMPLETE|TRANSITION_REVIEW|TRANSITION_SEQUENCE,P1_CURRENT,STRUCTURAL_REVIEW_SEPARATE,CALENDAR_TRANSITION,YES,P8H-S-0379,GEF
FY2025Q1,969,DIRECT_EXACT_INTERVAL|TARGET_SELF,NEED_EBITDA|NEED_OFFICIAL_PERIOD_END|NEED_REVENUE|NEED_SOURCE_SEMANTICS_CONFIRMATION|NEED_TRANSITION_CALENDAR_EVIDENCE,FY2025Q1: need Revenue ; FY2025Q1: need EBITDA ; FY2025Q1: need transition/stub calendar decision ; FY2025Q1: need official period_end ; FY2025Q1: confirm sequence semantics,YES,NO,PERIOD_END_TRANSITION_REVIEW|PRIMARY_CORE_INCOMPLETE|SECONDARY_FIELDS_INCOMPLETE|TRANSITION_REVIEW|TRANSITION_SEQUENCE,P1_CURRENT,STRUCTURAL_REVIEW_SEPARATE,CALENDAR_TRANSITION,YES,P8H-S-0380,GEF
FY2024Q4,972,DIRECT_EXACT_INTERVAL|TARGET_DIFFERENT_ECONOMIC,NEED_EBIT|NEED_LOCAL_LINEAGE_RECONCILIATION|NEED_SOURCE_SEMANTICS_CONFIRMATION|NEED_TARGET_COLLISION_RESOLUTION,FY2024Q4: need EBIT ; FY2024Q4: reconcile stored FY/FQ against direct exact fiscal anchor ; FY2024Q4: target FY/FQ collision requires reconciliation ; FY2024Q4: Need approved issuer/company-specific EBIT rule; do not blanket map Operating Income,YES,NO,FY_CONFLICT_DIRECT_EXACT|PRIMARY_CORE_INCOMPLETE|TARGET_COLLISION,P3_LATEST8Q,STRUCTURAL_REVIEW_SEPARATE,TARGET_DIFFERENT_ECONOMIC,YES,P8H-S-0381,GEN
FY2026Q2,978,UNRESOLVED|UNRESOLVED,NEED_OFFICIAL_FISCAL_YEAR_START|NEED_OFFICIAL_FY_FQ_IDENTITY|NEED_SOURCE_SEMANTICS_CONFIRMATION,FY2026Q2: need official fiscal year start and FY/FQ identity ; FY2026Q2: confirm sequence semantics,YES,NO,UNRESOLVED_BOUNDARY|UNRESOLVED_SEQUENCE,P1_CURRENT,STRUCTURAL_REVIEW_SEPARATE,SOURCE_SEMANTIC_AMBIGUITY,YES,P8H-S-0382,GEVO
FY2026Q1,978,UNRESOLVED|UNRESOLVED,NEED_OFFICIAL_FISCAL_YEAR_START|NEED_OFFICIAL_FY_FQ_IDENTITY|NEED_SOURCE_SEMANTICS_CONFIRMATION,FY2026Q1: need official fiscal year start and FY/FQ identity ; FY2026Q1: confirm sequence semantics,YES,NO,UNRESOLVED_BOUNDARY|UNRESOLVED_SEQUENCE,P1_CURRENT,STRUCTURAL_REVIEW_SEPARATE,SOURCE_SEMANTIC_AMBIGUITY,YES,P8H-S-0383,GEVO
FY2026Q3,979,UNRESOLVED|UNRESOLVED,NEED_OFFICIAL_FISCAL_YEAR_START|NEED_OFFICIAL_FY_FQ_IDENTITY|NEED_SOURCE_SEMANTICS_CONFIRMATION,FY2026Q3: need official fiscal year start and FY/FQ identity ; FY2026Q3: confirm sequence semantics,YES,NO,UNRESOLVED_BOUNDARY|UNRESOLVED_SEQUENCE,P1_CURRENT,STRUCTURAL_REVIEW_SEPARATE,SOURCE_SEMANTIC_AMBIGUITY,YES,P8H-S-0384,GFF
FY2026Q2,979,UNRESOLVED|UNRESOLVED,NEED_OFFICIAL_FISCAL_YEAR_START|NEED_OFFICIAL_FY_FQ_IDENTITY|NEED_SOURCE_SEMANTICS_CONFIRMATION,FY2026Q2: need official fiscal year start and FY/FQ identity ; FY2026Q2: confirm sequence semantics,YES,NO,UNRESOLVED_BOUNDARY|UNRESOLVED_SEQUENCE,P1_CURRENT,STRUCTURAL_REVIEW_SEPARATE,SOURCE_SEMANTIC_AMBIGUITY,YES,P8H-S-0385,GFF
FY2026Q1,979,UNRESOLVED|UNRESOLVED,NEED_OFFICIAL_FISCAL_YEAR_START|NEED_OFFICIAL_FY_FQ_IDENTITY|NEED_SOURCE_SEMANTICS_CONFIRMATION,FY2026Q1: need official fiscal year start and FY/FQ identity ; FY2026Q1: confirm sequence semantics,YES,NO,UNRESOLVED_BOUNDARY|UNRESOLVED_SEQUENCE,P1_CURRENT,STRUCTURAL_REVIEW_SEPARATE,SOURCE_SEMANTIC_AMBIGUITY,YES,P8H-S-0386,GFF
FY2025Q3,980,DIRECT_EXACT_INTERVAL|TARGET_DIFFERENT_ECONOMIC,NEED_MISSING_QUARTER_SOURCE|NEED_TARGET_COLLISION_RESOLUTION,FY2025Q3: verify missing adjacent fiscal quarter source ; FY2025Q3: target FY/FQ collision requires reconciliation,NO,NO,MISSING_QUARTER|TARGET_COLLISION,P2_LATEST4Q,STRUCTURAL_REVIEW_SEPARATE,TARGET_DIFFERENT_ECONOMIC,YES,P8H-S-0387,GGG
FY2025Q2,980,DIRECT_EXACT_INTERVAL|TARGET_DIFFERENT_ECONOMIC,NEED_TARGET_COLLISION_RESOLUTION,FY2025Q2: target FY/FQ collision requires reconciliation,NO,NO,TARGET_COLLISION,P3_LATEST8Q,STRUCTURAL_REVIEW_SEPARATE,TARGET_DIFFERENT_ECONOMIC,YES,P8H-S-0388,GGG
FY2025Q1,980,DIRECT_EXACT_INTERVAL|TARGET_DIFFERENT_ECONOMIC,NEED_MISSING_QUARTER_SOURCE|NEED_TARGET_COLLISION_RESOLUTION,FY2025Q1: verify missing adjacent fiscal quarter source ; FY2025Q1: target FY/FQ collision requires reconciliation,NO,NO,MISSING_QUARTER|TARGET_COLLISION,P3_LATEST8Q,STRUCTURAL_REVIEW_SEPARATE,TARGET_DIFFERENT_ECONOMIC,YES,P8H-S-0389,GGG
FY2025Q4,982,DIRECT_EXACT_INTERVAL|TARGET_SELF,NEED_OFFICIAL_PERIOD_END|NEED_SOURCE_SEMANTICS_CONFIRMATION|NEED_TRANSITION_CALENDAR_EVIDENCE,FY2025Q4: need transition/stub calendar decision ; FY2025Q4: need official period_end ; FY2025Q4: confirm sequence semantics,YES,NO,PERIOD_END_TRANSITION_REVIEW|TRANSITION_REVIEW|TRANSITION_SEQUENCE,P1_CURRENT,STRUCTURAL_REVIEW_SEPARATE,CALENDAR_TRANSITION,YES,P8H-S-0390,GHM
FY2025Q3,982,DIRECT_EXACT_INTERVAL|TARGET_DIFFERENT_ECONOMIC,NEED_OFFICIAL_PERIOD_END|NEED_SOURCE_SEMANTICS_CONFIRMATION|NEED_TARGET_COLLISION_RESOLUTION|NEED_TRANSITION_CALENDAR_EVIDENCE,FY2025Q3: need transition/stub calendar decision ; FY2025Q3: need official period_end ; FY2025Q3: confirm sequence semantics ; FY2025Q3: target FY/FQ collision requires reconciliation,YES,NO,PERIOD_END_TRANSITION_REVIEW|TARGET_COLLISION|TRANSITION_REVIEW|TRANSITION_SEQUENCE,P1_CURRENT,STRUCTURAL_REVIEW_SEPARATE,CALENDAR_TRANSITION,YES,P8H-S-0391,GHM
FY2025Q2,982,DIRECT_EXACT_INTERVAL|TARGET_DIFFERENT_ECONOMIC,NEED_OFFICIAL_PERIOD_END|NEED_SOURCE_SEMANTICS_CONFIRMATION|NEED_TARGET_COLLISION_RESOLUTION|NEED_TRANSITION_CALENDAR_EVIDENCE,FY2025Q2: need transition/stub calendar decision ; FY2025Q2: need official period_end ; FY2025Q2: confirm sequence semantics ; FY2025Q2: target FY/FQ collision requires reconciliation,YES,NO,PERIOD_END_TRANSITION_REVIEW|TARGET_COLLISION|TRANSITION_REVIEW|TRANSITION_SEQUENCE,P1_CURRENT,STRUCTURAL_REVIEW_SEPARATE,CALENDAR_TRANSITION,YES,P8H-S-0392,GHM
FY2025Q1,982,DIRECT_EXACT_INTERVAL|TARGET_DIFFERENT_ECONOMIC,NEED_OFFICIAL_PERIOD_END|NEED_SOURCE_SEMANTICS_CONFIRMATION|NEED_TARGET_COLLISION_RESOLUTION|NEED_TRANSITION_CALENDAR_EVIDENCE,FY2025Q1: need transition/stub calendar decision ; FY2025Q1: need official period_end ; FY2025Q1: confirm sequence semantics ; FY2025Q1: target FY/FQ collision requires reconciliation,YES,NO,PERIOD_END_TRANSITION_REVIEW|TARGET_COLLISION|TRANSITION_REVIEW|TRANSITION_SEQUENCE,P3_LATEST8Q,STRUCTURAL_REVIEW_SEPARATE,CALENDAR_TRANSITION,YES,P8H-S-0393,GHM
FY2024Q3,982,DIRECT_EXACT_INTERVAL|TARGET_DIFFERENT_ECONOMIC,NEED_OFFICIAL_PERIOD_END|NEED_SOURCE_SEMANTICS_CONFIRMATION|NEED_TARGET_COLLISION_RESOLUTION|NEED_TRANSITION_CALENDAR_EVIDENCE,FY2024Q3: need transition/stub calendar decision ; FY2024Q3: need official period_end ; FY2024Q3: confirm sequence semantics ; FY2024Q3: target FY/FQ collision requires reconciliation,YES,NO,PERIOD_END_TRANSITION_REVIEW|TARGET_COLLISION|TRANSITION_REVIEW|TRANSITION_SEQUENCE,P3_LATEST8Q,STRUCTURAL_REVIEW_SEPARATE,CALENDAR_TRANSITION,YES,P8H-S-0394,GHM
FY2024Q2,982,DIRECT_EXACT_INTERVAL|TARGET_DIFFERENT_ECONOMIC,NEED_OFFICIAL_PERIOD_END|NEED_SOURCE_SEMANTICS_CONFIRMATION|NEED_TARGET_COLLISION_RESOLUTION|NEED_TRANSITION_CALENDAR_EVIDENCE,FY2024Q2: need transition/stub calendar decision ; FY2024Q2: need official period_end ; FY2024Q2: confirm sequence semantics ; FY2024Q2: target FY/FQ collision requires reconciliation,YES,NO,PERIOD_END_TRANSITION_REVIEW|TARGET_COLLISION|TRANSITION_REVIEW|TRANSITION_SEQUENCE,P3_LATEST8Q,STRUCTURAL_REVIEW_SEPARATE,CALENDAR_TRANSITION,YES,P8H-S-0395,GHM
FY2024Q1,982,DIRECT_EXACT_INTERVAL|TARGET_DIFFERENT_ECONOMIC,NEED_OFFICIAL_PERIOD_END|NEED_SOURCE_SEMANTICS_CONFIRMATION|NEED_TARGET_COLLISION_RESOLUTION|NEED_TRANSITION_CALENDAR_EVIDENCE,FY2024Q1: need transition/stub calendar decision ; FY2024Q1: need official period_end ; FY2024Q1: confirm sequence semantics ; FY2024Q1: target FY/FQ collision requires reconciliation,YES,NO,PERIOD_END_TRANSITION_REVIEW|TARGET_COLLISION|TRANSITION_REVIEW|TRANSITION_SEQUENCE,P3_LATEST8Q,STRUCTURAL_REVIEW_SEPARATE,CALENDAR_TRANSITION,YES,P8H-S-0396,GHM
FY2026Q3,986,DIRECT_EXACT_INTERVAL|TARGET_DIFFERENT_ECONOMIC,NEED_MISSING_QUARTER_SOURCE|NEED_TARGET_COLLISION_RESOLUTION,FY2026Q3: verify missing adjacent fiscal quarter source ; FY2026Q3: target FY/FQ collision requires reconciliation,YES,NO,MISSING_QUARTER|TARGET_COLLISION,P2_LATEST4Q,STRUCTURAL_REVIEW_SEPARATE,TARGET_DIFFERENT_ECONOMIC,YES,P8H-S-0397,GIS
FY2026Q2,986,DIRECT_EXACT_INTERVAL|TARGET_DIFFERENT_ECONOMIC,NEED_TARGET_COLLISION_RESOLUTION,FY2026Q2: target FY/FQ collision requires reconciliation,YES,NO,TARGET_COLLISION,P2_LATEST4Q,STRUCTURAL_REVIEW_SEPARATE,TARGET_DIFFERENT_ECONOMIC,YES,P8H-S-0398,GIS
FY2026Q1,986,DIRECT_EXACT_INTERVAL|TARGET_DIFFERENT_ECONOMIC,NEED_TARGET_COLLISION_RESOLUTION,FY2026Q1: target FY/FQ collision requires reconciliation,YES,NO,TARGET_COLLISION,P2_LATEST4Q,STRUCTURAL_REVIEW_SEPARATE,TARGET_DIFFERENT_ECONOMIC,YES,P8H-S-0399,GIS
FY2025Q4,986,DIRECT_EXACT_INTERVAL|TARGET_DIFFERENT_ECONOMIC,NEED_LOCAL_LINEAGE_RECONCILIATION|NEED_OFFICIAL_PERIOD_END|NEED_TARGET_COLLISION_RESOLUTION,FY2025Q4: reconcile stored FY/FQ against direct exact fiscal anchor ; FY2025Q4: need official period_end ; FY2025Q4: target FY/FQ collision requires reconciliation,YES,NO,FY_CONFLICT_DIRECT_EXACT|PERIOD_END_FISCAL_SLOT_CONFLICT|TARGET_COLLISION,P3_LATEST8Q,STRUCTURAL_REVIEW_SEPARATE,TARGET_DIFFERENT_ECONOMIC,YES,P8H-S-0400,GIS
FY2026Q2,995,UNRESOLVED|UNRESOLVED,NEED_FIRST_PUBLIC_RESULT_DATE|NEED_OFFICIAL_FISCAL_YEAR_START|NEED_OFFICIAL_FY_FQ_IDENTITY|NEED_SOURCE_SEMANTICS_CONFIRMATION,FY2026Q2: need official fiscal year start and FY/FQ identity ; FY2026Q2: need first-public result date ; FY2026Q2: confirm sequence semantics,YES,NO,PUBLISH_DATE_MISSING|UNRESOLVED_BOUNDARY|UNRESOLVED_SEQUENCE,P1_CURRENT,STRUCTURAL_REVIEW_SEPARATE,SOURCE_SEMANTIC_AMBIGUITY,YES,P8H-S-0401,GNE
FY2026Q1,995,UNRESOLVED|UNRESOLVED,NEED_OFFICIAL_FISCAL_YEAR_START|NEED_OFFICIAL_FY_FQ_IDENTITY|NEED_SOURCE_SEMANTICS_CONFIRMATION,FY2026Q1: need official fiscal year start and FY/FQ identity ; FY2026Q1: confirm sequence semantics,YES,NO,UNRESOLVED_BOUNDARY|UNRESOLVED_SEQUENCE,P1_CURRENT,STRUCTURAL_REVIEW_SEPARATE,SOURCE_SEMANTIC_AMBIGUITY,YES,P8H-S-0402,GNE
FY2026Q2,997,UNRESOLVED|UNRESOLVED,NEED_FIRST_PUBLIC_RESULT_DATE|NEED_OFFICIAL_FISCAL_YEAR_START|NEED_OFFICIAL_FY_FQ_IDENTITY|NEED_SOURCE_SEMANTICS_CONFIRMATION,FY2026Q2: need official fiscal year start and FY/FQ identity ; FY2026Q2: need first-public result date ; FY2026Q2: confirm sequence semantics,YES,NO,PUBLISH_DATE_MISSING|UNRESOLVED_BOUNDARY|UNRESOLVED_SEQUENCE,P1_CURRENT,STRUCTURAL_REVIEW_SEPARATE,SOURCE_SEMANTIC_AMBIGUITY,YES,P8H-S-0403,GNL
FY2026Q1,997,UNRESOLVED|UNRESOLVED,NEED_OFFICIAL_FISCAL_YEAR_START|NEED_OFFICIAL_FY_FQ_IDENTITY|NEED_SOURCE_SEMANTICS_CONFIRMATION,FY2026Q1: need official fiscal year start and FY/FQ identity ; FY2026Q1: confirm sequence semantics,YES,NO,UNRESOLVED_BOUNDARY|UNRESOLVED_SEQUENCE,P1_CURRENT,STRUCTURAL_REVIEW_SEPARATE,SOURCE_SEMANTIC_AMBIGUITY,YES,P8H-S-0404,GNL
FY2025Q3,1002,DIRECT_EXACT_INTERVAL|TARGET_DIFFERENT_ECONOMIC,NEED_MISSING_QUARTER_SOURCE|NEED_TARGET_COLLISION_RESOLUTION,FY2025Q3: verify missing adjacent fiscal quarter source ; FY2025Q3: target FY/FQ collision requires reconciliation,NO,NO,MISSING_QUARTER|TARGET_COLLISION,P2_LATEST4Q,STRUCTURAL_REVIEW_SEPARATE,TARGET_DIFFERENT_ECONOMIC,YES,P8H-S-0405,GO
FY2025Q2,1002,DIRECT_EXACT_INTERVAL|TARGET_DIFFERENT_ECONOMIC,NEED_TARGET_COLLISION_RESOLUTION,FY2025Q2: target FY/FQ collision requires reconciliation,NO,NO,TARGET_COLLISION,P2_LATEST4Q,STRUCTURAL_REVIEW_SEPARATE,TARGET_DIFFERENT_ECONOMIC,YES,P8H-S-0406,GO
FY2025Q1,1002,DIRECT_EXACT_INTERVAL|TARGET_DIFFERENT_ECONOMIC,NEED_MISSING_QUARTER_SOURCE|NEED_TARGET_COLLISION_RESOLUTION,FY2025Q1: verify missing adjacent fiscal quarter source ; FY2025Q1: target FY/FQ collision requires reconciliation,NO,NO,MISSING_QUARTER|TARGET_COLLISION,P3_LATEST8Q,STRUCTURAL_REVIEW_SEPARATE,TARGET_DIFFERENT_ECONOMIC,YES,P8H-S-0407,GO
FY2026Q2,1014,UNRESOLVED|UNRESOLVED,NEED_FIRST_PUBLIC_RESULT_DATE|NEED_OFFICIAL_FISCAL_YEAR_START|NEED_OFFICIAL_FY_FQ_IDENTITY|NEED_SOURCE_SEMANTICS_CONFIRMATION,FY2026Q2: need official fiscal year start and FY/FQ identity ; FY2026Q2: need first-public result date ; FY2026Q2: confirm sequence semantics,YES,NO,PUBLISH_DATE_MISSING|UNRESOLVED_BOUNDARY|UNRESOLVED_SEQUENCE,P1_CURRENT,STRUCTURAL_REVIEW_SEPARATE,SOURCE_SEMANTIC_AMBIGUITY,YES,P8H-S-0408,GPN
FY2026Q1,1014,UNRESOLVED|UNRESOLVED,NEED_OFFICIAL_FISCAL_YEAR_START|NEED_OFFICIAL_FY_FQ_IDENTITY|NEED_SOURCE_SEMANTICS_CONFIRMATION,FY2026Q1: need official fiscal year start and FY/FQ identity ; FY2026Q1: confirm sequence semantics,YES,NO,UNRESOLVED_BOUNDARY|UNRESOLVED_SEQUENCE,P1_CURRENT,STRUCTURAL_REVIEW_SEPARATE,SOURCE_SEMANTIC_AMBIGUITY,YES,P8H-S-0409,GPN
FY2026Q2,1018,UNRESOLVED|UNRESOLVED,NEED_OFFICIAL_FISCAL_YEAR_START|NEED_OFFICIAL_FY_FQ_IDENTITY|NEED_SOURCE_SEMANTICS_CONFIRMATION,FY2026Q2: need official fiscal year start and FY/FQ identity ; FY2026Q2: confirm sequence semantics,YES,NO,UNRESOLVED_BOUNDARY|UNRESOLVED_SEQUENCE,P1_CURRENT,STRUCTURAL_REVIEW_SEPARATE,SOURCE_SEMANTIC_AMBIGUITY,YES,P8H-S-0410,GRBK
FY2026Q1,1018,UNRESOLVED|UNRESOLVED,NEED_OFFICIAL_FISCAL_YEAR_START|NEED_OFFICIAL_FY_FQ_IDENTITY|NEED_SOURCE_SEMANTICS_CONFIRMATION,FY2026Q1: need official fiscal year start and FY/FQ identity ; FY2026Q1: confirm sequence semantics,YES,NO,UNRESOLVED_BOUNDARY|UNRESOLVED_SEQUENCE,P1_CURRENT,STRUCTURAL_REVIEW_SEPARATE,SOURCE_SEMANTIC_AMBIGUITY,YES,P8H-S-0411,GRBK
FY2025Q3,1020,DIRECT_EXACT_INTERVAL|TARGET_DIFFERENT_ECONOMIC,NEED_MISSING_QUARTER_SOURCE|NEED_TARGET_COLLISION_RESOLUTION,FY2025Q3: verify missing adjacent fiscal quarter source ; FY2025Q3: target FY/FQ collision requires reconciliation,YES,NO,MISSING_QUARTER|TARGET_COLLISION,P2_LATEST4Q,STRUCTURAL_REVIEW_SEPARATE,TARGET_DIFFERENT_ECONOMIC,YES,P8H-S-0412,GRMN
FY2025Q2,1020,DIRECT_EXACT_INTERVAL|TARGET_DIFFERENT_ECONOMIC,NEED_TARGET_COLLISION_RESOLUTION,FY2025Q2: target FY/FQ collision requires reconciliation,YES,NO,TARGET_COLLISION,P3_LATEST8Q,STRUCTURAL_REVIEW_SEPARATE,TARGET_DIFFERENT_ECONOMIC,YES,P8H-S-0413,GRMN
FY2025Q1,1020,DIRECT_EXACT_INTERVAL|TARGET_DIFFERENT_ECONOMIC,NEED_MISSING_QUARTER_SOURCE|NEED_TARGET_COLLISION_RESOLUTION,FY2025Q1: verify missing adjacent fiscal quarter source ; FY2025Q1: target FY/FQ collision requires reconciliation,YES,NO,MISSING_QUARTER|TARGET_COLLISION,P3_LATEST8Q,STRUCTURAL_REVIEW_SEPARATE,TARGET_DIFFERENT_ECONOMIC,YES,P8H-S-0414,GRMN
FY2026Q2,1021,UNRESOLVED|UNRESOLVED,NEED_OFFICIAL_FISCAL_YEAR_START|NEED_OFFICIAL_FY_FQ_IDENTITY|NEED_SOURCE_SEMANTICS_CONFIRMATION,FY2026Q2: need official fiscal year start and FY/FQ identity ; FY2026Q2: confirm sequence semantics,YES,NO,UNRESOLVED_BOUNDARY|UNRESOLVED_SEQUENCE,P1_CURRENT,STRUCTURAL_REVIEW_SEPARATE,SOURCE_SEMANTIC_AMBIGUITY,YES,P8H-S-0415,GRND
FY2026Q1,1021,UNRESOLVED|UNRESOLVED,NEED_OFFICIAL_FISCAL_YEAR_START|NEED_OFFICIAL_FY_FQ_IDENTITY|NEED_SOURCE_SEMANTICS_CONFIRMATION,FY2026Q1: need official fiscal year start and FY/FQ identity ; FY2026Q1: confirm sequence semantics,YES,NO,UNRESOLVED_BOUNDARY|UNRESOLVED_SEQUENCE,P1_CURRENT,STRUCTURAL_REVIEW_SEPARATE,SOURCE_SEMANTIC_AMBIGUITY,YES,P8H-S-0416,GRND
FY2025Q4,1029,DIRECT_EXACT_INTERVAL|TARGET_SELF,NEED_OFFICIAL_PERIOD_END|NEED_SOURCE_SEMANTICS_CONFIRMATION|NEED_TRANSITION_CALENDAR_EVIDENCE,FY2025Q4: need transition/stub calendar decision ; FY2025Q4: need official period_end ; FY2025Q4: confirm sequence semantics,YES,NO,PERIOD_END_TRANSITION_REVIEW|TRANSITION_REVIEW|TRANSITION_SEQUENCE,P1_CURRENT,STRUCTURAL_REVIEW_SEPARATE,CALENDAR_TRANSITION,YES,P8H-S-0417,GTES
FY2025Q3,1029,DIRECT_EXACT_INTERVAL|TARGET_DIFFERENT_ECONOMIC,NEED_OFFICIAL_PERIOD_END|NEED_SOURCE_SEMANTICS_CONFIRMATION|NEED_TARGET_COLLISION_RESOLUTION|NEED_TRANSITION_CALENDAR_EVIDENCE,FY2025Q3: need transition/stub calendar decision ; FY2025Q3: need official period_end ; FY2025Q3: confirm sequence semantics ; FY2025Q3: target FY/FQ collision requires reconciliation,YES,NO,PERIOD_END_TRANSITION_REVIEW|TARGET_COLLISION|TRANSITION_REVIEW|TRANSITION_SEQUENCE,P1_CURRENT,STRUCTURAL_REVIEW_SEPARATE,CALENDAR_TRANSITION,YES,P8H-S-0418,GTES
FY2025Q2,1029,DIRECT_EXACT_INTERVAL|TARGET_DIFFERENT_ECONOMIC,NEED_OFFICIAL_PERIOD_END|NEED_SOURCE_SEMANTICS_CONFIRMATION|NEED_TARGET_COLLISION_RESOLUTION|NEED_TRANSITION_CALENDAR_EVIDENCE,FY2025Q2: need transition/stub calendar decision ; FY2025Q2: need official period_end ; FY2025Q2: confirm sequence semantics ; FY2025Q2: target FY/FQ collision requires reconciliation,YES,NO,PERIOD_END_TRANSITION_REVIEW|TARGET_COLLISION|TRANSITION_REVIEW|TRANSITION_SEQUENCE,P3_LATEST8Q,STRUCTURAL_REVIEW_SEPARATE,CALENDAR_TRANSITION,YES,P8H-S-0419,GTES
FY2025Q1,1029,DIRECT_EXACT_INTERVAL|TARGET_DIFFERENT_ECONOMIC,NEED_OFFICIAL_PERIOD_END|NEED_SOURCE_SEMANTICS_CONFIRMATION|NEED_TARGET_COLLISION_RESOLUTION|NEED_TRANSITION_CALENDAR_EVIDENCE,FY2025Q1: need transition/stub calendar decision ; FY2025Q1: need official period_end ; FY2025Q1: confirm sequence semantics ; FY2025Q1: target FY/FQ collision requires reconciliation,YES,NO,PERIOD_END_TRANSITION_REVIEW|TARGET_COLLISION|TRANSITION_REVIEW|TRANSITION_SEQUENCE,P3_LATEST8Q,STRUCTURAL_REVIEW_SEPARATE,CALENDAR_TRANSITION,YES,P8H-S-0420,GTES
FY2025Q1,1030,DIRECT_EXACT_INTERVAL|TARGET_DIFFERENT_ECONOMIC,NEED_DEBT|NEED_LOCAL_LINEAGE_RECONCILIATION|NEED_TARGET_COLLISION_RESOLUTION,FY2025Q1: need Debt ; FY2025Q1: reconcile stored FY/FQ against direct exact fiscal anchor ; FY2025Q1: target FY/FQ collision requires reconciliation,YES,NO,FY_CONFLICT_DIRECT_EXACT|PRIMARY_CORE_INCOMPLETE|TARGET_COLLISION,P3_LATEST8Q,STRUCTURAL_REVIEW_SEPARATE,TARGET_DIFFERENT_ECONOMIC,YES,P8H-S-0421,GTLB
FY2024Q4,1045,DIRECT_EXACT_INTERVAL|TARGET_DIFFERENT_ECONOMIC,NEED_LOCAL_LINEAGE_RECONCILIATION|NEED_TARGET_COLLISION_RESOLUTION,FY2024Q4: reconcile stored FY/FQ against direct exact fiscal anchor ; FY2024Q4: target FY/FQ collision requires reconciliation,YES,NO,FY_CONFLICT_DIRECT_EXACT|TARGET_COLLISION,P3_LATEST8Q,STRUCTURAL_REVIEW_SEPARATE,TARGET_DIFFERENT_ECONOMIC,YES,P8H-S-0422,HAE
FY2025Q3,1049,DIRECT_EXACT_INTERVAL|TARGET_DIFFERENT_ECONOMIC,NEED_MISSING_QUARTER_SOURCE|NEED_TARGET_COLLISION_RESOLUTION,FY2025Q3: verify missing adjacent fiscal quarter source ; FY2025Q3: target FY/FQ collision requires reconciliation,NO,NO,MISSING_QUARTER|TARGET_COLLISION,P2_LATEST4Q,STRUCTURAL_REVIEW_SEPARATE,TARGET_DIFFERENT_ECONOMIC,YES,P8H-S-0423,HAS
FY2025Q2,1049,DIRECT_EXACT_INTERVAL|TARGET_DIFFERENT_ECONOMIC,NEED_MISSING_QUARTER_SOURCE|NEED_TARGET_COLLISION_RESOLUTION,FY2025Q2: verify missing adjacent fiscal quarter source ; FY2025Q2: target FY/FQ collision requires reconciliation,NO,NO,MISSING_QUARTER|TARGET_COLLISION,P3_LATEST8Q,STRUCTURAL_REVIEW_SEPARATE,TARGET_DIFFERENT_ECONOMIC,YES,P8H-S-0424,HAS
FY2025Q3,1054,DIRECT_EXACT_INTERVAL|TARGET_DIFFERENT_ECONOMIC,NEED_MISSING_QUARTER_SOURCE|NEED_TARGET_COLLISION_RESOLUTION,FY2025Q3: verify missing adjacent fiscal quarter source ; FY2025Q3: target FY/FQ collision requires reconciliation,NO,NO,MISSING_QUARTER|TARGET_COLLISION,P2_LATEST4Q,STRUCTURAL_REVIEW_SEPARATE,TARGET_DIFFERENT_ECONOMIC,YES,P8H-S-0425,HCKT
FY2025Q2,1054,DIRECT_EXACT_INTERVAL|TARGET_DIFFERENT_ECONOMIC,NEED_MISSING_QUARTER_SOURCE|NEED_TARGET_COLLISION_RESOLUTION,FY2025Q2: verify missing adjacent fiscal quarter source ; FY2025Q2: target FY/FQ collision requires reconciliation,NO,NO,MISSING_QUARTER|TARGET_COLLISION,P3_LATEST8Q,STRUCTURAL_REVIEW_SEPARATE,TARGET_DIFFERENT_ECONOMIC,YES,P8H-S-0426,HCKT
FY2025Q1,1062,DIRECT_EXACT_INTERVAL|TARGET_DIFFERENT_ECONOMIC,NEED_LOCAL_LINEAGE_RECONCILIATION|NEED_TARGET_COLLISION_RESOLUTION,FY2025Q1: reconcile stored FY/FQ against direct exact fiscal anchor ; FY2025Q1: target FY/FQ collision requires reconciliation,YES,NO,FY_CONFLICT_DIRECT_EXACT|TARGET_COLLISION,P3_LATEST8Q,STRUCTURAL_REVIEW_SEPARATE,TARGET_DIFFERENT_ECONOMIC,YES,P8H-S-0427,HELE
FY2025Q1,1065,DIRECT_EXACT_INTERVAL|TARGET_DIFFERENT_ECONOMIC,NEED_CAPEX|NEED_DEBT|NEED_EBITDA|NEED_FCF|NEED_GROSS_PROFIT|NEED_LOCAL_LINEAGE_RECONCILIATION|NEED_SOURCE_SEMANTICS_CONFIRMATION|NEED_TARGET_COLLISION_RESOLUTION,FY2025Q1: need FCF ; FY2025Q1: need Debt ; FY2025Q1: need Gross Profit ; FY2025Q1: need EBITDA ; FY2025Q1: need Capex ; FY2025Q1: reconcile stored FY/FQ against direct exact fiscal anchor ; FY2025Q1: target FY/FQ collision requires reconciliation ; FY2025Q1: Need Capex to derive FCF,YES,NO,FY_CONFLICT_DIRECT_EXACT|PRIMARY_CORE_INCOMPLETE|SECONDARY_FIELDS_INCOMPLETE|TARGET_COLLISION,P3_LATEST8Q,STRUCTURAL_REVIEW_SEPARATE,TARGET_DIFFERENT_ECONOMIC,YES,P8H-S-0428,HHH
FY2025Q3,1072,DIRECT_EXACT_INTERVAL|TARGET_DIFFERENT_ECONOMIC,NEED_MISSING_QUARTER_SOURCE|NEED_TARGET_COLLISION_RESOLUTION,FY2025Q3: verify missing adjacent fiscal quarter source ; FY2025Q3: target FY/FQ collision requires reconciliation,YES,NO,MISSING_QUARTER|TARGET_COLLISION,P2_LATEST4Q,STRUCTURAL_REVIEW_SEPARATE,TARGET_DIFFERENT_ECONOMIC,YES,P8H-S-0429,HLIO
FY2025Q2,1072,DIRECT_EXACT_INTERVAL|TARGET_DIFFERENT_ECONOMIC,NEED_TARGET_COLLISION_RESOLUTION,FY2025Q2: target FY/FQ collision requires reconciliation,YES,NO,TARGET_COLLISION,P2_LATEST4Q,STRUCTURAL_REVIEW_SEPARATE,TARGET_DIFFERENT_ECONOMIC,YES,P8H-S-0430,HLIO
FY2025Q1,1072,DIRECT_EXACT_INTERVAL|TARGET_DIFFERENT_ECONOMIC,NEED_TARGET_COLLISION_RESOLUTION,FY2025Q1: target FY/FQ collision requires reconciliation,YES,NO,TARGET_COLLISION,P3_LATEST8Q,STRUCTURAL_REVIEW_SEPARATE,TARGET_DIFFERENT_ECONOMIC,YES,P8H-S-0431,HLIO
FY2024Q4,1072,DIRECT_EXACT_INTERVAL|TARGET_DIFFERENT_ECONOMIC,NEED_LOCAL_LINEAGE_RECONCILIATION|NEED_OFFICIAL_PERIOD_END|NEED_TARGET_COLLISION_RESOLUTION,FY2024Q4: reconcile stored FY/FQ against direct exact fiscal anchor ; FY2024Q4: need official period_end ; FY2024Q4: target FY/FQ collision requires reconciliation,YES,NO,FY_CONFLICT_DIRECT_EXACT|PERIOD_END_FISCAL_SLOT_CONFLICT|TARGET_COLLISION,P3_LATEST8Q,STRUCTURAL_REVIEW_SEPARATE,TARGET_DIFFERENT_ECONOMIC,YES,P8H-S-0432,HLIO
FY2025Q3,1075,DIRECT_EXACT_INTERVAL|TARGET_DIFFERENT_ECONOMIC,NEED_MISSING_QUARTER_SOURCE|NEED_TARGET_COLLISION_RESOLUTION,FY2025Q3: verify missing adjacent fiscal quarter source ; FY2025Q3: target FY/FQ collision requires reconciliation,YES,NO,MISSING_QUARTER|TARGET_COLLISION,P2_LATEST4Q,STRUCTURAL_REVIEW_SEPARATE,TARGET_DIFFERENT_ECONOMIC,YES,P8H-S-0433,HLMN
FY2025Q2,1075,DIRECT_EXACT_INTERVAL|TARGET_DIFFERENT_ECONOMIC,NEED_MISSING_QUARTER_SOURCE|NEED_TARGET_COLLISION_RESOLUTION,FY2025Q2: verify missing adjacent fiscal quarter source ; FY2025Q2: target FY/FQ collision requires reconciliation,YES,NO,MISSING_QUARTER|TARGET_COLLISION,P3_LATEST8Q,STRUCTURAL_REVIEW_SEPARATE,TARGET_DIFFERENT_ECONOMIC,YES,P8H-S-0434,HLMN
FY2026Q2,1076,UNRESOLVED|UNRESOLVED,NEED_OFFICIAL_FISCAL_YEAR_START|NEED_OFFICIAL_FY_FQ_IDENTITY|NEED_SOURCE_SEMANTICS_CONFIRMATION,FY2026Q2: need official fiscal year start and FY/FQ identity ; FY2026Q2: confirm sequence semantics,YES,NO,UNRESOLVED_BOUNDARY|UNRESOLVED_SEQUENCE,P1_CURRENT,STRUCTURAL_REVIEW_SEPARATE,SOURCE_SEMANTIC_AMBIGUITY,YES,P8H-S-0435,HLT
FY2026Q1,1076,UNRESOLVED|UNRESOLVED,NEED_OFFICIAL_FISCAL_YEAR_START|NEED_OFFICIAL_FY_FQ_IDENTITY|NEED_SOURCE_SEMANTICS_CONFIRMATION,FY2026Q1: need official fiscal year start and FY/FQ identity ; FY2026Q1: confirm sequence semantics,YES,NO,UNRESOLVED_BOUNDARY|UNRESOLVED_SEQUENCE,P1_CURRENT,STRUCTURAL_REVIEW_SEPARATE,SOURCE_SEMANTIC_AMBIGUITY,YES,P8H-S-0436,HLT
FY2025Q3,1078,DIRECT_EXACT_INTERVAL|TARGET_DIFFERENT_ECONOMIC,NEED_MISSING_QUARTER_SOURCE|NEED_TARGET_COLLISION_RESOLUTION,FY2025Q3: verify missing adjacent fiscal quarter source ; FY2025Q3: target FY/FQ collision requires reconciliation,YES,NO,MISSING_QUARTER|TARGET_COLLISION,P2_LATEST4Q,STRUCTURAL_REVIEW_SEPARATE,TARGET_DIFFERENT_ECONOMIC,YES,P8H-S-0437,HNI
FY2025Q2,1078,DIRECT_EXACT_INTERVAL|TARGET_DIFFERENT_ECONOMIC,NEED_TARGET_COLLISION_RESOLUTION,FY2025Q2: target FY/FQ collision requires reconciliation,YES,NO,TARGET_COLLISION,P3_LATEST8Q,STRUCTURAL_REVIEW_SEPARATE,TARGET_DIFFERENT_ECONOMIC,YES,P8H-S-0438,HNI
FY2025Q1,1078,DIRECT_EXACT_INTERVAL|TARGET_DIFFERENT_ECONOMIC,NEED_MISSING_QUARTER_SOURCE|NEED_TARGET_COLLISION_RESOLUTION,FY2025Q1: verify missing adjacent fiscal quarter source ; FY2025Q1: target FY/FQ collision requires reconciliation,YES,NO,MISSING_QUARTER|TARGET_COLLISION,P3_LATEST8Q,STRUCTURAL_REVIEW_SEPARATE,TARGET_DIFFERENT_ECONOMIC,YES,P8H-S-0439,HNI
FY2025Q1,1094,DIRECT_EXACT_INTERVAL|TARGET_DIFFERENT_ECONOMIC,NEED_LOCAL_LINEAGE_RECONCILIATION|NEED_TARGET_COLLISION_RESOLUTION,FY2025Q1: reconcile stored FY/FQ against direct exact fiscal anchor ; FY2025Q1: target FY/FQ collision requires reconciliation,YES,NO,FY_CONFLICT_DIRECT_EXACT|TARGET_COLLISION,P3_LATEST8Q,STRUCTURAL_REVIEW_SEPARATE,TARGET_DIFFERENT_ECONOMIC,YES,P8H-S-0440,HQY
FY2025Q3,1098,DIRECT_EXACT_INTERVAL|TARGET_DIFFERENT_ECONOMIC,NEED_MISSING_QUARTER_SOURCE|NEED_TARGET_COLLISION_RESOLUTION,FY2025Q3: verify missing adjacent fiscal quarter source ; FY2025Q3: target FY/FQ collision requires reconciliation,NO,NO,MISSING_QUARTER|TARGET_COLLISION,P2_LATEST4Q,STRUCTURAL_REVIEW_SEPARATE,TARGET_DIFFERENT_ECONOMIC,YES,P8H-S-0441,HRL
FY2025Q2,1098,DIRECT_EXACT_INTERVAL|TARGET_DIFFERENT_ECONOMIC,NEED_MISSING_QUARTER_SOURCE|NEED_TARGET_COLLISION_RESOLUTION,FY2025Q2: verify missing adjacent fiscal quarter source ; FY2025Q2: target FY/FQ collision requires reconciliation,NO,NO,MISSING_QUARTER|TARGET_COLLISION,P3_LATEST8Q,STRUCTURAL_REVIEW_SEPARATE,TARGET_DIFFERENT_ECONOMIC,YES,P8H-S-0442,HRL
FY2025Q3,1102,DIRECT_EXACT_INTERVAL|TARGET_DIFFERENT_ECONOMIC,NEED_MISSING_QUARTER_SOURCE|NEED_TARGET_COLLISION_RESOLUTION,FY2025Q3: verify missing adjacent fiscal quarter source ; FY2025Q3: target FY/FQ collision requires reconciliation,YES,NO,MISSING_QUARTER|TARGET_COLLISION,P2_LATEST4Q,STRUCTURAL_REVIEW_SEPARATE,TARGET_DIFFERENT_ECONOMIC,YES,P8H-S-0443,HSIC
FY2025Q2,1102,DIRECT_EXACT_INTERVAL|TARGET_DIFFERENT_ECONOMIC,NEED_MISSING_QUARTER_SOURCE|NEED_TARGET_COLLISION_RESOLUTION,FY2025Q2: verify missing adjacent fiscal quarter source ; FY2025Q2: target FY/FQ collision requires reconciliation,YES,NO,MISSING_QUARTER|TARGET_COLLISION,P3_LATEST8Q,STRUCTURAL_REVIEW_SEPARATE,TARGET_DIFFERENT_ECONOMIC,YES,P8H-S-0444,HSIC
FY2026Q1,1114,UNRESOLVED|UNRESOLVED,NEED_GROSS_PROFIT|NEED_OFFICIAL_FISCAL_YEAR_START|NEED_OFFICIAL_FY_FQ_IDENTITY|NEED_SOURCE_SEMANTICS_CONFIRMATION,FY2026Q1: need Gross Profit ; FY2026Q1: need official fiscal year start and FY/FQ identity ; FY2026Q1: confirm sequence semantics,YES,NO,SECONDARY_FIELDS_INCOMPLETE|UNRESOLVED_BOUNDARY|UNRESOLVED_SEQUENCE,P1_CURRENT,STRUCTURAL_REVIEW_SEPARATE,SOURCE_SEMANTIC_AMBIGUITY,YES,P8H-S-0445,HURA
FY2024Q3,1114,DIRECT_EXACT_INTERVAL|TARGET_DIFFERENT_ECONOMIC,NEED_CAPEX|NEED_DEBT|NEED_EBIT|NEED_EBITDA|NEED_FCF|NEED_FIRST_PUBLIC_RESULT_DATE|NEED_GROSS_PROFIT|NEED_LOCAL_LINEAGE_RECONCILIATION|NEED_OPERATING_INCOME|NEED_SOURCE_SEMANTICS_CONFIRMATION|NEED_TARGET_COLLISION_RESOLUTION,FY2024Q3: need EBIT ; FY2024Q3: need FCF ; FY2024Q3: need Debt ; FY2024Q3: need Gross Profit ; FY2024Q3: need Operating Income ; FY2024Q3: need EBITDA ; FY2024Q3: need Capex ; FY2024Q3: reconcile stored FY/FQ against direct exact fiscal anchor ; FY2024Q3: need first-public result date ; FY2024Q3: target FY/FQ collision requires reconciliation ; FY2024Q3: Need Capex to derive FCF,YES,NO,FQ_CONFLICT_DIRECT_EXACT|PRIMARY_CORE_INCOMPLETE|PUBLISH_DATE_MISSING|SECONDARY_FIELDS_INCOMPLETE|TARGET_COLLISION,P3_LATEST8Q,STRUCTURAL_REVIEW_SEPARATE,TARGET_DIFFERENT_ECONOMIC,YES,P8H-S-0446,HURA
FY2024Q1,1114,DIRECT_EXACT_INTERVAL|TARGET_DIFFERENT_ECONOMIC,NEED_CAPEX|NEED_DEBT|NEED_EBIT|NEED_EBITDA|NEED_FCF|NEED_FIRST_PUBLIC_RESULT_DATE|NEED_GROSS_PROFIT|NEED_LOCAL_LINEAGE_RECONCILIATION|NEED_OPERATING_INCOME|NEED_REVENUE|NEED_SOURCE_SEMANTICS_CONFIRMATION|NEED_TARGET_COLLISION_RESOLUTION,FY2024Q1: need Revenue ; FY2024Q1: need EBIT ; FY2024Q1: need FCF ; FY2024Q1: need Debt ; FY2024Q1: need Gross Profit ; FY2024Q1: need Operating Income ; FY2024Q1: need EBITDA ; FY2024Q1: need Capex ; FY2024Q1: reconcile stored FY/FQ against direct exact fiscal anchor ; FY2024Q1: need first-public result date ; FY2024Q1: target FY/FQ collision requires reconciliation ; FY2024Q1: Need Capex to derive FCF,YES,NO,FY_CONFLICT_DIRECT_EXACT|PRIMARY_CORE_INCOMPLETE|PUBLISH_DATE_MISSING|SECONDARY_FIELDS_INCOMPLETE|TARGET_COLLISION,P3_LATEST8Q,STRUCTURAL_REVIEW_SEPARATE,TARGET_DIFFERENT_ECONOMIC,YES,P8H-S-0447,HURA
FY2023Q4,1114,DIRECT_EXACT_INTERVAL|TARGET_DIFFERENT_ECONOMIC,NEED_CAPEX|NEED_DEBT|NEED_EBIT|NEED_EBITDA|NEED_FCF|NEED_GROSS_PROFIT|NEED_LOCAL_LINEAGE_RECONCILIATION|NEED_OPERATING_INCOME|NEED_REVENUE|NEED_SOURCE_SEMANTICS_CONFIRMATION|NEED_TARGET_COLLISION_RESOLUTION,FY2023Q4: need Revenue ; FY2023Q4: need EBIT ; FY2023Q4: need FCF ; FY2023Q4: need Debt ; FY2023Q4: need Gross Profit ; FY2023Q4: need Operating Income ; FY2023Q4: need EBITDA ; FY2023Q4: need Capex ; FY2023Q4: reconcile stored FY/FQ against direct exact fiscal anchor ; FY2023Q4: target FY/FQ collision requires reconciliation ; FY2023Q4: Need Capex to derive FCF,YES,NO,FQ_CONFLICT_DIRECT_EXACT|PRIMARY_CORE_INCOMPLETE|SECONDARY_FIELDS_INCOMPLETE|TARGET_COLLISION,P3_LATEST8Q,STRUCTURAL_REVIEW_SEPARATE,TARGET_DIFFERENT_ECONOMIC,YES,P8H-S-0448,HURA
FY2026Q2,1117,UNRESOLVED|UNRESOLVED,NEED_OFFICIAL_FISCAL_YEAR_START|NEED_OFFICIAL_FY_FQ_IDENTITY|NEED_SOURCE_SEMANTICS_CONFIRMATION,FY2026Q2: need official fiscal year start and FY/FQ identity ; FY2026Q2: confirm sequence semantics,YES,NO,UNRESOLVED_BOUNDARY|UNRESOLVED_SEQUENCE,P1_CURRENT,STRUCTURAL_REVIEW_SEPARATE,SOURCE_SEMANTIC_AMBIGUITY,YES,P8H-S-0449,HWH
FY2026Q1,1117,UNRESOLVED|UNRESOLVED,NEED_OFFICIAL_FISCAL_YEAR_START|NEED_OFFICIAL_FY_FQ_IDENTITY|NEED_SOURCE_SEMANTICS_CONFIRMATION,FY2026Q1: need official fiscal year start and FY/FQ identity ; FY2026Q1: confirm sequence semantics,YES,NO,UNRESOLVED_BOUNDARY|UNRESOLVED_SEQUENCE,P1_CURRENT,STRUCTURAL_REVIEW_SEPARATE,SOURCE_SEMANTIC_AMBIGUITY,YES,P8H-S-0450,HWH
FY2024Q3,1117,DIRECT_EXACT_INTERVAL|TARGET_DIFFERENT_ECONOMIC,NEED_CASH|NEED_DEBT|NEED_EBIT|NEED_EBITDA|NEED_FIRST_PUBLIC_RESULT_DATE|NEED_LOCAL_LINEAGE_RECONCILIATION|NEED_OPERATING_INCOME|NEED_SHARES|NEED_TARGET_COLLISION_RESOLUTION,FY2024Q3: need EBIT ; FY2024Q3: need Cash ; FY2024Q3: need Debt ; FY2024Q3: need Shares ; FY2024Q3: need Operating Income ; FY2024Q3: need EBITDA ; FY2024Q3: reconcile stored FY/FQ against direct exact fiscal anchor ; FY2024Q3: need first-public result date ; FY2024Q3: target FY/FQ collision requires reconciliation,YES,NO,FY_CONFLICT_DIRECT_EXACT|PRIMARY_CORE_INCOMPLETE|PUBLISH_DATE_MISSING|SECONDARY_FIELDS_INCOMPLETE|TARGET_COLLISION,P3_LATEST8Q,STRUCTURAL_REVIEW_SEPARATE,TARGET_DIFFERENT_ECONOMIC,YES,P8H-S-0451,HWH
FY2025Q3,1118,DIRECT_EXACT_INTERVAL|TARGET_DIFFERENT_ECONOMIC,NEED_OFFICIAL_PERIOD_END|NEED_SOURCE_SEMANTICS_CONFIRMATION|NEED_TARGET_COLLISION_RESOLUTION|NEED_TRANSITION_CALENDAR_EVIDENCE,FY2025Q3: need transition/stub calendar decision ; FY2025Q3: need official period_end ; FY2025Q3: confirm sequence semantics ; FY2025Q3: target FY/FQ collision requires reconciliation,YES,NO,PERIOD_END_TRANSITION_REVIEW|TARGET_COLLISION|TRANSITION_REVIEW|TRANSITION_SEQUENCE,P1_CURRENT,STRUCTURAL_REVIEW_SEPARATE,CALENDAR_TRANSITION,YES,P8H-S-0452,HWKN
FY2025Q2,1118,DIRECT_EXACT_INTERVAL|TARGET_DIFFERENT_ECONOMIC,NEED_OFFICIAL_PERIOD_END|NEED_SOURCE_SEMANTICS_CONFIRMATION|NEED_TARGET_COLLISION_RESOLUTION|NEED_TRANSITION_CALENDAR_EVIDENCE,FY2025Q2: need transition/stub calendar decision ; FY2025Q2: need official period_end ; FY2025Q2: confirm sequence semantics ; FY2025Q2: target FY/FQ collision requires reconciliation,YES,NO,PERIOD_END_TRANSITION_REVIEW|TARGET_COLLISION|TRANSITION_REVIEW|TRANSITION_SEQUENCE,P1_CURRENT,STRUCTURAL_REVIEW_SEPARATE,CALENDAR_TRANSITION,YES,P8H-S-0453,HWKN
FY2025Q1,1118,DIRECT_EXACT_INTERVAL|TARGET_DIFFERENT_ECONOMIC,NEED_OFFICIAL_PERIOD_END|NEED_SOURCE_SEMANTICS_CONFIRMATION|NEED_TARGET_COLLISION_RESOLUTION|NEED_TRANSITION_CALENDAR_EVIDENCE,FY2025Q1: need transition/stub calendar decision ; FY2025Q1: need official period_end ; FY2025Q1: confirm sequence semantics ; FY2025Q1: target FY/FQ collision requires reconciliation,YES,NO,PERIOD_END_TRANSITION_REVIEW|TARGET_COLLISION|TRANSITION_REVIEW|TRANSITION_SEQUENCE,P3_LATEST8Q,STRUCTURAL_REVIEW_SEPARATE,CALENDAR_TRANSITION,YES,P8H-S-0454,HWKN
FY2024Q4,1118,DIRECT_EXACT_INTERVAL|TARGET_DIFFERENT_ECONOMIC,NEED_EBIT|NEED_OFFICIAL_PERIOD_END|NEED_SOURCE_SEMANTICS_CONFIRMATION|NEED_TARGET_COLLISION_RESOLUTION|NEED_TRANSITION_CALENDAR_EVIDENCE,FY2024Q4: need EBIT ; FY2024Q4: need transition/stub calendar decision ; FY2024Q4: need official period_end ; FY2024Q4: confirm sequence semantics ; FY2024Q4: target FY/FQ collision requires reconciliation ; FY2024Q4: Need approved issuer/company-specific EBIT rule; do not blanket map Operating Income,YES,NO,PERIOD_END_TRANSITION_REVIEW|PRIMARY_CORE_INCOMPLETE|TARGET_COLLISION|TRANSITION_REVIEW|TRANSITION_SEQUENCE,P3_LATEST8Q,STRUCTURAL_REVIEW_SEPARATE,CALENDAR_TRANSITION,YES,P8H-S-0455,HWKN
FY2024Q1,1118,DIRECT_EXACT_INTERVAL|TARGET_DIFFERENT_ECONOMIC,NEED_OFFICIAL_PERIOD_END|NEED_SOURCE_SEMANTICS_CONFIRMATION|NEED_TARGET_COLLISION_RESOLUTION|NEED_TRANSITION_CALENDAR_EVIDENCE,FY2024Q1: need transition/stub calendar decision ; FY2024Q1: need official period_end ; FY2024Q1: confirm sequence semantics ; FY2024Q1: target FY/FQ collision requires reconciliation,YES,NO,PERIOD_END_TRANSITION_REVIEW|TARGET_COLLISION|TRANSITION_REVIEW|TRANSITION_SEQUENCE,P3_LATEST8Q,STRUCTURAL_REVIEW_SEPARATE,CALENDAR_TRANSITION,YES,P8H-S-0456,HWKN
FY2025Q3,1134,DIRECT_EXACT_INTERVAL|TARGET_DIFFERENT_ECONOMIC,NEED_MISSING_QUARTER_SOURCE|NEED_TARGET_COLLISION_RESOLUTION,FY2025Q3: verify missing adjacent fiscal quarter source ; FY2025Q3: target FY/FQ collision requires reconciliation,YES,NO,MISSING_QUARTER|TARGET_COLLISION,P2_LATEST4Q,STRUCTURAL_REVIEW_SEPARATE,TARGET_DIFFERENT_ECONOMIC,YES,P8H-S-0457,ICHR
FY2025Q2,1134,DIRECT_EXACT_INTERVAL|TARGET_DIFFERENT_ECONOMIC,NEED_TARGET_COLLISION_RESOLUTION,FY2025Q2: target FY/FQ collision requires reconciliation,YES,NO,TARGET_COLLISION,P3_LATEST8Q,STRUCTURAL_REVIEW_SEPARATE,TARGET_DIFFERENT_ECONOMIC,YES,P8H-S-0458,ICHR
FY2025Q1,1134,DIRECT_EXACT_INTERVAL|TARGET_DIFFERENT_ECONOMIC,NEED_MISSING_QUARTER_SOURCE|NEED_TARGET_COLLISION_RESOLUTION,FY2025Q1: verify missing adjacent fiscal quarter source ; FY2025Q1: target FY/FQ collision requires reconciliation,YES,NO,MISSING_QUARTER|TARGET_COLLISION,P3_LATEST8Q,STRUCTURAL_REVIEW_SEPARATE,TARGET_DIFFERENT_ECONOMIC,YES,P8H-S-0459,ICHR
FY2026Q2,1138,UNRESOLVED|UNRESOLVED,NEED_OFFICIAL_FISCAL_YEAR_START|NEED_OFFICIAL_FY_FQ_IDENTITY|NEED_SOURCE_SEMANTICS_CONFIRMATION,FY2026Q2: need official fiscal year start and FY/FQ identity ; FY2026Q2: confirm sequence semantics,YES,NO,UNRESOLVED_BOUNDARY|UNRESOLVED_SEQUENCE,P1_CURRENT,STRUCTURAL_REVIEW_SEPARATE,SOURCE_SEMANTIC_AMBIGUITY,YES,P8H-S-0460,IDCC
FY2026Q1,1138,UNRESOLVED|UNRESOLVED,NEED_OFFICIAL_FISCAL_YEAR_START|NEED_OFFICIAL_FY_FQ_IDENTITY|NEED_SOURCE_SEMANTICS_CONFIRMATION,FY2026Q1: need official fiscal year start and FY/FQ identity ; FY2026Q1: confirm sequence semantics,YES,NO,UNRESOLVED_BOUNDARY|UNRESOLVED_SEQUENCE,P1_CURRENT,STRUCTURAL_REVIEW_SEPARATE,SOURCE_SEMANTIC_AMBIGUITY,YES,P8H-S-0461,IDCC
FY2025Q3,1149,DIRECT_EXACT_INTERVAL|TARGET_DIFFERENT_ECONOMIC,NEED_MISSING_QUARTER_SOURCE|NEED_TARGET_COLLISION_RESOLUTION,FY2025Q3: verify missing adjacent fiscal quarter source ; FY2025Q3: target FY/FQ collision requires reconciliation,YES,NO,MISSING_QUARTER|TARGET_COLLISION,P3_LATEST8Q,STRUCTURAL_REVIEW_SEPARATE,TARGET_DIFFERENT_ECONOMIC,YES,P8H-S-0462,IIIN
FY2025Q2,1149,DIRECT_EXACT_INTERVAL|TARGET_DIFFERENT_ECONOMIC,NEED_TARGET_COLLISION_RESOLUTION,FY2025Q2: target FY/FQ collision requires reconciliation,YES,NO,TARGET_COLLISION,P3_LATEST8Q,STRUCTURAL_REVIEW_SEPARATE,TARGET_DIFFERENT_ECONOMIC,YES,P8H-S-0463,IIIN
FY2025Q1,1149,DIRECT_EXACT_INTERVAL|TARGET_DIFFERENT_ECONOMIC,NEED_DEBT|NEED_MISSING_QUARTER_SOURCE|NEED_TARGET_COLLISION_RESOLUTION,FY2025Q1: need Debt ; FY2025Q1: verify missing adjacent fiscal quarter source ; FY2025Q1: target FY/FQ collision requires reconciliation,YES,NO,MISSING_QUARTER|PRIMARY_CORE_INCOMPLETE|TARGET_COLLISION,P3_LATEST8Q,STRUCTURAL_REVIEW_SEPARATE,TARGET_DIFFERENT_ECONOMIC,YES,P8H-S-0464,IIIN
FY2026Q2,1151,UNRESOLVED|UNRESOLVED,NEED_OFFICIAL_FISCAL_YEAR_START|NEED_OFFICIAL_FY_FQ_IDENTITY|NEED_SOURCE_SEMANTICS_CONFIRMATION,FY2026Q2: need official fiscal year start and FY/FQ identity ; FY2026Q2: confirm sequence semantics,YES,NO,UNRESOLVED_BOUNDARY|UNRESOLVED_SEQUENCE,P1_CURRENT,STRUCTURAL_REVIEW_SEPARATE,SOURCE_SEMANTIC_AMBIGUITY,YES,P8H-S-0465,IIPR
FY2026Q1,1151,UNRESOLVED|UNRESOLVED,NEED_OFFICIAL_FISCAL_YEAR_START|NEED_OFFICIAL_FY_FQ_IDENTITY|NEED_SOURCE_SEMANTICS_CONFIRMATION,FY2026Q1: need official fiscal year start and FY/FQ identity ; FY2026Q1: confirm sequence semantics,YES,NO,UNRESOLVED_BOUNDARY|UNRESOLVED_SEQUENCE,P1_CURRENT,STRUCTURAL_REVIEW_SEPARATE,SOURCE_SEMANTIC_AMBIGUITY,YES,P8H-S-0466,IIPR
FY2026Q1,1153,UNRESOLVED|UNRESOLVED,NEED_CAPEX|NEED_OFFICIAL_FISCAL_YEAR_START|NEED_OFFICIAL_FY_FQ_IDENTITY|NEED_SOURCE_SEMANTICS_CONFIRMATION,FY2026Q1: need Capex ; FY2026Q1: need official fiscal year start and FY/FQ identity ; FY2026Q1: confirm sequence semantics,YES,NO,SECONDARY_FIELDS_INCOMPLETE|UNRESOLVED_BOUNDARY|UNRESOLVED_SEQUENCE,P1_CURRENT,STRUCTURAL_REVIEW_SEPARATE,SOURCE_SEMANTIC_AMBIGUITY,YES,P8H-S-0467,ILLR
FY2025Q3,1154,DIRECT_EXACT_INTERVAL|TARGET_DIFFERENT_ECONOMIC,NEED_MISSING_QUARTER_SOURCE|NEED_TARGET_COLLISION_RESOLUTION,FY2025Q3: verify missing adjacent fiscal quarter source ; FY2025Q3: target FY/FQ collision requires reconciliation,NO,NO,MISSING_QUARTER|TARGET_COLLISION,P2_LATEST4Q,STRUCTURAL_REVIEW_SEPARATE,TARGET_DIFFERENT_ECONOMIC,YES,P8H-S-0468,ILMN
FY2025Q2,1154,DIRECT_EXACT_INTERVAL|TARGET_DIFFERENT_ECONOMIC,NEED_TARGET_COLLISION_RESOLUTION,FY2025Q2: target FY/FQ collision requires reconciliation,NO,NO,TARGET_COLLISION,P3_LATEST8Q,STRUCTURAL_REVIEW_SEPARATE,TARGET_DIFFERENT_ECONOMIC,YES,P8H-S-0469,ILMN
FY2025Q1,1154,DIRECT_EXACT_INTERVAL|TARGET_DIFFERENT_ECONOMIC,NEED_MISSING_QUARTER_SOURCE|NEED_TARGET_COLLISION_RESOLUTION,FY2025Q1: verify missing adjacent fiscal quarter source ; FY2025Q1: target FY/FQ collision requires reconciliation,NO,NO,MISSING_QUARTER|TARGET_COLLISION,P3_LATEST8Q,STRUCTURAL_REVIEW_SEPARATE,TARGET_DIFFERENT_ECONOMIC,YES,P8H-S-0470,ILMN
FY2025Q3,1158,DIRECT_EXACT_INTERVAL|TARGET_DIFFERENT_ECONOMIC,NEED_MISSING_QUARTER_SOURCE|NEED_TARGET_COLLISION_RESOLUTION,FY2025Q3: verify missing adjacent fiscal quarter source ; FY2025Q3: target FY/FQ collision requires reconciliation,YES,NO,MISSING_QUARTER|TARGET_COLLISION,P3_LATEST8Q,STRUCTURAL_REVIEW_SEPARATE,TARGET_DIFFERENT_ECONOMIC,YES,P8H-S-0471,IMKTA
FY2025Q1,1164,DIRECT_EXACT_INTERVAL|TARGET_DIFFERENT_ECONOMIC,NEED_DEBT|NEED_GROSS_PROFIT|NEED_LOCAL_LINEAGE_RECONCILIATION|NEED_TARGET_COLLISION_RESOLUTION,FY2025Q1: need Debt ; FY2025Q1: need Gross Profit ; FY2025Q1: reconcile stored FY/FQ against direct exact fiscal anchor ; FY2025Q1: target FY/FQ collision requires reconciliation,YES,NO,FY_CONFLICT_DIRECT_EXACT|PRIMARY_CORE_INCOMPLETE|SECONDARY_FIELDS_INCOMPLETE|TARGET_COLLISION,P3_LATEST8Q,STRUCTURAL_REVIEW_SEPARATE,TARGET_DIFFERENT_ECONOMIC,YES,P8H-S-0472,IMVT
FY2026Q1,1165,UNRESOLVED|UNRESOLVED,NEED_OFFICIAL_FISCAL_YEAR_START|NEED_OFFICIAL_FY_FQ_IDENTITY|NEED_SOURCE_SEMANTICS_CONFIRMATION,FY2026Q1: need official fiscal year start and FY/FQ identity ; FY2026Q1: confirm sequence semantics,YES,NO,UNRESOLVED_BOUNDARY|UNRESOLVED_SEQUENCE,P1_CURRENT,STRUCTURAL_REVIEW_SEPARATE,SOURCE_SEMANTIC_AMBIGUITY,YES,P8H-S-0473,IMXI
FY2026Q2,1181,UNRESOLVED|UNRESOLVED,NEED_OFFICIAL_FISCAL_YEAR_START|NEED_OFFICIAL_FY_FQ_IDENTITY|NEED_SOURCE_SEMANTICS_CONFIRMATION,FY2026Q2: need official fiscal year start and FY/FQ identity ; FY2026Q2: confirm sequence semantics,YES,NO,UNRESOLVED_BOUNDARY|UNRESOLVED_SEQUENCE,P1_CURRENT,STRUCTURAL_REVIEW_SEPARATE,SOURCE_SEMANTIC_AMBIGUITY,YES,P8H-S-0474,INSE
FY2026Q1,1181,UNRESOLVED|UNRESOLVED,NEED_OFFICIAL_FISCAL_YEAR_START|NEED_OFFICIAL_FY_FQ_IDENTITY|NEED_SOURCE_SEMANTICS_CONFIRMATION,FY2026Q1: need official fiscal year start and FY/FQ identity ; FY2026Q1: confirm sequence semantics,YES,NO,UNRESOLVED_BOUNDARY|UNRESOLVED_SEQUENCE,P1_CURRENT,STRUCTURAL_REVIEW_SEPARATE,SOURCE_SEMANTIC_AMBIGUITY,YES,P8H-S-0475,INSE
FY2026Q2,1183,UNRESOLVED|UNRESOLVED,NEED_OFFICIAL_FISCAL_YEAR_START|NEED_OFFICIAL_FY_FQ_IDENTITY|NEED_SOURCE_SEMANTICS_CONFIRMATION,FY2026Q2: need official fiscal year start and FY/FQ identity ; FY2026Q2: confirm sequence semantics,YES,NO,UNRESOLVED_BOUNDARY|UNRESOLVED_SEQUENCE,P1_CURRENT,STRUCTURAL_REVIEW_SEPARATE,SOURCE_SEMANTIC_AMBIGUITY,YES,P8H-S-0476,INSM
FY2026Q1,1183,UNRESOLVED|UNRESOLVED,NEED_OFFICIAL_FISCAL_YEAR_START|NEED_OFFICIAL_FY_FQ_IDENTITY|NEED_SOURCE_SEMANTICS_CONFIRMATION,FY2026Q1: need official fiscal year start and FY/FQ identity ; FY2026Q1: confirm sequence semantics,YES,NO,UNRESOLVED_BOUNDARY|UNRESOLVED_SEQUENCE,P1_CURRENT,STRUCTURAL_REVIEW_SEPARATE,SOURCE_SEMANTIC_AMBIGUITY,YES,P8H-S-0477,INSM
FY2025Q3,1187,DIRECT_EXACT_INTERVAL|TARGET_DIFFERENT_ECONOMIC,NEED_MISSING_QUARTER_SOURCE|NEED_TARGET_COLLISION_RESOLUTION,FY2025Q3: verify missing adjacent fiscal quarter source ; FY2025Q3: target FY/FQ collision requires reconciliation,NO,NO,MISSING_QUARTER|TARGET_COLLISION,P2_LATEST4Q,STRUCTURAL_REVIEW_SEPARATE,TARGET_DIFFERENT_ECONOMIC,YES,P8H-S-0478,INTC
FY2025Q2,1187,DIRECT_EXACT_INTERVAL|TARGET_DIFFERENT_ECONOMIC,NEED_TARGET_COLLISION_RESOLUTION,FY2025Q2: target FY/FQ collision requires reconciliation,NO,NO,TARGET_COLLISION,P3_LATEST8Q,STRUCTURAL_REVIEW_SEPARATE,TARGET_DIFFERENT_ECONOMIC,YES,P8H-S-0479,INTC
FY2025Q1,1187,DIRECT_EXACT_INTERVAL|TARGET_DIFFERENT_ECONOMIC,NEED_MISSING_QUARTER_SOURCE|NEED_TARGET_COLLISION_RESOLUTION,FY2025Q1: verify missing adjacent fiscal quarter source ; FY2025Q1: target FY/FQ collision requires reconciliation,NO,NO,MISSING_QUARTER|TARGET_COLLISION,P3_LATEST8Q,STRUCTURAL_REVIEW_SEPARATE,TARGET_DIFFERENT_ECONOMIC,YES,P8H-S-0480,INTC
FY2026Q2,1192,UNRESOLVED|UNRESOLVED,NEED_OFFICIAL_FISCAL_YEAR_START|NEED_OFFICIAL_FY_FQ_IDENTITY|NEED_SOURCE_SEMANTICS_CONFIRMATION,FY2026Q2: need official fiscal year start and FY/FQ identity ; FY2026Q2: confirm sequence semantics,YES,NO,UNRESOLVED_BOUNDARY|UNRESOLVED_SEQUENCE,P1_CURRENT,STRUCTURAL_REVIEW_SEPARATE,SOURCE_SEMANTIC_AMBIGUITY,YES,P8H-S-0481,IOVA
FY2026Q1,1192,UNRESOLVED|UNRESOLVED,NEED_OFFICIAL_FISCAL_YEAR_START|NEED_OFFICIAL_FY_FQ_IDENTITY|NEED_SOURCE_SEMANTICS_CONFIRMATION,FY2026Q1: need official fiscal year start and FY/FQ identity ; FY2026Q1: confirm sequence semantics,YES,NO,UNRESOLVED_BOUNDARY|UNRESOLVED_SEQUENCE,P1_CURRENT,STRUCTURAL_REVIEW_SEPARATE,SOURCE_SEMANTIC_AMBIGUITY,YES,P8H-S-0482,IOVA
FY2026Q2,1197,UNRESOLVED|UNRESOLVED,NEED_OFFICIAL_FISCAL_YEAR_START|NEED_OFFICIAL_FY_FQ_IDENTITY|NEED_SOURCE_SEMANTICS_CONFIRMATION,FY2026Q2: need official fiscal year start and FY/FQ identity ; FY2026Q2: confirm sequence semantics,YES,NO,UNRESOLVED_BOUNDARY|UNRESOLVED_SEQUENCE,P1_CURRENT,STRUCTURAL_REVIEW_SEPARATE,SOURCE_SEMANTIC_AMBIGUITY,YES,P8H-S-0483,IPI
FY2026Q1,1197,UNRESOLVED|UNRESOLVED,NEED_OFFICIAL_FISCAL_YEAR_START|NEED_OFFICIAL_FY_FQ_IDENTITY|NEED_SOURCE_SEMANTICS_CONFIRMATION,FY2026Q1: need official fiscal year start and FY/FQ identity ; FY2026Q1: confirm sequence semantics,YES,NO,UNRESOLVED_BOUNDARY|UNRESOLVED_SEQUENCE,P1_CURRENT,STRUCTURAL_REVIEW_SEPARATE,SOURCE_SEMANTIC_AMBIGUITY,YES,P8H-S-0484,IPI
FY2026Q1,1215,UNRESOLVED|UNRESOLVED,NEED_OFFICIAL_FISCAL_YEAR_START|NEED_OFFICIAL_FY_FQ_IDENTITY|NEED_SOURCE_SEMANTICS_CONFIRMATION,FY2026Q1: need official fiscal year start and FY/FQ identity ; FY2026Q1: confirm sequence semantics,YES,NO,UNRESOLVED_BOUNDARY|UNRESOLVED_SEQUENCE,P1_CURRENT,STRUCTURAL_REVIEW_SEPARATE,SOURCE_SEMANTIC_AMBIGUITY,YES,P8H-S-0485,IVDA
FY2025Q3,1219,DIRECT_EXACT_INTERVAL|TARGET_DIFFERENT_ECONOMIC,NEED_MISSING_QUARTER_SOURCE|NEED_TARGET_COLLISION_RESOLUTION,FY2025Q3: verify missing adjacent fiscal quarter source ; FY2025Q3: target FY/FQ collision requires reconciliation,YES,NO,MISSING_QUARTER|TARGET_COLLISION,P3_LATEST8Q,STRUCTURAL_REVIEW_SEPARATE,TARGET_DIFFERENT_ECONOMIC,YES,P8H-S-0486,J
FY2025Q3,1220,DIRECT_EXACT_INTERVAL|TARGET_DIFFERENT_ECONOMIC,NEED_MISSING_QUARTER_SOURCE|NEED_TARGET_COLLISION_RESOLUTION,FY2025Q3: verify missing adjacent fiscal quarter source ; FY2025Q3: target FY/FQ collision requires reconciliation,YES,NO,MISSING_QUARTER|TARGET_COLLISION,P2_LATEST4Q,STRUCTURAL_REVIEW_SEPARATE,TARGET_DIFFERENT_ECONOMIC,YES,P8H-S-0487,JACK
FY2025Q2,1220,DIRECT_EXACT_INTERVAL|TARGET_DIFFERENT_ECONOMIC,NEED_TARGET_COLLISION_RESOLUTION,FY2025Q2: target FY/FQ collision requires reconciliation,YES,NO,TARGET_COLLISION,P3_LATEST8Q,STRUCTURAL_REVIEW_SEPARATE,TARGET_DIFFERENT_ECONOMIC,YES,P8H-S-0488,JACK
FY2025Q1,1220,DIRECT_EXACT_INTERVAL|TARGET_DIFFERENT_ECONOMIC,NEED_MISSING_QUARTER_SOURCE|NEED_TARGET_COLLISION_RESOLUTION,FY2025Q1: verify missing adjacent fiscal quarter source ; FY2025Q1: target FY/FQ collision requires reconciliation,YES,NO,MISSING_QUARTER|TARGET_COLLISION,P3_LATEST8Q,STRUCTURAL_REVIEW_SEPARATE,TARGET_DIFFERENT_ECONOMIC,YES,P8H-S-0489,JACK
FY2024Q2,1220,DIRECT_EXACT_INTERVAL|TARGET_DIFFERENT_ECONOMIC,NEED_EBITDA|NEED_TARGET_COLLISION_RESOLUTION,FY2024Q2: need EBITDA ; FY2024Q2: target FY/FQ collision requires reconciliation,YES,NO,SECONDARY_FIELDS_INCOMPLETE|TARGET_COLLISION,P3_LATEST8Q,STRUCTURAL_REVIEW_SEPARATE,TARGET_DIFFERENT_ECONOMIC,YES,P8H-S-0490,JACK
FY2025Q3,1227,DIRECT_EXACT_INTERVAL|TARGET_DIFFERENT_ECONOMIC,NEED_MISSING_QUARTER_SOURCE|NEED_TARGET_COLLISION_RESOLUTION,FY2025Q3: verify missing adjacent fiscal quarter source ; FY2025Q3: target FY/FQ collision requires reconciliation,NO,NO,MISSING_QUARTER|TARGET_COLLISION,P2_LATEST4Q,STRUCTURAL_REVIEW_SEPARATE,TARGET_DIFFERENT_ECONOMIC,YES,P8H-S-0491,JBI
FY2025Q2,1227,DIRECT_EXACT_INTERVAL|TARGET_DIFFERENT_ECONOMIC,NEED_TARGET_COLLISION_RESOLUTION,FY2025Q2: target FY/FQ collision requires reconciliation,NO,NO,TARGET_COLLISION,P2_LATEST4Q,STRUCTURAL_REVIEW_SEPARATE,TARGET_DIFFERENT_ECONOMIC,YES,P8H-S-0492,JBI
FY2025Q1,1227,DIRECT_EXACT_INTERVAL|TARGET_DIFFERENT_ECONOMIC,NEED_MISSING_QUARTER_SOURCE|NEED_TARGET_COLLISION_RESOLUTION,FY2025Q1: verify missing adjacent fiscal quarter source ; FY2025Q1: target FY/FQ collision requires reconciliation,NO,NO,MISSING_QUARTER|TARGET_COLLISION,P3_LATEST8Q,STRUCTURAL_REVIEW_SEPARATE,TARGET_DIFFERENT_ECONOMIC,YES,P8H-S-0493,JBI
FY2026Q1,1234,UNRESOLVED|UNRESOLVED,NEED_OFFICIAL_FISCAL_YEAR_START|NEED_OFFICIAL_FY_FQ_IDENTITY|NEED_SOURCE_SEMANTICS_CONFIRMATION,FY2026Q1: need official fiscal year start and FY/FQ identity ; FY2026Q1: confirm sequence semantics,YES,NO,UNRESOLVED_BOUNDARY|UNRESOLVED_SEQUENCE,P1_CURRENT,STRUCTURAL_REVIEW_SEPARATE,SOURCE_SEMANTIC_AMBIGUITY,YES,P8H-S-0494,JILL
FY2025Q3,1235,DIRECT_EXACT_INTERVAL|TARGET_DIFFERENT_ECONOMIC,NEED_MISSING_QUARTER_SOURCE|NEED_TARGET_COLLISION_RESOLUTION,FY2025Q3: verify missing adjacent fiscal quarter source ; FY2025Q3: target FY/FQ collision requires reconciliation,NO,NO,MISSING_QUARTER|TARGET_COLLISION,P3_LATEST8Q,STRUCTURAL_REVIEW_SEPARATE,TARGET_DIFFERENT_ECONOMIC,YES,P8H-S-0495,JJSF
FY2025Q3,1238,DIRECT_EXACT_INTERVAL|TARGET_DIFFERENT_ECONOMIC,NEED_MISSING_QUARTER_SOURCE|NEED_TARGET_COLLISION_RESOLUTION,FY2025Q3: verify missing adjacent fiscal quarter source ; FY2025Q3: target FY/FQ collision requires reconciliation,NO,NO,MISSING_QUARTER|TARGET_COLLISION,P2_LATEST4Q,STRUCTURAL_REVIEW_SEPARATE,TARGET_DIFFERENT_ECONOMIC,YES,P8H-S-0496,JNJ
FY2025Q2,1238,DIRECT_EXACT_INTERVAL|TARGET_DIFFERENT_ECONOMIC,NEED_TARGET_COLLISION_RESOLUTION,FY2025Q2: target FY/FQ collision requires reconciliation,NO,NO,TARGET_COLLISION,P3_LATEST8Q,STRUCTURAL_REVIEW_SEPARATE,TARGET_DIFFERENT_ECONOMIC,YES,P8H-S-0497,JNJ
FY2025Q1,1238,DIRECT_EXACT_INTERVAL|TARGET_DIFFERENT_ECONOMIC,NEED_MISSING_QUARTER_SOURCE|NEED_TARGET_COLLISION_RESOLUTION,FY2025Q1: verify missing adjacent fiscal quarter source ; FY2025Q1: target FY/FQ collision requires reconciliation,NO,NO,MISSING_QUARTER|TARGET_COLLISION,P3_LATEST8Q,STRUCTURAL_REVIEW_SEPARATE,TARGET_DIFFERENT_ECONOMIC,YES,P8H-S-0498,JNJ
FY2026Q1,1241,UNRESOLVED|UNRESOLVED,NEED_GROSS_PROFIT|NEED_OFFICIAL_FISCAL_YEAR_START|NEED_OFFICIAL_FY_FQ_IDENTITY|NEED_SOURCE_SEMANTICS_CONFIRMATION,FY2026Q1: need Gross Profit ; FY2026Q1: need official fiscal year start and FY/FQ identity ; FY2026Q1: confirm sequence semantics,YES,NO,SECONDARY_FIELDS_INCOMPLETE|UNRESOLVED_BOUNDARY|UNRESOLVED_SEQUENCE,P1_CURRENT,STRUCTURAL_REVIEW_SEPARATE,SOURCE_SEMANTIC_AMBIGUITY,YES,P8H-S-0499,JSPR
FY2025Q3,1243,DIRECT_EXACT_INTERVAL|TARGET_DIFFERENT_ECONOMIC,NEED_MISSING_QUARTER_SOURCE|NEED_TARGET_COLLISION_RESOLUTION,FY2025Q3: verify missing adjacent fiscal quarter source ; FY2025Q3: target FY/FQ collision requires reconciliation,NO,NO,MISSING_QUARTER|TARGET_COLLISION,P2_LATEST4Q,STRUCTURAL_REVIEW_SEPARATE,TARGET_DIFFERENT_ECONOMIC,YES,P8H-S-0500,KAI
FY2025Q2,1243,DIRECT_EXACT_INTERVAL|TARGET_DIFFERENT_ECONOMIC,NEED_TARGET_COLLISION_RESOLUTION,FY2025Q2: target FY/FQ collision requires reconciliation,NO,NO,TARGET_COLLISION,P2_LATEST4Q,STRUCTURAL_REVIEW_SEPARATE,TARGET_DIFFERENT_ECONOMIC,YES,P8H-S-0501,KAI
FY2025Q1,1243,DIRECT_EXACT_INTERVAL|TARGET_DIFFERENT_ECONOMIC,NEED_MISSING_QUARTER_SOURCE|NEED_TARGET_COLLISION_RESOLUTION,FY2025Q1: verify missing adjacent fiscal quarter source ; FY2025Q1: target FY/FQ collision requires reconciliation,NO,NO,MISSING_QUARTER|TARGET_COLLISION,P3_LATEST8Q,STRUCTURAL_REVIEW_SEPARATE,TARGET_DIFFERENT_ECONOMIC,YES,P8H-S-0502,KAI
FY2025Q1,1248,DIRECT_EXACT_INTERVAL|TARGET_DIFFERENT_ECONOMIC,NEED_MISSING_QUARTER_SOURCE|NEED_TARGET_COLLISION_RESOLUTION,FY2025Q1: verify missing adjacent fiscal quarter source ; FY2025Q1: target FY/FQ collision requires reconciliation,NO,NO,MISSING_QUARTER|TARGET_COLLISION,P3_LATEST8Q,STRUCTURAL_REVIEW_SEPARATE,TARGET_DIFFERENT_ECONOMIC,YES,P8H-S-0503,KBR
FY2026Q2,1249,UNRESOLVED|UNRESOLVED,NEED_FIRST_PUBLIC_RESULT_DATE|NEED_OFFICIAL_FISCAL_YEAR_START|NEED_OFFICIAL_FY_FQ_IDENTITY|NEED_SOURCE_SEMANTICS_CONFIRMATION,FY2026Q2: need official fiscal year start and FY/FQ identity ; FY2026Q2: need first-public result date ; FY2026Q2: confirm sequence semantics,YES,NO,PUBLISH_DATE_MISSING|UNRESOLVED_BOUNDARY|UNRESOLVED_SEQUENCE,P1_CURRENT,STRUCTURAL_REVIEW_SEPARATE,SOURCE_SEMANTIC_AMBIGUITY,YES,P8H-S-0504,KD
FY2025Q3,1249,DIRECT_EXACT_INTERVAL|TARGET_DIFFERENT_ECONOMIC,NEED_LOCAL_LINEAGE_RECONCILIATION|NEED_TARGET_COLLISION_RESOLUTION,FY2025Q3: reconcile stored FY/FQ against direct exact fiscal anchor ; FY2025Q3: target FY/FQ collision requires reconciliation,YES,NO,FY_CONFLICT_DIRECT_EXACT|TARGET_COLLISION,P2_LATEST4Q,STRUCTURAL_REVIEW_SEPARATE,TARGET_DIFFERENT_ECONOMIC,YES,P8H-S-0505,KD
FY2024Q3,1249,DIRECT_EXACT_INTERVAL|TARGET_DIFFERENT_ECONOMIC,NEED_EBIT|NEED_LOCAL_LINEAGE_RECONCILIATION|NEED_SOURCE_SEMANTICS_CONFIRMATION|NEED_TARGET_COLLISION_RESOLUTION,FY2024Q3: need EBIT ; FY2024Q3: reconcile stored FY/FQ against direct exact fiscal anchor ; FY2024Q3: target FY/FQ collision requires reconciliation ; FY2024Q3: Need approved issuer/company-specific EBIT rule; do not blanket map Operating Income,YES,NO,FY_CONFLICT_DIRECT_EXACT|PRIMARY_CORE_INCOMPLETE|TARGET_COLLISION,P3_LATEST8Q,STRUCTURAL_REVIEW_SEPARATE,TARGET_DIFFERENT_ECONOMIC,YES,P8H-S-0506,KD
FY2025Q3,1252,DIRECT_EXACT_INTERVAL|TARGET_DIFFERENT_ECONOMIC,NEED_MISSING_QUARTER_SOURCE|NEED_TARGET_COLLISION_RESOLUTION,FY2025Q3: verify missing adjacent fiscal quarter source ; FY2025Q3: target FY/FQ collision requires reconciliation,YES,NO,MISSING_QUARTER|TARGET_COLLISION,P2_LATEST4Q,STRUCTURAL_REVIEW_SEPARATE,TARGET_DIFFERENT_ECONOMIC,YES,P8H-S-0507,KELYA
FY2025Q2,1252,DIRECT_EXACT_INTERVAL|TARGET_DIFFERENT_ECONOMIC,NEED_TARGET_COLLISION_RESOLUTION,FY2025Q2: target FY/FQ collision requires reconciliation,YES,NO,TARGET_COLLISION,P3_LATEST8Q,STRUCTURAL_REVIEW_SEPARATE,TARGET_DIFFERENT_ECONOMIC,YES,P8H-S-0508,KELYA
FY2025Q1,1252,DIRECT_EXACT_INTERVAL|TARGET_DIFFERENT_ECONOMIC,NEED_MISSING_QUARTER_SOURCE|NEED_TARGET_COLLISION_RESOLUTION,FY2025Q1: verify missing adjacent fiscal quarter source ; FY2025Q1: target FY/FQ collision requires reconciliation,YES,NO,MISSING_QUARTER|TARGET_COLLISION,P3_LATEST8Q,STRUCTURAL_REVIEW_SEPARATE,TARGET_DIFFERENT_ECONOMIC,YES,P8H-S-0509,KELYA
FY2026Q2,1258,UNRESOLVED|UNRESOLVED,NEED_OFFICIAL_FISCAL_YEAR_START|NEED_OFFICIAL_FY_FQ_IDENTITY|NEED_SOURCE_SEMANTICS_CONFIRMATION,FY2026Q2: need official fiscal year start and FY/FQ identity ; FY2026Q2: confirm sequence semantics,YES,NO,UNRESOLVED_BOUNDARY|UNRESOLVED_SEQUENCE,P1_CURRENT,STRUCTURAL_REVIEW_SEPARATE,SOURCE_SEMANTIC_AMBIGUITY,YES,P8H-S-0510,KHC
FY2026Q1,1258,UNRESOLVED|UNRESOLVED,NEED_OFFICIAL_FISCAL_YEAR_START|NEED_OFFICIAL_FY_FQ_IDENTITY|NEED_SOURCE_SEMANTICS_CONFIRMATION,FY2026Q1: need official fiscal year start and FY/FQ identity ; FY2026Q1: confirm sequence semantics,YES,NO,UNRESOLVED_BOUNDARY|UNRESOLVED_SEQUENCE,P1_CURRENT,STRUCTURAL_REVIEW_SEPARATE,SOURCE_SEMANTIC_AMBIGUITY,YES,P8H-S-0511,KHC
FY2025Q4,1258,UNRESOLVED|UNRESOLVED,NEED_OFFICIAL_FISCAL_YEAR_START|NEED_OFFICIAL_FY_FQ_IDENTITY|NEED_SOURCE_SEMANTICS_CONFIRMATION,FY2025Q4: need official fiscal year start and FY/FQ identity ; FY2025Q4: confirm sequence semantics,YES,NO,UNRESOLVED_BOUNDARY|UNRESOLVED_SEQUENCE,P1_CURRENT,STRUCTURAL_REVIEW_SEPARATE,SOURCE_SEMANTIC_AMBIGUITY,YES,P8H-S-0512,KHC
FY2025Q3,1258,DIRECT_EXACT_INTERVAL|TARGET_DIFFERENT_ECONOMIC,NEED_TARGET_COLLISION_RESOLUTION,FY2025Q3: target FY/FQ collision requires reconciliation,YES,NO,TARGET_COLLISION,P1_CURRENT,STRUCTURAL_REVIEW_SEPARATE,TARGET_DIFFERENT_ECONOMIC,YES,P8H-S-0513,KHC
FY2025Q2,1258,DIRECT_EXACT_INTERVAL|TARGET_DIFFERENT_ECONOMIC,NEED_MISSING_QUARTER_SOURCE|NEED_TARGET_COLLISION_RESOLUTION,FY2025Q2: verify missing adjacent fiscal quarter source ; FY2025Q2: target FY/FQ collision requires reconciliation,YES,NO,MISSING_QUARTER|TARGET_COLLISION,P3_LATEST8Q,STRUCTURAL_REVIEW_SEPARATE,TARGET_DIFFERENT_ECONOMIC,YES,P8H-S-0514,KHC
FY2026Q1,1261,UNRESOLVED|UNRESOLVED,NEED_CAPEX|NEED_OFFICIAL_FISCAL_YEAR_START|NEED_OFFICIAL_FY_FQ_IDENTITY|NEED_SOURCE_SEMANTICS_CONFIRMATION,FY2026Q1: need Capex ; FY2026Q1: need official fiscal year start and FY/FQ identity ; FY2026Q1: confirm sequence semantics,YES,NO,SECONDARY_FIELDS_INCOMPLETE|UNRESOLVED_BOUNDARY|UNRESOLVED_SEQUENCE,P1_CURRENT,STRUCTURAL_REVIEW_SEPARATE,SOURCE_SEMANTIC_AMBIGUITY,YES,P8H-S-0515,KITT
FY2025Q3,1263,DIRECT_EXACT_INTERVAL|TARGET_DIFFERENT_ECONOMIC,NEED_MISSING_QUARTER_SOURCE|NEED_TARGET_COLLISION_RESOLUTION,FY2025Q3: verify missing adjacent fiscal quarter source ; FY2025Q3: target FY/FQ collision requires reconciliation,YES,NO,MISSING_QUARTER|TARGET_COLLISION,P3_LATEST8Q,STRUCTURAL_REVIEW_SEPARATE,TARGET_DIFFERENT_ECONOMIC,YES,P8H-S-0516,KLIC
FY2026Q2,1265,UNRESOLVED|UNRESOLVED,NEED_FIRST_PUBLIC_RESULT_DATE|NEED_OFFICIAL_FISCAL_YEAR_START|NEED_OFFICIAL_FY_FQ_IDENTITY|NEED_SOURCE_SEMANTICS_CONFIRMATION,FY2026Q2: need official fiscal year start and FY/FQ identity ; FY2026Q2: need first-public result date ; FY2026Q2: confirm sequence semantics,YES,NO,PUBLISH_DATE_MISSING|UNRESOLVED_BOUNDARY|UNRESOLVED_SEQUENCE,P1_CURRENT,STRUCTURAL_REVIEW_SEPARATE,SOURCE_SEMANTIC_AMBIGUITY,YES,P8H-S-0517,KLTR
FY2026Q1,1265,UNRESOLVED|UNRESOLVED,NEED_OFFICIAL_FISCAL_YEAR_START|NEED_OFFICIAL_FY_FQ_IDENTITY|NEED_SOURCE_SEMANTICS_CONFIRMATION,FY2026Q1: need official fiscal year start and FY/FQ identity ; FY2026Q1: confirm sequence semantics,YES,NO,UNRESOLVED_BOUNDARY|UNRESOLVED_SEQUENCE,P1_CURRENT,STRUCTURAL_REVIEW_SEPARATE,SOURCE_SEMANTIC_AMBIGUITY,YES,P8H-S-0518,KLTR
FY2025Q1,1270,DIRECT_EXACT_INTERVAL|TARGET_DIFFERENT_ECONOMIC,NEED_EBIT|NEED_LOCAL_LINEAGE_RECONCILIATION|NEED_SOURCE_SEMANTICS_CONFIRMATION|NEED_TARGET_COLLISION_RESOLUTION,FY2025Q1: need EBIT ; FY2025Q1: reconcile stored FY/FQ against direct exact fiscal anchor ; FY2025Q1: target FY/FQ collision requires reconciliation ; FY2025Q1: Need approved issuer/company-specific EBIT rule; do not blanket map Operating Income,YES,NO,FY_CONFLICT_DIRECT_EXACT|PRIMARY_CORE_INCOMPLETE|TARGET_COLLISION,P3_LATEST8Q,STRUCTURAL_REVIEW_SEPARATE,TARGET_DIFFERENT_ECONOMIC,YES,P8H-S-0519,KMX
FY2025Q3,1280,DIRECT_EXACT_INTERVAL|TARGET_DIFFERENT_ECONOMIC,NEED_MISSING_QUARTER_SOURCE|NEED_TARGET_COLLISION_RESOLUTION,FY2025Q3: verify missing adjacent fiscal quarter source ; FY2025Q3: target FY/FQ collision requires reconciliation,YES,NO,MISSING_QUARTER|TARGET_COLLISION,P2_LATEST4Q,STRUCTURAL_REVIEW_SEPARATE,TARGET_DIFFERENT_ECONOMIC,YES,P8H-S-0520,KOPN
FY2025Q2,1280,DIRECT_EXACT_INTERVAL|TARGET_DIFFERENT_ECONOMIC,NEED_TARGET_COLLISION_RESOLUTION,FY2025Q2: target FY/FQ collision requires reconciliation,YES,NO,TARGET_COLLISION,P2_LATEST4Q,STRUCTURAL_REVIEW_SEPARATE,TARGET_DIFFERENT_ECONOMIC,YES,P8H-S-0521,KOPN
FY2025Q1,1280,DIRECT_EXACT_INTERVAL|TARGET_DIFFERENT_ECONOMIC,NEED_MISSING_QUARTER_SOURCE|NEED_TARGET_COLLISION_RESOLUTION,FY2025Q1: verify missing adjacent fiscal quarter source ; FY2025Q1: target FY/FQ collision requires reconciliation,YES,NO,MISSING_QUARTER|TARGET_COLLISION,P3_LATEST8Q,STRUCTURAL_REVIEW_SEPARATE,TARGET_DIFFERENT_ECONOMIC,YES,P8H-S-0522,KOPN
FY2024Q2,1284,DIRECT_EXACT_INTERVAL|TARGET_DIFFERENT_ECONOMIC,NEED_EBITDA|NEED_TARGET_COLLISION_RESOLUTION,FY2024Q2: need EBITDA ; FY2024Q2: target FY/FQ collision requires reconciliation,YES,NO,SECONDARY_FIELDS_INCOMPLETE|TARGET_COLLISION,P3_LATEST8Q,STRUCTURAL_REVIEW_SEPARATE,TARGET_DIFFERENT_ECONOMIC,YES,P8H-S-0523,KR
FY2024Q1,1284,DIRECT_EXACT_INTERVAL|TARGET_DIFFERENT_ECONOMIC,NEED_TARGET_COLLISION_RESOLUTION,FY2024Q1: target FY/FQ collision requires reconciliation,YES,NO,TARGET_COLLISION,P3_LATEST8Q,STRUCTURAL_REVIEW_SEPARATE,TARGET_DIFFERENT_ECONOMIC,YES,P8H-S-0524,KR
FY2026Q1,1295,UNRESOLVED|UNRESOLVED,NEED_OFFICIAL_FISCAL_YEAR_START|NEED_OFFICIAL_FY_FQ_IDENTITY|NEED_SOURCE_SEMANTICS_CONFIRMATION,FY2026Q1: need official fiscal year start and FY/FQ identity ; FY2026Q1: confirm sequence semantics,YES,NO,UNRESOLVED_BOUNDARY|UNRESOLVED_SEQUENCE,P1_CURRENT,STRUCTURAL_REVIEW_SEPARATE,SOURCE_SEMANTIC_AMBIGUITY,YES,P8H-S-0525,KSCP
FY2025Q3,1297,DIRECT_EXACT_INTERVAL|TARGET_DIFFERENT_ECONOMIC,NEED_MISSING_QUARTER_SOURCE|NEED_TARGET_COLLISION_RESOLUTION,FY2025Q3: verify missing adjacent fiscal quarter source ; FY2025Q3: target FY/FQ collision requires reconciliation,NO,NO,MISSING_QUARTER|TARGET_COLLISION,P2_LATEST4Q,STRUCTURAL_REVIEW_SEPARATE,TARGET_DIFFERENT_ECONOMIC,YES,P8H-S-0526,KTB
FY2025Q2,1297,DIRECT_EXACT_INTERVAL|TARGET_DIFFERENT_ECONOMIC,NEED_TARGET_COLLISION_RESOLUTION,FY2025Q2: target FY/FQ collision requires reconciliation,NO,NO,TARGET_COLLISION,P2_LATEST4Q,STRUCTURAL_REVIEW_SEPARATE,TARGET_DIFFERENT_ECONOMIC,YES,P8H-S-0527,KTB
FY2025Q1,1297,DIRECT_EXACT_INTERVAL|TARGET_DIFFERENT_ECONOMIC,NEED_MISSING_QUARTER_SOURCE|NEED_TARGET_COLLISION_RESOLUTION,FY2025Q1: verify missing adjacent fiscal quarter source ; FY2025Q1: target FY/FQ collision requires reconciliation,NO,NO,MISSING_QUARTER|TARGET_COLLISION,P3_LATEST8Q,STRUCTURAL_REVIEW_SEPARATE,TARGET_DIFFERENT_ECONOMIC,YES,P8H-S-0528,KTB
FY2025Q3,1298,DIRECT_EXACT_INTERVAL|TARGET_DIFFERENT_ECONOMIC,NEED_MISSING_QUARTER_SOURCE|NEED_TARGET_COLLISION_RESOLUTION,FY2025Q3: verify missing adjacent fiscal quarter source ; FY2025Q3: target FY/FQ collision requires reconciliation,YES,NO,MISSING_QUARTER|TARGET_COLLISION,P2_LATEST4Q,STRUCTURAL_REVIEW_SEPARATE,TARGET_DIFFERENT_ECONOMIC,YES,P8H-S-0529,KTOS
FY2025Q2,1298,DIRECT_EXACT_INTERVAL|TARGET_DIFFERENT_ECONOMIC,NEED_MISSING_QUARTER_SOURCE|NEED_TARGET_COLLISION_RESOLUTION,FY2025Q2: verify missing adjacent fiscal quarter source ; FY2025Q2: target FY/FQ collision requires reconciliation,YES,NO,MISSING_QUARTER|TARGET_COLLISION,P3_LATEST8Q,STRUCTURAL_REVIEW_SEPARATE,TARGET_DIFFERENT_ECONOMIC,YES,P8H-S-0530,KTOS
FY2025Q3,1300,DIRECT_EXACT_INTERVAL|TARGET_DIFFERENT_ECONOMIC,NEED_MISSING_QUARTER_SOURCE|NEED_TARGET_COLLISION_RESOLUTION,FY2025Q3: verify missing adjacent fiscal quarter source ; FY2025Q3: target FY/FQ collision requires reconciliation,NO,NO,MISSING_QUARTER|TARGET_COLLISION,P2_LATEST4Q,STRUCTURAL_REVIEW_SEPARATE,TARGET_DIFFERENT_ECONOMIC,YES,P8H-S-0531,KVUE
FY2025Q2,1300,DIRECT_EXACT_INTERVAL|TARGET_DIFFERENT_ECONOMIC,NEED_TARGET_COLLISION_RESOLUTION,FY2025Q2: target FY/FQ collision requires reconciliation,NO,NO,TARGET_COLLISION,P3_LATEST8Q,STRUCTURAL_REVIEW_SEPARATE,TARGET_DIFFERENT_ECONOMIC,YES,P8H-S-0532,KVUE
FY2025Q1,1300,DIRECT_EXACT_INTERVAL|TARGET_DIFFERENT_ECONOMIC,NEED_MISSING_QUARTER_SOURCE|NEED_TARGET_COLLISION_RESOLUTION,FY2025Q1: verify missing adjacent fiscal quarter source ; FY2025Q1: target FY/FQ collision requires reconciliation,NO,NO,MISSING_QUARTER|TARGET_COLLISION,P3_LATEST8Q,STRUCTURAL_REVIEW_SEPARATE,TARGET_DIFFERENT_ECONOMIC,YES,P8H-S-0533,KVUE
FY2026Q2,1301,UNRESOLVED|UNRESOLVED,NEED_OFFICIAL_FISCAL_YEAR_START|NEED_OFFICIAL_FY_FQ_IDENTITY|NEED_SOURCE_SEMANTICS_CONFIRMATION,FY2026Q2: need official fiscal year start and FY/FQ identity ; FY2026Q2: confirm sequence semantics,YES,NO,UNRESOLVED_BOUNDARY|UNRESOLVED_SEQUENCE,P1_CURRENT,STRUCTURAL_REVIEW_SEPARATE,SOURCE_SEMANTIC_AMBIGUITY,YES,P8H-S-0534,KVYO
FY2026Q1,1301,UNRESOLVED|UNRESOLVED,NEED_OFFICIAL_FISCAL_YEAR_START|NEED_OFFICIAL_FY_FQ_IDENTITY|NEED_SOURCE_SEMANTICS_CONFIRMATION,FY2026Q1: need official fiscal year start and FY/FQ identity ; FY2026Q1: confirm sequence semantics,YES,NO,UNRESOLVED_BOUNDARY|UNRESOLVED_SEQUENCE,P1_CURRENT,STRUCTURAL_REVIEW_SEPARATE,SOURCE_SEMANTIC_AMBIGUITY,YES,P8H-S-0535,KVYO
FY2025Q1,1310,DIRECT_EXACT_INTERVAL|TARGET_DIFFERENT_ECONOMIC,NEED_LOCAL_LINEAGE_RECONCILIATION|NEED_TARGET_COLLISION_RESOLUTION,FY2025Q1: reconcile stored FY/FQ against direct exact fiscal anchor ; FY2025Q1: target FY/FQ collision requires reconciliation,YES,NO,FY_CONFLICT_DIRECT_EXACT|TARGET_COLLISION,P3_LATEST8Q,STRUCTURAL_REVIEW_SEPARATE,TARGET_DIFFERENT_ECONOMIC,YES,P8H-S-0536,LAKE
FY2025Q1,1324,DIRECT_EXACT_INTERVAL|TARGET_DIFFERENT_ECONOMIC,NEED_DEBT|NEED_EBITDA|NEED_MISSING_QUARTER_SOURCE|NEED_TARGET_COLLISION_RESOLUTION,FY2025Q1: need Debt ; FY2025Q1: need EBITDA ; FY2025Q1: verify missing adjacent fiscal quarter source ; FY2025Q1: target FY/FQ collision requires reconciliation,YES,NO,MISSING_QUARTER|PRIMARY_CORE_INCOMPLETE|SECONDARY_FIELDS_INCOMPLETE|TARGET_COLLISION,P3_LATEST8Q,STRUCTURAL_REVIEW_SEPARATE,TARGET_DIFFERENT_ECONOMIC,YES,P8H-S-0537,LDOS
FY2025Q3,1331,DIRECT_EXACT_INTERVAL|TARGET_DIFFERENT_ECONOMIC,NEED_MISSING_QUARTER_SOURCE|NEED_TARGET_COLLISION_RESOLUTION,FY2025Q3: verify missing adjacent fiscal quarter source ; FY2025Q3: target FY/FQ collision requires reconciliation,NO,NO,MISSING_QUARTER|TARGET_COLLISION,P2_LATEST4Q,STRUCTURAL_REVIEW_SEPARATE,TARGET_DIFFERENT_ECONOMIC,YES,P8H-S-0538,LESL
FY2025Q2,1331,DIRECT_EXACT_INTERVAL|TARGET_DIFFERENT_ECONOMIC,NEED_MISSING_QUARTER_SOURCE|NEED_TARGET_COLLISION_RESOLUTION,FY2025Q2: verify missing adjacent fiscal quarter source ; FY2025Q2: target FY/FQ collision requires reconciliation,NO,NO,MISSING_QUARTER|TARGET_COLLISION,P3_LATEST8Q,STRUCTURAL_REVIEW_SEPARATE,TARGET_DIFFERENT_ECONOMIC,YES,P8H-S-0539,LESL
FY2025Q3,1333,DIRECT_EXACT_INTERVAL|TARGET_DIFFERENT_ECONOMIC,NEED_LOCAL_LINEAGE_RECONCILIATION|NEED_TARGET_COLLISION_RESOLUTION,FY2025Q3: reconcile stored FY/FQ against direct exact fiscal anchor ; FY2025Q3: target FY/FQ collision requires reconciliation,YES,NO,FQ_CONFLICT_DIRECT_EXACT|TARGET_COLLISION,P1_CURRENT,STRUCTURAL_REVIEW_SEPARATE,TARGET_DIFFERENT_ECONOMIC,YES,P8H-S-0540,LEXX
FY2025Q2,1333,DIRECT_EXACT_INTERVAL|TARGET_DIFFERENT_ECONOMIC,NEED_LOCAL_LINEAGE_RECONCILIATION|NEED_TARGET_COLLISION_RESOLUTION,FY2025Q2: reconcile stored FY/FQ against direct exact fiscal anchor ; FY2025Q2: target FY/FQ collision requires reconciliation,YES,NO,FQ_CONFLICT_DIRECT_EXACT|TARGET_COLLISION,P3_LATEST8Q,STRUCTURAL_REVIEW_SEPARATE,TARGET_DIFFERENT_ECONOMIC,YES,P8H-S-0541,LEXX
FY2025Q1,1334,DIRECT_EXACT_INTERVAL|TARGET_SELF,NEED_EBITDA|NEED_FIRST_PUBLIC_RESULT_DATE|NEED_OFFICIAL_PERIOD_END|NEED_SOURCE_SEMANTICS_CONFIRMATION|NEED_TRANSITION_CALENDAR_EVIDENCE,FY2025Q1: need EBITDA ; FY2025Q1: need transition/stub calendar decision ; FY2025Q1: need official period_end ; FY2025Q1: need first-public result date ; FY2025Q1: confirm sequence semantics,YES,NO,PERIOD_END_TRANSITION_REVIEW|PUBLISH_DATE_MISSING|SECONDARY_FIELDS_INCOMPLETE|TRANSITION_REVIEW|TRANSITION_SEQUENCE,P1_CURRENT,STRUCTURAL_REVIEW_SEPARATE,CALENDAR_TRANSITION,YES,P8H-S-0542,LFCR
FY2026Q2,1336,UNRESOLVED|UNRESOLVED,NEED_OFFICIAL_FISCAL_YEAR_START|NEED_OFFICIAL_FY_FQ_IDENTITY|NEED_SOURCE_SEMANTICS_CONFIRMATION,FY2026Q2: need official fiscal year start and FY/FQ identity ; FY2026Q2: confirm sequence semantics,YES,NO,UNRESOLVED_BOUNDARY|UNRESOLVED_SEQUENCE,P1_CURRENT,STRUCTURAL_REVIEW_SEPARATE,SOURCE_SEMANTIC_AMBIGUITY,YES,P8H-S-0543,LFST
FY2026Q1,1336,UNRESOLVED|UNRESOLVED,NEED_OFFICIAL_FISCAL_YEAR_START|NEED_OFFICIAL_FY_FQ_IDENTITY|NEED_SOURCE_SEMANTICS_CONFIRMATION,FY2026Q1: need official fiscal year start and FY/FQ identity ; FY2026Q1: confirm sequence semantics,YES,NO,UNRESOLVED_BOUNDARY|UNRESOLVED_SEQUENCE,P1_CURRENT,STRUCTURAL_REVIEW_SEPARATE,SOURCE_SEMANTIC_AMBIGUITY,YES,P8H-S-0544,LFST
FY2025Q3,1337,DIRECT_EXACT_INTERVAL|TARGET_DIFFERENT_ECONOMIC,NEED_MISSING_QUARTER_SOURCE|NEED_TARGET_COLLISION_RESOLUTION,FY2025Q3: verify missing adjacent fiscal quarter source ; FY2025Q3: target FY/FQ collision requires reconciliation,NO,NO,MISSING_QUARTER|TARGET_COLLISION,P2_LATEST4Q,STRUCTURAL_REVIEW_SEPARATE,TARGET_DIFFERENT_ECONOMIC,YES,P8H-S-0545,LFUS
FY2025Q2,1337,DIRECT_EXACT_INTERVAL|TARGET_DIFFERENT_ECONOMIC,NEED_TARGET_COLLISION_RESOLUTION,FY2025Q2: target FY/FQ collision requires reconciliation,NO,NO,TARGET_COLLISION,P3_LATEST8Q,STRUCTURAL_REVIEW_SEPARATE,TARGET_DIFFERENT_ECONOMIC,YES,P8H-S-0546,LFUS
FY2025Q1,1337,DIRECT_EXACT_INTERVAL|TARGET_DIFFERENT_ECONOMIC,NEED_MISSING_QUARTER_SOURCE|NEED_TARGET_COLLISION_RESOLUTION,FY2025Q1: verify missing adjacent fiscal quarter source ; FY2025Q1: target FY/FQ collision requires reconciliation,NO,NO,MISSING_QUARTER|TARGET_COLLISION,P3_LATEST8Q,STRUCTURAL_REVIEW_SEPARATE,TARGET_DIFFERENT_ECONOMIC,YES,P8H-S-0547,LFUS
FY2026Q2,1340,UNRESOLVED|UNRESOLVED,NEED_OFFICIAL_FISCAL_YEAR_START|NEED_OFFICIAL_FY_FQ_IDENTITY|NEED_SOURCE_SEMANTICS_CONFIRMATION,FY2026Q2: need official fiscal year start and FY/FQ identity ; FY2026Q2: confirm sequence semantics,YES,NO,UNRESOLVED_BOUNDARY|UNRESOLVED_SEQUENCE,P1_CURRENT,STRUCTURAL_REVIEW_SEPARATE,SOURCE_SEMANTIC_AMBIGUITY,YES,P8H-S-0548,LGND
FY2026Q1,1340,UNRESOLVED|UNRESOLVED,NEED_OFFICIAL_FISCAL_YEAR_START|NEED_OFFICIAL_FY_FQ_IDENTITY|NEED_SOURCE_SEMANTICS_CONFIRMATION,FY2026Q1: need official fiscal year start and FY/FQ identity ; FY2026Q1: confirm sequence semantics,YES,NO,UNRESOLVED_BOUNDARY|UNRESOLVED_SEQUENCE,P1_CURRENT,STRUCTURAL_REVIEW_SEPARATE,SOURCE_SEMANTIC_AMBIGUITY,YES,P8H-S-0549,LGND
FY2026Q2,1342,UNRESOLVED|UNRESOLVED,NEED_OFFICIAL_FISCAL_YEAR_START|NEED_OFFICIAL_FY_FQ_IDENTITY|NEED_SOURCE_SEMANTICS_CONFIRMATION,FY2026Q2: need official fiscal year start and FY/FQ identity ; FY2026Q2: confirm sequence semantics,YES,NO,UNRESOLVED_BOUNDARY|UNRESOLVED_SEQUENCE,P1_CURRENT,STRUCTURAL_REVIEW_SEPARATE,SOURCE_SEMANTIC_AMBIGUITY,YES,P8H-S-0550,LHX
FY2026Q1,1342,UNRESOLVED|UNRESOLVED,NEED_OFFICIAL_FISCAL_YEAR_START|NEED_OFFICIAL_FY_FQ_IDENTITY|NEED_SOURCE_SEMANTICS_CONFIRMATION,FY2026Q1: need official fiscal year start and FY/FQ identity ; FY2026Q1: confirm sequence semantics,YES,NO,UNRESOLVED_BOUNDARY|UNRESOLVED_SEQUENCE,P1_CURRENT,STRUCTURAL_REVIEW_SEPARATE,SOURCE_SEMANTIC_AMBIGUITY,YES,P8H-S-0551,LHX
FY2026Q1,1348,UNRESOLVED|UNRESOLVED,NEED_OFFICIAL_FISCAL_YEAR_START|NEED_OFFICIAL_FY_FQ_IDENTITY|NEED_SOURCE_SEMANTICS_CONFIRMATION,FY2026Q1: need official fiscal year start and FY/FQ identity ; FY2026Q1: confirm sequence semantics,YES,NO,UNRESOLVED_BOUNDARY|UNRESOLVED_SEQUENCE,P1_CURRENT,STRUCTURAL_REVIEW_SEPARATE,SOURCE_SEMANTIC_AMBIGUITY,YES,P8H-S-0552,LINC
FY2026Q2,1351,DIRECT_EXACT_INTERVAL|TARGET_DIFFERENT_ECONOMIC,NEED_TARGET_COLLISION_RESOLUTION,FY2026Q2: target FY/FQ collision requires reconciliation,YES,NO,TARGET_COLLISION,P1_CURRENT,STRUCTURAL_REVIEW_SEPARATE,TARGET_DIFFERENT_ECONOMIC,YES,P8H-S-0553,LITE
FY2026Q1,1351,DIRECT_EXACT_INTERVAL|TARGET_DIFFERENT_ECONOMIC,NEED_TARGET_COLLISION_RESOLUTION,FY2026Q1: target FY/FQ collision requires reconciliation,YES,NO,TARGET_COLLISION,P1_CURRENT,STRUCTURAL_REVIEW_SEPARATE,TARGET_DIFFERENT_ECONOMIC,YES,P8H-S-0554,LITE
FY2025Q4,1351,DIRECT_EXACT_INTERVAL|TARGET_DIFFERENT_ECONOMIC,NEED_LOCAL_LINEAGE_RECONCILIATION|NEED_OFFICIAL_PERIOD_END|NEED_TARGET_COLLISION_RESOLUTION,FY2025Q4: reconcile stored FY/FQ against direct exact fiscal anchor ; FY2025Q4: need official period_end ; FY2025Q4: target FY/FQ collision requires reconciliation,YES,NO,FY_CONFLICT_DIRECT_EXACT|PERIOD_END_FISCAL_SLOT_CONFLICT|TARGET_COLLISION,P1_CURRENT,STRUCTURAL_REVIEW_SEPARATE,TARGET_DIFFERENT_ECONOMIC,YES,P8H-S-0555,LITE
FY2025Q3,1351,DIRECT_EXACT_INTERVAL|TARGET_DIFFERENT_ECONOMIC,NEED_MISSING_QUARTER_SOURCE|NEED_TARGET_COLLISION_RESOLUTION,FY2025Q3: verify missing adjacent fiscal quarter source ; FY2025Q3: target FY/FQ collision requires reconciliation,YES,NO,MISSING_QUARTER|TARGET_COLLISION,P3_LATEST8Q,STRUCTURAL_REVIEW_SEPARATE,TARGET_DIFFERENT_ECONOMIC,YES,P8H-S-0556,LITE
FY2026Q2,1356,UNRESOLVED|UNRESOLVED,NEED_FIRST_PUBLIC_RESULT_DATE|NEED_OFFICIAL_FISCAL_YEAR_START|NEED_OFFICIAL_FY_FQ_IDENTITY|NEED_SOURCE_SEMANTICS_CONFIRMATION,FY2026Q2: need official fiscal year start and FY/FQ identity ; FY2026Q2: need first-public result date ; FY2026Q2: confirm sequence semantics,YES,NO,PUBLISH_DATE_MISSING|UNRESOLVED_BOUNDARY|UNRESOLVED_SEQUENCE,P1_CURRENT,STRUCTURAL_REVIEW_SEPARATE,SOURCE_SEMANTIC_AMBIGUITY,YES,P8H-S-0557,LLY
FY2026Q1,1356,UNRESOLVED|UNRESOLVED,NEED_OFFICIAL_FISCAL_YEAR_START|NEED_OFFICIAL_FY_FQ_IDENTITY|NEED_SOURCE_SEMANTICS_CONFIRMATION,FY2026Q1: need official fiscal year start and FY/FQ identity ; FY2026Q1: confirm sequence semantics,YES,NO,UNRESOLVED_BOUNDARY|UNRESOLVED_SEQUENCE,P1_CURRENT,STRUCTURAL_REVIEW_SEPARATE,SOURCE_SEMANTIC_AMBIGUITY,YES,P8H-S-0558,LLY
FY2026Q3,1362,UNRESOLVED|UNRESOLVED,NEED_OFFICIAL_FISCAL_YEAR_START|NEED_OFFICIAL_FY_FQ_IDENTITY|NEED_SOURCE_SEMANTICS_CONFIRMATION,FY2026Q3: need official fiscal year start and FY/FQ identity ; FY2026Q3: confirm sequence semantics,YES,NO,UNRESOLVED_BOUNDARY|UNRESOLVED_SEQUENCE,P1_CURRENT,STRUCTURAL_REVIEW_SEPARATE,SOURCE_SEMANTIC_AMBIGUITY,YES,P8H-S-0559,LNAI
FY2026Q2,1362,UNRESOLVED|UNRESOLVED,NEED_GROSS_PROFIT|NEED_OFFICIAL_FISCAL_YEAR_START|NEED_OFFICIAL_FY_FQ_IDENTITY|NEED_SOURCE_SEMANTICS_CONFIRMATION,FY2026Q2: need Gross Profit ; FY2026Q2: need official fiscal year start and FY/FQ identity ; FY2026Q2: confirm sequence semantics,YES,NO,SECONDARY_FIELDS_INCOMPLETE|UNRESOLVED_BOUNDARY|UNRESOLVED_SEQUENCE,P1_CURRENT,STRUCTURAL_REVIEW_SEPARATE,SOURCE_SEMANTIC_AMBIGUITY,YES,P8H-S-0560,LNAI
FY2026Q1,1362,UNRESOLVED|UNRESOLVED,NEED_CAPEX|NEED_GROSS_PROFIT|NEED_OFFICIAL_FISCAL_YEAR_START|NEED_OFFICIAL_FY_FQ_IDENTITY|NEED_SOURCE_SEMANTICS_CONFIRMATION,FY2026Q1: need Gross Profit ; FY2026Q1: need Capex ; FY2026Q1: need official fiscal year start and FY/FQ identity ; FY2026Q1: confirm sequence semantics,YES,NO,SECONDARY_FIELDS_INCOMPLETE|UNRESOLVED_BOUNDARY|UNRESOLVED_SEQUENCE,P1_CURRENT,STRUCTURAL_REVIEW_SEPARATE,SOURCE_SEMANTIC_AMBIGUITY,YES,P8H-S-0561,LNAI
FY2025Q3,1367,DIRECT_EXACT_INTERVAL|TARGET_DIFFERENT_ECONOMIC,NEED_MISSING_QUARTER_SOURCE|NEED_TARGET_COLLISION_RESOLUTION,FY2025Q3: verify missing adjacent fiscal quarter source ; FY2025Q3: target FY/FQ collision requires reconciliation,NO,NO,MISSING_QUARTER|TARGET_COLLISION,P2_LATEST4Q,STRUCTURAL_REVIEW_SEPARATE,TARGET_DIFFERENT_ECONOMIC,YES,P8H-S-0562,LOCO
FY2025Q2,1367,DIRECT_EXACT_INTERVAL|TARGET_DIFFERENT_ECONOMIC,NEED_TARGET_COLLISION_RESOLUTION,FY2025Q2: target FY/FQ collision requires reconciliation,NO,NO,TARGET_COLLISION,P2_LATEST4Q,STRUCTURAL_REVIEW_SEPARATE,TARGET_DIFFERENT_ECONOMIC,YES,P8H-S-0563,LOCO
FY2025Q1,1367,DIRECT_EXACT_INTERVAL|TARGET_DIFFERENT_ECONOMIC,NEED_MISSING_QUARTER_SOURCE|NEED_TARGET_COLLISION_RESOLUTION,FY2025Q1: verify missing adjacent fiscal quarter source ; FY2025Q1: target FY/FQ collision requires reconciliation,NO,NO,MISSING_QUARTER|TARGET_COLLISION,P3_LATEST8Q,STRUCTURAL_REVIEW_SEPARATE,TARGET_DIFFERENT_ECONOMIC,YES,P8H-S-0564,LOCO
FY2025Q1,1368,DIRECT_EXACT_INTERVAL|TARGET_DIFFERENT_ECONOMIC,NEED_LOCAL_LINEAGE_RECONCILIATION|NEED_TARGET_COLLISION_RESOLUTION,FY2025Q1: reconcile stored FY/FQ against direct exact fiscal anchor ; FY2025Q1: target FY/FQ collision requires reconciliation,YES,NO,FY_CONFLICT_DIRECT_EXACT|TARGET_COLLISION,P3_LATEST8Q,STRUCTURAL_REVIEW_SEPARATE,TARGET_DIFFERENT_ECONOMIC,YES,P8H-S-0565,LOGI
FY2026Q2,1369,UNRESOLVED|UNRESOLVED,NEED_OFFICIAL_FISCAL_YEAR_START|NEED_OFFICIAL_FY_FQ_IDENTITY|NEED_SOURCE_SEMANTICS_CONFIRMATION,FY2026Q2: need official fiscal year start and FY/FQ identity ; FY2026Q2: confirm sequence semantics,YES,NO,UNRESOLVED_BOUNDARY|UNRESOLVED_SEQUENCE,P1_CURRENT,STRUCTURAL_REVIEW_SEPARATE,SOURCE_SEMANTIC_AMBIGUITY,YES,P8H-S-0566,LOPE
FY2026Q1,1369,UNRESOLVED|UNRESOLVED,NEED_OFFICIAL_FISCAL_YEAR_START|NEED_OFFICIAL_FY_FQ_IDENTITY|NEED_SOURCE_SEMANTICS_CONFIRMATION,FY2026Q1: need official fiscal year start and FY/FQ identity ; FY2026Q1: confirm sequence semantics,YES,NO,UNRESOLVED_BOUNDARY|UNRESOLVED_SEQUENCE,P1_CURRENT,STRUCTURAL_REVIEW_SEPARATE,SOURCE_SEMANTIC_AMBIGUITY,YES,P8H-S-0567,LOPE
FY2025Q1,1370,DIRECT_EXACT_INTERVAL|TARGET_DIFFERENT_ECONOMIC,NEED_LOCAL_LINEAGE_RECONCILIATION|NEED_TARGET_COLLISION_RESOLUTION,FY2025Q1: reconcile stored FY/FQ against direct exact fiscal anchor ; FY2025Q1: target FY/FQ collision requires reconciliation,YES,NO,FY_CONFLICT_DIRECT_EXACT|TARGET_COLLISION,P3_LATEST8Q,STRUCTURAL_REVIEW_SEPARATE,TARGET_DIFFERENT_ECONOMIC,YES,P8H-S-0568,LOVE
FY2024Q4,1370,DIRECT_EXACT_INTERVAL|TARGET_DIFFERENT_ECONOMIC,NEED_LOCAL_LINEAGE_RECONCILIATION|NEED_TARGET_COLLISION_RESOLUTION,FY2024Q4: reconcile stored FY/FQ against direct exact fiscal anchor ; FY2024Q4: target FY/FQ collision requires reconciliation,YES,NO,FY_CONFLICT_DIRECT_EXACT|TARGET_COLLISION,P3_LATEST8Q,STRUCTURAL_REVIEW_SEPARATE,TARGET_DIFFERENT_ECONOMIC,YES,P8H-S-0569,LOVE
FY2025Q1,1372,DIRECT_EXACT_INTERVAL|TARGET_DIFFERENT_ECONOMIC,NEED_LOCAL_LINEAGE_RECONCILIATION|NEED_TARGET_COLLISION_RESOLUTION,FY2025Q1: reconcile stored FY/FQ against direct exact fiscal anchor ; FY2025Q1: target FY/FQ collision requires reconciliation,YES,NO,FY_CONFLICT_DIRECT_EXACT|TARGET_COLLISION,P3_LATEST8Q,STRUCTURAL_REVIEW_SEPARATE,TARGET_DIFFERENT_ECONOMIC,YES,P8H-S-0570,LPG
FY2026Q3,1378,DIRECT_EXACT_INTERVAL|TARGET_DIFFERENT_ECONOMIC,NEED_MISSING_QUARTER_SOURCE|NEED_TARGET_COLLISION_RESOLUTION,FY2026Q3: verify missing adjacent fiscal quarter source ; FY2026Q3: target FY/FQ collision requires reconciliation,YES,NO,MISSING_QUARTER|TARGET_COLLISION,P2_LATEST4Q,STRUCTURAL_REVIEW_SEPARATE,TARGET_DIFFERENT_ECONOMIC,YES,P8H-S-0571,LRCX
FY2026Q2,1378,DIRECT_EXACT_INTERVAL|TARGET_DIFFERENT_ECONOMIC,NEED_TARGET_COLLISION_RESOLUTION,FY2026Q2: target FY/FQ collision requires reconciliation,YES,NO,TARGET_COLLISION,P2_LATEST4Q,STRUCTURAL_REVIEW_SEPARATE,TARGET_DIFFERENT_ECONOMIC,YES,P8H-S-0572,LRCX
FY2026Q1,1378,DIRECT_EXACT_INTERVAL|TARGET_DIFFERENT_ECONOMIC,NEED_TARGET_COLLISION_RESOLUTION,FY2026Q1: target FY/FQ collision requires reconciliation,YES,NO,TARGET_COLLISION,P2_LATEST4Q,STRUCTURAL_REVIEW_SEPARATE,TARGET_DIFFERENT_ECONOMIC,YES,P8H-S-0573,LRCX
FY2025Q4,1378,DIRECT_EXACT_INTERVAL|TARGET_DIFFERENT_ECONOMIC,NEED_LOCAL_LINEAGE_RECONCILIATION|NEED_OFFICIAL_PERIOD_END|NEED_TARGET_COLLISION_RESOLUTION,FY2025Q4: reconcile stored FY/FQ against direct exact fiscal anchor ; FY2025Q4: need official period_end ; FY2025Q4: target FY/FQ collision requires reconciliation,YES,NO,FY_CONFLICT_DIRECT_EXACT|PERIOD_END_FISCAL_SLOT_CONFLICT|TARGET_COLLISION,P3_LATEST8Q,STRUCTURAL_REVIEW_SEPARATE,TARGET_DIFFERENT_ECONOMIC,YES,P8H-S-0574,LRCX
FY2025Q3,1382,DIRECT_EXACT_INTERVAL|TARGET_DIFFERENT_ECONOMIC,NEED_MISSING_QUARTER_SOURCE|NEED_TARGET_COLLISION_RESOLUTION,FY2025Q3: verify missing adjacent fiscal quarter source ; FY2025Q3: target FY/FQ collision requires reconciliation,YES,NO,MISSING_QUARTER|TARGET_COLLISION,P2_LATEST4Q,STRUCTURAL_REVIEW_SEPARATE,TARGET_DIFFERENT_ECONOMIC,YES,P8H-S-0575,LSCC
FY2025Q2,1382,DIRECT_EXACT_INTERVAL|TARGET_DIFFERENT_ECONOMIC,NEED_TARGET_COLLISION_RESOLUTION,FY2025Q2: target FY/FQ collision requires reconciliation,YES,NO,TARGET_COLLISION,P3_LATEST8Q,STRUCTURAL_REVIEW_SEPARATE,TARGET_DIFFERENT_ECONOMIC,YES,P8H-S-0576,LSCC
FY2025Q1,1382,DIRECT_EXACT_INTERVAL|TARGET_DIFFERENT_ECONOMIC,NEED_MISSING_QUARTER_SOURCE|NEED_TARGET_COLLISION_RESOLUTION,FY2025Q1: verify missing adjacent fiscal quarter source ; FY2025Q1: target FY/FQ collision requires reconciliation,YES,NO,MISSING_QUARTER|TARGET_COLLISION,P3_LATEST8Q,STRUCTURAL_REVIEW_SEPARATE,TARGET_DIFFERENT_ECONOMIC,YES,P8H-S-0577,LSCC
FY2025Q3,1383,DIRECT_EXACT_INTERVAL|TARGET_DIFFERENT_ECONOMIC,NEED_MISSING_QUARTER_SOURCE|NEED_TARGET_COLLISION_RESOLUTION,FY2025Q3: verify missing adjacent fiscal quarter source ; FY2025Q3: target FY/FQ collision requires reconciliation,YES,NO,MISSING_QUARTER|TARGET_COLLISION,P2_LATEST4Q,STRUCTURAL_REVIEW_SEPARATE,TARGET_DIFFERENT_ECONOMIC,YES,P8H-S-0578,LSTR
FY2025Q2,1383,DIRECT_EXACT_INTERVAL|TARGET_DIFFERENT_ECONOMIC,NEED_TARGET_COLLISION_RESOLUTION,FY2025Q2: target FY/FQ collision requires reconciliation,YES,NO,TARGET_COLLISION,P3_LATEST8Q,STRUCTURAL_REVIEW_SEPARATE,TARGET_DIFFERENT_ECONOMIC,YES,P8H-S-0579,LSTR
FY2025Q1,1383,DIRECT_EXACT_INTERVAL|TARGET_DIFFERENT_ECONOMIC,NEED_MISSING_QUARTER_SOURCE|NEED_TARGET_COLLISION_RESOLUTION,FY2025Q1: verify missing adjacent fiscal quarter source ; FY2025Q1: target FY/FQ collision requires reconciliation,YES,NO,MISSING_QUARTER|TARGET_COLLISION,P3_LATEST8Q,STRUCTURAL_REVIEW_SEPARATE,TARGET_DIFFERENT_ECONOMIC,YES,P8H-S-0580,LSTR
FY2025Q3,1390,DIRECT_EXACT_INTERVAL|TARGET_DIFFERENT_ECONOMIC,NEED_MISSING_QUARTER_SOURCE|NEED_TARGET_COLLISION_RESOLUTION,FY2025Q3: verify missing adjacent fiscal quarter source ; FY2025Q3: target FY/FQ collision requires reconciliation,YES,NO,MISSING_QUARTER|TARGET_COLLISION,P3_LATEST8Q,STRUCTURAL_REVIEW_SEPARATE,TARGET_DIFFERENT_ECONOMIC,YES,P8H-S-0581,LUCK
FY2026Q3,1399,DIRECT_EXACT_INTERVAL|TARGET_DIFFERENT_ECONOMIC,NEED_MISSING_QUARTER_SOURCE|NEED_TARGET_COLLISION_RESOLUTION,FY2026Q3: verify missing adjacent fiscal quarter source ; FY2026Q3: target FY/FQ collision requires reconciliation,YES,NO,MISSING_QUARTER|TARGET_COLLISION,P2_LATEST4Q,STRUCTURAL_REVIEW_SEPARATE,TARGET_DIFFERENT_ECONOMIC,YES,P8H-S-0582,LW
FY2026Q2,1399,DIRECT_EXACT_INTERVAL|TARGET_DIFFERENT_ECONOMIC,NEED_TARGET_COLLISION_RESOLUTION,FY2026Q2: target FY/FQ collision requires reconciliation,YES,NO,TARGET_COLLISION,P2_LATEST4Q,STRUCTURAL_REVIEW_SEPARATE,TARGET_DIFFERENT_ECONOMIC,YES,P8H-S-0583,LW
FY2026Q1,1399,DIRECT_EXACT_INTERVAL|TARGET_DIFFERENT_ECONOMIC,NEED_TARGET_COLLISION_RESOLUTION,FY2026Q1: target FY/FQ collision requires reconciliation,YES,NO,TARGET_COLLISION,P2_LATEST4Q,STRUCTURAL_REVIEW_SEPARATE,TARGET_DIFFERENT_ECONOMIC,YES,P8H-S-0584,LW
FY2025Q4,1399,DIRECT_EXACT_INTERVAL|TARGET_DIFFERENT_ECONOMIC,NEED_LOCAL_LINEAGE_RECONCILIATION|NEED_OFFICIAL_PERIOD_END|NEED_TARGET_COLLISION_RESOLUTION,FY2025Q4: reconcile stored FY/FQ against direct exact fiscal anchor ; FY2025Q4: need official period_end ; FY2025Q4: target FY/FQ collision requires reconciliation,YES,NO,FY_CONFLICT_DIRECT_EXACT|PERIOD_END_FISCAL_SLOT_CONFLICT|TARGET_COLLISION,P3_LATEST8Q,STRUCTURAL_REVIEW_SEPARATE,TARGET_DIFFERENT_ECONOMIC,YES,P8H-S-0585,LW
FY2026Q2,1406,UNRESOLVED|UNRESOLVED,NEED_OFFICIAL_FISCAL_YEAR_START|NEED_OFFICIAL_FY_FQ_IDENTITY|NEED_SOURCE_SEMANTICS_CONFIRMATION,FY2026Q2: need official fiscal year start and FY/FQ identity ; FY2026Q2: confirm sequence semantics,YES,NO,UNRESOLVED_BOUNDARY|UNRESOLVED_SEQUENCE,P1_CURRENT,STRUCTURAL_REVIEW_SEPARATE,SOURCE_SEMANTIC_AMBIGUITY,YES,P8H-S-0586,LYB
FY2026Q1,1406,UNRESOLVED|UNRESOLVED,NEED_OFFICIAL_FISCAL_YEAR_START|NEED_OFFICIAL_FY_FQ_IDENTITY|NEED_SOURCE_SEMANTICS_CONFIRMATION,FY2026Q1: need official fiscal year start and FY/FQ identity ; FY2026Q1: confirm sequence semantics,YES,NO,UNRESOLVED_BOUNDARY|UNRESOLVED_SEQUENCE,P1_CURRENT,STRUCTURAL_REVIEW_SEPARATE,SOURCE_SEMANTIC_AMBIGUITY,YES,P8H-S-0587,LYB
FY2026Q3,1412,DIRECT_EXACT_INTERVAL|TARGET_DIFFERENT_ECONOMIC,NEED_MISSING_QUARTER_SOURCE|NEED_TARGET_COLLISION_RESOLUTION,FY2026Q3: verify missing adjacent fiscal quarter source ; FY2026Q3: target FY/FQ collision requires reconciliation,YES,NO,MISSING_QUARTER|TARGET_COLLISION,P2_LATEST4Q,STRUCTURAL_REVIEW_SEPARATE,TARGET_DIFFERENT_ECONOMIC,YES,P8H-S-0588,LZB
FY2026Q2,1412,DIRECT_EXACT_INTERVAL|TARGET_DIFFERENT_ECONOMIC,NEED_TARGET_COLLISION_RESOLUTION,FY2026Q2: target FY/FQ collision requires reconciliation,YES,NO,TARGET_COLLISION,P2_LATEST4Q,STRUCTURAL_REVIEW_SEPARATE,TARGET_DIFFERENT_ECONOMIC,YES,P8H-S-0589,LZB
FY2026Q1,1412,DIRECT_EXACT_INTERVAL|TARGET_DIFFERENT_ECONOMIC,NEED_TARGET_COLLISION_RESOLUTION,FY2026Q1: target FY/FQ collision requires reconciliation,YES,NO,TARGET_COLLISION,P2_LATEST4Q,STRUCTURAL_REVIEW_SEPARATE,TARGET_DIFFERENT_ECONOMIC,YES,P8H-S-0590,LZB
FY2025Q4,1412,DIRECT_EXACT_INTERVAL|TARGET_DIFFERENT_ECONOMIC,NEED_LOCAL_LINEAGE_RECONCILIATION|NEED_OFFICIAL_PERIOD_END|NEED_TARGET_COLLISION_RESOLUTION,FY2025Q4: reconcile stored FY/FQ against direct exact fiscal anchor ; FY2025Q4: need official period_end ; FY2025Q4: target FY/FQ collision requires reconciliation,YES,NO,FY_CONFLICT_DIRECT_EXACT|PERIOD_END_FISCAL_SLOT_CONFLICT|TARGET_COLLISION,P3_LATEST8Q,STRUCTURAL_REVIEW_SEPARATE,TARGET_DIFFERENT_ECONOMIC,YES,P8H-S-0591,LZB
FY2026Q1,1416,UNRESOLVED|UNRESOLVED,NEED_EBITDA|NEED_GROSS_PROFIT|NEED_OFFICIAL_FISCAL_YEAR_START|NEED_OFFICIAL_FY_FQ_IDENTITY|NEED_SOURCE_SEMANTICS_CONFIRMATION,FY2026Q1: need Gross Profit ; FY2026Q1: need EBITDA ; FY2026Q1: need official fiscal year start and FY/FQ identity ; FY2026Q1: confirm sequence semantics,YES,NO,SECONDARY_FIELDS_INCOMPLETE|UNRESOLVED_BOUNDARY|UNRESOLVED_SEQUENCE,P1_CURRENT,STRUCTURAL_REVIEW_SEPARATE,SOURCE_SEMANTIC_AMBIGUITY,YES,P8H-S-0592,MAGN
FY2025Q2,1416,DIRECT_EXACT_INTERVAL|TARGET_DIFFERENT_ECONOMIC,NEED_FIRST_PUBLIC_RESULT_DATE|NEED_TARGET_COLLISION_RESOLUTION,FY2025Q2: need first-public result date ; FY2025Q2: target FY/FQ collision requires reconciliation,YES,NO,PUBLISH_DATE_MISSING|TARGET_COLLISION,P2_LATEST4Q,STRUCTURAL_REVIEW_SEPARATE,TARGET_DIFFERENT_ECONOMIC,YES,P8H-S-0593,MAGN
FY2025Q1,1416,DIRECT_EXACT_INTERVAL|TARGET_DIFFERENT_ECONOMIC,NEED_FIRST_PUBLIC_RESULT_DATE|NEED_TARGET_COLLISION_RESOLUTION,FY2025Q1: need first-public result date ; FY2025Q1: target FY/FQ collision requires reconciliation,YES,NO,PUBLISH_DATE_MISSING|TARGET_COLLISION,P2_LATEST4Q,STRUCTURAL_REVIEW_SEPARATE,TARGET_DIFFERENT_ECONOMIC,YES,P8H-S-0594,MAGN
FY2024Q3,1416,DIRECT_EXACT_INTERVAL|TARGET_DIFFERENT_ECONOMIC,NEED_EBITDA|NEED_FIRST_PUBLIC_RESULT_DATE|NEED_LOCAL_LINEAGE_RECONCILIATION|NEED_OFFICIAL_PERIOD_END|NEED_TARGET_COLLISION_RESOLUTION,FY2024Q3: need EBITDA ; FY2024Q3: reconcile stored FY/FQ against direct exact fiscal anchor ; FY2024Q3: need official period_end ; FY2024Q3: need first-public result date ; FY2024Q3: target FY/FQ collision requires reconciliation,YES,NO,FY_CONFLICT_DIRECT_EXACT|PERIOD_END_FISCAL_SLOT_CONFLICT|PUBLISH_DATE_MISSING|SECONDARY_FIELDS_INCOMPLETE|TARGET_COLLISION,P1_CURRENT,STRUCTURAL_REVIEW_SEPARATE,TARGET_DIFFERENT_ECONOMIC,YES,P8H-S-0595,MAGN
FY2024Q1,1416,DIRECT_EXACT_INTERVAL|TARGET_DIFFERENT_ECONOMIC,NEED_EBITDA|NEED_FIRST_PUBLIC_RESULT_DATE|NEED_GROSS_PROFIT|NEED_NET_INCOME|NEED_REVENUE|NEED_TARGET_COLLISION_RESOLUTION,FY2024Q1: need Revenue ; FY2024Q1: need Gross Profit ; FY2024Q1: need EBITDA ; FY2024Q1: need Net Income ; FY2024Q1: need first-public result date ; FY2024Q1: target FY/FQ collision requires reconciliation,YES,NO,PRIMARY_CORE_INCOMPLETE|PUBLISH_DATE_MISSING|SECONDARY_FIELDS_INCOMPLETE|TARGET_COLLISION,P1_CURRENT,STRUCTURAL_REVIEW_SEPARATE,TARGET_DIFFERENT_ECONOMIC,YES,P8H-S-0596,MAGN
FY2023Q4,1416,DIRECT_EXACT_INTERVAL|TARGET_DIFFERENT_ECONOMIC,NEED_LOCAL_LINEAGE_RECONCILIATION|NEED_OFFICIAL_PERIOD_END|NEED_REVENUE|NEED_TARGET_COLLISION_RESOLUTION,FY2023Q4: need Revenue ; FY2023Q4: reconcile stored FY/FQ against direct exact fiscal anchor ; FY2023Q4: need official period_end ; FY2023Q4: target FY/FQ collision requires reconciliation,YES,NO,FY_CONFLICT_DIRECT_EXACT|PERIOD_END_FISCAL_SLOT_CONFLICT|PRIMARY_CORE_INCOMPLETE|TARGET_COLLISION,P1_CURRENT,STRUCTURAL_REVIEW_SEPARATE,TARGET_DIFFERENT_ECONOMIC,YES,P8H-S-0597,MAGN
FY2027Q1,1417,UNRESOLVED|UNRESOLVED,NEED_OFFICIAL_FISCAL_YEAR_START|NEED_OFFICIAL_FY_FQ_IDENTITY|NEED_SOURCE_SEMANTICS_CONFIRMATION,FY2027Q1: need official fiscal year start and FY/FQ identity ; FY2027Q1: confirm sequence semantics,YES,NO,UNRESOLVED_BOUNDARY|UNRESOLVED_SEQUENCE,P1_CURRENT,STRUCTURAL_REVIEW_SEPARATE,SOURCE_SEMANTIC_AMBIGUITY,YES,P8H-S-0598,MAMA
FY2025Q3,1430,DIRECT_EXACT_INTERVAL|TARGET_DIFFERENT_ECONOMIC,NEED_MISSING_QUARTER_SOURCE|NEED_TARGET_COLLISION_RESOLUTION,FY2025Q3: verify missing adjacent fiscal quarter source ; FY2025Q3: target FY/FQ collision requires reconciliation,YES,NO,MISSING_QUARTER|TARGET_COLLISION,P2_LATEST4Q,STRUCTURAL_REVIEW_SEPARATE,TARGET_DIFFERENT_ECONOMIC,YES,P8H-S-0599,MBC
FY2025Q2,1430,DIRECT_EXACT_INTERVAL|TARGET_DIFFERENT_ECONOMIC,NEED_TARGET_COLLISION_RESOLUTION,FY2025Q2: target FY/FQ collision requires reconciliation,YES,NO,TARGET_COLLISION,P3_LATEST8Q,STRUCTURAL_REVIEW_SEPARATE,TARGET_DIFFERENT_ECONOMIC,YES,P8H-S-0600,MBC
FY2025Q1,1430,DIRECT_EXACT_INTERVAL|TARGET_DIFFERENT_ECONOMIC,NEED_MISSING_QUARTER_SOURCE|NEED_TARGET_COLLISION_RESOLUTION,FY2025Q1: verify missing adjacent fiscal quarter source ; FY2025Q1: target FY/FQ collision requires reconciliation,YES,NO,MISSING_QUARTER|TARGET_COLLISION,P3_LATEST8Q,STRUCTURAL_REVIEW_SEPARATE,TARGET_DIFFERENT_ECONOMIC,YES,P8H-S-0601,MBC
FY2026Q2,1432,UNRESOLVED|UNRESOLVED,NEED_DEBT|NEED_OFFICIAL_FISCAL_YEAR_START|NEED_OFFICIAL_FY_FQ_IDENTITY|NEED_SOURCE_SEMANTICS_CONFIRMATION,FY2026Q2: need Debt ; FY2026Q2: need official fiscal year start and FY/FQ identity ; FY2026Q2: confirm sequence semantics,YES,NO,PRIMARY_CORE_INCOMPLETE|UNRESOLVED_BOUNDARY|UNRESOLVED_SEQUENCE,P1_CURRENT,STRUCTURAL_REVIEW_SEPARATE,SOURCE_SEMANTIC_AMBIGUITY,YES,P8H-S-0602,MBLY
FY2026Q1,1432,UNRESOLVED|UNRESOLVED,NEED_DEBT|NEED_OFFICIAL_FISCAL_YEAR_START|NEED_OFFICIAL_FY_FQ_IDENTITY|NEED_SOURCE_SEMANTICS_CONFIRMATION,FY2026Q1: need Debt ; FY2026Q1: need official fiscal year start and FY/FQ identity ; FY2026Q1: confirm sequence semantics,YES,NO,PRIMARY_CORE_INCOMPLETE|UNRESOLVED_BOUNDARY|UNRESOLVED_SEQUENCE,P1_CURRENT,STRUCTURAL_REVIEW_SEPARATE,SOURCE_SEMANTIC_AMBIGUITY,YES,P8H-S-0603,MBLY
FY2025Q4,1432,UNRESOLVED|UNRESOLVED,NEED_DEBT|NEED_OFFICIAL_FISCAL_YEAR_START|NEED_OFFICIAL_FY_FQ_IDENTITY|NEED_SOURCE_SEMANTICS_CONFIRMATION,FY2025Q4: need Debt ; FY2025Q4: need official fiscal year start and FY/FQ identity ; FY2025Q4: confirm sequence semantics,YES,NO,PRIMARY_CORE_INCOMPLETE|UNRESOLVED_BOUNDARY|UNRESOLVED_SEQUENCE,P1_CURRENT,STRUCTURAL_REVIEW_SEPARATE,SOURCE_SEMANTIC_AMBIGUITY,YES,P8H-S-0604,MBLY
FY2025Q3,1432,DIRECT_EXACT_INTERVAL|TARGET_DIFFERENT_ECONOMIC,NEED_DEBT|NEED_TARGET_COLLISION_RESOLUTION,FY2025Q3: need Debt ; FY2025Q3: target FY/FQ collision requires reconciliation,YES,NO,PRIMARY_CORE_INCOMPLETE|TARGET_COLLISION,P1_CURRENT,STRUCTURAL_REVIEW_SEPARATE,TARGET_DIFFERENT_ECONOMIC,YES,P8H-S-0605,MBLY
FY2025Q2,1432,DIRECT_EXACT_INTERVAL|TARGET_DIFFERENT_ECONOMIC,NEED_DEBT|NEED_TARGET_COLLISION_RESOLUTION,FY2025Q2: need Debt ; FY2025Q2: target FY/FQ collision requires reconciliation,YES,NO,PRIMARY_CORE_INCOMPLETE|TARGET_COLLISION,P3_LATEST8Q,STRUCTURAL_REVIEW_SEPARATE,TARGET_DIFFERENT_ECONOMIC,YES,P8H-S-0606,MBLY
FY2025Q1,1432,DIRECT_EXACT_INTERVAL|TARGET_DIFFERENT_ECONOMIC,NEED_DEBT|NEED_MISSING_QUARTER_SOURCE|NEED_TARGET_COLLISION_RESOLUTION,FY2025Q1: need Debt ; FY2025Q1: verify missing adjacent fiscal quarter source ; FY2025Q1: target FY/FQ collision requires reconciliation,YES,NO,MISSING_QUARTER|PRIMARY_CORE_INCOMPLETE|TARGET_COLLISION,P3_LATEST8Q,STRUCTURAL_REVIEW_SEPARATE,TARGET_DIFFERENT_ECONOMIC,YES,P8H-S-0607,MBLY
FY2025Q1,1437,DIRECT_EXACT_INTERVAL|TARGET_DIFFERENT_ECONOMIC,NEED_LOCAL_LINEAGE_RECONCILIATION|NEED_TARGET_COLLISION_RESOLUTION,FY2025Q1: reconcile stored FY/FQ against direct exact fiscal anchor ; FY2025Q1: target FY/FQ collision requires reconciliation,YES,NO,FY_CONFLICT_DIRECT_EXACT|TARGET_COLLISION,P3_LATEST8Q,STRUCTURAL_REVIEW_SEPARATE,TARGET_DIFFERENT_ECONOMIC,YES,P8H-S-0608,MCHP
FY2025Q1,1438,DIRECT_EXACT_INTERVAL|TARGET_DIFFERENT_ECONOMIC,NEED_LOCAL_LINEAGE_RECONCILIATION|NEED_TARGET_COLLISION_RESOLUTION,FY2025Q1: reconcile stored FY/FQ against direct exact fiscal anchor ; FY2025Q1: target FY/FQ collision requires reconciliation,YES,NO,FY_CONFLICT_DIRECT_EXACT|TARGET_COLLISION,P3_LATEST8Q,STRUCTURAL_REVIEW_SEPARATE,TARGET_DIFFERENT_ECONOMIC,YES,P8H-S-0609,MCK
FY2026Q4,1442,UNRESOLVED|UNRESOLVED,NEED_OFFICIAL_FISCAL_YEAR_START|NEED_OFFICIAL_FY_FQ_IDENTITY|NEED_SOURCE_SEMANTICS_CONFIRMATION,FY2026Q4: need official fiscal year start and FY/FQ identity ; FY2026Q4: confirm sequence semantics,YES,NO,UNRESOLVED_BOUNDARY|UNRESOLVED_SEQUENCE,P1_CURRENT,STRUCTURAL_REVIEW_SEPARATE,SOURCE_SEMANTIC_AMBIGUITY,YES,P8H-S-0610,MCS
FY2026Q3,1442,UNRESOLVED|UNRESOLVED,NEED_OFFICIAL_FISCAL_YEAR_START|NEED_OFFICIAL_FY_FQ_IDENTITY|NEED_SOURCE_SEMANTICS_CONFIRMATION,FY2026Q3: need official fiscal year start and FY/FQ identity ; FY2026Q3: confirm sequence semantics,YES,NO,UNRESOLVED_BOUNDARY|UNRESOLVED_SEQUENCE,P1_CURRENT,STRUCTURAL_REVIEW_SEPARATE,SOURCE_SEMANTIC_AMBIGUITY,YES,P8H-S-0611,MCS
FY2026Q2,1442,DIRECT_EXACT_INTERVAL|TARGET_DIFFERENT_ECONOMIC,NEED_OFFICIAL_PERIOD_END|NEED_SOURCE_SEMANTICS_CONFIRMATION|NEED_TARGET_COLLISION_RESOLUTION|NEED_TRANSITION_CALENDAR_EVIDENCE,FY2026Q2: need transition/stub calendar decision ; FY2026Q2: need official period_end ; FY2026Q2: confirm sequence semantics ; FY2026Q2: target FY/FQ collision requires reconciliation,YES,NO,PERIOD_END_TRANSITION_REVIEW|TARGET_COLLISION|TRANSITION_REVIEW|TRANSITION_SEQUENCE,P1_CURRENT,STRUCTURAL_REVIEW_SEPARATE,CALENDAR_TRANSITION,YES,P8H-S-0612,MCS
FY2026Q1,1442,DIRECT_EXACT_INTERVAL|TARGET_DIFFERENT_ECONOMIC,NEED_OFFICIAL_PERIOD_END|NEED_SOURCE_SEMANTICS_CONFIRMATION|NEED_TARGET_COLLISION_RESOLUTION|NEED_TRANSITION_CALENDAR_EVIDENCE,FY2026Q1: need transition/stub calendar decision ; FY2026Q1: need official period_end ; FY2026Q1: confirm sequence semantics ; FY2026Q1: target FY/FQ collision requires reconciliation,YES,NO,PERIOD_END_TRANSITION_REVIEW|TARGET_COLLISION|TRANSITION_REVIEW|TRANSITION_SEQUENCE,P1_CURRENT,STRUCTURAL_REVIEW_SEPARATE,CALENDAR_TRANSITION,YES,P8H-S-0613,MCS
FY2025Q4,1442,DIRECT_EXACT_INTERVAL|TARGET_DIFFERENT_ECONOMIC,NEED_OFFICIAL_PERIOD_END|NEED_SOURCE_SEMANTICS_CONFIRMATION|NEED_TARGET_COLLISION_RESOLUTION|NEED_TRANSITION_CALENDAR_EVIDENCE,FY2025Q4: need transition/stub calendar decision ; FY2025Q4: need official period_end ; FY2025Q4: confirm sequence semantics ; FY2025Q4: target FY/FQ collision requires reconciliation,YES,NO,PERIOD_END_TRANSITION_REVIEW|TARGET_COLLISION|TRANSITION_REVIEW|TRANSITION_SEQUENCE,P3_LATEST8Q,STRUCTURAL_REVIEW_SEPARATE,CALENDAR_TRANSITION,YES,P8H-S-0614,MCS
FY2025Q1,1446,DIRECT_EXACT_INTERVAL|TARGET_DIFFERENT_ECONOMIC,NEED_LOCAL_LINEAGE_RECONCILIATION|NEED_TARGET_COLLISION_RESOLUTION,FY2025Q1: reconcile stored FY/FQ against direct exact fiscal anchor ; FY2025Q1: target FY/FQ collision requires reconciliation,YES,NO,FY_CONFLICT_DIRECT_EXACT|TARGET_COLLISION,P3_LATEST8Q,STRUCTURAL_REVIEW_SEPARATE,TARGET_DIFFERENT_ECONOMIC,YES,P8H-S-0615,MDB
FY2026Q3,1450,DIRECT_EXACT_INTERVAL|TARGET_DIFFERENT_ECONOMIC,NEED_MISSING_QUARTER_SOURCE|NEED_TARGET_COLLISION_RESOLUTION,FY2026Q3: verify missing adjacent fiscal quarter source ; FY2026Q3: target FY/FQ collision requires reconciliation,YES,NO,MISSING_QUARTER|TARGET_COLLISION,P2_LATEST4Q,STRUCTURAL_REVIEW_SEPARATE,TARGET_DIFFERENT_ECONOMIC,YES,P8H-S-0616,MDT
FY2026Q2,1450,DIRECT_EXACT_INTERVAL|TARGET_DIFFERENT_ECONOMIC,NEED_TARGET_COLLISION_RESOLUTION,FY2026Q2: target FY/FQ collision requires reconciliation,YES,NO,TARGET_COLLISION,P2_LATEST4Q,STRUCTURAL_REVIEW_SEPARATE,TARGET_DIFFERENT_ECONOMIC,YES,P8H-S-0617,MDT
FY2026Q1,1450,DIRECT_EXACT_INTERVAL|TARGET_DIFFERENT_ECONOMIC,NEED_TARGET_COLLISION_RESOLUTION,FY2026Q1: target FY/FQ collision requires reconciliation,YES,NO,TARGET_COLLISION,P2_LATEST4Q,STRUCTURAL_REVIEW_SEPARATE,TARGET_DIFFERENT_ECONOMIC,YES,P8H-S-0618,MDT
FY2025Q4,1450,DIRECT_EXACT_INTERVAL|TARGET_DIFFERENT_ECONOMIC,NEED_LOCAL_LINEAGE_RECONCILIATION|NEED_OFFICIAL_PERIOD_END|NEED_TARGET_COLLISION_RESOLUTION,FY2025Q4: reconcile stored FY/FQ against direct exact fiscal anchor ; FY2025Q4: need official period_end ; FY2025Q4: target FY/FQ collision requires reconciliation,YES,NO,FY_CONFLICT_DIRECT_EXACT|PERIOD_END_FISCAL_SLOT_CONFLICT|TARGET_COLLISION,P3_LATEST8Q,STRUCTURAL_REVIEW_SEPARATE,TARGET_DIFFERENT_ECONOMIC,YES,P8H-S-0619,MDT
FY2025Q3,1457,DIRECT_EXACT_INTERVAL|TARGET_DIFFERENT_ECONOMIC,NEED_MISSING_QUARTER_SOURCE|NEED_TARGET_COLLISION_RESOLUTION,FY2025Q3: verify missing adjacent fiscal quarter source ; FY2025Q3: target FY/FQ collision requires reconciliation,NO,NO,MISSING_QUARTER|TARGET_COLLISION,P3_LATEST8Q,STRUCTURAL_REVIEW_SEPARATE,TARGET_DIFFERENT_ECONOMIC,YES,P8H-S-0620,MEI
FY2025Q2,1457,DIRECT_EXACT_INTERVAL|TARGET_DIFFERENT_ECONOMIC,NEED_MISSING_QUARTER_SOURCE|NEED_TARGET_COLLISION_RESOLUTION,FY2025Q2: verify missing adjacent fiscal quarter source ; FY2025Q2: target FY/FQ collision requires reconciliation,NO,NO,MISSING_QUARTER|TARGET_COLLISION,P3_LATEST8Q,STRUCTURAL_REVIEW_SEPARATE,TARGET_DIFFERENT_ECONOMIC,YES,P8H-S-0621,MEI
FY2026Q1,1464,UNRESOLVED|UNRESOLVED,NEED_OFFICIAL_FISCAL_YEAR_START|NEED_OFFICIAL_FY_FQ_IDENTITY|NEED_SOURCE_SEMANTICS_CONFIRMATION,FY2026Q1: need official fiscal year start and FY/FQ identity ; FY2026Q1: confirm sequence semantics,YES,NO,UNRESOLVED_BOUNDARY|UNRESOLVED_SEQUENCE,P1_CURRENT,STRUCTURAL_REVIEW_SEPARATE,SOURCE_SEMANTIC_AMBIGUITY,YES,P8H-S-0622,MG
FY2026Q2,1469,UNRESOLVED|UNRESOLVED,NEED_FIRST_PUBLIC_RESULT_DATE|NEED_OFFICIAL_FISCAL_YEAR_START|NEED_OFFICIAL_FY_FQ_IDENTITY|NEED_SOURCE_SEMANTICS_CONFIRMATION,FY2026Q2: need official fiscal year start and FY/FQ identity ; FY2026Q2: need first-public result date ; FY2026Q2: confirm sequence semantics,YES,NO,PUBLISH_DATE_MISSING|UNRESOLVED_BOUNDARY|UNRESOLVED_SEQUENCE,P1_CURRENT,STRUCTURAL_REVIEW_SEPARATE,SOURCE_SEMANTIC_AMBIGUITY,YES,P8H-S-0623,MGPI
FY2026Q1,1469,UNRESOLVED|UNRESOLVED,NEED_OFFICIAL_FISCAL_YEAR_START|NEED_OFFICIAL_FY_FQ_IDENTITY|NEED_SOURCE_SEMANTICS_CONFIRMATION,FY2026Q1: need official fiscal year start and FY/FQ identity ; FY2026Q1: confirm sequence semantics,YES,NO,UNRESOLVED_BOUNDARY|UNRESOLVED_SEQUENCE,P1_CURRENT,STRUCTURAL_REVIEW_SEPARATE,SOURCE_SEMANTIC_AMBIGUITY,YES,P8H-S-0624,MGPI
FY2026Q2,1470,UNRESOLVED|UNRESOLVED,NEED_OFFICIAL_FISCAL_YEAR_START|NEED_OFFICIAL_FY_FQ_IDENTITY|NEED_SOURCE_SEMANTICS_CONFIRMATION,FY2026Q2: need official fiscal year start and FY/FQ identity ; FY2026Q2: confirm sequence semantics,YES,NO,UNRESOLVED_BOUNDARY|UNRESOLVED_SEQUENCE,P1_CURRENT,STRUCTURAL_REVIEW_SEPARATE,SOURCE_SEMANTIC_AMBIGUITY,YES,P8H-S-0625,MGRC
FY2026Q1,1470,UNRESOLVED|UNRESOLVED,NEED_OFFICIAL_FISCAL_YEAR_START|NEED_OFFICIAL_FY_FQ_IDENTITY|NEED_SOURCE_SEMANTICS_CONFIRMATION,FY2026Q1: need official fiscal year start and FY/FQ identity ; FY2026Q1: confirm sequence semantics,YES,NO,UNRESOLVED_BOUNDARY|UNRESOLVED_SEQUENCE,P1_CURRENT,STRUCTURAL_REVIEW_SEPARATE,SOURCE_SEMANTIC_AMBIGUITY,YES,P8H-S-0626,MGRC
FY2025Q3,1477,DIRECT_EXACT_INTERVAL|TARGET_DIFFERENT_ECONOMIC,NEED_MISSING_QUARTER_SOURCE|NEED_TARGET_COLLISION_RESOLUTION,FY2025Q3: verify missing adjacent fiscal quarter source ; FY2025Q3: target FY/FQ collision requires reconciliation,YES,NO,MISSING_QUARTER|TARGET_COLLISION,P2_LATEST4Q,STRUCTURAL_REVIEW_SEPARATE,TARGET_DIFFERENT_ECONOMIC,YES,P8H-S-0627,MIDD
FY2025Q2,1477,DIRECT_EXACT_INTERVAL|TARGET_DIFFERENT_ECONOMIC,NEED_TARGET_COLLISION_RESOLUTION,FY2025Q2: target FY/FQ collision requires reconciliation,YES,NO,TARGET_COLLISION,P2_LATEST4Q,STRUCTURAL_REVIEW_SEPARATE,TARGET_DIFFERENT_ECONOMIC,YES,P8H-S-0628,MIDD
FY2025Q1,1477,DIRECT_EXACT_INTERVAL|TARGET_DIFFERENT_ECONOMIC,NEED_TARGET_COLLISION_RESOLUTION,FY2025Q1: target FY/FQ collision requires reconciliation,YES,NO,TARGET_COLLISION,P3_LATEST8Q,STRUCTURAL_REVIEW_SEPARATE,TARGET_DIFFERENT_ECONOMIC,YES,P8H-S-0629,MIDD
FY2024Q4,1477,DIRECT_EXACT_INTERVAL|TARGET_DIFFERENT_ECONOMIC,NEED_LOCAL_LINEAGE_RECONCILIATION|NEED_OFFICIAL_PERIOD_END|NEED_TARGET_COLLISION_RESOLUTION,FY2024Q4: reconcile stored FY/FQ against direct exact fiscal anchor ; FY2024Q4: need official period_end ; FY2024Q4: target FY/FQ collision requires reconciliation,YES,NO,FY_CONFLICT_DIRECT_EXACT|PERIOD_END_FISCAL_SLOT_CONFLICT|TARGET_COLLISION,P3_LATEST8Q,STRUCTURAL_REVIEW_SEPARATE,TARGET_DIFFERENT_ECONOMIC,YES,P8H-S-0630,MIDD
FY2023Q2,1477,DIRECT_EXACT_INTERVAL|TARGET_DIFFERENT_ECONOMIC,NEED_MISSING_QUARTER_SOURCE|NEED_TARGET_COLLISION_RESOLUTION,FY2023Q2: verify missing adjacent fiscal quarter source ; FY2023Q2: target FY/FQ collision requires reconciliation,YES,NO,MISSING_QUARTER|TARGET_COLLISION,P3_LATEST8Q,STRUCTURAL_REVIEW_SEPARATE,TARGET_DIFFERENT_ECONOMIC,YES,P8H-S-0631,MIDD
FY2025Q1,1478,DIRECT_EXACT_INTERVAL|TARGET_DIFFERENT_ECONOMIC,NEED_LOCAL_LINEAGE_RECONCILIATION|NEED_TARGET_COLLISION_RESOLUTION,FY2025Q1: reconcile stored FY/FQ against direct exact fiscal anchor ; FY2025Q1: target FY/FQ collision requires reconciliation,YES,NO,FY_CONFLICT_DIRECT_EXACT|TARGET_COLLISION,P3_LATEST8Q,STRUCTURAL_REVIEW_SEPARATE,TARGET_DIFFERENT_ECONOMIC,YES,P8H-S-0632,MIND
FY2025Q3,1488,DIRECT_EXACT_INTERVAL|TARGET_DIFFERENT_ECONOMIC,NEED_MISSING_QUARTER_SOURCE|NEED_TARGET_COLLISION_RESOLUTION,FY2025Q3: verify missing adjacent fiscal quarter source ; FY2025Q3: target FY/FQ collision requires reconciliation,NO,NO,MISSING_QUARTER|TARGET_COLLISION,P2_LATEST4Q,STRUCTURAL_REVIEW_SEPARATE,TARGET_DIFFERENT_ECONOMIC,YES,P8H-S-0633,MLI
FY2025Q2,1488,DIRECT_EXACT_INTERVAL|TARGET_DIFFERENT_ECONOMIC,NEED_MISSING_QUARTER_SOURCE|NEED_TARGET_COLLISION_RESOLUTION,FY2025Q2: verify missing adjacent fiscal quarter source ; FY2025Q2: target FY/FQ collision requires reconciliation,NO,NO,MISSING_QUARTER|TARGET_COLLISION,P3_LATEST8Q,STRUCTURAL_REVIEW_SEPARATE,TARGET_DIFFERENT_ECONOMIC,YES,P8H-S-0634,MLI
FY2026Q2,1489,DIRECT_EXACT_INTERVAL|TARGET_DIFFERENT_ECONOMIC,NEED_MISSING_QUARTER_SOURCE|NEED_TARGET_COLLISION_RESOLUTION,FY2026Q2: verify missing adjacent fiscal quarter source ; FY2026Q2: target FY/FQ collision requires reconciliation,NO,NO,MISSING_QUARTER|TARGET_COLLISION,P2_LATEST4Q,STRUCTURAL_REVIEW_SEPARATE,TARGET_DIFFERENT_ECONOMIC,YES,P8H-S-0635,MLKN
FY2026Q1,1489,DIRECT_EXACT_INTERVAL|TARGET_DIFFERENT_ECONOMIC,NEED_MISSING_QUARTER_SOURCE|NEED_TARGET_COLLISION_RESOLUTION,FY2026Q1: verify missing adjacent fiscal quarter source ; FY2026Q1: target FY/FQ collision requires reconciliation,NO,NO,MISSING_QUARTER|TARGET_COLLISION,P2_LATEST4Q,STRUCTURAL_REVIEW_SEPARATE,TARGET_DIFFERENT_ECONOMIC,YES,P8H-S-0636,MLKN
FY2026Q1,1492,UNRESOLVED|UNRESOLVED,NEED_GROSS_PROFIT|NEED_OFFICIAL_FISCAL_YEAR_START|NEED_OFFICIAL_FY_FQ_IDENTITY|NEED_SOURCE_SEMANTICS_CONFIRMATION,FY2026Q1: need Gross Profit ; FY2026Q1: need official fiscal year start and FY/FQ identity ; FY2026Q1: confirm sequence semantics,YES,NO,SECONDARY_FIELDS_INCOMPLETE|UNRESOLVED_BOUNDARY|UNRESOLVED_SEQUENCE,P1_CURRENT,STRUCTURAL_REVIEW_SEPARATE,SOURCE_SEMANTIC_AMBIGUITY,YES,P8H-S-0637,MLTX
FY2025Q1,1505,DIRECT_EXACT_INTERVAL|TARGET_DIFFERENT_ECONOMIC,NEED_LOCAL_LINEAGE_RECONCILIATION|NEED_TARGET_COLLISION_RESOLUTION,FY2025Q1: reconcile stored FY/FQ against direct exact fiscal anchor ; FY2025Q1: target FY/FQ collision requires reconciliation,YES,NO,FY_CONFLICT_DIRECT_EXACT|TARGET_COLLISION,P3_LATEST8Q,STRUCTURAL_REVIEW_SEPARATE,TARGET_DIFFERENT_ECONOMIC,YES,P8H-S-0638,MOD
FY2026Q2,1508,UNRESOLVED|UNRESOLVED,NEED_OFFICIAL_FISCAL_YEAR_START|NEED_OFFICIAL_FY_FQ_IDENTITY|NEED_SOURCE_SEMANTICS_CONFIRMATION,FY2026Q2: need official fiscal year start and FY/FQ identity ; FY2026Q2: confirm sequence semantics,YES,NO,UNRESOLVED_BOUNDARY|UNRESOLVED_SEQUENCE,P1_CURRENT,STRUCTURAL_REVIEW_SEPARATE,SOURCE_SEMANTIC_AMBIGUITY,YES,P8H-S-0639,MOS
FY2026Q1,1508,UNRESOLVED|UNRESOLVED,NEED_OFFICIAL_FISCAL_YEAR_START|NEED_OFFICIAL_FY_FQ_IDENTITY|NEED_SOURCE_SEMANTICS_CONFIRMATION,FY2026Q1: need official fiscal year start and FY/FQ identity ; FY2026Q1: confirm sequence semantics,YES,NO,UNRESOLVED_BOUNDARY|UNRESOLVED_SEQUENCE,P1_CURRENT,STRUCTURAL_REVIEW_SEPARATE,SOURCE_SEMANTIC_AMBIGUITY,YES,P8H-S-0640,MOS
FY2025Q2,1509,DIRECT_EXACT_INTERVAL|TARGET_DIFFERENT_ECONOMIC,NEED_LOCAL_LINEAGE_RECONCILIATION|NEED_TARGET_COLLISION_RESOLUTION,FY2025Q2: reconcile stored FY/FQ against direct exact fiscal anchor ; FY2025Q2: target FY/FQ collision requires reconciliation,YES,NO,FY_CONFLICT_DIRECT_EXACT|TARGET_COLLISION,P2_LATEST4Q,STRUCTURAL_REVIEW_SEPARATE,TARGET_DIFFERENT_ECONOMIC,YES,P8H-S-0641,MOV
FY2024Q2,1509,DIRECT_EXACT_INTERVAL|TARGET_DIFFERENT_ECONOMIC,NEED_DEBT|NEED_LOCAL_LINEAGE_RECONCILIATION|NEED_TARGET_COLLISION_RESOLUTION,FY2024Q2: need Debt ; FY2024Q2: reconcile stored FY/FQ against direct exact fiscal anchor ; FY2024Q2: target FY/FQ collision requires reconciliation,YES,NO,FY_CONFLICT_DIRECT_EXACT|PRIMARY_CORE_INCOMPLETE|TARGET_COLLISION,P3_LATEST8Q,STRUCTURAL_REVIEW_SEPARATE,TARGET_DIFFERENT_ECONOMIC,YES,P8H-S-0642,MOV
FY2026Q2,1518,DIRECT_EXACT_INTERVAL|TARGET_DIFFERENT_ECONOMIC,NEED_TARGET_COLLISION_RESOLUTION,FY2026Q2: target FY/FQ collision requires reconciliation,YES,NO,TARGET_COLLISION,P1_CURRENT,STRUCTURAL_REVIEW_SEPARATE,TARGET_DIFFERENT_ECONOMIC,YES,P8H-S-0643,MRCY
FY2026Q1,1518,DIRECT_EXACT_INTERVAL|TARGET_DIFFERENT_ECONOMIC,NEED_TARGET_COLLISION_RESOLUTION,FY2026Q1: target FY/FQ collision requires reconciliation,YES,NO,TARGET_COLLISION,P1_CURRENT,STRUCTURAL_REVIEW_SEPARATE,TARGET_DIFFERENT_ECONOMIC,YES,P8H-S-0644,MRCY
FY2025Q4,1518,DIRECT_EXACT_INTERVAL|TARGET_DIFFERENT_ECONOMIC,NEED_LOCAL_LINEAGE_RECONCILIATION|NEED_OFFICIAL_PERIOD_END|NEED_TARGET_COLLISION_RESOLUTION,FY2025Q4: reconcile stored FY/FQ against direct exact fiscal anchor ; FY2025Q4: need official period_end ; FY2025Q4: target FY/FQ collision requires reconciliation,YES,NO,FY_CONFLICT_DIRECT_EXACT|PERIOD_END_FISCAL_SLOT_CONFLICT|TARGET_COLLISION,P1_CURRENT,STRUCTURAL_REVIEW_SEPARATE,TARGET_DIFFERENT_ECONOMIC,YES,P8H-S-0645,MRCY
FY2025Q3,1518,DIRECT_EXACT_INTERVAL|TARGET_DIFFERENT_ECONOMIC,NEED_MISSING_QUARTER_SOURCE|NEED_TARGET_COLLISION_RESOLUTION,FY2025Q3: verify missing adjacent fiscal quarter source ; FY2025Q3: target FY/FQ collision requires reconciliation,YES,NO,MISSING_QUARTER|TARGET_COLLISION,P3_LATEST8Q,STRUCTURAL_REVIEW_SEPARATE,TARGET_DIFFERENT_ECONOMIC,YES,P8H-S-0646,MRCY
FY2026Q2,1520,UNRESOLVED|UNRESOLVED,NEED_FIRST_PUBLIC_RESULT_DATE|NEED_OFFICIAL_FISCAL_YEAR_START|NEED_OFFICIAL_FY_FQ_IDENTITY|NEED_SOURCE_SEMANTICS_CONFIRMATION,FY2026Q2: need official fiscal year start and FY/FQ identity ; FY2026Q2: need first-public result date ; FY2026Q2: confirm sequence semantics,YES,NO,PUBLISH_DATE_MISSING|UNRESOLVED_BOUNDARY|UNRESOLVED_SEQUENCE,P1_CURRENT,STRUCTURAL_REVIEW_SEPARATE,SOURCE_SEMANTIC_AMBIGUITY,YES,P8H-S-0647,MRK
FY2026Q1,1520,UNRESOLVED|UNRESOLVED,NEED_OFFICIAL_FISCAL_YEAR_START|NEED_OFFICIAL_FY_FQ_IDENTITY|NEED_SOURCE_SEMANTICS_CONFIRMATION,FY2026Q1: need official fiscal year start and FY/FQ identity ; FY2026Q1: confirm sequence semantics,YES,NO,UNRESOLVED_BOUNDARY|UNRESOLVED_SEQUENCE,P1_CURRENT,STRUCTURAL_REVIEW_SEPARATE,SOURCE_SEMANTIC_AMBIGUITY,YES,P8H-S-0648,MRK
FY2025Q1,1524,DIRECT_EXACT_INTERVAL|TARGET_DIFFERENT_ECONOMIC,NEED_LOCAL_LINEAGE_RECONCILIATION|NEED_TARGET_COLLISION_RESOLUTION,FY2025Q1: reconcile stored FY/FQ against direct exact fiscal anchor ; FY2025Q1: target FY/FQ collision requires reconciliation,YES,NO,FY_CONFLICT_DIRECT_EXACT|TARGET_COLLISION,P3_LATEST8Q,STRUCTURAL_REVIEW_SEPARATE,TARGET_DIFFERENT_ECONOMIC,YES,P8H-S-0649,MRVL
FY2024Q4,1524,DIRECT_EXACT_INTERVAL|TARGET_DIFFERENT_ECONOMIC,NEED_EBIT|NEED_LOCAL_LINEAGE_RECONCILIATION|NEED_SOURCE_SEMANTICS_CONFIRMATION|NEED_TARGET_COLLISION_RESOLUTION,FY2024Q4: need EBIT ; FY2024Q4: reconcile stored FY/FQ against direct exact fiscal anchor ; FY2024Q4: target FY/FQ collision requires reconciliation ; FY2024Q4: Need approved issuer/company-specific EBIT rule; do not blanket map Operating Income,YES,NO,FY_CONFLICT_DIRECT_EXACT|PRIMARY_CORE_INCOMPLETE|TARGET_COLLISION,P3_LATEST8Q,STRUCTURAL_REVIEW_SEPARATE,TARGET_DIFFERENT_ECONOMIC,YES,P8H-S-0650,MRVL
FY2026Q2,1526,UNRESOLVED|UNRESOLVED,NEED_OFFICIAL_FISCAL_YEAR_START|NEED_OFFICIAL_FY_FQ_IDENTITY|NEED_SOURCE_SEMANTICS_CONFIRMATION,FY2026Q2: need official fiscal year start and FY/FQ identity ; FY2026Q2: confirm sequence semantics,YES,NO,UNRESOLVED_BOUNDARY|UNRESOLVED_SEQUENCE,P1_CURRENT,STRUCTURAL_REVIEW_SEPARATE,SOURCE_SEMANTIC_AMBIGUITY,YES,P8H-S-0651,MSCI
FY2026Q1,1526,UNRESOLVED|UNRESOLVED,NEED_OFFICIAL_FISCAL_YEAR_START|NEED_OFFICIAL_FY_FQ_IDENTITY|NEED_SOURCE_SEMANTICS_CONFIRMATION,FY2026Q1: need official fiscal year start and FY/FQ identity ; FY2026Q1: confirm sequence semantics,YES,NO,UNRESOLVED_BOUNDARY|UNRESOLVED_SEQUENCE,P1_CURRENT,STRUCTURAL_REVIEW_SEPARATE,SOURCE_SEMANTIC_AMBIGUITY,YES,P8H-S-0652,MSCI
FY2025Q3,1543,DIRECT_EXACT_INTERVAL|TARGET_DIFFERENT_ECONOMIC,NEED_MISSING_QUARTER_SOURCE|NEED_TARGET_COLLISION_RESOLUTION,FY2025Q3: verify missing adjacent fiscal quarter source ; FY2025Q3: target FY/FQ collision requires reconciliation,NO,NO,MISSING_QUARTER|TARGET_COLLISION,P3_LATEST8Q,STRUCTURAL_REVIEW_SEPARATE,TARGET_DIFFERENT_ECONOMIC,YES,P8H-S-0653,MTSI
FY2025Q2,1543,DIRECT_EXACT_INTERVAL|TARGET_DIFFERENT_ECONOMIC,NEED_TARGET_COLLISION_RESOLUTION,FY2025Q2: target FY/FQ collision requires reconciliation,NO,NO,TARGET_COLLISION,P3_LATEST8Q,STRUCTURAL_REVIEW_SEPARATE,TARGET_DIFFERENT_ECONOMIC,YES,P8H-S-0654,MTSI
FY2025Q1,1543,DIRECT_EXACT_INTERVAL|TARGET_DIFFERENT_ECONOMIC,NEED_MISSING_QUARTER_SOURCE|NEED_TARGET_COLLISION_RESOLUTION,FY2025Q1: verify missing adjacent fiscal quarter source ; FY2025Q1: target FY/FQ collision requires reconciliation,NO,NO,MISSING_QUARTER|TARGET_COLLISION,P3_LATEST8Q,STRUCTURAL_REVIEW_SEPARATE,TARGET_DIFFERENT_ECONOMIC,YES,P8H-S-0655,MTSI
FY2025Q3,1549,DIRECT_EXACT_INTERVAL|TARGET_DIFFERENT_ECONOMIC,NEED_MISSING_QUARTER_SOURCE|NEED_TARGET_COLLISION_RESOLUTION,FY2025Q3: verify missing adjacent fiscal quarter source ; FY2025Q3: target FY/FQ collision requires reconciliation,NO,NO,MISSING_QUARTER|TARGET_COLLISION,P3_LATEST8Q,STRUCTURAL_REVIEW_SEPARATE,TARGET_DIFFERENT_ECONOMIC,YES,P8H-S-0656,MU
FY2026Q1,1554,UNRESOLVED|UNRESOLVED,NEED_OFFICIAL_FISCAL_YEAR_START|NEED_OFFICIAL_FY_FQ_IDENTITY|NEED_SOURCE_SEMANTICS_CONFIRMATION,FY2026Q1: need official fiscal year start and FY/FQ identity ; FY2026Q1: confirm sequence semantics,YES,NO,UNRESOLVED_BOUNDARY|UNRESOLVED_SEQUENCE,P1_CURRENT,STRUCTURAL_REVIEW_SEPARATE,SOURCE_SEMANTIC_AMBIGUITY,YES,P8H-S-0657,MVST
FY2026Q4,1560,UNRESOLVED|UNRESOLVED,NEED_OFFICIAL_FISCAL_YEAR_START|NEED_OFFICIAL_FY_FQ_IDENTITY|NEED_SOURCE_SEMANTICS_CONFIRMATION,FY2026Q4: need official fiscal year start and FY/FQ identity ; FY2026Q4: confirm sequence semantics,YES,NO,UNRESOLVED_BOUNDARY|UNRESOLVED_SEQUENCE,P1_CURRENT,STRUCTURAL_REVIEW_SEPARATE,SOURCE_SEMANTIC_AMBIGUITY,YES,P8H-S-0658,MYGN
FY2026Q3,1560,UNRESOLVED|UNRESOLVED,NEED_OFFICIAL_FISCAL_YEAR_START|NEED_OFFICIAL_FY_FQ_IDENTITY|NEED_SOURCE_SEMANTICS_CONFIRMATION,FY2026Q3: need official fiscal year start and FY/FQ identity ; FY2026Q3: confirm sequence semantics,YES,NO,UNRESOLVED_BOUNDARY|UNRESOLVED_SEQUENCE,P1_CURRENT,STRUCTURAL_REVIEW_SEPARATE,SOURCE_SEMANTIC_AMBIGUITY,YES,P8H-S-0659,MYGN
FY2026Q1,1560,DIRECT_EXACT_INTERVAL|TARGET_DIFFERENT_ECONOMIC,NEED_LOCAL_LINEAGE_RECONCILIATION|NEED_TARGET_COLLISION_RESOLUTION,FY2026Q1: reconcile stored FY/FQ against direct exact fiscal anchor ; FY2026Q1: target FY/FQ collision requires reconciliation,YES,NO,FY_CONFLICT_DIRECT_EXACT|TARGET_COLLISION,P1_CURRENT,STRUCTURAL_REVIEW_SEPARATE,TARGET_DIFFERENT_ECONOMIC,YES,P8H-S-0660,MYGN
FY2025Q3,1560,DIRECT_EXACT_INTERVAL|TARGET_DIFFERENT_ECONOMIC,NEED_LOCAL_LINEAGE_RECONCILIATION|NEED_TARGET_COLLISION_RESOLUTION,FY2025Q3: reconcile stored FY/FQ against direct exact fiscal anchor ; FY2025Q3: target FY/FQ collision requires reconciliation,YES,NO,FQ_CONFLICT_DIRECT_EXACT|TARGET_COLLISION,P3_LATEST8Q,STRUCTURAL_REVIEW_SEPARATE,TARGET_DIFFERENT_ECONOMIC,YES,P8H-S-0661,MYGN
FY2026Q1,1563,UNRESOLVED|UNRESOLVED,NEED_OFFICIAL_FISCAL_YEAR_START|NEED_OFFICIAL_FY_FQ_IDENTITY|NEED_SOURCE_SEMANTICS_CONFIRMATION,FY2026Q1: need official fiscal year start and FY/FQ identity ; FY2026Q1: confirm sequence semantics,YES,NO,UNRESOLVED_BOUNDARY|UNRESOLVED_SEQUENCE,P1_CURRENT,STRUCTURAL_REVIEW_SEPARATE,SOURCE_SEMANTIC_AMBIGUITY,YES,P8H-S-0662,MYSZ
FY2025Q3,1573,DIRECT_EXACT_INTERVAL|TARGET_DIFFERENT_ECONOMIC,NEED_MISSING_QUARTER_SOURCE|NEED_TARGET_COLLISION_RESOLUTION,FY2025Q3: verify missing adjacent fiscal quarter source ; FY2025Q3: target FY/FQ collision requires reconciliation,NO,NO,MISSING_QUARTER|TARGET_COLLISION,P2_LATEST4Q,STRUCTURAL_REVIEW_SEPARATE,TARGET_DIFFERENT_ECONOMIC,YES,P8H-S-0663,NCMI
FY2025Q2,1573,DIRECT_EXACT_INTERVAL|TARGET_DIFFERENT_ECONOMIC,NEED_TARGET_COLLISION_RESOLUTION,FY2025Q2: target FY/FQ collision requires reconciliation,NO,NO,TARGET_COLLISION,P2_LATEST4Q,STRUCTURAL_REVIEW_SEPARATE,TARGET_DIFFERENT_ECONOMIC,YES,P8H-S-0664,NCMI
FY2025Q1,1573,DIRECT_EXACT_INTERVAL|TARGET_DIFFERENT_ECONOMIC,NEED_MISSING_QUARTER_SOURCE|NEED_TARGET_COLLISION_RESOLUTION,FY2025Q1: verify missing adjacent fiscal quarter source ; FY2025Q1: target FY/FQ collision requires reconciliation,NO,NO,MISSING_QUARTER|TARGET_COLLISION,P3_LATEST8Q,STRUCTURAL_REVIEW_SEPARATE,TARGET_DIFFERENT_ECONOMIC,YES,P8H-S-0665,NCMI
FY2026Q2,1579,UNRESOLVED|UNRESOLVED,NEED_OFFICIAL_FISCAL_YEAR_START|NEED_OFFICIAL_FY_FQ_IDENTITY|NEED_SOURCE_SEMANTICS_CONFIRMATION,FY2026Q2: need official fiscal year start and FY/FQ identity ; FY2026Q2: confirm sequence semantics,YES,NO,UNRESOLVED_BOUNDARY|UNRESOLVED_SEQUENCE,P1_CURRENT,STRUCTURAL_REVIEW_SEPARATE,SOURCE_SEMANTIC_AMBIGUITY,YES,P8H-S-0666,NEE
FY2026Q1,1579,UNRESOLVED|UNRESOLVED,NEED_OFFICIAL_FISCAL_YEAR_START|NEED_OFFICIAL_FY_FQ_IDENTITY|NEED_SOURCE_SEMANTICS_CONFIRMATION,FY2026Q1: need official fiscal year start and FY/FQ identity ; FY2026Q1: confirm sequence semantics,YES,NO,UNRESOLVED_BOUNDARY|UNRESOLVED_SEQUENCE,P1_CURRENT,STRUCTURAL_REVIEW_SEPARATE,SOURCE_SEMANTIC_AMBIGUITY,YES,P8H-S-0667,NEE
FY2026Q2,1588,UNRESOLVED|UNRESOLVED,NEED_OFFICIAL_FISCAL_YEAR_START|NEED_OFFICIAL_FY_FQ_IDENTITY|NEED_SOURCE_SEMANTICS_CONFIRMATION,FY2026Q2: need official fiscal year start and FY/FQ identity ; FY2026Q2: confirm sequence semantics,YES,NO,UNRESOLVED_BOUNDARY|UNRESOLVED_SEQUENCE,P1_CURRENT,STRUCTURAL_REVIEW_SEPARATE,SOURCE_SEMANTIC_AMBIGUITY,YES,P8H-S-0668,NEXT
FY2026Q1,1588,UNRESOLVED|UNRESOLVED,NEED_OFFICIAL_FISCAL_YEAR_START|NEED_OFFICIAL_FY_FQ_IDENTITY|NEED_SOURCE_SEMANTICS_CONFIRMATION,FY2026Q1: need official fiscal year start and FY/FQ identity ; FY2026Q1: confirm sequence semantics,YES,NO,UNRESOLVED_BOUNDARY|UNRESOLVED_SEQUENCE,P1_CURRENT,STRUCTURAL_REVIEW_SEPARATE,SOURCE_SEMANTIC_AMBIGUITY,YES,P8H-S-0669,NEXT
FY2026Q1,1592,UNRESOLVED|UNRESOLVED,NEED_FIRST_PUBLIC_RESULT_DATE|NEED_OFFICIAL_FISCAL_YEAR_START|NEED_OFFICIAL_FY_FQ_IDENTITY|NEED_SOURCE_SEMANTICS_CONFIRMATION,FY2026Q1: need official fiscal year start and FY/FQ identity ; FY2026Q1: need first-public result date ; FY2026Q1: confirm sequence semantics,YES,NO,PUBLISH_DATE_MISSING|UNRESOLVED_BOUNDARY|UNRESOLVED_SEQUENCE,P1_CURRENT,STRUCTURAL_REVIEW_SEPARATE,SOURCE_SEMANTIC_AMBIGUITY,YES,P8H-S-0670,NGL
FY2025Q1,1592,DIRECT_EXACT_INTERVAL|TARGET_DIFFERENT_ECONOMIC,NEED_LOCAL_LINEAGE_RECONCILIATION|NEED_TARGET_COLLISION_RESOLUTION,FY2025Q1: reconcile stored FY/FQ against direct exact fiscal anchor ; FY2025Q1: target FY/FQ collision requires reconciliation,YES,NO,FY_CONFLICT_DIRECT_EXACT|TARGET_COLLISION,P3_LATEST8Q,STRUCTURAL_REVIEW_SEPARATE,TARGET_DIFFERENT_ECONOMIC,YES,P8H-S-0671,NGL
FY2026Q1,1598,UNRESOLVED|UNRESOLVED,NEED_CAPEX|NEED_OFFICIAL_FISCAL_YEAR_START|NEED_OFFICIAL_FY_FQ_IDENTITY|NEED_SOURCE_SEMANTICS_CONFIRMATION,FY2026Q1: need Capex ; FY2026Q1: need official fiscal year start and FY/FQ identity ; FY2026Q1: confirm sequence semantics,YES,NO,SECONDARY_FIELDS_INCOMPLETE|UNRESOLVED_BOUNDARY|UNRESOLVED_SEQUENCE,P1_CURRENT,STRUCTURAL_REVIEW_SEPARATE,SOURCE_SEMANTIC_AMBIGUITY,YES,P8H-S-0672,NIXX
FY2025Q3,1610,DIRECT_EXACT_INTERVAL|TARGET_DIFFERENT_ECONOMIC,NEED_GROSS_PROFIT|NEED_LOCAL_LINEAGE_RECONCILIATION|NEED_TARGET_COLLISION_RESOLUTION,FY2025Q3: need Gross Profit ; FY2025Q3: reconcile stored FY/FQ against direct exact fiscal anchor ; FY2025Q3: target FY/FQ collision requires reconciliation,YES,NO,FQ_CONFLICT_DIRECT_EXACT|SECONDARY_FIELDS_INCOMPLETE|TARGET_COLLISION,P1_CURRENT,STRUCTURAL_REVIEW_SEPARATE,TARGET_DIFFERENT_ECONOMIC,YES,P8H-S-0673,NNE
FY2025Q2,1610,DIRECT_EXACT_INTERVAL|TARGET_DIFFERENT_ECONOMIC,NEED_GROSS_PROFIT|NEED_LOCAL_LINEAGE_RECONCILIATION|NEED_TARGET_COLLISION_RESOLUTION,FY2025Q2: need Gross Profit ; FY2025Q2: reconcile stored FY/FQ against direct exact fiscal anchor ; FY2025Q2: target FY/FQ collision requires reconciliation,YES,NO,FQ_CONFLICT_DIRECT_EXACT|SECONDARY_FIELDS_INCOMPLETE|TARGET_COLLISION,P1_CURRENT,STRUCTURAL_REVIEW_SEPARATE,TARGET_DIFFERENT_ECONOMIC,YES,P8H-S-0674,NNE
FY2025Q1,1610,DIRECT_EXACT_INTERVAL|TARGET_DIFFERENT_ECONOMIC,NEED_GROSS_PROFIT|NEED_LOCAL_LINEAGE_RECONCILIATION|NEED_TARGET_COLLISION_RESOLUTION,FY2025Q1: need Gross Profit ; FY2025Q1: reconcile stored FY/FQ against direct exact fiscal anchor ; FY2025Q1: target FY/FQ collision requires reconciliation,YES,NO,FQ_CONFLICT_DIRECT_EXACT|SECONDARY_FIELDS_INCOMPLETE|TARGET_COLLISION,P3_LATEST8Q,STRUCTURAL_REVIEW_SEPARATE,TARGET_DIFFERENT_ECONOMIC,YES,P8H-S-0675,NNE
FY2026Q1,1614,UNRESOLVED|UNRESOLVED,NEED_OFFICIAL_FISCAL_YEAR_START|NEED_OFFICIAL_FY_FQ_IDENTITY|NEED_SOURCE_SEMANTICS_CONFIRMATION,FY2026Q1: need official fiscal year start and FY/FQ identity ; FY2026Q1: confirm sequence semantics,YES,NO,UNRESOLVED_BOUNDARY|UNRESOLVED_SEQUENCE,P1_CURRENT,STRUCTURAL_REVIEW_SEPARATE,SOURCE_SEMANTIC_AMBIGUITY,YES,P8H-S-0676,NOTE
FY2026Q2,1618,UNRESOLVED|UNRESOLVED,NEED_OFFICIAL_FISCAL_YEAR_START|NEED_OFFICIAL_FY_FQ_IDENTITY|NEED_SOURCE_SEMANTICS_CONFIRMATION,FY2026Q2: need official fiscal year start and FY/FQ identity ; FY2026Q2: confirm sequence semantics,YES,NO,UNRESOLVED_BOUNDARY|UNRESOLVED_SEQUENCE,P1_CURRENT,STRUCTURAL_REVIEW_SEPARATE,SOURCE_SEMANTIC_AMBIGUITY,YES,P8H-S-0677,NOW
FY2026Q1,1618,UNRESOLVED|UNRESOLVED,NEED_OFFICIAL_FISCAL_YEAR_START|NEED_OFFICIAL_FY_FQ_IDENTITY|NEED_SOURCE_SEMANTICS_CONFIRMATION,FY2026Q1: need official fiscal year start and FY/FQ identity ; FY2026Q1: confirm sequence semantics,YES,NO,UNRESOLVED_BOUNDARY|UNRESOLVED_SEQUENCE,P1_CURRENT,STRUCTURAL_REVIEW_SEPARATE,SOURCE_SEMANTIC_AMBIGUITY,YES,P8H-S-0678,NOW
FY2026Q1,1628,UNRESOLVED|UNRESOLVED,NEED_CAPEX|NEED_OFFICIAL_FISCAL_YEAR_START|NEED_OFFICIAL_FY_FQ_IDENTITY|NEED_SOURCE_SEMANTICS_CONFIRMATION,FY2026Q1: need Capex ; FY2026Q1: need official fiscal year start and FY/FQ identity ; FY2026Q1: confirm sequence semantics,YES,NO,SECONDARY_FIELDS_INCOMPLETE|UNRESOLVED_BOUNDARY|UNRESOLVED_SEQUENCE,P1_CURRENT,STRUCTURAL_REVIEW_SEPARATE,SOURCE_SEMANTIC_AMBIGUITY,YES,P8H-S-0679,NRXP
FY2026Q3,1634,DIRECT_EXACT_INTERVAL|TARGET_DIFFERENT_ECONOMIC,NEED_MISSING_QUARTER_SOURCE|NEED_TARGET_COLLISION_RESOLUTION,FY2026Q3: verify missing adjacent fiscal quarter source ; FY2026Q3: target FY/FQ collision requires reconciliation,YES,NO,MISSING_QUARTER|TARGET_COLLISION,P2_LATEST4Q,STRUCTURAL_REVIEW_SEPARATE,TARGET_DIFFERENT_ECONOMIC,YES,P8H-S-0680,NTAP
FY2026Q2,1634,DIRECT_EXACT_INTERVAL|TARGET_DIFFERENT_ECONOMIC,NEED_FIRST_PUBLIC_RESULT_DATE|NEED_TARGET_COLLISION_RESOLUTION,FY2026Q2: need first-public result date ; FY2026Q2: target FY/FQ collision requires reconciliation,YES,NO,PUBLISH_DATE_MISSING|TARGET_COLLISION,P2_LATEST4Q,STRUCTURAL_REVIEW_SEPARATE,TARGET_DIFFERENT_ECONOMIC,YES,P8H-S-0681,NTAP
FY2026Q1,1634,DIRECT_EXACT_INTERVAL|TARGET_DIFFERENT_ECONOMIC,NEED_TARGET_COLLISION_RESOLUTION,FY2026Q1: target FY/FQ collision requires reconciliation,YES,NO,TARGET_COLLISION,P2_LATEST4Q,STRUCTURAL_REVIEW_SEPARATE,TARGET_DIFFERENT_ECONOMIC,YES,P8H-S-0682,NTAP
FY2025Q4,1634,DIRECT_EXACT_INTERVAL|TARGET_DIFFERENT_ECONOMIC,NEED_LOCAL_LINEAGE_RECONCILIATION|NEED_OFFICIAL_PERIOD_END|NEED_TARGET_COLLISION_RESOLUTION,FY2025Q4: reconcile stored FY/FQ against direct exact fiscal anchor ; FY2025Q4: need official period_end ; FY2025Q4: target FY/FQ collision requires reconciliation,YES,NO,FY_CONFLICT_DIRECT_EXACT|PERIOD_END_FISCAL_SLOT_CONFLICT|TARGET_COLLISION,P3_LATEST8Q,STRUCTURAL_REVIEW_SEPARATE,TARGET_DIFFERENT_ECONOMIC,YES,P8H-S-0683,NTAP
FY2025Q4,1635,DIRECT_EXACT_INTERVAL|TARGET_SELF,NEED_OFFICIAL_PERIOD_END|NEED_SOURCE_SEMANTICS_CONFIRMATION|NEED_TRANSITION_CALENDAR_EVIDENCE,FY2025Q4: need transition/stub calendar decision ; FY2025Q4: need official period_end ; FY2025Q4: confirm sequence semantics,YES,NO,PERIOD_END_TRANSITION_REVIEW|TRANSITION_REVIEW|TRANSITION_SEQUENCE,P1_CURRENT,STRUCTURAL_REVIEW_SEPARATE,CALENDAR_TRANSITION,YES,P8H-S-0684,NTCT
FY2025Q3,1635,DIRECT_EXACT_INTERVAL|TARGET_DIFFERENT_ECONOMIC,NEED_OFFICIAL_PERIOD_END|NEED_SOURCE_SEMANTICS_CONFIRMATION|NEED_TARGET_COLLISION_RESOLUTION|NEED_TRANSITION_CALENDAR_EVIDENCE,FY2025Q3: need transition/stub calendar decision ; FY2025Q3: need official period_end ; FY2025Q3: confirm sequence semantics ; FY2025Q3: target FY/FQ collision requires reconciliation,YES,NO,PERIOD_END_TRANSITION_REVIEW|TARGET_COLLISION|TRANSITION_REVIEW|TRANSITION_SEQUENCE,P1_CURRENT,STRUCTURAL_REVIEW_SEPARATE,CALENDAR_TRANSITION,YES,P8H-S-0685,NTCT
FY2025Q2,1635,DIRECT_EXACT_INTERVAL|TARGET_DIFFERENT_ECONOMIC,NEED_OFFICIAL_PERIOD_END|NEED_SOURCE_SEMANTICS_CONFIRMATION|NEED_TARGET_COLLISION_RESOLUTION|NEED_TRANSITION_CALENDAR_EVIDENCE,FY2025Q2: need transition/stub calendar decision ; FY2025Q2: need official period_end ; FY2025Q2: confirm sequence semantics ; FY2025Q2: target FY/FQ collision requires reconciliation,YES,NO,PERIOD_END_TRANSITION_REVIEW|TARGET_COLLISION|TRANSITION_REVIEW|TRANSITION_SEQUENCE,P1_CURRENT,STRUCTURAL_REVIEW_SEPARATE,CALENDAR_TRANSITION,YES,P8H-S-0686,NTCT
FY2025Q1,1635,DIRECT_EXACT_INTERVAL|TARGET_DIFFERENT_ECONOMIC,NEED_OFFICIAL_PERIOD_END|NEED_SOURCE_SEMANTICS_CONFIRMATION|NEED_TARGET_COLLISION_RESOLUTION|NEED_TRANSITION_CALENDAR_EVIDENCE,FY2025Q1: need transition/stub calendar decision ; FY2025Q1: need official period_end ; FY2025Q1: confirm sequence semantics ; FY2025Q1: target FY/FQ collision requires reconciliation,YES,NO,PERIOD_END_TRANSITION_REVIEW|TARGET_COLLISION|TRANSITION_REVIEW|TRANSITION_SEQUENCE,P3_LATEST8Q,STRUCTURAL_REVIEW_SEPARATE,CALENDAR_TRANSITION,YES,P8H-S-0687,NTCT
FY2024Q4,1635,DIRECT_EXACT_INTERVAL|TARGET_DIFFERENT_ECONOMIC,NEED_EBIT|NEED_OFFICIAL_PERIOD_END|NEED_SOURCE_SEMANTICS_CONFIRMATION|NEED_TARGET_COLLISION_RESOLUTION|NEED_TRANSITION_CALENDAR_EVIDENCE,FY2024Q4: need EBIT ; FY2024Q4: need transition/stub calendar decision ; FY2024Q4: need official period_end ; FY2024Q4: confirm sequence semantics ; FY2024Q4: target FY/FQ collision requires reconciliation ; FY2024Q4: Need approved issuer/company-specific EBIT rule; do not blanket map Operating Income,YES,NO,PERIOD_END_TRANSITION_REVIEW|PRIMARY_CORE_INCOMPLETE|TARGET_COLLISION|TRANSITION_REVIEW|TRANSITION_SEQUENCE,P3_LATEST8Q,STRUCTURAL_REVIEW_SEPARATE,CALENDAR_TRANSITION,YES,P8H-S-0688,NTCT
FY2024Q3,1635,DIRECT_EXACT_INTERVAL|TARGET_DIFFERENT_ECONOMIC,NEED_OFFICIAL_PERIOD_END|NEED_SOURCE_SEMANTICS_CONFIRMATION|NEED_TARGET_COLLISION_RESOLUTION|NEED_TRANSITION_CALENDAR_EVIDENCE,FY2024Q3: need transition/stub calendar decision ; FY2024Q3: need official period_end ; FY2024Q3: confirm sequence semantics ; FY2024Q3: target FY/FQ collision requires reconciliation,YES,NO,PERIOD_END_TRANSITION_REVIEW|TARGET_COLLISION|TRANSITION_REVIEW|TRANSITION_SEQUENCE,P3_LATEST8Q,STRUCTURAL_REVIEW_SEPARATE,CALENDAR_TRANSITION,YES,P8H-S-0689,NTCT
FY2024Q2,1635,DIRECT_EXACT_INTERVAL|TARGET_DIFFERENT_ECONOMIC,NEED_OFFICIAL_PERIOD_END|NEED_SOURCE_SEMANTICS_CONFIRMATION|NEED_TARGET_COLLISION_RESOLUTION|NEED_TRANSITION_CALENDAR_EVIDENCE,FY2024Q2: need transition/stub calendar decision ; FY2024Q2: need official period_end ; FY2024Q2: confirm sequence semantics ; FY2024Q2: target FY/FQ collision requires reconciliation,YES,NO,PERIOD_END_TRANSITION_REVIEW|TARGET_COLLISION|TRANSITION_REVIEW|TRANSITION_SEQUENCE,P3_LATEST8Q,STRUCTURAL_REVIEW_SEPARATE,CALENDAR_TRANSITION,YES,P8H-S-0690,NTCT
FY2026Q2,1637,UNRESOLVED|UNRESOLVED,NEED_GROSS_PROFIT|NEED_OFFICIAL_FISCAL_YEAR_START|NEED_OFFICIAL_FY_FQ_IDENTITY|NEED_SOURCE_SEMANTICS_CONFIRMATION,FY2026Q2: need Gross Profit ; FY2026Q2: need official fiscal year start and FY/FQ identity ; FY2026Q2: confirm sequence semantics,YES,NO,SECONDARY_FIELDS_INCOMPLETE|UNRESOLVED_BOUNDARY|UNRESOLVED_SEQUENCE,P1_CURRENT,STRUCTURAL_REVIEW_SEPARATE,SOURCE_SEMANTIC_AMBIGUITY,YES,P8H-S-0691,NTLA
FY2026Q1,1637,UNRESOLVED|UNRESOLVED,NEED_GROSS_PROFIT|NEED_OFFICIAL_FISCAL_YEAR_START|NEED_OFFICIAL_FY_FQ_IDENTITY|NEED_SOURCE_SEMANTICS_CONFIRMATION,FY2026Q1: need Gross Profit ; FY2026Q1: need official fiscal year start and FY/FQ identity ; FY2026Q1: confirm sequence semantics,YES,NO,SECONDARY_FIELDS_INCOMPLETE|UNRESOLVED_BOUNDARY|UNRESOLVED_SEQUENCE,P1_CURRENT,STRUCTURAL_REVIEW_SEPARATE,SOURCE_SEMANTIC_AMBIGUITY,YES,P8H-S-0692,NTLA
FY2024Q4,1651,DIRECT_EXACT_INTERVAL|TARGET_DIFFERENT_ECONOMIC,NEED_EBIT|NEED_LOCAL_LINEAGE_RECONCILIATION|NEED_SOURCE_SEMANTICS_CONFIRMATION|NEED_TARGET_COLLISION_RESOLUTION,FY2024Q4: need EBIT ; FY2024Q4: reconcile stored FY/FQ against direct exact fiscal anchor ; FY2024Q4: target FY/FQ collision requires reconciliation ; FY2024Q4: Need approved issuer/company-specific EBIT rule; do not blanket map Operating Income,YES,NO,FY_CONFLICT_DIRECT_EXACT|PRIMARY_CORE_INCOMPLETE|TARGET_COLLISION,P3_LATEST8Q,STRUCTURAL_REVIEW_SEPARATE,TARGET_DIFFERENT_ECONOMIC,YES,P8H-S-0693,NVDA
FY2025Q3,1668,DIRECT_EXACT_INTERVAL|TARGET_DIFFERENT_ECONOMIC,NEED_DEBT|NEED_LOCAL_LINEAGE_RECONCILIATION|NEED_TARGET_COLLISION_RESOLUTION,FY2025Q3: need Debt ; FY2025Q3: reconcile stored FY/FQ against direct exact fiscal anchor ; FY2025Q3: target FY/FQ collision requires reconciliation,YES,NO,FY_CONFLICT_DIRECT_EXACT|PRIMARY_CORE_INCOMPLETE|TARGET_COLLISION,P3_LATEST8Q,STRUCTURAL_REVIEW_SEPARATE,TARGET_DIFFERENT_ECONOMIC,YES,P8H-S-0694,NXT
FY2024Q4,1668,DIRECT_EXACT_INTERVAL|TARGET_DIFFERENT_ECONOMIC,NEED_EBIT|NEED_LOCAL_LINEAGE_RECONCILIATION|NEED_SOURCE_SEMANTICS_CONFIRMATION|NEED_TARGET_COLLISION_RESOLUTION,FY2024Q4: need EBIT ; FY2024Q4: reconcile stored FY/FQ against direct exact fiscal anchor ; FY2024Q4: target FY/FQ collision requires reconciliation ; FY2024Q4: Need approved issuer/company-specific EBIT rule; do not blanket map Operating Income,YES,NO,FY_CONFLICT_DIRECT_EXACT|PRIMARY_CORE_INCOMPLETE|TARGET_COLLISION,P3_LATEST8Q,STRUCTURAL_REVIEW_SEPARATE,TARGET_DIFFERENT_ECONOMIC,YES,P8H-S-0695,NXT
FY2026Q2,1672,UNRESOLVED|UNRESOLVED,NEED_OFFICIAL_FISCAL_YEAR_START|NEED_OFFICIAL_FY_FQ_IDENTITY|NEED_SOURCE_SEMANTICS_CONFIRMATION,FY2026Q2: need official fiscal year start and FY/FQ identity ; FY2026Q2: confirm sequence semantics,YES,NO,UNRESOLVED_BOUNDARY|UNRESOLVED_SEQUENCE,P1_CURRENT,STRUCTURAL_REVIEW_SEPARATE,SOURCE_SEMANTIC_AMBIGUITY,YES,P8H-S-0696,OABI
FY2026Q1,1672,UNRESOLVED|UNRESOLVED,NEED_OFFICIAL_FISCAL_YEAR_START|NEED_OFFICIAL_FY_FQ_IDENTITY|NEED_SOURCE_SEMANTICS_CONFIRMATION,FY2026Q1: need official fiscal year start and FY/FQ identity ; FY2026Q1: confirm sequence semantics,YES,NO,UNRESOLVED_BOUNDARY|UNRESOLVED_SEQUENCE,P1_CURRENT,STRUCTURAL_REVIEW_SEPARATE,SOURCE_SEMANTIC_AMBIGUITY,YES,P8H-S-0697,OABI
FY2026Q1,1673,UNRESOLVED|UNRESOLVED,NEED_OFFICIAL_FISCAL_YEAR_START|NEED_OFFICIAL_FY_FQ_IDENTITY|NEED_SOURCE_SEMANTICS_CONFIRMATION,FY2026Q1: need official fiscal year start and FY/FQ identity ; FY2026Q1: confirm sequence semantics,YES,NO,UNRESOLVED_BOUNDARY|UNRESOLVED_SEQUENCE,P1_CURRENT,STRUCTURAL_REVIEW_SEPARATE,SOURCE_SEMANTIC_AMBIGUITY,YES,P8H-S-0698,OBIO
FY2025Q1,1690,DIRECT_EXACT_INTERVAL|TARGET_DIFFERENT_ECONOMIC,NEED_LOCAL_LINEAGE_RECONCILIATION|NEED_TARGET_COLLISION_RESOLUTION,FY2025Q1: reconcile stored FY/FQ against direct exact fiscal anchor ; FY2025Q1: target FY/FQ collision requires reconciliation,YES,NO,FY_CONFLICT_DIRECT_EXACT|TARGET_COLLISION,P3_LATEST8Q,STRUCTURAL_REVIEW_SEPARATE,TARGET_DIFFERENT_ECONOMIC,YES,P8H-S-0699,OKTA
FY2026Q3,1693,DIRECT_EXACT_INTERVAL|TARGET_DIFFERENT_ECONOMIC,NEED_LOCAL_LINEAGE_RECONCILIATION|NEED_TARGET_COLLISION_RESOLUTION,FY2026Q3: reconcile stored FY/FQ against direct exact fiscal anchor ; FY2026Q3: target FY/FQ collision requires reconciliation,YES,NO,FY_CONFLICT_DIRECT_EXACT|TARGET_COLLISION,P1_CURRENT,STRUCTURAL_REVIEW_SEPARATE,TARGET_DIFFERENT_ECONOMIC,YES,P8H-S-0700,OLLI
FY2024Q4,1693,DIRECT_EXACT_INTERVAL|TARGET_DIFFERENT_ECONOMIC,NEED_DEBT|NEED_EBITDA|NEED_MISSING_QUARTER_SOURCE|NEED_TARGET_COLLISION_RESOLUTION,FY2024Q4: need Debt ; FY2024Q4: need EBITDA ; FY2024Q4: verify missing adjacent fiscal quarter source ; FY2024Q4: target FY/FQ collision requires reconciliation,YES,NO,MISSING_QUARTER|PRIMARY_CORE_INCOMPLETE|SECONDARY_FIELDS_INCOMPLETE|TARGET_COLLISION,P3_LATEST8Q,STRUCTURAL_REVIEW_SEPARATE,TARGET_DIFFERENT_ECONOMIC,YES,P8H-S-0701,OLLI
FY2024Q3,1693,DIRECT_EXACT_INTERVAL|TARGET_DIFFERENT_ECONOMIC,NEED_DEBT|NEED_EBITDA|NEED_LOCAL_LINEAGE_RECONCILIATION|NEED_TARGET_COLLISION_RESOLUTION,FY2024Q3: need Debt ; FY2024Q3: need EBITDA ; FY2024Q3: reconcile stored FY/FQ against direct exact fiscal anchor ; FY2024Q3: target FY/FQ collision requires reconciliation,YES,NO,FY_CONFLICT_DIRECT_EXACT|PRIMARY_CORE_INCOMPLETE|SECONDARY_FIELDS_INCOMPLETE|TARGET_COLLISION,P3_LATEST8Q,STRUCTURAL_REVIEW_SEPARATE,TARGET_DIFFERENT_ECONOMIC,YES,P8H-S-0702,OLLI
FY2024Q2,1693,DIRECT_EXACT_INTERVAL|TARGET_DIFFERENT_ECONOMIC,NEED_DEBT|NEED_EBITDA|NEED_LOCAL_LINEAGE_RECONCILIATION|NEED_TARGET_COLLISION_RESOLUTION,FY2024Q2: need Debt ; FY2024Q2: need EBITDA ; FY2024Q2: reconcile stored FY/FQ against direct exact fiscal anchor ; FY2024Q2: target FY/FQ collision requires reconciliation,YES,NO,FY_CONFLICT_DIRECT_EXACT|PRIMARY_CORE_INCOMPLETE|SECONDARY_FIELDS_INCOMPLETE|TARGET_COLLISION,P3_LATEST8Q,STRUCTURAL_REVIEW_SEPARATE,TARGET_DIFFERENT_ECONOMIC,YES,P8H-S-0703,OLLI
FY2026Q2,1698,UNRESOLVED|UNRESOLVED,NEED_FIRST_PUBLIC_RESULT_DATE|NEED_OFFICIAL_FISCAL_YEAR_START|NEED_OFFICIAL_FY_FQ_IDENTITY|NEED_SOURCE_SEMANTICS_CONFIRMATION,FY2026Q2: need official fiscal year start and FY/FQ identity ; FY2026Q2: need first-public result date ; FY2026Q2: confirm sequence semantics,YES,NO,PUBLISH_DATE_MISSING|UNRESOLVED_BOUNDARY|UNRESOLVED_SEQUENCE,P1_CURRENT,STRUCTURAL_REVIEW_SEPARATE,SOURCE_SEMANTIC_AMBIGUITY,YES,P8H-S-0704,OMC
FY2026Q1,1698,UNRESOLVED|UNRESOLVED,NEED_OFFICIAL_FISCAL_YEAR_START|NEED_OFFICIAL_FY_FQ_IDENTITY|NEED_SOURCE_SEMANTICS_CONFIRMATION,FY2026Q1: need official fiscal year start and FY/FQ identity ; FY2026Q1: confirm sequence semantics,YES,NO,UNRESOLVED_BOUNDARY|UNRESOLVED_SEQUENCE,P1_CURRENT,STRUCTURAL_REVIEW_SEPARATE,SOURCE_SEMANTIC_AMBIGUITY,YES,P8H-S-0705,OMC
FY2025Q1,1702,DIRECT_EXACT_INTERVAL|TARGET_DIFFERENT_ECONOMIC,NEED_LOCAL_LINEAGE_RECONCILIATION|NEED_OFFICIAL_PERIOD_END|NEED_TARGET_COLLISION_RESOLUTION,FY2025Q1: reconcile stored FY/FQ against direct exact fiscal anchor ; FY2025Q1: need official period_end ; FY2025Q1: target FY/FQ collision requires reconciliation,YES,NO,FQ_CONFLICT_DIRECT_EXACT|PERIOD_END_FISCAL_SLOT_CONFLICT|TARGET_COLLISION,P3_LATEST8Q,STRUCTURAL_REVIEW_SEPARATE,TARGET_DIFFERENT_ECONOMIC,YES,P8H-S-0706,ON
FY2025Q3,1709,DIRECT_EXACT_INTERVAL|TARGET_DIFFERENT_ECONOMIC,NEED_MISSING_QUARTER_SOURCE|NEED_TARGET_COLLISION_RESOLUTION,FY2025Q3: verify missing adjacent fiscal quarter source ; FY2025Q3: target FY/FQ collision requires reconciliation,YES,NO,MISSING_QUARTER|TARGET_COLLISION,P2_LATEST4Q,STRUCTURAL_REVIEW_SEPARATE,TARGET_DIFFERENT_ECONOMIC,YES,P8H-S-0707,ONTO
FY2025Q2,1709,DIRECT_EXACT_INTERVAL|TARGET_DIFFERENT_ECONOMIC,NEED_TARGET_COLLISION_RESOLUTION,FY2025Q2: target FY/FQ collision requires reconciliation,YES,NO,TARGET_COLLISION,P3_LATEST8Q,STRUCTURAL_REVIEW_SEPARATE,TARGET_DIFFERENT_ECONOMIC,YES,P8H-S-0708,ONTO
FY2025Q1,1709,DIRECT_EXACT_INTERVAL|TARGET_DIFFERENT_ECONOMIC,NEED_EBITDA|NEED_MISSING_QUARTER_SOURCE|NEED_TARGET_COLLISION_RESOLUTION,FY2025Q1: need EBITDA ; FY2025Q1: verify missing adjacent fiscal quarter source ; FY2025Q1: target FY/FQ collision requires reconciliation,YES,NO,MISSING_QUARTER|SECONDARY_FIELDS_INCOMPLETE|TARGET_COLLISION,P3_LATEST8Q,STRUCTURAL_REVIEW_SEPARATE,TARGET_DIFFERENT_ECONOMIC,YES,P8H-S-0709,ONTO
FY2025Q2,1710,DIRECT_EXACT_INTERVAL|TARGET_DIFFERENT_ECONOMIC,NEED_LOCAL_LINEAGE_RECONCILIATION|NEED_TARGET_COLLISION_RESOLUTION,FY2025Q2: reconcile stored FY/FQ against direct exact fiscal anchor ; FY2025Q2: target FY/FQ collision requires reconciliation,NO,NO,FY_CONFLICT_DIRECT_EXACT|TARGET_COLLISION,P2_LATEST4Q,STRUCTURAL_REVIEW_SEPARATE,TARGET_DIFFERENT_ECONOMIC,YES,P8H-S-0710,OOMA
FY2024Q2,1710,DIRECT_EXACT_INTERVAL|TARGET_DIFFERENT_ECONOMIC,NEED_LOCAL_LINEAGE_RECONCILIATION|NEED_TARGET_COLLISION_RESOLUTION,FY2024Q2: reconcile stored FY/FQ against direct exact fiscal anchor ; FY2024Q2: target FY/FQ collision requires reconciliation,NO,NO,FY_CONFLICT_DIRECT_EXACT|TARGET_COLLISION,P3_LATEST8Q,STRUCTURAL_REVIEW_SEPARATE,TARGET_DIFFERENT_ECONOMIC,YES,P8H-S-0711,OOMA
FY2026Q2,1712,UNRESOLVED|UNRESOLVED,NEED_OFFICIAL_FISCAL_YEAR_START|NEED_OFFICIAL_FY_FQ_IDENTITY|NEED_SOURCE_SEMANTICS_CONFIRMATION,FY2026Q2: need official fiscal year start and FY/FQ identity ; FY2026Q2: confirm sequence semantics,YES,NO,UNRESOLVED_BOUNDARY|UNRESOLVED_SEQUENCE,P1_CURRENT,STRUCTURAL_REVIEW_SEPARATE,SOURCE_SEMANTIC_AMBIGUITY,YES,P8H-S-0712,OPCH
FY2026Q1,1712,UNRESOLVED|UNRESOLVED,NEED_OFFICIAL_FISCAL_YEAR_START|NEED_OFFICIAL_FY_FQ_IDENTITY|NEED_SOURCE_SEMANTICS_CONFIRMATION,FY2026Q1: need official fiscal year start and FY/FQ identity ; FY2026Q1: confirm sequence semantics,YES,NO,UNRESOLVED_BOUNDARY|UNRESOLVED_SEQUENCE,P1_CURRENT,STRUCTURAL_REVIEW_SEPARATE,SOURCE_SEMANTIC_AMBIGUITY,YES,P8H-S-0713,OPCH
FY2024Q3,1723,DIRECT_EXACT_INTERVAL|TARGET_SELF,NEED_DEBT|NEED_EBITDA|NEED_GROSS_PROFIT|NEED_OFFICIAL_PERIOD_END|NEED_SOURCE_SEMANTICS_CONFIRMATION|NEED_TRANSITION_CALENDAR_EVIDENCE,FY2024Q3: need Debt ; FY2024Q3: need Gross Profit ; FY2024Q3: need EBITDA ; FY2024Q3: need transition/stub calendar decision ; FY2024Q3: need official period_end ; FY2024Q3: confirm sequence semantics,YES,NO,PERIOD_END_TRANSITION_REVIEW|PRIMARY_CORE_INCOMPLETE|SECONDARY_FIELDS_INCOMPLETE|TRANSITION_REVIEW|TRANSITION_SEQUENCE,P3_LATEST8Q,STRUCTURAL_REVIEW_SEPARATE,CALENDAR_TRANSITION,YES,P8H-S-0714,ORKA
FY2024Q2,1723,DIRECT_EXACT_INTERVAL|TARGET_SELF,NEED_CAPEX|NEED_DEBT|NEED_EBITDA|NEED_FCF|NEED_FIRST_PUBLIC_RESULT_DATE|NEED_GROSS_PROFIT|NEED_OFFICIAL_PERIOD_END|NEED_SOURCE_SEMANTICS_CONFIRMATION|NEED_TRANSITION_CALENDAR_EVIDENCE,FY2024Q2: need FCF ; FY2024Q2: need Debt ; FY2024Q2: need Gross Profit ; FY2024Q2: need EBITDA ; FY2024Q2: need Capex ; FY2024Q2: need transition/stub calendar decision ; FY2024Q2: need official period_end ; FY2024Q2: need first-public result date ; FY2024Q2: confirm sequence semantics ; FY2024Q2: Need Capex to derive FCF,YES,NO,PERIOD_END_TRANSITION_REVIEW|PRIMARY_CORE_INCOMPLETE|PUBLISH_DATE_MISSING|SECONDARY_FIELDS_INCOMPLETE|TRANSITION_REVIEW|TRANSITION_SEQUENCE,P3_LATEST8Q,STRUCTURAL_REVIEW_SEPARATE,CALENDAR_TRANSITION,YES,P8H-S-0715,ORKA
FY2024Q1,1723,DIRECT_EXACT_INTERVAL|TARGET_SELF,NEED_CAPEX|NEED_DEBT|NEED_EBITDA|NEED_FCF|NEED_FIRST_PUBLIC_RESULT_DATE|NEED_GROSS_PROFIT|NEED_NET_INCOME|NEED_OFFICIAL_PERIOD_END|NEED_SOURCE_SEMANTICS_CONFIRMATION|NEED_TRANSITION_CALENDAR_EVIDENCE,FY2024Q1: need FCF ; FY2024Q1: need Debt ; FY2024Q1: need Gross Profit ; FY2024Q1: need EBITDA ; FY2024Q1: need Net Income ; FY2024Q1: need Capex ; FY2024Q1: need transition/stub calendar decision ; FY2024Q1: need official period_end ; FY2024Q1: need first-public result date ; FY2024Q1: confirm sequence semantics ; FY2024Q1: Need Capex to derive FCF,YES,NO,PERIOD_END_TRANSITION_REVIEW|PRIMARY_CORE_INCOMPLETE|PUBLISH_DATE_MISSING|SECONDARY_FIELDS_INCOMPLETE|TRANSITION_REVIEW|TRANSITION_SEQUENCE,P3_LATEST8Q,STRUCTURAL_REVIEW_SEPARATE,CALENDAR_TRANSITION,YES,P8H-S-0716,ORKA
FY2026Q3,1727,UNRESOLVED|UNRESOLVED,NEED_OFFICIAL_FISCAL_YEAR_START|NEED_OFFICIAL_FY_FQ_IDENTITY|NEED_SOURCE_SEMANTICS_CONFIRMATION,FY2026Q3: need official fiscal year start and FY/FQ identity ; FY2026Q3: confirm sequence semantics,YES,NO,UNRESOLVED_BOUNDARY|UNRESOLVED_SEQUENCE,P1_CURRENT,STRUCTURAL_REVIEW_SEPARATE,SOURCE_SEMANTIC_AMBIGUITY,YES,P8H-S-0717,OSK
FY2026Q2,1727,UNRESOLVED|UNRESOLVED,NEED_OFFICIAL_FISCAL_YEAR_START|NEED_OFFICIAL_FY_FQ_IDENTITY|NEED_SOURCE_SEMANTICS_CONFIRMATION,FY2026Q2: need official fiscal year start and FY/FQ identity ; FY2026Q2: confirm sequence semantics,YES,NO,UNRESOLVED_BOUNDARY|UNRESOLVED_SEQUENCE,P1_CURRENT,STRUCTURAL_REVIEW_SEPARATE,SOURCE_SEMANTIC_AMBIGUITY,YES,P8H-S-0718,OSK
FY2026Q1,1727,DIRECT_EXACT_INTERVAL|TARGET_DIFFERENT_ECONOMIC,NEED_LOCAL_LINEAGE_RECONCILIATION|NEED_TARGET_COLLISION_RESOLUTION,FY2026Q1: reconcile stored FY/FQ against direct exact fiscal anchor ; FY2026Q1: target FY/FQ collision requires reconciliation,YES,NO,FY_CONFLICT_DIRECT_EXACT|TARGET_COLLISION,P1_CURRENT,STRUCTURAL_REVIEW_SEPARATE,TARGET_DIFFERENT_ECONOMIC,YES,P8H-S-0719,OSK
FY2025Q4,1727,DIRECT_EXACT_INTERVAL|TARGET_DIFFERENT_ECONOMIC,NEED_LOCAL_LINEAGE_RECONCILIATION|NEED_TARGET_COLLISION_RESOLUTION,FY2025Q4: reconcile stored FY/FQ against direct exact fiscal anchor ; FY2025Q4: target FY/FQ collision requires reconciliation,YES,NO,FQ_CONFLICT_DIRECT_EXACT|TARGET_COLLISION,P1_CURRENT,STRUCTURAL_REVIEW_SEPARATE,TARGET_DIFFERENT_ECONOMIC,YES,P8H-S-0720,OSK
FY2025Q1,1752,DIRECT_EXACT_INTERVAL|TARGET_DIFFERENT_ECONOMIC,NEED_LOCAL_LINEAGE_RECONCILIATION|NEED_TARGET_COLLISION_RESOLUTION,FY2025Q1: reconcile stored FY/FQ against direct exact fiscal anchor ; FY2025Q1: target FY/FQ collision requires reconciliation,YES,NO,FY_CONFLICT_DIRECT_EXACT|TARGET_COLLISION,P3_LATEST8Q,STRUCTURAL_REVIEW_SEPARATE,TARGET_DIFFERENT_ECONOMIC,YES,P8H-S-0721,PATH
FY2025Q1,1760,DIRECT_EXACT_INTERVAL|TARGET_DIFFERENT_ECONOMIC,NEED_LOCAL_LINEAGE_RECONCILIATION|NEED_TARGET_COLLISION_RESOLUTION,FY2025Q1: reconcile stored FY/FQ against direct exact fiscal anchor ; FY2025Q1: target FY/FQ collision requires reconciliation,YES,NO,FY_CONFLICT_DIRECT_EXACT|TARGET_COLLISION,P3_LATEST8Q,STRUCTURAL_REVIEW_SEPARATE,TARGET_DIFFERENT_ECONOMIC,YES,P8H-S-0722,PBH
FY2025Q1,1770,DIRECT_EXACT_INTERVAL|TARGET_DIFFERENT_ECONOMIC,NEED_LOCAL_LINEAGE_RECONCILIATION|NEED_TARGET_COLLISION_RESOLUTION,FY2025Q1: reconcile stored FY/FQ against direct exact fiscal anchor ; FY2025Q1: target FY/FQ collision requires reconciliation,YES,NO,FY_CONFLICT_DIRECT_EXACT|TARGET_COLLISION,P3_LATEST8Q,STRUCTURAL_REVIEW_SEPARATE,TARGET_DIFFERENT_ECONOMIC,YES,P8H-S-0723,PD
FY2026Q2,1775,UNRESOLVED|UNRESOLVED,NEED_OFFICIAL_FISCAL_YEAR_START|NEED_OFFICIAL_FY_FQ_IDENTITY|NEED_SOURCE_SEMANTICS_CONFIRMATION,FY2026Q2: need official fiscal year start and FY/FQ identity ; FY2026Q2: confirm sequence semantics,YES,NO,UNRESOLVED_BOUNDARY|UNRESOLVED_SEQUENCE,P1_CURRENT,STRUCTURAL_REVIEW_SEPARATE,SOURCE_SEMANTIC_AMBIGUITY,YES,P8H-S-0724,PEB
FY2026Q1,1775,UNRESOLVED|UNRESOLVED,NEED_OFFICIAL_FISCAL_YEAR_START|NEED_OFFICIAL_FY_FQ_IDENTITY|NEED_SOURCE_SEMANTICS_CONFIRMATION,FY2026Q1: need official fiscal year start and FY/FQ identity ; FY2026Q1: confirm sequence semantics,YES,NO,UNRESOLVED_BOUNDARY|UNRESOLVED_SEQUENCE,P1_CURRENT,STRUCTURAL_REVIEW_SEPARATE,SOURCE_SEMANTIC_AMBIGUITY,YES,P8H-S-0725,PEB
FY2025Q3,1780,DIRECT_EXACT_INTERVAL|TARGET_DIFFERENT_ECONOMIC,NEED_MISSING_QUARTER_SOURCE|NEED_TARGET_COLLISION_RESOLUTION,FY2025Q3: verify missing adjacent fiscal quarter source ; FY2025Q3: target FY/FQ collision requires reconciliation,YES,NO,MISSING_QUARTER|TARGET_COLLISION,P3_LATEST8Q,STRUCTURAL_REVIEW_SEPARATE,TARGET_DIFFERENT_ECONOMIC,YES,P8H-S-0726,PENG
FY2025Q3,1782,DIRECT_EXACT_INTERVAL|TARGET_DIFFERENT_ECONOMIC,NEED_MISSING_QUARTER_SOURCE|NEED_TARGET_COLLISION_RESOLUTION,FY2025Q3: verify missing adjacent fiscal quarter source ; FY2025Q3: target FY/FQ collision requires reconciliation,YES,NO,MISSING_QUARTER|TARGET_COLLISION,P2_LATEST4Q,STRUCTURAL_REVIEW_SEPARATE,TARGET_DIFFERENT_ECONOMIC,YES,P8H-S-0727,PEP
FY2025Q2,1782,DIRECT_EXACT_INTERVAL|TARGET_DIFFERENT_ECONOMIC,NEED_MISSING_QUARTER_SOURCE|NEED_TARGET_COLLISION_RESOLUTION,FY2025Q2: verify missing adjacent fiscal quarter source ; FY2025Q2: target FY/FQ collision requires reconciliation,YES,NO,MISSING_QUARTER|TARGET_COLLISION,P3_LATEST8Q,STRUCTURAL_REVIEW_SEPARATE,TARGET_DIFFERENT_ECONOMIC,YES,P8H-S-0728,PEP
FY2026Q2,1788,DIRECT_EXACT_INTERVAL|TARGET_DIFFERENT_ECONOMIC,NEED_TARGET_COLLISION_RESOLUTION,FY2026Q2: target FY/FQ collision requires reconciliation,YES,NO,TARGET_COLLISION,P1_CURRENT,STRUCTURAL_REVIEW_SEPARATE,TARGET_DIFFERENT_ECONOMIC,YES,P8H-S-0729,PFGC
FY2026Q1,1788,DIRECT_EXACT_INTERVAL|TARGET_DIFFERENT_ECONOMIC,NEED_TARGET_COLLISION_RESOLUTION,FY2026Q1: target FY/FQ collision requires reconciliation,YES,NO,TARGET_COLLISION,P1_CURRENT,STRUCTURAL_REVIEW_SEPARATE,TARGET_DIFFERENT_ECONOMIC,YES,P8H-S-0730,PFGC
FY2025Q4,1788,DIRECT_EXACT_INTERVAL|TARGET_DIFFERENT_ECONOMIC,NEED_LOCAL_LINEAGE_RECONCILIATION|NEED_OFFICIAL_PERIOD_END|NEED_TARGET_COLLISION_RESOLUTION,FY2025Q4: reconcile stored FY/FQ against direct exact fiscal anchor ; FY2025Q4: need official period_end ; FY2025Q4: target FY/FQ collision requires reconciliation,YES,NO,FY_CONFLICT_DIRECT_EXACT|PERIOD_END_FISCAL_SLOT_CONFLICT|TARGET_COLLISION,P1_CURRENT,STRUCTURAL_REVIEW_SEPARATE,TARGET_DIFFERENT_ECONOMIC,YES,P8H-S-0731,PFGC
FY2025Q3,1788,DIRECT_EXACT_INTERVAL|TARGET_DIFFERENT_ECONOMIC,NEED_MISSING_QUARTER_SOURCE|NEED_TARGET_COLLISION_RESOLUTION,FY2025Q3: verify missing adjacent fiscal quarter source ; FY2025Q3: target FY/FQ collision requires reconciliation,YES,NO,MISSING_QUARTER|TARGET_COLLISION,P3_LATEST8Q,STRUCTURAL_REVIEW_SEPARATE,TARGET_DIFFERENT_ECONOMIC,YES,P8H-S-0732,PFGC
FY2025Q1,1798,DIRECT_EXACT_INTERVAL|TARGET_DIFFERENT_ECONOMIC,NEED_LOCAL_LINEAGE_RECONCILIATION|NEED_TARGET_COLLISION_RESOLUTION,FY2025Q1: reconcile stored FY/FQ against direct exact fiscal anchor ; FY2025Q1: target FY/FQ collision requires reconciliation,YES,NO,FY_CONFLICT_DIRECT_EXACT|TARGET_COLLISION,P3_LATEST8Q,STRUCTURAL_REVIEW_SEPARATE,TARGET_DIFFERENT_ECONOMIC,YES,P8H-S-0733,PHR
FY2026Q1,1799,UNRESOLVED|UNRESOLVED,NEED_CAPEX|NEED_OFFICIAL_FISCAL_YEAR_START|NEED_OFFICIAL_FY_FQ_IDENTITY|NEED_SOURCE_SEMANTICS_CONFIRMATION,FY2026Q1: need Capex ; FY2026Q1: need official fiscal year start and FY/FQ identity ; FY2026Q1: confirm sequence semantics,YES,NO,SECONDARY_FIELDS_INCOMPLETE|UNRESOLVED_BOUNDARY|UNRESOLVED_SEQUENCE,P1_CURRENT,STRUCTURAL_REVIEW_SEPARATE,SOURCE_SEMANTIC_AMBIGUITY,YES,P8H-S-0734,PHUN
FY2025Q1,1806,DIRECT_EXACT_INTERVAL|TARGET_DIFFERENT_ECONOMIC,NEED_LOCAL_LINEAGE_RECONCILIATION|NEED_TARGET_COLLISION_RESOLUTION,FY2025Q1: reconcile stored FY/FQ against direct exact fiscal anchor ; FY2025Q1: target FY/FQ collision requires reconciliation,YES,NO,FY_CONFLICT_DIRECT_EXACT|TARGET_COLLISION,P3_LATEST8Q,STRUCTURAL_REVIEW_SEPARATE,TARGET_DIFFERENT_ECONOMIC,YES,P8H-S-0735,PL
FY2025Q1,1807,DIRECT_EXACT_INTERVAL|TARGET_DIFFERENT_ECONOMIC,NEED_LOCAL_LINEAGE_RECONCILIATION|NEED_OFFICIAL_PERIOD_END|NEED_TARGET_COLLISION_RESOLUTION,FY2025Q1: reconcile stored FY/FQ against direct exact fiscal anchor ; FY2025Q1: need official period_end ; FY2025Q1: target FY/FQ collision requires reconciliation,YES,NO,FQ_CONFLICT_DIRECT_EXACT|PERIOD_END_FISCAL_SLOT_CONFLICT|TARGET_COLLISION,P3_LATEST8Q,STRUCTURAL_REVIEW_SEPARATE,TARGET_DIFFERENT_ECONOMIC,YES,P8H-S-0736,PLAB
FY2026Q1,1808,UNRESOLVED|UNRESOLVED,NEED_OFFICIAL_FISCAL_YEAR_START|NEED_OFFICIAL_FY_FQ_IDENTITY|NEED_SOURCE_SEMANTICS_CONFIRMATION,FY2026Q1: need official fiscal year start and FY/FQ identity ; FY2026Q1: confirm sequence semantics,YES,NO,UNRESOLVED_BOUNDARY|UNRESOLVED_SEQUENCE,P1_CURRENT,STRUCTURAL_REVIEW_SEPARATE,SOURCE_SEMANTIC_AMBIGUITY,YES,P8H-S-0737,PLAY
FY2024Q3,1808,DIRECT_EXACT_INTERVAL|TARGET_DIFFERENT_ECONOMIC,NEED_MISSING_QUARTER_SOURCE|NEED_TARGET_COLLISION_RESOLUTION,FY2024Q3: verify missing adjacent fiscal quarter source ; FY2024Q3: target FY/FQ collision requires reconciliation,YES,NO,MISSING_QUARTER|TARGET_COLLISION,P3_LATEST8Q,STRUCTURAL_REVIEW_SEPARATE,TARGET_DIFFERENT_ECONOMIC,YES,P8H-S-0738,PLAY
FY2024Q2,1808,DIRECT_EXACT_INTERVAL|TARGET_DIFFERENT_ECONOMIC,NEED_TARGET_COLLISION_RESOLUTION,FY2024Q2: target FY/FQ collision requires reconciliation,YES,NO,TARGET_COLLISION,P3_LATEST8Q,STRUCTURAL_REVIEW_SEPARATE,TARGET_DIFFERENT_ECONOMIC,YES,P8H-S-0739,PLAY
FY2026Q2,1815,UNRESOLVED|UNRESOLVED,NEED_OFFICIAL_FISCAL_YEAR_START|NEED_OFFICIAL_FY_FQ_IDENTITY|NEED_SOURCE_SEMANTICS_CONFIRMATION,FY2026Q2: need official fiscal year start and FY/FQ identity ; FY2026Q2: confirm sequence semantics,YES,NO,UNRESOLVED_BOUNDARY|UNRESOLVED_SEQUENCE,P1_CURRENT,STRUCTURAL_REVIEW_SEPARATE,SOURCE_SEMANTIC_AMBIGUITY,YES,P8H-S-0740,PLSE
FY2026Q1,1815,UNRESOLVED|UNRESOLVED,NEED_OFFICIAL_FISCAL_YEAR_START|NEED_OFFICIAL_FY_FQ_IDENTITY|NEED_SOURCE_SEMANTICS_CONFIRMATION,FY2026Q1: need official fiscal year start and FY/FQ identity ; FY2026Q1: confirm sequence semantics,YES,NO,UNRESOLVED_BOUNDARY|UNRESOLVED_SEQUENCE,P1_CURRENT,STRUCTURAL_REVIEW_SEPARATE,SOURCE_SEMANTIC_AMBIGUITY,YES,P8H-S-0741,PLSE
FY2026Q2,1817,UNRESOLVED|UNRESOLVED,NEED_FIRST_PUBLIC_RESULT_DATE|NEED_OFFICIAL_FISCAL_YEAR_START|NEED_OFFICIAL_FY_FQ_IDENTITY|NEED_SOURCE_SEMANTICS_CONFIRMATION,FY2026Q2: need official fiscal year start and FY/FQ identity ; FY2026Q2: need first-public result date ; FY2026Q2: confirm sequence semantics,YES,NO,PUBLISH_DATE_MISSING|UNRESOLVED_BOUNDARY|UNRESOLVED_SEQUENCE,P1_CURRENT,STRUCTURAL_REVIEW_SEPARATE,SOURCE_SEMANTIC_AMBIGUITY,YES,P8H-S-0742,PLTR
FY2026Q1,1817,UNRESOLVED|UNRESOLVED,NEED_OFFICIAL_FISCAL_YEAR_START|NEED_OFFICIAL_FY_FQ_IDENTITY|NEED_SOURCE_SEMANTICS_CONFIRMATION,FY2026Q1: need official fiscal year start and FY/FQ identity ; FY2026Q1: confirm sequence semantics,YES,NO,UNRESOLVED_BOUNDARY|UNRESOLVED_SEQUENCE,P1_CURRENT,STRUCTURAL_REVIEW_SEPARATE,SOURCE_SEMANTIC_AMBIGUITY,YES,P8H-S-0743,PLTR
FY2025Q1,1819,DIRECT_EXACT_INTERVAL|TARGET_DIFFERENT_ECONOMIC,NEED_LOCAL_LINEAGE_RECONCILIATION|NEED_TARGET_COLLISION_RESOLUTION,FY2025Q1: reconcile stored FY/FQ against direct exact fiscal anchor ; FY2025Q1: target FY/FQ collision requires reconciliation,YES,NO,FY_CONFLICT_DIRECT_EXACT|TARGET_COLLISION,P3_LATEST8Q,STRUCTURAL_REVIEW_SEPARATE,TARGET_DIFFERENT_ECONOMIC,YES,P8H-S-0744,PLUS
FY2025Q3,1820,DIRECT_EXACT_INTERVAL|TARGET_DIFFERENT_ECONOMIC,NEED_MISSING_QUARTER_SOURCE|NEED_TARGET_COLLISION_RESOLUTION,FY2025Q3: verify missing adjacent fiscal quarter source ; FY2025Q3: target FY/FQ collision requires reconciliation,YES,NO,MISSING_QUARTER|TARGET_COLLISION,P3_LATEST8Q,STRUCTURAL_REVIEW_SEPARATE,TARGET_DIFFERENT_ECONOMIC,YES,P8H-S-0745,PLXS
FY2026Q2,1822,UNRESOLVED|UNRESOLVED,NEED_CAPEX|NEED_EBIT|NEED_EBITDA|NEED_GROSS_PROFIT|NEED_OFFICIAL_FISCAL_YEAR_START|NEED_OFFICIAL_FY_FQ_IDENTITY|NEED_OPERATING_INCOME|NEED_SOURCE_SEMANTICS_CONFIRMATION,FY2026Q2: need EBIT ; FY2026Q2: need Gross Profit ; FY2026Q2: need Operating Income ; FY2026Q2: need EBITDA ; FY2026Q2: need Capex ; FY2026Q2: need official fiscal year start and FY/FQ identity ; FY2026Q2: confirm sequence semantics,YES,NO,PRIMARY_CORE_INCOMPLETE|SECONDARY_FIELDS_INCOMPLETE|UNRESOLVED_BOUNDARY|UNRESOLVED_SEQUENCE,P1_CURRENT,STRUCTURAL_REVIEW_SEPARATE,SOURCE_SEMANTIC_AMBIGUITY,YES,P8H-S-0746,PMT
FY2026Q1,1822,UNRESOLVED|UNRESOLVED,NEED_CAPEX|NEED_EBIT|NEED_EBITDA|NEED_GROSS_PROFIT|NEED_OFFICIAL_FISCAL_YEAR_START|NEED_OFFICIAL_FY_FQ_IDENTITY|NEED_OPERATING_INCOME|NEED_SOURCE_SEMANTICS_CONFIRMATION,FY2026Q1: need EBIT ; FY2026Q1: need Gross Profit ; FY2026Q1: need Operating Income ; FY2026Q1: need EBITDA ; FY2026Q1: need Capex ; FY2026Q1: need official fiscal year start and FY/FQ identity ; FY2026Q1: confirm sequence semantics,YES,NO,PRIMARY_CORE_INCOMPLETE|SECONDARY_FIELDS_INCOMPLETE|UNRESOLVED_BOUNDARY|UNRESOLVED_SEQUENCE,P1_CURRENT,STRUCTURAL_REVIEW_SEPARATE,SOURCE_SEMANTIC_AMBIGUITY,YES,P8H-S-0747,PMT
FY2026Q1,1834,DIRECT_EXACT_INTERVAL|TARGET_DIFFERENT_ECONOMIC,NEED_OFFICIAL_PERIOD_END|NEED_SOURCE_SEMANTICS_CONFIRMATION|NEED_TARGET_COLLISION_RESOLUTION|NEED_TRANSITION_CALENDAR_EVIDENCE,FY2026Q1: need transition/stub calendar decision ; FY2026Q1: need official period_end ; FY2026Q1: confirm sequence semantics ; FY2026Q1: target FY/FQ collision requires reconciliation,YES,NO,PERIOD_END_TRANSITION_REVIEW|TARGET_COLLISION|TRANSITION_REVIEW|TRANSITION_SEQUENCE,P1_CURRENT,STRUCTURAL_REVIEW_SEPARATE,CALENDAR_TRANSITION,YES,P8H-S-0748,POWW
FY2025Q4,1834,DIRECT_EXACT_INTERVAL|TARGET_SELF,NEED_OFFICIAL_PERIOD_END|NEED_SOURCE_SEMANTICS_CONFIRMATION|NEED_TRANSITION_CALENDAR_EVIDENCE,FY2025Q4: need transition/stub calendar decision ; FY2025Q4: need official period_end ; FY2025Q4: confirm sequence semantics,YES,NO,PERIOD_END_TRANSITION_REVIEW|TRANSITION_REVIEW|TRANSITION_SEQUENCE,P1_CURRENT,STRUCTURAL_REVIEW_SEPARATE,CALENDAR_TRANSITION,YES,P8H-S-0749,POWW
FY2025Q3,1834,DIRECT_EXACT_INTERVAL|TARGET_DIFFERENT_ECONOMIC,NEED_OFFICIAL_PERIOD_END|NEED_SOURCE_SEMANTICS_CONFIRMATION|NEED_TARGET_COLLISION_RESOLUTION|NEED_TRANSITION_CALENDAR_EVIDENCE,FY2025Q3: need transition/stub calendar decision ; FY2025Q3: need official period_end ; FY2025Q3: confirm sequence semantics ; FY2025Q3: target FY/FQ collision requires reconciliation,YES,NO,PERIOD_END_TRANSITION_REVIEW|TARGET_COLLISION|TRANSITION_REVIEW|TRANSITION_SEQUENCE,P1_CURRENT,STRUCTURAL_REVIEW_SEPARATE,CALENDAR_TRANSITION,YES,P8H-S-0750,POWW
FY2025Q2,1834,DIRECT_EXACT_INTERVAL|TARGET_DIFFERENT_ECONOMIC,NEED_OFFICIAL_PERIOD_END|NEED_SOURCE_SEMANTICS_CONFIRMATION|NEED_TARGET_COLLISION_RESOLUTION|NEED_TRANSITION_CALENDAR_EVIDENCE,FY2025Q2: need transition/stub calendar decision ; FY2025Q2: need official period_end ; FY2025Q2: confirm sequence semantics ; FY2025Q2: target FY/FQ collision requires reconciliation,YES,NO,PERIOD_END_TRANSITION_REVIEW|TARGET_COLLISION|TRANSITION_REVIEW|TRANSITION_SEQUENCE,P1_CURRENT,STRUCTURAL_REVIEW_SEPARATE,CALENDAR_TRANSITION,YES,P8H-S-0751,POWW
FY2024Q4,1834,DIRECT_EXACT_INTERVAL|TARGET_DIFFERENT_ECONOMIC,NEED_EBIT|NEED_EBITDA|NEED_OFFICIAL_PERIOD_END|NEED_SOURCE_SEMANTICS_CONFIRMATION|NEED_TARGET_COLLISION_RESOLUTION|NEED_TRANSITION_CALENDAR_EVIDENCE,FY2024Q4: need EBIT ; FY2024Q4: need EBITDA ; FY2024Q4: need transition/stub calendar decision ; FY2024Q4: need official period_end ; FY2024Q4: confirm sequence semantics ; FY2024Q4: target FY/FQ collision requires reconciliation ; FY2024Q4: Need approved issuer/company-specific EBIT rule; do not blanket map Operating Income,YES,NO,PERIOD_END_TRANSITION_REVIEW|PRIMARY_CORE_INCOMPLETE|SECONDARY_FIELDS_INCOMPLETE|TARGET_COLLISION|TRANSITION_REVIEW|TRANSITION_SEQUENCE,P3_LATEST8Q,STRUCTURAL_REVIEW_SEPARATE,CALENDAR_TRANSITION,YES,P8H-S-0752,POWW
FY2024Q3,1834,DIRECT_EXACT_INTERVAL|TARGET_DIFFERENT_ECONOMIC,NEED_DEBT|NEED_FIRST_PUBLIC_RESULT_DATE|NEED_OFFICIAL_PERIOD_END|NEED_SOURCE_SEMANTICS_CONFIRMATION|NEED_TARGET_COLLISION_RESOLUTION|NEED_TRANSITION_CALENDAR_EVIDENCE,FY2024Q3: need Debt ; FY2024Q3: need transition/stub calendar decision ; FY2024Q3: need official period_end ; FY2024Q3: need first-public result date ; FY2024Q3: confirm sequence semantics ; FY2024Q3: target FY/FQ collision requires reconciliation,YES,NO,PERIOD_END_TRANSITION_REVIEW|PRIMARY_CORE_INCOMPLETE|PUBLISH_SEQUENCE_CONFLICT|TARGET_COLLISION|TRANSITION_REVIEW|TRANSITION_SEQUENCE,P3_LATEST8Q,STRUCTURAL_REVIEW_SEPARATE,CALENDAR_TRANSITION,YES,P8H-S-0753,POWW
FY2025Q1,1834,DIRECT_EXACT_INTERVAL|TARGET_SELF,NEED_FIRST_PUBLIC_RESULT_DATE|NEED_OFFICIAL_PERIOD_END|NEED_SOURCE_SEMANTICS_CONFIRMATION|NEED_TRANSITION_CALENDAR_EVIDENCE,FY2025Q1: need transition/stub calendar decision ; FY2025Q1: need official period_end ; FY2025Q1: need first-public result date ; FY2025Q1: confirm sequence semantics,YES,NO,PERIOD_END_TRANSITION_REVIEW|PUBLISH_SEQUENCE_CONFLICT|TRANSITION_REVIEW|TRANSITION_SEQUENCE,P3_LATEST8Q,STRUCTURAL_REVIEW_SEPARATE,CALENDAR_TRANSITION,YES,P8H-S-0754,POWW
FY2024Q2,1834,DIRECT_EXACT_INTERVAL|TARGET_CONFLICTING,NEED_OFFICIAL_PERIOD_END|NEED_SOURCE_SEMANTICS_CONFIRMATION|NEED_TARGET_COLLISION_RESOLUTION|NEED_TRANSITION_CALENDAR_EVIDENCE,FY2024Q2: need transition/stub calendar decision ; FY2024Q2: need official period_end ; FY2024Q2: confirm sequence semantics ; FY2024Q2: target FY/FQ collision requires reconciliation,YES,NO,PERIOD_END_TRANSITION_REVIEW|TARGET_COLLISION|TRANSITION_REVIEW|TRANSITION_SEQUENCE,P3_LATEST8Q,STRUCTURAL_REVIEW_SEPARATE,CALENDAR_TRANSITION,YES,P8H-S-0755,POWW
FY2026Q2,1835,UNRESOLVED|UNRESOLVED,NEED_OFFICIAL_FISCAL_YEAR_START|NEED_OFFICIAL_FY_FQ_IDENTITY|NEED_SOURCE_SEMANTICS_CONFIRMATION,FY2026Q2: need official fiscal year start and FY/FQ identity ; FY2026Q2: confirm sequence semantics,YES,NO,UNRESOLVED_BOUNDARY|UNRESOLVED_SEQUENCE,P1_CURRENT,STRUCTURAL_REVIEW_SEPARATE,SOURCE_SEMANTIC_AMBIGUITY,YES,P8H-S-0756,PPC
FY2026Q1,1835,UNRESOLVED|UNRESOLVED,NEED_OFFICIAL_FISCAL_YEAR_START|NEED_OFFICIAL_FY_FQ_IDENTITY|NEED_SOURCE_SEMANTICS_CONFIRMATION,FY2026Q1: need official fiscal year start and FY/FQ identity ; FY2026Q1: confirm sequence semantics,YES,NO,UNRESOLVED_BOUNDARY|UNRESOLVED_SEQUENCE,P1_CURRENT,STRUCTURAL_REVIEW_SEPARATE,SOURCE_SEMANTIC_AMBIGUITY,YES,P8H-S-0757,PPC
FY2025Q4,1835,UNRESOLVED|UNRESOLVED,NEED_OFFICIAL_FISCAL_YEAR_START|NEED_OFFICIAL_FY_FQ_IDENTITY|NEED_SOURCE_SEMANTICS_CONFIRMATION,FY2025Q4: need official fiscal year start and FY/FQ identity ; FY2025Q4: confirm sequence semantics,YES,NO,UNRESOLVED_BOUNDARY|UNRESOLVED_SEQUENCE,P1_CURRENT,STRUCTURAL_REVIEW_SEPARATE,SOURCE_SEMANTIC_AMBIGUITY,YES,P8H-S-0758,PPC
FY2025Q3,1835,DIRECT_EXACT_INTERVAL|TARGET_DIFFERENT_ECONOMIC,NEED_TARGET_COLLISION_RESOLUTION,FY2025Q3: target FY/FQ collision requires reconciliation,YES,NO,TARGET_COLLISION,P1_CURRENT,STRUCTURAL_REVIEW_SEPARATE,TARGET_DIFFERENT_ECONOMIC,YES,P8H-S-0759,PPC
FY2025Q2,1835,DIRECT_EXACT_INTERVAL|TARGET_DIFFERENT_ECONOMIC,NEED_TARGET_COLLISION_RESOLUTION,FY2025Q2: target FY/FQ collision requires reconciliation,YES,NO,TARGET_COLLISION,P3_LATEST8Q,STRUCTURAL_REVIEW_SEPARATE,TARGET_DIFFERENT_ECONOMIC,YES,P8H-S-0760,PPC
FY2025Q1,1835,DIRECT_EXACT_INTERVAL|TARGET_DIFFERENT_ECONOMIC,NEED_MISSING_QUARTER_SOURCE|NEED_TARGET_COLLISION_RESOLUTION,FY2025Q1: verify missing adjacent fiscal quarter source ; FY2025Q1: target FY/FQ collision requires reconciliation,YES,NO,MISSING_QUARTER|TARGET_COLLISION,P3_LATEST8Q,STRUCTURAL_REVIEW_SEPARATE,TARGET_DIFFERENT_ECONOMIC,YES,P8H-S-0761,PPC
FY2026Q2,1841,UNRESOLVED|UNRESOLVED,NEED_FIRST_PUBLIC_RESULT_DATE|NEED_OFFICIAL_FISCAL_YEAR_START|NEED_OFFICIAL_FY_FQ_IDENTITY|NEED_SOURCE_SEMANTICS_CONFIRMATION,FY2026Q2: need official fiscal year start and FY/FQ identity ; FY2026Q2: need first-public result date ; FY2026Q2: confirm sequence semantics,YES,NO,PUBLISH_DATE_MISSING|UNRESOLVED_BOUNDARY|UNRESOLVED_SEQUENCE,P1_CURRENT,STRUCTURAL_REVIEW_SEPARATE,SOURCE_SEMANTIC_AMBIGUITY,YES,P8H-S-0762,PR
FY2026Q1,1841,UNRESOLVED|UNRESOLVED,NEED_OFFICIAL_FISCAL_YEAR_START|NEED_OFFICIAL_FY_FQ_IDENTITY|NEED_SOURCE_SEMANTICS_CONFIRMATION,FY2026Q1: need official fiscal year start and FY/FQ identity ; FY2026Q1: confirm sequence semantics,YES,NO,UNRESOLVED_BOUNDARY|UNRESOLVED_SEQUENCE,P1_CURRENT,STRUCTURAL_REVIEW_SEPARATE,SOURCE_SEMANTIC_AMBIGUITY,YES,P8H-S-0763,PR
FY2026Q2,1846,UNRESOLVED|UNRESOLVED,NEED_FIRST_PUBLIC_RESULT_DATE|NEED_OFFICIAL_FISCAL_YEAR_START|NEED_OFFICIAL_FY_FQ_IDENTITY|NEED_SOURCE_SEMANTICS_CONFIRMATION,FY2026Q2: need official fiscal year start and FY/FQ identity ; FY2026Q2: need first-public result date ; FY2026Q2: confirm sequence semantics,YES,NO,PUBLISH_DATE_MISSING|UNRESOLVED_BOUNDARY|UNRESOLVED_SEQUENCE,P1_CURRENT,STRUCTURAL_REVIEW_SEPARATE,SOURCE_SEMANTIC_AMBIGUITY,YES,P8H-S-0764,PRGO
FY2026Q1,1846,UNRESOLVED|UNRESOLVED,NEED_OFFICIAL_FISCAL_YEAR_START|NEED_OFFICIAL_FY_FQ_IDENTITY|NEED_SOURCE_SEMANTICS_CONFIRMATION,FY2026Q1: need official fiscal year start and FY/FQ identity ; FY2026Q1: confirm sequence semantics,YES,NO,UNRESOLVED_BOUNDARY|UNRESOLVED_SEQUENCE,P1_CURRENT,STRUCTURAL_REVIEW_SEPARATE,SOURCE_SEMANTIC_AMBIGUITY,YES,P8H-S-0765,PRGO
FY2026Q2,1850,UNRESOLVED|UNRESOLVED,NEED_OFFICIAL_FISCAL_YEAR_START|NEED_OFFICIAL_FY_FQ_IDENTITY|NEED_SOURCE_SEMANTICS_CONFIRMATION,FY2026Q2: need official fiscal year start and FY/FQ identity ; FY2026Q2: confirm sequence semantics,YES,NO,UNRESOLVED_BOUNDARY|UNRESOLVED_SEQUENCE,P1_CURRENT,STRUCTURAL_REVIEW_SEPARATE,SOURCE_SEMANTIC_AMBIGUITY,YES,P8H-S-0766,PRLB
FY2026Q1,1850,UNRESOLVED|UNRESOLVED,NEED_OFFICIAL_FISCAL_YEAR_START|NEED_OFFICIAL_FY_FQ_IDENTITY|NEED_SOURCE_SEMANTICS_CONFIRMATION,FY2026Q1: need official fiscal year start and FY/FQ identity ; FY2026Q1: confirm sequence semantics,YES,NO,UNRESOLVED_BOUNDARY|UNRESOLVED_SEQUENCE,P1_CURRENT,STRUCTURAL_REVIEW_SEPARATE,SOURCE_SEMANTIC_AMBIGUITY,YES,P8H-S-0767,PRLB
FY2026Q1,1858,UNRESOLVED|UNRESOLVED,NEED_OFFICIAL_FISCAL_YEAR_START|NEED_OFFICIAL_FY_FQ_IDENTITY|NEED_SOURCE_SEMANTICS_CONFIRMATION,FY2026Q1: need official fiscal year start and FY/FQ identity ; FY2026Q1: confirm sequence semantics,YES,NO,UNRESOLVED_BOUNDARY|UNRESOLVED_SEQUENCE,P1_CURRENT,STRUCTURAL_REVIEW_SEPARATE,SOURCE_SEMANTIC_AMBIGUITY,YES,P8H-S-0768,PRPL
FY2026Q2,1868,UNRESOLVED|UNRESOLVED,NEED_FIRST_PUBLIC_RESULT_DATE|NEED_OFFICIAL_FISCAL_YEAR_START|NEED_OFFICIAL_FY_FQ_IDENTITY|NEED_SOURCE_SEMANTICS_CONFIRMATION,FY2026Q2: need official fiscal year start and FY/FQ identity ; FY2026Q2: need first-public result date ; FY2026Q2: confirm sequence semantics,YES,NO,PUBLISH_DATE_MISSING|UNRESOLVED_BOUNDARY|UNRESOLVED_SEQUENCE,P1_CURRENT,STRUCTURAL_REVIEW_SEPARATE,SOURCE_SEMANTIC_AMBIGUITY,YES,P8H-S-0769,PSN
FY2026Q1,1868,UNRESOLVED|UNRESOLVED,NEED_OFFICIAL_FISCAL_YEAR_START|NEED_OFFICIAL_FY_FQ_IDENTITY|NEED_SOURCE_SEMANTICS_CONFIRMATION,FY2026Q1: need official fiscal year start and FY/FQ identity ; FY2026Q1: confirm sequence semantics,YES,NO,UNRESOLVED_BOUNDARY|UNRESOLVED_SEQUENCE,P1_CURRENT,STRUCTURAL_REVIEW_SEPARATE,SOURCE_SEMANTIC_AMBIGUITY,YES,P8H-S-0770,PSN
FY2025Q4,1878,DIRECT_EXACT_INTERVAL|TARGET_SELF,NEED_CAPEX|NEED_GROSS_PROFIT|NEED_OFFICIAL_PERIOD_END|NEED_SOURCE_SEMANTICS_CONFIRMATION|NEED_TRANSITION_CALENDAR_EVIDENCE,FY2025Q4: need Gross Profit ; FY2025Q4: need Capex ; FY2025Q4: need transition/stub calendar decision ; FY2025Q4: need official period_end ; FY2025Q4: confirm sequence semantics,YES,NO,PERIOD_END_TRANSITION_REVIEW|SECONDARY_FIELDS_INCOMPLETE|TRANSITION_REVIEW|TRANSITION_SEQUENCE,P1_CURRENT,STRUCTURAL_REVIEW_SEPARATE,CALENDAR_TRANSITION,YES,P8H-S-0771,PTIX
FY2025Q3,1878,DIRECT_EXACT_INTERVAL|TARGET_DIFFERENT_ECONOMIC,NEED_CAPEX|NEED_GROSS_PROFIT|NEED_OFFICIAL_PERIOD_END|NEED_SOURCE_SEMANTICS_CONFIRMATION|NEED_TARGET_COLLISION_RESOLUTION|NEED_TRANSITION_CALENDAR_EVIDENCE,FY2025Q3: need Gross Profit ; FY2025Q3: need Capex ; FY2025Q3: need transition/stub calendar decision ; FY2025Q3: need official period_end ; FY2025Q3: confirm sequence semantics ; FY2025Q3: target FY/FQ collision requires reconciliation,YES,NO,PERIOD_END_TRANSITION_REVIEW|SECONDARY_FIELDS_INCOMPLETE|TARGET_COLLISION|TRANSITION_REVIEW|TRANSITION_SEQUENCE,P1_CURRENT,STRUCTURAL_REVIEW_SEPARATE,CALENDAR_TRANSITION,YES,P8H-S-0772,PTIX
FY2025Q2,1878,DIRECT_EXACT_INTERVAL|TARGET_DIFFERENT_ECONOMIC,NEED_CAPEX|NEED_GROSS_PROFIT|NEED_OFFICIAL_PERIOD_END|NEED_SOURCE_SEMANTICS_CONFIRMATION|NEED_TARGET_COLLISION_RESOLUTION|NEED_TRANSITION_CALENDAR_EVIDENCE,FY2025Q2: need Gross Profit ; FY2025Q2: need Capex ; FY2025Q2: need transition/stub calendar decision ; FY2025Q2: need official period_end ; FY2025Q2: confirm sequence semantics ; FY2025Q2: target FY/FQ collision requires reconciliation,YES,NO,PERIOD_END_TRANSITION_REVIEW|SECONDARY_FIELDS_INCOMPLETE|TARGET_COLLISION|TRANSITION_REVIEW|TRANSITION_SEQUENCE,P1_CURRENT,STRUCTURAL_REVIEW_SEPARATE,CALENDAR_TRANSITION,YES,P8H-S-0773,PTIX
FY2025Q1,1878,DIRECT_EXACT_INTERVAL|TARGET_DIFFERENT_ECONOMIC,NEED_CAPEX|NEED_GROSS_PROFIT|NEED_OFFICIAL_PERIOD_END|NEED_SOURCE_SEMANTICS_CONFIRMATION|NEED_TARGET_COLLISION_RESOLUTION|NEED_TRANSITION_CALENDAR_EVIDENCE,FY2025Q1: need Gross Profit ; FY2025Q1: need Capex ; FY2025Q1: need transition/stub calendar decision ; FY2025Q1: need official period_end ; FY2025Q1: confirm sequence semantics ; FY2025Q1: target FY/FQ collision requires reconciliation,YES,NO,PERIOD_END_TRANSITION_REVIEW|SECONDARY_FIELDS_INCOMPLETE|TARGET_COLLISION|TRANSITION_REVIEW|TRANSITION_SEQUENCE,P1_CURRENT,STRUCTURAL_REVIEW_SEPARATE,CALENDAR_TRANSITION,YES,P8H-S-0774,PTIX
FY2024Q4,1878,DIRECT_EXACT_INTERVAL|TARGET_DIFFERENT_ECONOMIC,NEED_DEBT|NEED_GROSS_PROFIT|NEED_OFFICIAL_PERIOD_END|NEED_SOURCE_SEMANTICS_CONFIRMATION|NEED_TARGET_COLLISION_RESOLUTION|NEED_TRANSITION_CALENDAR_EVIDENCE,FY2024Q4: need Debt ; FY2024Q4: need Gross Profit ; FY2024Q4: need transition/stub calendar decision ; FY2024Q4: need official period_end ; FY2024Q4: confirm sequence semantics ; FY2024Q4: target FY/FQ collision requires reconciliation,YES,NO,PERIOD_END_TRANSITION_REVIEW|PRIMARY_CORE_INCOMPLETE|SECONDARY_FIELDS_INCOMPLETE|TARGET_COLLISION|TRANSITION_REVIEW|TRANSITION_SEQUENCE,P3_LATEST8Q,STRUCTURAL_REVIEW_SEPARATE,CALENDAR_TRANSITION,YES,P8H-S-0775,PTIX
FY2024Q3,1878,DIRECT_EXACT_INTERVAL|TARGET_DIFFERENT_ECONOMIC,NEED_DEBT|NEED_GROSS_PROFIT|NEED_OFFICIAL_PERIOD_END|NEED_SOURCE_SEMANTICS_CONFIRMATION|NEED_TARGET_COLLISION_RESOLUTION|NEED_TRANSITION_CALENDAR_EVIDENCE,FY2024Q3: need Debt ; FY2024Q3: need Gross Profit ; FY2024Q3: need transition/stub calendar decision ; FY2024Q3: need official period_end ; FY2024Q3: confirm sequence semantics ; FY2024Q3: target FY/FQ collision requires reconciliation,YES,NO,PERIOD_END_TRANSITION_REVIEW|PRIMARY_CORE_INCOMPLETE|SECONDARY_FIELDS_INCOMPLETE|TARGET_COLLISION|TRANSITION_REVIEW|TRANSITION_SEQUENCE,P3_LATEST8Q,STRUCTURAL_REVIEW_SEPARATE,CALENDAR_TRANSITION,YES,P8H-S-0776,PTIX
FY2024Q2,1878,DIRECT_EXACT_INTERVAL|TARGET_DIFFERENT_ECONOMIC,NEED_CAPEX|NEED_DEBT|NEED_EBITDA|NEED_FCF|NEED_GROSS_PROFIT|NEED_OFFICIAL_PERIOD_END|NEED_SOURCE_SEMANTICS_CONFIRMATION|NEED_TARGET_COLLISION_RESOLUTION|NEED_TRANSITION_CALENDAR_EVIDENCE,FY2024Q2: need FCF ; FY2024Q2: need Debt ; FY2024Q2: need Gross Profit ; FY2024Q2: need EBITDA ; FY2024Q2: need Capex ; FY2024Q2: need transition/stub calendar decision ; FY2024Q2: need official period_end ; FY2024Q2: confirm sequence semantics ; FY2024Q2: target FY/FQ collision requires reconciliation ; FY2024Q2: Need Capex to derive FCF,YES,NO,PERIOD_END_TRANSITION_REVIEW|PRIMARY_CORE_INCOMPLETE|SECONDARY_FIELDS_INCOMPLETE|TARGET_COLLISION|TRANSITION_REVIEW|TRANSITION_SEQUENCE,P3_LATEST8Q,STRUCTURAL_REVIEW_SEPARATE,CALENDAR_TRANSITION,YES,P8H-S-0777,PTIX
FY2024Q1,1878,DIRECT_EXACT_INTERVAL|TARGET_DIFFERENT_ECONOMIC,NEED_CAPEX|NEED_DEBT|NEED_FCF|NEED_GROSS_PROFIT|NEED_OFFICIAL_PERIOD_END|NEED_SOURCE_SEMANTICS_CONFIRMATION|NEED_TARGET_COLLISION_RESOLUTION|NEED_TRANSITION_CALENDAR_EVIDENCE,FY2024Q1: need FCF ; FY2024Q1: need Debt ; FY2024Q1: need Gross Profit ; FY2024Q1: need Capex ; FY2024Q1: need transition/stub calendar decision ; FY2024Q1: need official period_end ; FY2024Q1: confirm sequence semantics ; FY2024Q1: target FY/FQ collision requires reconciliation ; FY2024Q1: Need Capex to derive FCF,YES,NO,PERIOD_END_TRANSITION_REVIEW|PRIMARY_CORE_INCOMPLETE|SECONDARY_FIELDS_INCOMPLETE|TARGET_COLLISION|TRANSITION_REVIEW|TRANSITION_SEQUENCE,P3_LATEST8Q,STRUCTURAL_REVIEW_SEPARATE,CALENDAR_TRANSITION,YES,P8H-S-0778,PTIX
FY2025Q3,1879,DIRECT_EXACT_INTERVAL|TARGET_DIFFERENT_ECONOMIC,NEED_MISSING_QUARTER_SOURCE|NEED_TARGET_COLLISION_RESOLUTION,FY2025Q3: verify missing adjacent fiscal quarter source ; FY2025Q3: target FY/FQ collision requires reconciliation,YES,NO,MISSING_QUARTER|TARGET_COLLISION,P2_LATEST4Q,STRUCTURAL_REVIEW_SEPARATE,TARGET_DIFFERENT_ECONOMIC,YES,P8H-S-0779,PTLO
FY2025Q2,1879,DIRECT_EXACT_INTERVAL|TARGET_DIFFERENT_ECONOMIC,NEED_TARGET_COLLISION_RESOLUTION,FY2025Q2: target FY/FQ collision requires reconciliation,YES,NO,TARGET_COLLISION,P3_LATEST8Q,STRUCTURAL_REVIEW_SEPARATE,TARGET_DIFFERENT_ECONOMIC,YES,P8H-S-0780,PTLO
FY2025Q1,1879,DIRECT_EXACT_INTERVAL|TARGET_DIFFERENT_ECONOMIC,NEED_MISSING_QUARTER_SOURCE|NEED_TARGET_COLLISION_RESOLUTION,FY2025Q1: verify missing adjacent fiscal quarter source ; FY2025Q1: target FY/FQ collision requires reconciliation,YES,NO,MISSING_QUARTER|TARGET_COLLISION,P3_LATEST8Q,STRUCTURAL_REVIEW_SEPARATE,TARGET_DIFFERENT_ECONOMIC,YES,P8H-S-0781,PTLO
FY2025Q3,1887,DIRECT_EXACT_INTERVAL|TARGET_DIFFERENT_ECONOMIC,NEED_MISSING_QUARTER_SOURCE|NEED_TARGET_COLLISION_RESOLUTION,FY2025Q3: verify missing adjacent fiscal quarter source ; FY2025Q3: target FY/FQ collision requires reconciliation,NO,NO,MISSING_QUARTER|TARGET_COLLISION,P2_LATEST4Q,STRUCTURAL_REVIEW_SEPARATE,TARGET_DIFFERENT_ECONOMIC,YES,P8H-S-0782,PZZA
FY2025Q2,1887,DIRECT_EXACT_INTERVAL|TARGET_DIFFERENT_ECONOMIC,NEED_MISSING_QUARTER_SOURCE|NEED_TARGET_COLLISION_RESOLUTION,FY2025Q2: verify missing adjacent fiscal quarter source ; FY2025Q2: target FY/FQ collision requires reconciliation,NO,NO,MISSING_QUARTER|TARGET_COLLISION,P3_LATEST8Q,STRUCTURAL_REVIEW_SEPARATE,TARGET_DIFFERENT_ECONOMIC,YES,P8H-S-0783,PZZA
FY2025Q3,1890,DIRECT_EXACT_INTERVAL|TARGET_DIFFERENT_ECONOMIC,NEED_MISSING_QUARTER_SOURCE|NEED_TARGET_COLLISION_RESOLUTION,FY2025Q3: verify missing adjacent fiscal quarter source ; FY2025Q3: target FY/FQ collision requires reconciliation,NO,NO,MISSING_QUARTER|TARGET_COLLISION,P3_LATEST8Q,STRUCTURAL_REVIEW_SEPARATE,TARGET_DIFFERENT_ECONOMIC,YES,P8H-S-0784,QCOM
FY2025Q3,1891,DIRECT_EXACT_INTERVAL|TARGET_DIFFERENT_ECONOMIC,NEED_MISSING_QUARTER_SOURCE|NEED_TARGET_COLLISION_RESOLUTION,FY2025Q3: verify missing adjacent fiscal quarter source ; FY2025Q3: target FY/FQ collision requires reconciliation,YES,NO,MISSING_QUARTER|TARGET_COLLISION,P2_LATEST4Q,STRUCTURAL_REVIEW_SEPARATE,TARGET_DIFFERENT_ECONOMIC,YES,P8H-S-0785,QDEL
FY2025Q2,1891,DIRECT_EXACT_INTERVAL|TARGET_DIFFERENT_ECONOMIC,NEED_TARGET_COLLISION_RESOLUTION,FY2025Q2: target FY/FQ collision requires reconciliation,YES,NO,TARGET_COLLISION,P3_LATEST8Q,STRUCTURAL_REVIEW_SEPARATE,TARGET_DIFFERENT_ECONOMIC,YES,P8H-S-0786,QDEL
FY2025Q1,1891,DIRECT_EXACT_INTERVAL|TARGET_DIFFERENT_ECONOMIC,NEED_EBITDA|NEED_MISSING_QUARTER_SOURCE|NEED_TARGET_COLLISION_RESOLUTION,FY2025Q1: need EBITDA ; FY2025Q1: verify missing adjacent fiscal quarter source ; FY2025Q1: target FY/FQ collision requires reconciliation,YES,NO,MISSING_QUARTER|SECONDARY_FIELDS_INCOMPLETE|TARGET_COLLISION,P3_LATEST8Q,STRUCTURAL_REVIEW_SEPARATE,TARGET_DIFFERENT_ECONOMIC,YES,P8H-S-0787,QDEL
FY2024Q4,1897,DIRECT_EXACT_INTERVAL|TARGET_DIFFERENT_ECONOMIC,NEED_EBIT|NEED_LOCAL_LINEAGE_RECONCILIATION|NEED_SOURCE_SEMANTICS_CONFIRMATION|NEED_TARGET_COLLISION_RESOLUTION,FY2024Q4: need EBIT ; FY2024Q4: reconcile stored FY/FQ against direct exact fiscal anchor ; FY2024Q4: target FY/FQ collision requires reconciliation ; FY2024Q4: Need approved issuer/company-specific EBIT rule; do not blanket map Operating Income,YES,NO,FY_CONFLICT_DIRECT_EXACT|PRIMARY_CORE_INCOMPLETE|TARGET_COLLISION,P3_LATEST8Q,STRUCTURAL_REVIEW_SEPARATE,TARGET_DIFFERENT_ECONOMIC,YES,P8H-S-0788,QRVO
FY2025Q3,1906,DIRECT_EXACT_INTERVAL|TARGET_DIFFERENT_ECONOMIC,NEED_MISSING_QUARTER_SOURCE|NEED_TARGET_COLLISION_RESOLUTION,FY2025Q3: verify missing adjacent fiscal quarter source ; FY2025Q3: target FY/FQ collision requires reconciliation,YES,NO,MISSING_QUARTER|TARGET_COLLISION,P2_LATEST4Q,STRUCTURAL_REVIEW_SEPARATE,TARGET_DIFFERENT_ECONOMIC,YES,P8H-S-0789,QUIK
FY2025Q2,1906,DIRECT_EXACT_INTERVAL|TARGET_DIFFERENT_ECONOMIC,NEED_TARGET_COLLISION_RESOLUTION,FY2025Q2: target FY/FQ collision requires reconciliation,YES,NO,TARGET_COLLISION,P2_LATEST4Q,STRUCTURAL_REVIEW_SEPARATE,TARGET_DIFFERENT_ECONOMIC,YES,P8H-S-0790,QUIK
FY2025Q1,1906,DIRECT_EXACT_INTERVAL|TARGET_DIFFERENT_ECONOMIC,NEED_TARGET_COLLISION_RESOLUTION,FY2025Q1: target FY/FQ collision requires reconciliation,YES,NO,TARGET_COLLISION,P3_LATEST8Q,STRUCTURAL_REVIEW_SEPARATE,TARGET_DIFFERENT_ECONOMIC,YES,P8H-S-0791,QUIK
FY2024Q4,1906,DIRECT_EXACT_INTERVAL|TARGET_DIFFERENT_ECONOMIC,NEED_DEBT|NEED_LOCAL_LINEAGE_RECONCILIATION|NEED_OFFICIAL_PERIOD_END|NEED_TARGET_COLLISION_RESOLUTION,FY2024Q4: need Debt ; FY2024Q4: reconcile stored FY/FQ against direct exact fiscal anchor ; FY2024Q4: need official period_end ; FY2024Q4: target FY/FQ collision requires reconciliation,YES,NO,FY_CONFLICT_DIRECT_EXACT|PERIOD_END_FISCAL_SLOT_CONFLICT|PRIMARY_CORE_INCOMPLETE|TARGET_COLLISION,P3_LATEST8Q,STRUCTURAL_REVIEW_SEPARATE,TARGET_DIFFERENT_ECONOMIC,YES,P8H-S-0792,QUIK
FY2025Q1,1912,DIRECT_EXACT_INTERVAL|TARGET_DIFFERENT_ECONOMIC,NEED_LOCAL_LINEAGE_RECONCILIATION|NEED_TARGET_COLLISION_RESOLUTION,FY2025Q1: reconcile stored FY/FQ against direct exact fiscal anchor ; FY2025Q1: target FY/FQ collision requires reconciliation,YES,NO,FY_CONFLICT_DIRECT_EXACT|TARGET_COLLISION,P3_LATEST8Q,STRUCTURAL_REVIEW_SEPARATE,TARGET_DIFFERENT_ECONOMIC,YES,P8H-S-0793,RAMP
FY2026Q4,1920,UNRESOLVED|UNRESOLVED,NEED_OFFICIAL_FISCAL_YEAR_START|NEED_OFFICIAL_FY_FQ_IDENTITY|NEED_SOURCE_SEMANTICS_CONFIRMATION,FY2026Q4: need official fiscal year start and FY/FQ identity ; FY2026Q4: confirm sequence semantics,YES,NO,UNRESOLVED_BOUNDARY|UNRESOLVED_SEQUENCE,P1_CURRENT,STRUCTURAL_REVIEW_SEPARATE,SOURCE_SEMANTIC_AMBIGUITY,YES,P8H-S-0794,RCEL
FY2026Q3,1920,UNRESOLVED|UNRESOLVED,NEED_OFFICIAL_FISCAL_YEAR_START|NEED_OFFICIAL_FY_FQ_IDENTITY|NEED_SOURCE_SEMANTICS_CONFIRMATION,FY2026Q3: need official fiscal year start and FY/FQ identity ; FY2026Q3: confirm sequence semantics,YES,NO,UNRESOLVED_BOUNDARY|UNRESOLVED_SEQUENCE,P1_CURRENT,STRUCTURAL_REVIEW_SEPARATE,SOURCE_SEMANTIC_AMBIGUITY,YES,P8H-S-0795,RCEL
FY2026Q1,1920,DIRECT_EXACT_INTERVAL|TARGET_DIFFERENT_ECONOMIC,NEED_LOCAL_LINEAGE_RECONCILIATION|NEED_TARGET_COLLISION_RESOLUTION,FY2026Q1: reconcile stored FY/FQ against direct exact fiscal anchor ; FY2026Q1: target FY/FQ collision requires reconciliation,YES,NO,FY_CONFLICT_DIRECT_EXACT|TARGET_COLLISION,P1_CURRENT,STRUCTURAL_REVIEW_SEPARATE,TARGET_DIFFERENT_ECONOMIC,YES,P8H-S-0796,RCEL
FY2025Q3,1920,DIRECT_EXACT_INTERVAL|TARGET_DIFFERENT_ECONOMIC,NEED_LOCAL_LINEAGE_RECONCILIATION|NEED_TARGET_COLLISION_RESOLUTION,FY2025Q3: reconcile stored FY/FQ against direct exact fiscal anchor ; FY2025Q3: target FY/FQ collision requires reconciliation,YES,NO,FQ_CONFLICT_DIRECT_EXACT|TARGET_COLLISION,P3_LATEST8Q,STRUCTURAL_REVIEW_SEPARATE,TARGET_DIFFERENT_ECONOMIC,YES,P8H-S-0797,RCEL
FY2026Q1,1926,UNRESOLVED|UNRESOLVED,NEED_OFFICIAL_FISCAL_YEAR_START|NEED_OFFICIAL_FY_FQ_IDENTITY|NEED_SOURCE_SEMANTICS_CONFIRMATION,FY2026Q1: need official fiscal year start and FY/FQ identity ; FY2026Q1: confirm sequence semantics,YES,NO,UNRESOLVED_BOUNDARY|UNRESOLVED_SEQUENCE,P1_CURRENT,STRUCTURAL_REVIEW_SEPARATE,SOURCE_SEMANTIC_AMBIGUITY,YES,P8H-S-0798,RDNW
FY2026Q1,1930,UNRESOLVED|UNRESOLVED,NEED_OFFICIAL_FISCAL_YEAR_START|NEED_OFFICIAL_FY_FQ_IDENTITY|NEED_SOURCE_SEMANTICS_CONFIRMATION,FY2026Q1: need official fiscal year start and FY/FQ identity ; FY2026Q1: confirm sequence semantics,YES,NO,UNRESOLVED_BOUNDARY|UNRESOLVED_SEQUENCE,P1_CURRENT,STRUCTURAL_REVIEW_SEPARATE,SOURCE_SEMANTIC_AMBIGUITY,YES,P8H-S-0799,REBN
FY2026Q4,1945,UNRESOLVED|UNRESOLVED,NEED_FIRST_PUBLIC_RESULT_DATE|NEED_OFFICIAL_FISCAL_YEAR_START|NEED_OFFICIAL_FY_FQ_IDENTITY|NEED_SOURCE_SEMANTICS_CONFIRMATION,FY2026Q4: need official fiscal year start and FY/FQ identity ; FY2026Q4: need first-public result date ; FY2026Q4: confirm sequence semantics,YES,NO,PUBLISH_DATE_MISSING|UNRESOLVED_BOUNDARY|UNRESOLVED_SEQUENCE,P1_CURRENT,STRUCTURAL_REVIEW_SEPARATE,SOURCE_SEMANTIC_AMBIGUITY,YES,P8H-S-0800,RGLD
FY2026Q3,1945,UNRESOLVED|UNRESOLVED,NEED_OFFICIAL_FISCAL_YEAR_START|NEED_OFFICIAL_FY_FQ_IDENTITY|NEED_SOURCE_SEMANTICS_CONFIRMATION,FY2026Q3: need official fiscal year start and FY/FQ identity ; FY2026Q3: confirm sequence semantics,YES,NO,UNRESOLVED_BOUNDARY|UNRESOLVED_SEQUENCE,P1_CURRENT,STRUCTURAL_REVIEW_SEPARATE,SOURCE_SEMANTIC_AMBIGUITY,YES,P8H-S-0801,RGLD
FY2026Q2,1945,DIRECT_EXACT_INTERVAL|TARGET_DIFFERENT_ECONOMIC,NEED_LOCAL_LINEAGE_RECONCILIATION|NEED_TARGET_COLLISION_RESOLUTION,FY2026Q2: reconcile stored FY/FQ against direct exact fiscal anchor ; FY2026Q2: target FY/FQ collision requires reconciliation,YES,NO,FY_CONFLICT_DIRECT_EXACT|TARGET_COLLISION,P1_CURRENT,STRUCTURAL_REVIEW_SEPARATE,TARGET_DIFFERENT_ECONOMIC,YES,P8H-S-0802,RGLD
FY2026Q1,1945,DIRECT_EXACT_INTERVAL|TARGET_DIFFERENT_ECONOMIC,NEED_LOCAL_LINEAGE_RECONCILIATION|NEED_TARGET_COLLISION_RESOLUTION,FY2026Q1: reconcile stored FY/FQ against direct exact fiscal anchor ; FY2026Q1: target FY/FQ collision requires reconciliation,YES,NO,FY_CONFLICT_DIRECT_EXACT|TARGET_COLLISION,P1_CURRENT,STRUCTURAL_REVIEW_SEPARATE,TARGET_DIFFERENT_ECONOMIC,YES,P8H-S-0803,RGLD
FY2025Q3,1945,DIRECT_EXACT_INTERVAL|TARGET_DIFFERENT_ECONOMIC,NEED_DEBT|NEED_EBIT|NEED_GROSS_PROFIT|NEED_LOCAL_LINEAGE_RECONCILIATION|NEED_SOURCE_SEMANTICS_CONFIRMATION|NEED_TARGET_COLLISION_RESOLUTION,FY2025Q3: need EBIT ; FY2025Q3: need Debt ; FY2025Q3: need Gross Profit ; FY2025Q3: reconcile stored FY/FQ against direct exact fiscal anchor ; FY2025Q3: target FY/FQ collision requires reconciliation ; FY2025Q3: Need approved issuer/company-specific EBIT rule; do not blanket map Operating Income,YES,NO,FQ_CONFLICT_DIRECT_EXACT|PRIMARY_CORE_INCOMPLETE|SECONDARY_FIELDS_INCOMPLETE|TARGET_COLLISION,P3_LATEST8Q,STRUCTURAL_REVIEW_SEPARATE,TARGET_DIFFERENT_ECONOMIC,YES,P8H-S-0804,RGLD
FY2026Q2,1947,DIRECT_EXACT_INTERVAL|TARGET_DIFFERENT_ECONOMIC,NEED_MISSING_QUARTER_SOURCE|NEED_TARGET_COLLISION_RESOLUTION,FY2026Q2: verify missing adjacent fiscal quarter source ; FY2026Q2: target FY/FQ collision requires reconciliation,NO,NO,MISSING_QUARTER|TARGET_COLLISION,P2_LATEST4Q,STRUCTURAL_REVIEW_SEPARATE,TARGET_DIFFERENT_ECONOMIC,YES,P8H-S-0805,RGP
FY2026Q1,1947,DIRECT_EXACT_INTERVAL|TARGET_DIFFERENT_ECONOMIC,NEED_MISSING_QUARTER_SOURCE|NEED_TARGET_COLLISION_RESOLUTION,FY2026Q1: verify missing adjacent fiscal quarter source ; FY2026Q1: target FY/FQ collision requires reconciliation,NO,NO,MISSING_QUARTER|TARGET_COLLISION,P2_LATEST4Q,STRUCTURAL_REVIEW_SEPARATE,TARGET_DIFFERENT_ECONOMIC,YES,P8H-S-0806,RGP
FY2026Q3,1950,DIRECT_EXACT_INTERVAL|TARGET_DIFFERENT_ECONOMIC,NEED_LOCAL_LINEAGE_RECONCILIATION|NEED_TARGET_COLLISION_RESOLUTION,FY2026Q3: reconcile stored FY/FQ against direct exact fiscal anchor ; FY2026Q3: target FY/FQ collision requires reconciliation,YES,NO,FY_CONFLICT_DIRECT_EXACT|TARGET_COLLISION,P1_CURRENT,STRUCTURAL_REVIEW_SEPARATE,TARGET_DIFFERENT_ECONOMIC,YES,P8H-S-0807,RH
FY2024Q4,1950,DIRECT_EXACT_INTERVAL|TARGET_DIFFERENT_ECONOMIC,NEED_DEBT|NEED_EBITDA|NEED_MISSING_QUARTER_SOURCE|NEED_REVENUE|NEED_TARGET_COLLISION_RESOLUTION,FY2024Q4: need Revenue ; FY2024Q4: need Debt ; FY2024Q4: need EBITDA ; FY2024Q4: verify missing adjacent fiscal quarter source ; FY2024Q4: target FY/FQ collision requires reconciliation,YES,NO,MISSING_QUARTER|PRIMARY_CORE_INCOMPLETE|SECONDARY_FIELDS_INCOMPLETE|TARGET_COLLISION,P3_LATEST8Q,STRUCTURAL_REVIEW_SEPARATE,TARGET_DIFFERENT_ECONOMIC,YES,P8H-S-0808,RH
FY2024Q3,1950,DIRECT_EXACT_INTERVAL|TARGET_DIFFERENT_ECONOMIC,NEED_DEBT|NEED_EBITDA|NEED_LOCAL_LINEAGE_RECONCILIATION|NEED_REVENUE|NEED_TARGET_COLLISION_RESOLUTION,FY2024Q3: need Revenue ; FY2024Q3: need Debt ; FY2024Q3: need EBITDA ; FY2024Q3: reconcile stored FY/FQ against direct exact fiscal anchor ; FY2024Q3: target FY/FQ collision requires reconciliation,YES,NO,FY_CONFLICT_DIRECT_EXACT|PRIMARY_CORE_INCOMPLETE|SECONDARY_FIELDS_INCOMPLETE|TARGET_COLLISION,P3_LATEST8Q,STRUCTURAL_REVIEW_SEPARATE,TARGET_DIFFERENT_ECONOMIC,YES,P8H-S-0809,RH
FY2024Q2,1950,DIRECT_EXACT_INTERVAL|TARGET_DIFFERENT_ECONOMIC,NEED_DEBT|NEED_EBITDA|NEED_LOCAL_LINEAGE_RECONCILIATION|NEED_REVENUE|NEED_TARGET_COLLISION_RESOLUTION,FY2024Q2: need Revenue ; FY2024Q2: need Debt ; FY2024Q2: need EBITDA ; FY2024Q2: reconcile stored FY/FQ against direct exact fiscal anchor ; FY2024Q2: target FY/FQ collision requires reconciliation,YES,NO,FY_CONFLICT_DIRECT_EXACT|PRIMARY_CORE_INCOMPLETE|SECONDARY_FIELDS_INCOMPLETE|TARGET_COLLISION,P3_LATEST8Q,STRUCTURAL_REVIEW_SEPARATE,TARGET_DIFFERENT_ECONOMIC,YES,P8H-S-0810,RH
FY2024Q4,1959,DIRECT_EXACT_INTERVAL|TARGET_DIFFERENT_ECONOMIC,NEED_EBIT|NEED_LOCAL_LINEAGE_RECONCILIATION|NEED_SOURCE_SEMANTICS_CONFIRMATION|NEED_TARGET_COLLISION_RESOLUTION,FY2024Q4: need EBIT ; FY2024Q4: reconcile stored FY/FQ against direct exact fiscal anchor ; FY2024Q4: target FY/FQ collision requires reconciliation ; FY2024Q4: Need approved issuer/company-specific EBIT rule; do not blanket map Operating Income,YES,NO,FY_CONFLICT_DIRECT_EXACT|PRIMARY_CORE_INCOMPLETE|TARGET_COLLISION,P3_LATEST8Q,STRUCTURAL_REVIEW_SEPARATE,TARGET_DIFFERENT_ECONOMIC,YES,P8H-S-0811,RL
FY2026Q4,1962,UNRESOLVED|UNRESOLVED,NEED_CAPEX|NEED_DEBT|NEED_GROSS_PROFIT|NEED_OFFICIAL_FISCAL_YEAR_START|NEED_OFFICIAL_FY_FQ_IDENTITY|NEED_SOURCE_SEMANTICS_CONFIRMATION,FY2026Q4: need Debt ; FY2026Q4: need Gross Profit ; FY2026Q4: need Capex ; FY2026Q4: need official fiscal year start and FY/FQ identity ; FY2026Q4: confirm sequence semantics,YES,NO,PRIMARY_CORE_INCOMPLETE|SECONDARY_FIELDS_INCOMPLETE|UNRESOLVED_BOUNDARY|UNRESOLVED_SEQUENCE,P1_CURRENT,STRUCTURAL_REVIEW_SEPARATE,SOURCE_SEMANTIC_AMBIGUITY,YES,P8H-S-0812,RLMD
FY2026Q3,1962,UNRESOLVED|UNRESOLVED,NEED_CAPEX|NEED_DEBT|NEED_GROSS_PROFIT|NEED_OFFICIAL_FISCAL_YEAR_START|NEED_OFFICIAL_FY_FQ_IDENTITY|NEED_SOURCE_SEMANTICS_CONFIRMATION,FY2026Q3: need Debt ; FY2026Q3: need Gross Profit ; FY2026Q3: need Capex ; FY2026Q3: need official fiscal year start and FY/FQ identity ; FY2026Q3: confirm sequence semantics,YES,NO,PRIMARY_CORE_INCOMPLETE|SECONDARY_FIELDS_INCOMPLETE|UNRESOLVED_BOUNDARY|UNRESOLVED_SEQUENCE,P1_CURRENT,STRUCTURAL_REVIEW_SEPARATE,SOURCE_SEMANTIC_AMBIGUITY,YES,P8H-S-0813,RLMD
FY2026Q1,1962,DIRECT_EXACT_INTERVAL|TARGET_DIFFERENT_ECONOMIC,NEED_CAPEX|NEED_DEBT|NEED_GROSS_PROFIT|NEED_LOCAL_LINEAGE_RECONCILIATION|NEED_TARGET_COLLISION_RESOLUTION,FY2026Q1: need Debt ; FY2026Q1: need Gross Profit ; FY2026Q1: need Capex ; FY2026Q1: reconcile stored FY/FQ against direct exact fiscal anchor ; FY2026Q1: target FY/FQ collision requires reconciliation,YES,NO,FY_CONFLICT_DIRECT_EXACT|PRIMARY_CORE_INCOMPLETE|SECONDARY_FIELDS_INCOMPLETE|TARGET_COLLISION,P1_CURRENT,STRUCTURAL_REVIEW_SEPARATE,TARGET_DIFFERENT_ECONOMIC,YES,P8H-S-0814,RLMD
FY2025Q3,1962,DIRECT_EXACT_INTERVAL|TARGET_DIFFERENT_ECONOMIC,NEED_CAPEX|NEED_DEBT|NEED_GROSS_PROFIT|NEED_LOCAL_LINEAGE_RECONCILIATION|NEED_TARGET_COLLISION_RESOLUTION,FY2025Q3: need Debt ; FY2025Q3: need Gross Profit ; FY2025Q3: need Capex ; FY2025Q3: reconcile stored FY/FQ against direct exact fiscal anchor ; FY2025Q3: target FY/FQ collision requires reconciliation,YES,NO,FQ_CONFLICT_DIRECT_EXACT|PRIMARY_CORE_INCOMPLETE|SECONDARY_FIELDS_INCOMPLETE|TARGET_COLLISION,P3_LATEST8Q,STRUCTURAL_REVIEW_SEPARATE,TARGET_DIFFERENT_ECONOMIC,YES,P8H-S-0815,RLMD
FY2025Q3,1989,DIRECT_EXACT_INTERVAL|TARGET_DIFFERENT_ECONOMIC,NEED_MISSING_QUARTER_SOURCE|NEED_TARGET_COLLISION_RESOLUTION,FY2025Q3: verify missing adjacent fiscal quarter source ; FY2025Q3: target FY/FQ collision requires reconciliation,NO,NO,MISSING_QUARTER|TARGET_COLLISION,P2_LATEST4Q,STRUCTURAL_REVIEW_SEPARATE,TARGET_DIFFERENT_ECONOMIC,YES,P8H-S-0816,RRGB
FY2025Q2,1989,DIRECT_EXACT_INTERVAL|TARGET_DIFFERENT_ECONOMIC,NEED_TARGET_COLLISION_RESOLUTION,FY2025Q2: target FY/FQ collision requires reconciliation,NO,NO,TARGET_COLLISION,P2_LATEST4Q,STRUCTURAL_REVIEW_SEPARATE,TARGET_DIFFERENT_ECONOMIC,YES,P8H-S-0817,RRGB
FY2025Q1,1989,DIRECT_EXACT_INTERVAL|TARGET_DIFFERENT_ECONOMIC,NEED_MISSING_QUARTER_SOURCE|NEED_TARGET_COLLISION_RESOLUTION,FY2025Q1: verify missing adjacent fiscal quarter source ; FY2025Q1: target FY/FQ collision requires reconciliation,NO,NO,MISSING_QUARTER|TARGET_COLLISION,P3_LATEST8Q,STRUCTURAL_REVIEW_SEPARATE,TARGET_DIFFERENT_ECONOMIC,YES,P8H-S-0818,RRGB
FY2024Q2,1989,DIRECT_EXACT_INTERVAL|TARGET_DIFFERENT_ECONOMIC,NEED_TARGET_COLLISION_RESOLUTION,FY2024Q2: target FY/FQ collision requires reconciliation,NO,NO,TARGET_COLLISION,P3_LATEST8Q,STRUCTURAL_REVIEW_SEPARATE,TARGET_DIFFERENT_ECONOMIC,YES,P8H-S-0819,RRGB
FY2024Q1,1989,DIRECT_EXACT_INTERVAL|TARGET_DIFFERENT_ECONOMIC,NEED_TARGET_COLLISION_RESOLUTION,FY2024Q1: target FY/FQ collision requires reconciliation,NO,NO,TARGET_COLLISION,P3_LATEST8Q,STRUCTURAL_REVIEW_SEPARATE,TARGET_DIFFERENT_ECONOMIC,YES,P8H-S-0820,RRGB
FY2025Q3,2001,DIRECT_EXACT_INTERVAL|TARGET_DIFFERENT_ECONOMIC,NEED_MISSING_QUARTER_SOURCE|NEED_TARGET_COLLISION_RESOLUTION,FY2025Q3: verify missing adjacent fiscal quarter source ; FY2025Q3: target FY/FQ collision requires reconciliation,YES,NO,MISSING_QUARTER|TARGET_COLLISION,P2_LATEST4Q,STRUCTURAL_REVIEW_SEPARATE,TARGET_DIFFERENT_ECONOMIC,YES,P8H-S-0821,RVTY
FY2025Q2,2001,DIRECT_EXACT_INTERVAL|TARGET_DIFFERENT_ECONOMIC,NEED_TARGET_COLLISION_RESOLUTION,FY2025Q2: target FY/FQ collision requires reconciliation,YES,NO,TARGET_COLLISION,P2_LATEST4Q,STRUCTURAL_REVIEW_SEPARATE,TARGET_DIFFERENT_ECONOMIC,YES,P8H-S-0822,RVTY
FY2025Q1,2001,DIRECT_EXACT_INTERVAL|TARGET_DIFFERENT_ECONOMIC,NEED_MISSING_QUARTER_SOURCE|NEED_TARGET_COLLISION_RESOLUTION,FY2025Q1: verify missing adjacent fiscal quarter source ; FY2025Q1: target FY/FQ collision requires reconciliation,YES,NO,MISSING_QUARTER|TARGET_COLLISION,P3_LATEST8Q,STRUCTURAL_REVIEW_SEPARATE,TARGET_DIFFERENT_ECONOMIC,YES,P8H-S-0823,RVTY
FY2025Q2,2011,DIRECT_EXACT_INTERVAL|TARGET_DIFFERENT_ECONOMIC,NEED_LOCAL_LINEAGE_RECONCILIATION|NEED_TARGET_COLLISION_RESOLUTION,FY2025Q2: reconcile stored FY/FQ against direct exact fiscal anchor ; FY2025Q2: target FY/FQ collision requires reconciliation,YES,NO,FY_CONFLICT_DIRECT_EXACT|TARGET_COLLISION,P2_LATEST4Q,STRUCTURAL_REVIEW_SEPARATE,TARGET_DIFFERENT_ECONOMIC,YES,P8H-S-0824,S
FY2024Q2,2011,DIRECT_EXACT_INTERVAL|TARGET_DIFFERENT_ECONOMIC,NEED_DEBT|NEED_LOCAL_LINEAGE_RECONCILIATION|NEED_TARGET_COLLISION_RESOLUTION,FY2024Q2: need Debt ; FY2024Q2: reconcile stored FY/FQ against direct exact fiscal anchor ; FY2024Q2: target FY/FQ collision requires reconciliation,YES,NO,FY_CONFLICT_DIRECT_EXACT|PRIMARY_CORE_INCOMPLETE|TARGET_COLLISION,P3_LATEST8Q,STRUCTURAL_REVIEW_SEPARATE,TARGET_DIFFERENT_ECONOMIC,YES,P8H-S-0825,S
FY2027Q1,2017,UNRESOLVED|UNRESOLVED,NEED_EBITDA|NEED_GROSS_PROFIT|NEED_NET_INCOME|NEED_OFFICIAL_FISCAL_YEAR_START|NEED_OFFICIAL_FY_FQ_IDENTITY|NEED_SHARES|NEED_SOURCE_SEMANTICS_CONFIRMATION,FY2027Q1: need Shares ; FY2027Q1: need Gross Profit ; FY2027Q1: need EBITDA ; FY2027Q1: need Net Income ; FY2027Q1: need official fiscal year start and FY/FQ identity ; FY2027Q1: confirm sequence semantics,YES,NO,PRIMARY_CORE_INCOMPLETE|SECONDARY_FIELDS_INCOMPLETE|UNRESOLVED_BOUNDARY|UNRESOLVED_SEQUENCE,P1_CURRENT,STRUCTURAL_REVIEW_SEPARATE,SOURCE_SEMANTIC_AMBIGUITY,YES,P8H-S-0826,SAIC
FY2026Q1,2017,UNRESOLVED|UNRESOLVED,NEED_FIRST_PUBLIC_RESULT_DATE|NEED_OFFICIAL_FISCAL_YEAR_START|NEED_OFFICIAL_FY_FQ_IDENTITY|NEED_SOURCE_SEMANTICS_CONFIRMATION,FY2026Q1: need official fiscal year start and FY/FQ identity ; FY2026Q1: need first-public result date ; FY2026Q1: confirm sequence semantics,YES,NO,PUBLISH_BEFORE_OR_ON_PERIOD_END|UNRESOLVED_BOUNDARY|UNRESOLVED_SEQUENCE,P1_CURRENT,STRUCTURAL_REVIEW_SEPARATE,SOURCE_SEMANTIC_AMBIGUITY,YES,P8H-S-0827,SAIC
FY2025Q4,2017,UNRESOLVED|UNRESOLVED,NEED_FIRST_PUBLIC_RESULT_DATE|NEED_OFFICIAL_FISCAL_YEAR_START|NEED_OFFICIAL_FY_FQ_IDENTITY|NEED_SOURCE_SEMANTICS_CONFIRMATION,FY2025Q4: need official fiscal year start and FY/FQ identity ; FY2025Q4: need first-public result date ; FY2025Q4: confirm sequence semantics,YES,NO,PUBLISH_SEQUENCE_CONFLICT|UNRESOLVED_BOUNDARY|UNRESOLVED_SEQUENCE,P1_CURRENT,STRUCTURAL_REVIEW_SEPARATE,SOURCE_SEMANTIC_AMBIGUITY,YES,P8H-S-0828,SAIC
FY2025Q1,2017,DIRECT_EXACT_INTERVAL|TARGET_DIFFERENT_ECONOMIC,NEED_LOCAL_LINEAGE_RECONCILIATION|NEED_TARGET_COLLISION_RESOLUTION,FY2025Q1: reconcile stored FY/FQ against direct exact fiscal anchor ; FY2025Q1: target FY/FQ collision requires reconciliation,YES,NO,FY_CONFLICT_DIRECT_EXACT|TARGET_COLLISION,P3_LATEST8Q,STRUCTURAL_REVIEW_SEPARATE,TARGET_DIFFERENT_ECONOMIC,YES,P8H-S-0829,SAIC
FY2024Q4,2017,DIRECT_EXACT_INTERVAL|TARGET_DIFFERENT_ECONOMIC,NEED_EBIT|NEED_LOCAL_LINEAGE_RECONCILIATION|NEED_SOURCE_SEMANTICS_CONFIRMATION|NEED_TARGET_COLLISION_RESOLUTION,FY2024Q4: need EBIT ; FY2024Q4: reconcile stored FY/FQ against direct exact fiscal anchor ; FY2024Q4: target FY/FQ collision requires reconciliation ; FY2024Q4: Need approved issuer/company-specific EBIT rule; do not blanket map Operating Income,YES,NO,FY_CONFLICT_DIRECT_EXACT|PRIMARY_CORE_INCOMPLETE|TARGET_COLLISION,P3_LATEST8Q,STRUCTURAL_REVIEW_SEPARATE,TARGET_DIFFERENT_ECONOMIC,YES,P8H-S-0830,SAIC
FY2025Q3,2018,DIRECT_EXACT_INTERVAL|TARGET_DIFFERENT_ECONOMIC,NEED_MISSING_QUARTER_SOURCE|NEED_TARGET_COLLISION_RESOLUTION,FY2025Q3: verify missing adjacent fiscal quarter source ; FY2025Q3: target FY/FQ collision requires reconciliation,YES,NO,MISSING_QUARTER|TARGET_COLLISION,P2_LATEST4Q,STRUCTURAL_REVIEW_SEPARATE,TARGET_DIFFERENT_ECONOMIC,YES,P8H-S-0831,SAM
FY2025Q2,2018,DIRECT_EXACT_INTERVAL|TARGET_DIFFERENT_ECONOMIC,NEED_MISSING_QUARTER_SOURCE|NEED_TARGET_COLLISION_RESOLUTION,FY2025Q2: verify missing adjacent fiscal quarter source ; FY2025Q2: target FY/FQ collision requires reconciliation,YES,NO,MISSING_QUARTER|TARGET_COLLISION,P3_LATEST8Q,STRUCTURAL_REVIEW_SEPARATE,TARGET_DIFFERENT_ECONOMIC,YES,P8H-S-0832,SAM
FY2025Q3,2020,DIRECT_EXACT_INTERVAL|TARGET_DIFFERENT_ECONOMIC,NEED_MISSING_QUARTER_SOURCE|NEED_TARGET_COLLISION_RESOLUTION,FY2025Q3: verify missing adjacent fiscal quarter source ; FY2025Q3: target FY/FQ collision requires reconciliation,NO,NO,MISSING_QUARTER|TARGET_COLLISION,P3_LATEST8Q,STRUCTURAL_REVIEW_SEPARATE,TARGET_DIFFERENT_ECONOMIC,YES,P8H-S-0833,SANM
FY2026Q1,2024,UNRESOLVED|UNRESOLVED,NEED_OFFICIAL_FISCAL_YEAR_START|NEED_OFFICIAL_FY_FQ_IDENTITY|NEED_SOURCE_SEMANTICS_CONFIRMATION,FY2026Q1: need official fiscal year start and FY/FQ identity ; FY2026Q1: confirm sequence semantics,YES,NO,UNRESOLVED_BOUNDARY|UNRESOLVED_SEQUENCE,P1_CURRENT,STRUCTURAL_REVIEW_SEPARATE,SOURCE_SEMANTIC_AMBIGUITY,YES,P8H-S-0834,SBFM
FY2025Q3,2028,DIRECT_EXACT_INTERVAL|TARGET_DIFFERENT_ECONOMIC,NEED_MISSING_QUARTER_SOURCE|NEED_TARGET_COLLISION_RESOLUTION,FY2025Q3: verify missing adjacent fiscal quarter source ; FY2025Q3: target FY/FQ collision requires reconciliation,NO,NO,MISSING_QUARTER|TARGET_COLLISION,P3_LATEST8Q,STRUCTURAL_REVIEW_SEPARATE,TARGET_DIFFERENT_ECONOMIC,YES,P8H-S-0835,SBUX
FY2026Q2,2043,UNRESOLVED|UNRESOLVED,NEED_FIRST_PUBLIC_RESULT_DATE|NEED_OFFICIAL_FISCAL_YEAR_START|NEED_OFFICIAL_FY_FQ_IDENTITY|NEED_SOURCE_SEMANTICS_CONFIRMATION,FY2026Q2: need official fiscal year start and FY/FQ identity ; FY2026Q2: need first-public result date ; FY2026Q2: confirm sequence semantics,YES,NO,PUBLISH_DATE_MISSING|UNRESOLVED_BOUNDARY|UNRESOLVED_SEQUENCE,P1_CURRENT,STRUCTURAL_REVIEW_SEPARATE,SOURCE_SEMANTIC_AMBIGUITY,YES,P8H-S-0836,SEDG
FY2026Q1,2043,UNRESOLVED|UNRESOLVED,NEED_OFFICIAL_FISCAL_YEAR_START|NEED_OFFICIAL_FY_FQ_IDENTITY|NEED_SOURCE_SEMANTICS_CONFIRMATION,FY2026Q1: need official fiscal year start and FY/FQ identity ; FY2026Q1: confirm sequence semantics,YES,NO,UNRESOLVED_BOUNDARY|UNRESOLVED_SEQUENCE,P1_CURRENT,STRUCTURAL_REVIEW_SEPARATE,SOURCE_SEMANTIC_AMBIGUITY,YES,P8H-S-0837,SEDG
FY2025Q3,2053,DIRECT_EXACT_INTERVAL|TARGET_DIFFERENT_ECONOMIC,NEED_MISSING_QUARTER_SOURCE|NEED_TARGET_COLLISION_RESOLUTION,FY2025Q3: verify missing adjacent fiscal quarter source ; FY2025Q3: target FY/FQ collision requires reconciliation,NO,NO,MISSING_QUARTER|TARGET_COLLISION,P2_LATEST4Q,STRUCTURAL_REVIEW_SEPARATE,TARGET_DIFFERENT_ECONOMIC,YES,P8H-S-0838,SFM
FY2025Q2,2053,DIRECT_EXACT_INTERVAL|TARGET_DIFFERENT_ECONOMIC,NEED_TARGET_COLLISION_RESOLUTION,FY2025Q2: target FY/FQ collision requires reconciliation,NO,NO,TARGET_COLLISION,P3_LATEST8Q,STRUCTURAL_REVIEW_SEPARATE,TARGET_DIFFERENT_ECONOMIC,YES,P8H-S-0839,SFM
FY2025Q1,2053,DIRECT_EXACT_INTERVAL|TARGET_DIFFERENT_ECONOMIC,NEED_MISSING_QUARTER_SOURCE|NEED_TARGET_COLLISION_RESOLUTION,FY2025Q1: verify missing adjacent fiscal quarter source ; FY2025Q1: target FY/FQ collision requires reconciliation,NO,NO,MISSING_QUARTER|TARGET_COLLISION,P3_LATEST8Q,STRUCTURAL_REVIEW_SEPARATE,TARGET_DIFFERENT_ECONOMIC,YES,P8H-S-0840,SFM
FY2025Q3,2054,DIRECT_EXACT_INTERVAL|TARGET_DIFFERENT_ECONOMIC,NEED_MISSING_QUARTER_SOURCE|NEED_TARGET_COLLISION_RESOLUTION,FY2025Q3: verify missing adjacent fiscal quarter source ; FY2025Q3: target FY/FQ collision requires reconciliation,YES,NO,MISSING_QUARTER|TARGET_COLLISION,P2_LATEST4Q,STRUCTURAL_REVIEW_SEPARATE,TARGET_DIFFERENT_ECONOMIC,YES,P8H-S-0841,SG
FY2025Q2,2054,DIRECT_EXACT_INTERVAL|TARGET_DIFFERENT_ECONOMIC,NEED_MISSING_QUARTER_SOURCE|NEED_TARGET_COLLISION_RESOLUTION,FY2025Q2: verify missing adjacent fiscal quarter source ; FY2025Q2: target FY/FQ collision requires reconciliation,YES,NO,MISSING_QUARTER|TARGET_COLLISION,P3_LATEST8Q,STRUCTURAL_REVIEW_SEPARATE,TARGET_DIFFERENT_ECONOMIC,YES,P8H-S-0842,SG
FY2025Q3,2060,DIRECT_EXACT_INTERVAL|TARGET_DIFFERENT_ECONOMIC,NEED_MISSING_QUARTER_SOURCE|NEED_TARGET_COLLISION_RESOLUTION,FY2025Q3: verify missing adjacent fiscal quarter source ; FY2025Q3: target FY/FQ collision requires reconciliation,NO,NO,MISSING_QUARTER|TARGET_COLLISION,P2_LATEST4Q,STRUCTURAL_REVIEW_SEPARATE,TARGET_DIFFERENT_ECONOMIC,YES,P8H-S-0843,SHAK
FY2025Q2,2060,DIRECT_EXACT_INTERVAL|TARGET_DIFFERENT_ECONOMIC,NEED_TARGET_COLLISION_RESOLUTION,FY2025Q2: target FY/FQ collision requires reconciliation,NO,NO,TARGET_COLLISION,P3_LATEST8Q,STRUCTURAL_REVIEW_SEPARATE,TARGET_DIFFERENT_ECONOMIC,YES,P8H-S-0844,SHAK
FY2025Q1,2060,DIRECT_EXACT_INTERVAL|TARGET_DIFFERENT_ECONOMIC,NEED_MISSING_QUARTER_SOURCE|NEED_TARGET_COLLISION_RESOLUTION,FY2025Q1: verify missing adjacent fiscal quarter source ; FY2025Q1: target FY/FQ collision requires reconciliation,NO,NO,MISSING_QUARTER|TARGET_COLLISION,P3_LATEST8Q,STRUCTURAL_REVIEW_SEPARATE,TARGET_DIFFERENT_ECONOMIC,YES,P8H-S-0845,SHAK
FY2025Q1,2071,DIRECT_EXACT_INTERVAL|TARGET_DIFFERENT_ECONOMIC,NEED_LOCAL_LINEAGE_RECONCILIATION|NEED_TARGET_COLLISION_RESOLUTION,FY2025Q1: reconcile stored FY/FQ against direct exact fiscal anchor ; FY2025Q1: target FY/FQ collision requires reconciliation,YES,NO,FY_CONFLICT_DIRECT_EXACT|TARGET_COLLISION,P3_LATEST8Q,STRUCTURAL_REVIEW_SEPARATE,TARGET_DIFFERENT_ECONOMIC,YES,P8H-S-0846,SIG
FY2024Q4,2071,DIRECT_EXACT_INTERVAL|TARGET_DIFFERENT_ECONOMIC,NEED_LOCAL_LINEAGE_RECONCILIATION|NEED_TARGET_COLLISION_RESOLUTION,FY2024Q4: reconcile stored FY/FQ against direct exact fiscal anchor ; FY2024Q4: target FY/FQ collision requires reconciliation,YES,NO,FY_CONFLICT_DIRECT_EXACT|TARGET_COLLISION,P3_LATEST8Q,STRUCTURAL_REVIEW_SEPARATE,TARGET_DIFFERENT_ECONOMIC,YES,P8H-S-0847,SIG
FY2024Q3,2071,DIRECT_EXACT_INTERVAL|TARGET_DIFFERENT_ECONOMIC,NEED_LOCAL_LINEAGE_RECONCILIATION|NEED_TARGET_COLLISION_RESOLUTION,FY2024Q3: reconcile stored FY/FQ against direct exact fiscal anchor ; FY2024Q3: target FY/FQ collision requires reconciliation,YES,NO,FY_CONFLICT_DIRECT_EXACT|TARGET_COLLISION,P3_LATEST8Q,STRUCTURAL_REVIEW_SEPARATE,TARGET_DIFFERENT_ECONOMIC,YES,P8H-S-0848,SIG
FY2025Q3,2076,DIRECT_EXACT_INTERVAL|TARGET_DIFFERENT_ECONOMIC,NEED_MISSING_QUARTER_SOURCE|NEED_TARGET_COLLISION_RESOLUTION,FY2025Q3: verify missing adjacent fiscal quarter source ; FY2025Q3: target FY/FQ collision requires reconciliation,YES,NO,MISSING_QUARTER|TARGET_COLLISION,P2_LATEST4Q,STRUCTURAL_REVIEW_SEPARATE,TARGET_DIFFERENT_ECONOMIC,YES,P8H-S-0849,SITE
FY2025Q2,2076,DIRECT_EXACT_INTERVAL|TARGET_DIFFERENT_ECONOMIC,NEED_TARGET_COLLISION_RESOLUTION,FY2025Q2: target FY/FQ collision requires reconciliation,YES,NO,TARGET_COLLISION,P3_LATEST8Q,STRUCTURAL_REVIEW_SEPARATE,TARGET_DIFFERENT_ECONOMIC,YES,P8H-S-0850,SITE
FY2025Q1,2076,DIRECT_EXACT_INTERVAL|TARGET_DIFFERENT_ECONOMIC,NEED_MISSING_QUARTER_SOURCE|NEED_TARGET_COLLISION_RESOLUTION,FY2025Q1: verify missing adjacent fiscal quarter source ; FY2025Q1: target FY/FQ collision requires reconciliation,YES,NO,MISSING_QUARTER|TARGET_COLLISION,P3_LATEST8Q,STRUCTURAL_REVIEW_SEPARATE,TARGET_DIFFERENT_ECONOMIC,YES,P8H-S-0851,SITE
FY2027Q1,2081,UNRESOLVED|UNRESOLVED,NEED_FIRST_PUBLIC_RESULT_DATE|NEED_OFFICIAL_FISCAL_YEAR_START|NEED_OFFICIAL_FY_FQ_IDENTITY|NEED_SOURCE_SEMANTICS_CONFIRMATION,FY2027Q1: need official fiscal year start and FY/FQ identity ; FY2027Q1: need first-public result date ; FY2027Q1: confirm sequence semantics,YES,NO,PUBLISH_DATE_MISSING|UNRESOLVED_BOUNDARY|UNRESOLVED_SEQUENCE,P1_CURRENT,STRUCTURAL_REVIEW_SEPARATE,SOURCE_SEMANTIC_AMBIGUITY,YES,P8H-S-0852,SKY
FY2026Q4,2081,DIRECT_EXACT_INTERVAL|TARGET_DIFFERENT_ECONOMIC,NEED_OFFICIAL_PERIOD_END|NEED_SOURCE_SEMANTICS_CONFIRMATION|NEED_TARGET_COLLISION_RESOLUTION|NEED_TRANSITION_CALENDAR_EVIDENCE,FY2026Q4: need transition/stub calendar decision ; FY2026Q4: need official period_end ; FY2026Q4: confirm sequence semantics ; FY2026Q4: target FY/FQ collision requires reconciliation,YES,NO,PERIOD_END_TRANSITION_REVIEW|TARGET_COLLISION|TRANSITION_REVIEW|TRANSITION_SEQUENCE,P1_CURRENT,STRUCTURAL_REVIEW_SEPARATE,CALENDAR_TRANSITION,YES,P8H-S-0853,SKY
FY2026Q3,2081,DIRECT_EXACT_INTERVAL|TARGET_DIFFERENT_ECONOMIC,NEED_OFFICIAL_PERIOD_END|NEED_SOURCE_SEMANTICS_CONFIRMATION|NEED_TARGET_COLLISION_RESOLUTION|NEED_TRANSITION_CALENDAR_EVIDENCE,FY2026Q3: need transition/stub calendar decision ; FY2026Q3: need official period_end ; FY2026Q3: confirm sequence semantics ; FY2026Q3: target FY/FQ collision requires reconciliation,YES,NO,PERIOD_END_TRANSITION_REVIEW|TARGET_COLLISION|TRANSITION_REVIEW|TRANSITION_SEQUENCE,P1_CURRENT,STRUCTURAL_REVIEW_SEPARATE,CALENDAR_TRANSITION,YES,P8H-S-0854,SKY
FY2026Q2,2081,DIRECT_EXACT_INTERVAL|TARGET_DIFFERENT_ECONOMIC,NEED_OFFICIAL_PERIOD_END|NEED_SOURCE_SEMANTICS_CONFIRMATION|NEED_TARGET_COLLISION_RESOLUTION|NEED_TRANSITION_CALENDAR_EVIDENCE,FY2026Q2: need transition/stub calendar decision ; FY2026Q2: need official period_end ; FY2026Q2: confirm sequence semantics ; FY2026Q2: target FY/FQ collision requires reconciliation,YES,NO,PERIOD_END_TRANSITION_REVIEW|TARGET_COLLISION|TRANSITION_REVIEW|TRANSITION_SEQUENCE,P1_CURRENT,STRUCTURAL_REVIEW_SEPARATE,CALENDAR_TRANSITION,YES,P8H-S-0855,SKY
FY2026Q1,2081,DIRECT_EXACT_INTERVAL|TARGET_DIFFERENT_ECONOMIC,NEED_OFFICIAL_PERIOD_END|NEED_SOURCE_SEMANTICS_CONFIRMATION|NEED_TARGET_COLLISION_RESOLUTION|NEED_TRANSITION_CALENDAR_EVIDENCE,FY2026Q1: need transition/stub calendar decision ; FY2026Q1: need official period_end ; FY2026Q1: confirm sequence semantics ; FY2026Q1: target FY/FQ collision requires reconciliation,YES,NO,PERIOD_END_TRANSITION_REVIEW|TARGET_COLLISION|TRANSITION_REVIEW|TRANSITION_SEQUENCE,P3_LATEST8Q,STRUCTURAL_REVIEW_SEPARATE,CALENDAR_TRANSITION,YES,P8H-S-0856,SKY
FY2025Q4,2081,DIRECT_EXACT_INTERVAL|TARGET_SELF,NEED_EBIT|NEED_OFFICIAL_PERIOD_END|NEED_SOURCE_SEMANTICS_CONFIRMATION|NEED_TRANSITION_CALENDAR_EVIDENCE,FY2025Q4: need EBIT ; FY2025Q4: need transition/stub calendar decision ; FY2025Q4: need official period_end ; FY2025Q4: confirm sequence semantics ; FY2025Q4: Need approved issuer/company-specific EBIT rule; do not blanket map Operating Income,YES,NO,PERIOD_END_TRANSITION_REVIEW|PRIMARY_CORE_INCOMPLETE|TRANSITION_REVIEW|TRANSITION_SEQUENCE,P3_LATEST8Q,STRUCTURAL_REVIEW_SEPARATE,CALENDAR_TRANSITION,YES,P8H-S-0857,SKY
FY2026Q1,2082,UNRESOLVED|UNRESOLVED,NEED_GROSS_PROFIT|NEED_OFFICIAL_FISCAL_YEAR_START|NEED_OFFICIAL_FY_FQ_IDENTITY|NEED_SOURCE_SEMANTICS_CONFIRMATION,FY2026Q1: need Gross Profit ; FY2026Q1: need official fiscal year start and FY/FQ identity ; FY2026Q1: confirm sequence semantics,YES,NO,SECONDARY_FIELDS_INCOMPLETE|UNRESOLVED_BOUNDARY|UNRESOLVED_SEQUENCE,P1_CURRENT,STRUCTURAL_REVIEW_SEPARATE,SOURCE_SEMANTIC_AMBIGUITY,YES,P8H-S-0858,SKYE
FY2026Q1,2086,UNRESOLVED|UNRESOLVED,NEED_OFFICIAL_FISCAL_YEAR_START|NEED_OFFICIAL_FY_FQ_IDENTITY|NEED_SOURCE_SEMANTICS_CONFIRMATION,FY2026Q1: need official fiscal year start and FY/FQ identity ; FY2026Q1: confirm sequence semantics,YES,NO,UNRESOLVED_BOUNDARY|UNRESOLVED_SEQUENCE,P1_CURRENT,STRUCTURAL_REVIEW_SEPARATE,SOURCE_SEMANTIC_AMBIGUITY,YES,P8H-S-0859,SKYX
FY2025Q3,2087,DIRECT_EXACT_INTERVAL|TARGET_DIFFERENT_ECONOMIC,NEED_DEBT|NEED_MISSING_QUARTER_SOURCE|NEED_TARGET_COLLISION_RESOLUTION,FY2025Q3: need Debt ; FY2025Q3: verify missing adjacent fiscal quarter source ; FY2025Q3: target FY/FQ collision requires reconciliation,YES,NO,MISSING_QUARTER|PRIMARY_CORE_INCOMPLETE|TARGET_COLLISION,P2_LATEST4Q,STRUCTURAL_REVIEW_SEPARATE,TARGET_DIFFERENT_ECONOMIC,YES,P8H-S-0860,SLAB
FY2025Q2,2087,DIRECT_EXACT_INTERVAL|TARGET_DIFFERENT_ECONOMIC,NEED_DEBT|NEED_TARGET_COLLISION_RESOLUTION,FY2025Q2: need Debt ; FY2025Q2: target FY/FQ collision requires reconciliation,YES,NO,PRIMARY_CORE_INCOMPLETE|TARGET_COLLISION,P2_LATEST4Q,STRUCTURAL_REVIEW_SEPARATE,TARGET_DIFFERENT_ECONOMIC,YES,P8H-S-0861,SLAB
FY2025Q1,2087,DIRECT_EXACT_INTERVAL|TARGET_DIFFERENT_ECONOMIC,NEED_DEBT|NEED_TARGET_COLLISION_RESOLUTION,FY2025Q1: need Debt ; FY2025Q1: target FY/FQ collision requires reconciliation,YES,NO,PRIMARY_CORE_INCOMPLETE|TARGET_COLLISION,P3_LATEST8Q,STRUCTURAL_REVIEW_SEPARATE,TARGET_DIFFERENT_ECONOMIC,YES,P8H-S-0862,SLAB
FY2024Q4,2087,DIRECT_EXACT_INTERVAL|TARGET_DIFFERENT_ECONOMIC,NEED_LOCAL_LINEAGE_RECONCILIATION|NEED_OFFICIAL_PERIOD_END|NEED_TARGET_COLLISION_RESOLUTION,FY2024Q4: reconcile stored FY/FQ against direct exact fiscal anchor ; FY2024Q4: need official period_end ; FY2024Q4: target FY/FQ collision requires reconciliation,YES,NO,FY_CONFLICT_DIRECT_EXACT|PERIOD_END_FISCAL_SLOT_CONFLICT|TARGET_COLLISION,P3_LATEST8Q,STRUCTURAL_REVIEW_SEPARATE,TARGET_DIFFERENT_ECONOMIC,YES,P8H-S-0863,SLAB
FY2026Q2,2092,UNRESOLVED|UNRESOLVED,NEED_CAPEX|NEED_FIRST_PUBLIC_RESULT_DATE|NEED_OFFICIAL_FISCAL_YEAR_START|NEED_OFFICIAL_FY_FQ_IDENTITY|NEED_SOURCE_SEMANTICS_CONFIRMATION,FY2026Q2: need Capex ; FY2026Q2: need official fiscal year start and FY/FQ identity ; FY2026Q2: need first-public result date ; FY2026Q2: confirm sequence semantics,YES,NO,PUBLISH_DATE_MISSING|SECONDARY_FIELDS_INCOMPLETE|UNRESOLVED_BOUNDARY|UNRESOLVED_SEQUENCE,P1_CURRENT,STRUCTURAL_REVIEW_SEPARATE,SOURCE_SEMANTIC_AMBIGUITY,YES,P8H-S-0864,SLG
FY2026Q1,2092,UNRESOLVED|UNRESOLVED,NEED_OFFICIAL_FISCAL_YEAR_START|NEED_OFFICIAL_FY_FQ_IDENTITY|NEED_SOURCE_SEMANTICS_CONFIRMATION,FY2026Q1: need official fiscal year start and FY/FQ identity ; FY2026Q1: confirm sequence semantics,YES,NO,UNRESOLVED_BOUNDARY|UNRESOLVED_SEQUENCE,P1_CURRENT,STRUCTURAL_REVIEW_SEPARATE,SOURCE_SEMANTIC_AMBIGUITY,YES,P8H-S-0865,SLG
FY2022Q4,2099,UNRESOLVED|UNRESOLVED,NEED_CAPEX|NEED_CASH|NEED_DEBT|NEED_EBIT|NEED_EBITDA|NEED_FCF|NEED_FIRST_PUBLIC_RESULT_DATE|NEED_GROSS_PROFIT|NEED_NET_INCOME|NEED_OCF|NEED_OFFICIAL_FISCAL_YEAR_START|NEED_OFFICIAL_FY_FQ_IDENTITY|NEED_OPERATING_INCOME|NEED_REVENUE|NEED_SHARES|NEED_SOURCE_SEMANTICS_CONFIRMATION,FY2022Q4: need Revenue ; FY2022Q4: need EBIT ; FY2022Q4: need FCF ; FY2022Q4: need Cash ; FY2022Q4: need Debt ; FY2022Q4: need Shares ; FY2022Q4: need Gross Profit ; FY2022Q4: need Operating Income ; FY2022Q4: need EBITDA ; FY2022Q4: need Net Income ; FY2022Q4: need OCF ; FY2022Q4: need Capex ; FY2022Q4: need official fiscal year start and FY/FQ identity ; FY2022Q4: need first-public result date ; FY2022Q4: confirm sequence semantics ; FY2022Q4: Need OCF and Capex to derive FCF,YES,NO,PRIMARY_CORE_INCOMPLETE|PUBLISH_LATE_REVIEW|SECONDARY_FIELDS_INCOMPLETE|UNRESOLVED_BOUNDARY|UNRESOLVED_SEQUENCE,P3_LATEST8Q,STRUCTURAL_REVIEW_SEPARATE,SOURCE_SEMANTIC_AMBIGUITY,YES,P8H-S-0866,SLXN
FY2024Q4,2108,DIRECT_EXACT_INTERVAL|TARGET_DIFFERENT_ECONOMIC,NEED_EBIT|NEED_LOCAL_LINEAGE_RECONCILIATION|NEED_SOURCE_SEMANTICS_CONFIRMATION|NEED_TARGET_COLLISION_RESOLUTION,FY2024Q4: need EBIT ; FY2024Q4: reconcile stored FY/FQ against direct exact fiscal anchor ; FY2024Q4: target FY/FQ collision requires reconciliation ; FY2024Q4: Need approved issuer/company-specific EBIT rule; do not blanket map Operating Income,YES,NO,FY_CONFLICT_DIRECT_EXACT|PRIMARY_CORE_INCOMPLETE|TARGET_COLLISION,P3_LATEST8Q,STRUCTURAL_REVIEW_SEPARATE,TARGET_DIFFERENT_ECONOMIC,YES,P8H-S-0867,SMTC
FY2025Q3,2111,DIRECT_EXACT_INTERVAL|TARGET_DIFFERENT_ECONOMIC,NEED_MISSING_QUARTER_SOURCE|NEED_TARGET_COLLISION_RESOLUTION,FY2025Q3: verify missing adjacent fiscal quarter source ; FY2025Q3: target FY/FQ collision requires reconciliation,NO,NO,MISSING_QUARTER|TARGET_COLLISION,P2_LATEST4Q,STRUCTURAL_REVIEW_SEPARATE,TARGET_DIFFERENT_ECONOMIC,YES,P8H-S-0868,SNA
FY2025Q2,2111,DIRECT_EXACT_INTERVAL|TARGET_DIFFERENT_ECONOMIC,NEED_TARGET_COLLISION_RESOLUTION,FY2025Q2: target FY/FQ collision requires reconciliation,NO,NO,TARGET_COLLISION,P3_LATEST8Q,STRUCTURAL_REVIEW_SEPARATE,TARGET_DIFFERENT_ECONOMIC,YES,P8H-S-0869,SNA
FY2025Q1,2111,DIRECT_EXACT_INTERVAL|TARGET_DIFFERENT_ECONOMIC,NEED_MISSING_QUARTER_SOURCE|NEED_TARGET_COLLISION_RESOLUTION,FY2025Q1: verify missing adjacent fiscal quarter source ; FY2025Q1: target FY/FQ collision requires reconciliation,NO,NO,MISSING_QUARTER|TARGET_COLLISION,P3_LATEST8Q,STRUCTURAL_REVIEW_SEPARATE,TARGET_DIFFERENT_ECONOMIC,YES,P8H-S-0870,SNA
FY2025Q1,2118,DIRECT_EXACT_INTERVAL|TARGET_DIFFERENT_ECONOMIC,NEED_LOCAL_LINEAGE_RECONCILIATION|NEED_TARGET_COLLISION_RESOLUTION,FY2025Q1: reconcile stored FY/FQ against direct exact fiscal anchor ; FY2025Q1: target FY/FQ collision requires reconciliation,NO,NO,FY_CONFLICT_DIRECT_EXACT|TARGET_COLLISION,P3_LATEST8Q,STRUCTURAL_REVIEW_SEPARATE,TARGET_DIFFERENT_ECONOMIC,YES,P8H-S-0871,SNOA
FY2025Q1,2119,DIRECT_EXACT_INTERVAL|TARGET_DIFFERENT_ECONOMIC,NEED_LOCAL_LINEAGE_RECONCILIATION|NEED_TARGET_COLLISION_RESOLUTION,FY2025Q1: reconcile stored FY/FQ against direct exact fiscal anchor ; FY2025Q1: target FY/FQ collision requires reconciliation,YES,NO,FY_CONFLICT_DIRECT_EXACT|TARGET_COLLISION,P3_LATEST8Q,STRUCTURAL_REVIEW_SEPARATE,TARGET_DIFFERENT_ECONOMIC,YES,P8H-S-0872,SNOW
FY2026Q2,2120,UNRESOLVED|UNRESOLVED,NEED_OFFICIAL_FISCAL_YEAR_START|NEED_OFFICIAL_FY_FQ_IDENTITY|NEED_SOURCE_SEMANTICS_CONFIRMATION,FY2026Q2: need official fiscal year start and FY/FQ identity ; FY2026Q2: confirm sequence semantics,YES,NO,UNRESOLVED_BOUNDARY|UNRESOLVED_SEQUENCE,P1_CURRENT,STRUCTURAL_REVIEW_SEPARATE,SOURCE_SEMANTIC_AMBIGUITY,YES,P8H-S-0873,SNPS
FY2026Q1,2120,UNRESOLVED|UNRESOLVED,NEED_OFFICIAL_FISCAL_YEAR_START|NEED_OFFICIAL_FY_FQ_IDENTITY|NEED_SOURCE_SEMANTICS_CONFIRMATION,FY2026Q1: need official fiscal year start and FY/FQ identity ; FY2026Q1: confirm sequence semantics,YES,NO,UNRESOLVED_BOUNDARY|UNRESOLVED_SEQUENCE,P1_CURRENT,STRUCTURAL_REVIEW_SEPARATE,SOURCE_SEMANTIC_AMBIGUITY,YES,P8H-S-0874,SNPS
FY2025Q3,2128,DIRECT_EXACT_INTERVAL|TARGET_DIFFERENT_ECONOMIC,NEED_MISSING_QUARTER_SOURCE|NEED_TARGET_COLLISION_RESOLUTION,FY2025Q3: verify missing adjacent fiscal quarter source ; FY2025Q3: target FY/FQ collision requires reconciliation,YES,NO,MISSING_QUARTER|TARGET_COLLISION,P3_LATEST8Q,STRUCTURAL_REVIEW_SEPARATE,TARGET_DIFFERENT_ECONOMIC,YES,P8H-S-0875,SONO
FY2026Q1,2130,UNRESOLVED|UNRESOLVED,NEED_OFFICIAL_FISCAL_YEAR_START|NEED_OFFICIAL_FY_FQ_IDENTITY|NEED_SOURCE_SEMANTICS_CONFIRMATION,FY2026Q1: need official fiscal year start and FY/FQ identity ; FY2026Q1: confirm sequence semantics,YES,NO,UNRESOLVED_BOUNDARY|UNRESOLVED_SEQUENCE,P1_CURRENT,STRUCTURAL_REVIEW_SEPARATE,SOURCE_SEMANTIC_AMBIGUITY,YES,P8H-S-0876,SOUN
FY2026Q2,2134,UNRESOLVED|UNRESOLVED,NEED_FIRST_PUBLIC_RESULT_DATE|NEED_OFFICIAL_FISCAL_YEAR_START|NEED_OFFICIAL_FY_FQ_IDENTITY|NEED_SOURCE_SEMANTICS_CONFIRMATION,FY2026Q2: need official fiscal year start and FY/FQ identity ; FY2026Q2: need first-public result date ; FY2026Q2: confirm sequence semantics,YES,NO,PUBLISH_DATE_MISSING|UNRESOLVED_BOUNDARY|UNRESOLVED_SEQUENCE,P1_CURRENT,STRUCTURAL_REVIEW_SEPARATE,SOURCE_SEMANTIC_AMBIGUITY,YES,P8H-S-0877,SPGI
FY2026Q1,2134,UNRESOLVED|UNRESOLVED,NEED_OFFICIAL_FISCAL_YEAR_START|NEED_OFFICIAL_FY_FQ_IDENTITY|NEED_SOURCE_SEMANTICS_CONFIRMATION,FY2026Q1: need official fiscal year start and FY/FQ identity ; FY2026Q1: confirm sequence semantics,YES,NO,UNRESOLVED_BOUNDARY|UNRESOLVED_SEQUENCE,P1_CURRENT,STRUCTURAL_REVIEW_SEPARATE,SOURCE_SEMANTIC_AMBIGUITY,YES,P8H-S-0878,SPGI
FY2025Q3,2135,DIRECT_EXACT_INTERVAL|TARGET_DIFFERENT_ECONOMIC,NEED_MISSING_QUARTER_SOURCE|NEED_TARGET_COLLISION_RESOLUTION,FY2025Q3: verify missing adjacent fiscal quarter source ; FY2025Q3: target FY/FQ collision requires reconciliation,NO,NO,MISSING_QUARTER|TARGET_COLLISION,P3_LATEST8Q,STRUCTURAL_REVIEW_SEPARATE,TARGET_DIFFERENT_ECONOMIC,YES,P8H-S-0879,SPH
FY2024Q3,2136,DIRECT_EXACT_INTERVAL|TARGET_SELF,NEED_CAPEX|NEED_CASH|NEED_EBITDA|NEED_FCF|NEED_GROSS_PROFIT|NEED_OFFICIAL_PERIOD_END|NEED_SOURCE_SEMANTICS_CONFIRMATION|NEED_TRANSITION_CALENDAR_EVIDENCE,FY2024Q3: need FCF ; FY2024Q3: need Cash ; FY2024Q3: need Gross Profit ; FY2024Q3: need EBITDA ; FY2024Q3: need Capex ; FY2024Q3: need transition/stub calendar decision ; FY2024Q3: need official period_end ; FY2024Q3: confirm sequence semantics ; FY2024Q3: Need Capex to derive FCF,YES,NO,PERIOD_END_TRANSITION_REVIEW|PRIMARY_CORE_INCOMPLETE|SECONDARY_FIELDS_INCOMPLETE|TRANSITION_REVIEW|TRANSITION_SEQUENCE,P3_LATEST8Q,STRUCTURAL_REVIEW_SEPARATE,CALENDAR_TRANSITION,YES,P8H-S-0880,SPHR
FY2024Q2,2136,DIRECT_EXACT_INTERVAL|TARGET_SELF,NEED_CAPEX|NEED_EBITDA|NEED_FCF|NEED_GROSS_PROFIT|NEED_OFFICIAL_PERIOD_END|NEED_SOURCE_SEMANTICS_CONFIRMATION|NEED_TRANSITION_CALENDAR_EVIDENCE,FY2024Q2: need FCF ; FY2024Q2: need Gross Profit ; FY2024Q2: need EBITDA ; FY2024Q2: need Capex ; FY2024Q2: need transition/stub calendar decision ; FY2024Q2: need official period_end ; FY2024Q2: confirm sequence semantics ; FY2024Q2: Need Capex to derive FCF,YES,NO,PERIOD_END_TRANSITION_REVIEW|PRIMARY_CORE_INCOMPLETE|SECONDARY_FIELDS_INCOMPLETE|TRANSITION_REVIEW|TRANSITION_SEQUENCE,P3_LATEST8Q,STRUCTURAL_REVIEW_SEPARATE,CALENDAR_TRANSITION,YES,P8H-S-0881,SPHR
FY2025Q3,2145,DIRECT_EXACT_INTERVAL|TARGET_DIFFERENT_ECONOMIC,NEED_LOCAL_LINEAGE_RECONCILIATION|NEED_OFFICIAL_PERIOD_END|NEED_TARGET_COLLISION_RESOLUTION,FY2025Q3: reconcile stored FY/FQ against direct exact fiscal anchor ; FY2025Q3: need official period_end ; FY2025Q3: target FY/FQ collision requires reconciliation,YES,NO,FQ_CONFLICT_DIRECT_EXACT|PERIOD_END_FISCAL_SLOT_CONFLICT|TARGET_COLLISION,P1_CURRENT,STRUCTURAL_REVIEW_SEPARATE,TARGET_DIFFERENT_ECONOMIC,YES,P8H-S-0882,SPWR
FY2025Q2,2145,DIRECT_EXACT_INTERVAL|TARGET_DIFFERENT_ECONOMIC,NEED_CAPEX|NEED_LOCAL_LINEAGE_RECONCILIATION|NEED_OFFICIAL_PERIOD_END|NEED_TARGET_COLLISION_RESOLUTION,FY2025Q2: need Capex ; FY2025Q2: reconcile stored FY/FQ against direct exact fiscal anchor ; FY2025Q2: need official period_end ; FY2025Q2: target FY/FQ collision requires reconciliation,YES,NO,FQ_CONFLICT_DIRECT_EXACT|PERIOD_END_FISCAL_SLOT_CONFLICT|SECONDARY_FIELDS_INCOMPLETE|TARGET_COLLISION,P1_CURRENT,STRUCTURAL_REVIEW_SEPARATE,TARGET_DIFFERENT_ECONOMIC,YES,P8H-S-0883,SPWR
FY2025Q1,2145,DIRECT_EXACT_INTERVAL|TARGET_DIFFERENT_ECONOMIC,NEED_CAPEX|NEED_LOCAL_LINEAGE_RECONCILIATION|NEED_OFFICIAL_PERIOD_END|NEED_TARGET_COLLISION_RESOLUTION,FY2025Q1: need Capex ; FY2025Q1: reconcile stored FY/FQ against direct exact fiscal anchor ; FY2025Q1: need official period_end ; FY2025Q1: target FY/FQ collision requires reconciliation,YES,NO,FQ_CONFLICT_DIRECT_EXACT|PERIOD_END_FISCAL_SLOT_CONFLICT|SECONDARY_FIELDS_INCOMPLETE|TARGET_COLLISION,P3_LATEST8Q,STRUCTURAL_REVIEW_SEPARATE,TARGET_DIFFERENT_ECONOMIC,YES,P8H-S-0884,SPWR
FY2024Q4,2145,DIRECT_EXACT_INTERVAL|TARGET_DIFFERENT_ECONOMIC,NEED_EBIT|NEED_EBITDA|NEED_LOCAL_LINEAGE_RECONCILIATION|NEED_OFFICIAL_PERIOD_END|NEED_SOURCE_SEMANTICS_CONFIRMATION|NEED_TARGET_COLLISION_RESOLUTION,FY2024Q4: need EBIT ; FY2024Q4: need EBITDA ; FY2024Q4: reconcile stored FY/FQ against direct exact fiscal anchor ; FY2024Q4: need official period_end ; FY2024Q4: target FY/FQ collision requires reconciliation ; FY2024Q4: Need approved issuer/company-specific EBIT rule; do not blanket map Operating Income,YES,NO,FY_CONFLICT_DIRECT_EXACT|PERIOD_END_FISCAL_SLOT_CONFLICT|PRIMARY_CORE_INCOMPLETE|SECONDARY_FIELDS_INCOMPLETE|TARGET_COLLISION,P3_LATEST8Q,STRUCTURAL_REVIEW_SEPARATE,TARGET_DIFFERENT_ECONOMIC,YES,P8H-S-0885,SPWR
FY2026Q2,2149,UNRESOLVED|UNRESOLVED,NEED_FIRST_PUBLIC_RESULT_DATE|NEED_OFFICIAL_FISCAL_YEAR_START|NEED_OFFICIAL_FY_FQ_IDENTITY|NEED_SOURCE_SEMANTICS_CONFIRMATION,FY2026Q2: need official fiscal year start and FY/FQ identity ; FY2026Q2: need first-public result date ; FY2026Q2: confirm sequence semantics,YES,NO,PUBLISH_DATE_MISSING|UNRESOLVED_BOUNDARY|UNRESOLVED_SEQUENCE,P1_CURRENT,STRUCTURAL_REVIEW_SEPARATE,SOURCE_SEMANTIC_AMBIGUITY,YES,P8H-S-0886,SRE
FY2026Q1,2149,UNRESOLVED|UNRESOLVED,NEED_OFFICIAL_FISCAL_YEAR_START|NEED_OFFICIAL_FY_FQ_IDENTITY|NEED_SOURCE_SEMANTICS_CONFIRMATION,FY2026Q1: need official fiscal year start and FY/FQ identity ; FY2026Q1: confirm sequence semantics,YES,NO,UNRESOLVED_BOUNDARY|UNRESOLVED_SEQUENCE,P1_CURRENT,STRUCTURAL_REVIEW_SEPARATE,SOURCE_SEMANTIC_AMBIGUITY,YES,P8H-S-0887,SRE
FY2026Q1,2151,UNRESOLVED|UNRESOLVED,NEED_OFFICIAL_FISCAL_YEAR_START|NEED_OFFICIAL_FY_FQ_IDENTITY|NEED_SOURCE_SEMANTICS_CONFIRMATION,FY2026Q1: need official fiscal year start and FY/FQ identity ; FY2026Q1: confirm sequence semantics,YES,NO,UNRESOLVED_BOUNDARY|UNRESOLVED_SEQUENCE,P1_CURRENT,STRUCTURAL_REVIEW_SEPARATE,SOURCE_SEMANTIC_AMBIGUITY,YES,P8H-S-0888,SRG
FY2025Q3,2164,DIRECT_EXACT_INTERVAL|TARGET_DIFFERENT_ECONOMIC,NEED_MISSING_QUARTER_SOURCE|NEED_TARGET_COLLISION_RESOLUTION,FY2025Q3: verify missing adjacent fiscal quarter source ; FY2025Q3: target FY/FQ collision requires reconciliation,NO,NO,MISSING_QUARTER|TARGET_COLLISION,P2_LATEST4Q,STRUCTURAL_REVIEW_SEPARATE,TARGET_DIFFERENT_ECONOMIC,YES,P8H-S-0889,STAA
FY2025Q2,2164,DIRECT_EXACT_INTERVAL|TARGET_DIFFERENT_ECONOMIC,NEED_TARGET_COLLISION_RESOLUTION,FY2025Q2: target FY/FQ collision requires reconciliation,NO,NO,TARGET_COLLISION,P2_LATEST4Q,STRUCTURAL_REVIEW_SEPARATE,TARGET_DIFFERENT_ECONOMIC,YES,P8H-S-0890,STAA
FY2025Q1,2164,DIRECT_EXACT_INTERVAL|TARGET_DIFFERENT_ECONOMIC,NEED_MISSING_QUARTER_SOURCE|NEED_TARGET_COLLISION_RESOLUTION,FY2025Q1: verify missing adjacent fiscal quarter source ; FY2025Q1: target FY/FQ collision requires reconciliation,NO,NO,MISSING_QUARTER|TARGET_COLLISION,P3_LATEST8Q,STRUCTURAL_REVIEW_SEPARATE,TARGET_DIFFERENT_ECONOMIC,YES,P8H-S-0891,STAA
FY2025Q1,2166,DIRECT_EXACT_INTERVAL|TARGET_DIFFERENT_ECONOMIC,NEED_LOCAL_LINEAGE_RECONCILIATION|NEED_TARGET_COLLISION_RESOLUTION,FY2025Q1: reconcile stored FY/FQ against direct exact fiscal anchor ; FY2025Q1: target FY/FQ collision requires reconciliation,YES,NO,FY_CONFLICT_DIRECT_EXACT|TARGET_COLLISION,P3_LATEST8Q,STRUCTURAL_REVIEW_SEPARATE,TARGET_DIFFERENT_ECONOMIC,YES,P8H-S-0892,STE
FY2026Q2,2174,UNRESOLVED|UNRESOLVED,NEED_OFFICIAL_FISCAL_YEAR_START|NEED_OFFICIAL_FY_FQ_IDENTITY|NEED_SOURCE_SEMANTICS_CONFIRMATION,FY2026Q2: need official fiscal year start and FY/FQ identity ; FY2026Q2: confirm sequence semantics,YES,NO,UNRESOLVED_BOUNDARY|UNRESOLVED_SEQUENCE,P1_CURRENT,STRUCTURAL_REVIEW_SEPARATE,SOURCE_SEMANTIC_AMBIGUITY,YES,P8H-S-0893,STRL
FY2026Q1,2174,UNRESOLVED|UNRESOLVED,NEED_OFFICIAL_FISCAL_YEAR_START|NEED_OFFICIAL_FY_FQ_IDENTITY|NEED_SOURCE_SEMANTICS_CONFIRMATION,FY2026Q1: need official fiscal year start and FY/FQ identity ; FY2026Q1: confirm sequence semantics,YES,NO,UNRESOLVED_BOUNDARY|UNRESOLVED_SEQUENCE,P1_CURRENT,STRUCTURAL_REVIEW_SEPARATE,SOURCE_SEMANTIC_AMBIGUITY,YES,P8H-S-0894,STRL
FY2026Q3,2178,DIRECT_EXACT_INTERVAL|TARGET_DIFFERENT_ECONOMIC,NEED_MISSING_QUARTER_SOURCE|NEED_TARGET_COLLISION_RESOLUTION,FY2026Q3: verify missing adjacent fiscal quarter source ; FY2026Q3: target FY/FQ collision requires reconciliation,YES,NO,MISSING_QUARTER|TARGET_COLLISION,P2_LATEST4Q,STRUCTURAL_REVIEW_SEPARATE,TARGET_DIFFERENT_ECONOMIC,YES,P8H-S-0895,STX
FY2026Q2,2178,DIRECT_EXACT_INTERVAL|TARGET_DIFFERENT_ECONOMIC,NEED_TARGET_COLLISION_RESOLUTION,FY2026Q2: target FY/FQ collision requires reconciliation,YES,NO,TARGET_COLLISION,P2_LATEST4Q,STRUCTURAL_REVIEW_SEPARATE,TARGET_DIFFERENT_ECONOMIC,YES,P8H-S-0896,STX
FY2026Q1,2178,DIRECT_EXACT_INTERVAL|TARGET_DIFFERENT_ECONOMIC,NEED_TARGET_COLLISION_RESOLUTION,FY2026Q1: target FY/FQ collision requires reconciliation,YES,NO,TARGET_COLLISION,P2_LATEST4Q,STRUCTURAL_REVIEW_SEPARATE,TARGET_DIFFERENT_ECONOMIC,YES,P8H-S-0897,STX
FY2025Q4,2178,DIRECT_EXACT_INTERVAL|TARGET_DIFFERENT_ECONOMIC,NEED_LOCAL_LINEAGE_RECONCILIATION|NEED_OFFICIAL_PERIOD_END|NEED_TARGET_COLLISION_RESOLUTION,FY2025Q4: reconcile stored FY/FQ against direct exact fiscal anchor ; FY2025Q4: need official period_end ; FY2025Q4: target FY/FQ collision requires reconciliation,YES,NO,FY_CONFLICT_DIRECT_EXACT|PERIOD_END_FISCAL_SLOT_CONFLICT|TARGET_COLLISION,P3_LATEST8Q,STRUCTURAL_REVIEW_SEPARATE,TARGET_DIFFERENT_ECONOMIC,YES,P8H-S-0898,STX
FY2025Q1,2179,DIRECT_EXACT_INTERVAL|TARGET_DIFFERENT_ECONOMIC,NEED_LOCAL_LINEAGE_RECONCILIATION|NEED_TARGET_COLLISION_RESOLUTION,FY2025Q1: reconcile stored FY/FQ against direct exact fiscal anchor ; FY2025Q1: target FY/FQ collision requires reconciliation,YES,NO,FY_CONFLICT_DIRECT_EXACT|TARGET_COLLISION,P3_LATEST8Q,STRUCTURAL_REVIEW_SEPARATE,TARGET_DIFFERENT_ECONOMIC,YES,P8H-S-0899,STZ
FY2026Q3,2184,DIRECT_EXACT_INTERVAL|TARGET_DIFFERENT_ECONOMIC,NEED_FIRST_PUBLIC_RESULT_DATE|NEED_LOCAL_LINEAGE_RECONCILIATION|NEED_TARGET_COLLISION_RESOLUTION,FY2026Q3: reconcile stored FY/FQ against direct exact fiscal anchor ; FY2026Q3: need first-public result date ; FY2026Q3: target FY/FQ collision requires reconciliation,YES,NO,FY_CONFLICT_DIRECT_EXACT|PUBLISH_DATE_MISSING|TARGET_COLLISION,P1_CURRENT,STRUCTURAL_REVIEW_SEPARATE,TARGET_DIFFERENT_ECONOMIC,YES,P8H-S-0900,SURG
FY2026Q2,2184,DIRECT_EXACT_INTERVAL|TARGET_DIFFERENT_ECONOMIC,NEED_LOCAL_LINEAGE_RECONCILIATION|NEED_TARGET_COLLISION_RESOLUTION,FY2026Q2: reconcile stored FY/FQ against direct exact fiscal anchor ; FY2026Q2: target FY/FQ collision requires reconciliation,YES,NO,FY_CONFLICT_DIRECT_EXACT|TARGET_COLLISION,P1_CURRENT,STRUCTURAL_REVIEW_SEPARATE,TARGET_DIFFERENT_ECONOMIC,YES,P8H-S-0901,SURG
FY2026Q1,2184,DIRECT_EXACT_INTERVAL|TARGET_DIFFERENT_ECONOMIC,NEED_LOCAL_LINEAGE_RECONCILIATION|NEED_TARGET_COLLISION_RESOLUTION,FY2026Q1: reconcile stored FY/FQ against direct exact fiscal anchor ; FY2026Q1: target FY/FQ collision requires reconciliation,YES,NO,FY_CONFLICT_DIRECT_EXACT|TARGET_COLLISION,P1_CURRENT,STRUCTURAL_REVIEW_SEPARATE,TARGET_DIFFERENT_ECONOMIC,YES,P8H-S-0902,SURG
FY2025Q4,2184,DIRECT_EXACT_INTERVAL|TARGET_DIFFERENT_ECONOMIC,NEED_EBITDA|NEED_LOCAL_LINEAGE_RECONCILIATION|NEED_TARGET_COLLISION_RESOLUTION,FY2025Q4: need EBITDA ; FY2025Q4: reconcile stored FY/FQ against direct exact fiscal anchor ; FY2025Q4: target FY/FQ collision requires reconciliation,YES,NO,FQ_CONFLICT_DIRECT_EXACT|SECONDARY_FIELDS_INCOMPLETE|TARGET_COLLISION,P1_CURRENT,STRUCTURAL_REVIEW_SEPARATE,TARGET_DIFFERENT_ECONOMIC,YES,P8H-S-0903,SURG
FY2025Q3,2184,DIRECT_EXACT_INTERVAL|TARGET_DIFFERENT_ECONOMIC,NEED_LOCAL_LINEAGE_RECONCILIATION|NEED_TARGET_COLLISION_RESOLUTION,FY2025Q3: reconcile stored FY/FQ against direct exact fiscal anchor ; FY2025Q3: target FY/FQ collision requires reconciliation,YES,NO,FY_CONFLICT_DIRECT_EXACT|TARGET_COLLISION,P3_LATEST8Q,STRUCTURAL_REVIEW_SEPARATE,TARGET_DIFFERENT_ECONOMIC,YES,P8H-S-0904,SURG
FY2025Q2,2184,DIRECT_EXACT_INTERVAL|TARGET_DIFFERENT_ECONOMIC,NEED_DEBT|NEED_EBITDA|NEED_GROSS_PROFIT|NEED_LOCAL_LINEAGE_RECONCILIATION|NEED_NET_INCOME|NEED_TARGET_COLLISION_RESOLUTION,FY2025Q2: need Debt ; FY2025Q2: need Gross Profit ; FY2025Q2: need EBITDA ; FY2025Q2: need Net Income ; FY2025Q2: reconcile stored FY/FQ against direct exact fiscal anchor ; FY2025Q2: target FY/FQ collision requires reconciliation,YES,NO,FY_CONFLICT_DIRECT_EXACT|PRIMARY_CORE_INCOMPLETE|SECONDARY_FIELDS_INCOMPLETE|TARGET_COLLISION,P3_LATEST8Q,STRUCTURAL_REVIEW_SEPARATE,TARGET_DIFFERENT_ECONOMIC,YES,P8H-S-0905,SURG
FY2025Q1,2184,DIRECT_EXACT_INTERVAL|TARGET_DIFFERENT_ECONOMIC,NEED_CAPEX|NEED_FCF|NEED_LOCAL_LINEAGE_RECONCILIATION|NEED_SOURCE_SEMANTICS_CONFIRMATION|NEED_TARGET_COLLISION_RESOLUTION,FY2025Q1: need FCF ; FY2025Q1: need Capex ; FY2025Q1: reconcile stored FY/FQ against direct exact fiscal anchor ; FY2025Q1: target FY/FQ collision requires reconciliation ; FY2025Q1: Need Capex to derive FCF,YES,NO,FY_CONFLICT_DIRECT_EXACT|PRIMARY_CORE_INCOMPLETE|SECONDARY_FIELDS_INCOMPLETE|TARGET_COLLISION,P3_LATEST8Q,STRUCTURAL_REVIEW_SEPARATE,TARGET_DIFFERENT_ECONOMIC,YES,P8H-S-0906,SURG
FY2024Q4,2184,DIRECT_EXACT_INTERVAL|TARGET_DIFFERENT_ECONOMIC,NEED_CAPEX|NEED_CASH|NEED_DEBT|NEED_EBITDA|NEED_FCF|NEED_GROSS_PROFIT|NEED_LOCAL_LINEAGE_RECONCILIATION|NEED_SOURCE_SEMANTICS_CONFIRMATION|NEED_TARGET_COLLISION_RESOLUTION,FY2024Q4: need FCF ; FY2024Q4: need Cash ; FY2024Q4: need Debt ; FY2024Q4: need Gross Profit ; FY2024Q4: need EBITDA ; FY2024Q4: need Capex ; FY2024Q4: reconcile stored FY/FQ against direct exact fiscal anchor ; FY2024Q4: target FY/FQ collision requires reconciliation ; FY2024Q4: Need Capex to derive FCF,YES,NO,FQ_CONFLICT_DIRECT_EXACT|PRIMARY_CORE_INCOMPLETE|SECONDARY_FIELDS_INCOMPLETE|TARGET_COLLISION,P3_LATEST8Q,STRUCTURAL_REVIEW_SEPARATE,TARGET_DIFFERENT_ECONOMIC,YES,P8H-S-0907,SURG
FY2025Q3,2187,DIRECT_EXACT_INTERVAL|TARGET_DIFFERENT_ECONOMIC,NEED_MISSING_QUARTER_SOURCE|NEED_TARGET_COLLISION_RESOLUTION,FY2025Q3: verify missing adjacent fiscal quarter source ; FY2025Q3: target FY/FQ collision requires reconciliation,YES,NO,MISSING_QUARTER|TARGET_COLLISION,P2_LATEST4Q,STRUCTURAL_REVIEW_SEPARATE,TARGET_DIFFERENT_ECONOMIC,YES,P8H-S-0908,SVV
FY2025Q2,2187,DIRECT_EXACT_INTERVAL|TARGET_DIFFERENT_ECONOMIC,NEED_TARGET_COLLISION_RESOLUTION,FY2025Q2: target FY/FQ collision requires reconciliation,YES,NO,TARGET_COLLISION,P3_LATEST8Q,STRUCTURAL_REVIEW_SEPARATE,TARGET_DIFFERENT_ECONOMIC,YES,P8H-S-0909,SVV
FY2025Q1,2187,DIRECT_EXACT_INTERVAL|TARGET_DIFFERENT_ECONOMIC,NEED_MISSING_QUARTER_SOURCE|NEED_TARGET_COLLISION_RESOLUTION,FY2025Q1: verify missing adjacent fiscal quarter source ; FY2025Q1: target FY/FQ collision requires reconciliation,YES,NO,MISSING_QUARTER|TARGET_COLLISION,P3_LATEST8Q,STRUCTURAL_REVIEW_SEPARATE,TARGET_DIFFERENT_ECONOMIC,YES,P8H-S-0910,SVV
FY2025Q1,2188,DIRECT_EXACT_INTERVAL|TARGET_DIFFERENT_ECONOMIC,NEED_DEBT|NEED_EBITDA|NEED_FIRST_PUBLIC_RESULT_DATE|NEED_LOCAL_LINEAGE_RECONCILIATION|NEED_TARGET_COLLISION_RESOLUTION,FY2025Q1: need Debt ; FY2025Q1: need EBITDA ; FY2025Q1: reconcile stored FY/FQ against direct exact fiscal anchor ; FY2025Q1: need first-public result date ; FY2025Q1: target FY/FQ collision requires reconciliation,YES,NO,FY_CONFLICT_DIRECT_EXACT|PRIMARY_CORE_INCOMPLETE|PUBLISH_DATE_MISSING|SECONDARY_FIELDS_INCOMPLETE|TARGET_COLLISION,P3_LATEST8Q,STRUCTURAL_REVIEW_SEPARATE,TARGET_DIFFERENT_ECONOMIC,YES,P8H-S-0911,SW
FY2025Q3,2191,DIRECT_EXACT_INTERVAL|TARGET_DIFFERENT_ECONOMIC,NEED_MISSING_QUARTER_SOURCE|NEED_TARGET_COLLISION_RESOLUTION,FY2025Q3: verify missing adjacent fiscal quarter source ; FY2025Q3: target FY/FQ collision requires reconciliation,NO,NO,MISSING_QUARTER|TARGET_COLLISION,P2_LATEST4Q,STRUCTURAL_REVIEW_SEPARATE,TARGET_DIFFERENT_ECONOMIC,YES,P8H-S-0912,SWK
FY2025Q2,2191,DIRECT_EXACT_INTERVAL|TARGET_DIFFERENT_ECONOMIC,NEED_TARGET_COLLISION_RESOLUTION,FY2025Q2: target FY/FQ collision requires reconciliation,NO,NO,TARGET_COLLISION,P3_LATEST8Q,STRUCTURAL_REVIEW_SEPARATE,TARGET_DIFFERENT_ECONOMIC,YES,P8H-S-0913,SWK
FY2025Q1,2191,DIRECT_EXACT_INTERVAL|TARGET_DIFFERENT_ECONOMIC,NEED_MISSING_QUARTER_SOURCE|NEED_TARGET_COLLISION_RESOLUTION,FY2025Q1: verify missing adjacent fiscal quarter source ; FY2025Q1: target FY/FQ collision requires reconciliation,NO,NO,MISSING_QUARTER|TARGET_COLLISION,P3_LATEST8Q,STRUCTURAL_REVIEW_SEPARATE,TARGET_DIFFERENT_ECONOMIC,YES,P8H-S-0914,SWK
FY2025Q3,2192,DIRECT_EXACT_INTERVAL|TARGET_DIFFERENT_ECONOMIC,NEED_MISSING_QUARTER_SOURCE|NEED_TARGET_COLLISION_RESOLUTION,FY2025Q3: verify missing adjacent fiscal quarter source ; FY2025Q3: target FY/FQ collision requires reconciliation,NO,NO,MISSING_QUARTER|TARGET_COLLISION,P3_LATEST8Q,STRUCTURAL_REVIEW_SEPARATE,TARGET_DIFFERENT_ECONOMIC,YES,P8H-S-0915,SWKS
FY2025Q3,2198,DIRECT_EXACT_INTERVAL|TARGET_DIFFERENT_ECONOMIC,NEED_DEBT|NEED_MISSING_QUARTER_SOURCE|NEED_TARGET_COLLISION_RESOLUTION,FY2025Q3: need Debt ; FY2025Q3: verify missing adjacent fiscal quarter source ; FY2025Q3: target FY/FQ collision requires reconciliation,YES,NO,MISSING_QUARTER|PRIMARY_CORE_INCOMPLETE|TARGET_COLLISION,P3_LATEST8Q,STRUCTURAL_REVIEW_SEPARATE,TARGET_DIFFERENT_ECONOMIC,YES,P8H-S-0916,SYM
FY2025Q1,2198,DIRECT_EXACT_INTERVAL|TARGET_DIFFERENT_ECONOMIC,NEED_DEBT|NEED_MISSING_QUARTER_SOURCE|NEED_TARGET_COLLISION_RESOLUTION,FY2025Q1: need Debt ; FY2025Q1: verify missing adjacent fiscal quarter source ; FY2025Q1: target FY/FQ collision requires reconciliation,YES,NO,MISSING_QUARTER|PRIMARY_CORE_INCOMPLETE|TARGET_COLLISION,P3_LATEST8Q,STRUCTURAL_REVIEW_SEPARATE,TARGET_DIFFERENT_ECONOMIC,YES,P8H-S-0917,SYM
FY2026Q2,2199,DIRECT_EXACT_INTERVAL|TARGET_DIFFERENT_ECONOMIC,NEED_TARGET_COLLISION_RESOLUTION,FY2026Q2: target FY/FQ collision requires reconciliation,YES,NO,TARGET_COLLISION,P1_CURRENT,STRUCTURAL_REVIEW_SEPARATE,TARGET_DIFFERENT_ECONOMIC,YES,P8H-S-0918,SYNA
FY2026Q1,2199,DIRECT_EXACT_INTERVAL|TARGET_DIFFERENT_ECONOMIC,NEED_TARGET_COLLISION_RESOLUTION,FY2026Q1: target FY/FQ collision requires reconciliation,YES,NO,TARGET_COLLISION,P1_CURRENT,STRUCTURAL_REVIEW_SEPARATE,TARGET_DIFFERENT_ECONOMIC,YES,P8H-S-0919,SYNA
FY2025Q4,2199,DIRECT_EXACT_INTERVAL|TARGET_DIFFERENT_ECONOMIC,NEED_LOCAL_LINEAGE_RECONCILIATION|NEED_OFFICIAL_PERIOD_END|NEED_TARGET_COLLISION_RESOLUTION,FY2025Q4: reconcile stored FY/FQ against direct exact fiscal anchor ; FY2025Q4: need official period_end ; FY2025Q4: target FY/FQ collision requires reconciliation,YES,NO,FY_CONFLICT_DIRECT_EXACT|PERIOD_END_FISCAL_SLOT_CONFLICT|TARGET_COLLISION,P1_CURRENT,STRUCTURAL_REVIEW_SEPARATE,TARGET_DIFFERENT_ECONOMIC,YES,P8H-S-0920,SYNA
FY2025Q3,2199,DIRECT_EXACT_INTERVAL|TARGET_DIFFERENT_ECONOMIC,NEED_MISSING_QUARTER_SOURCE|NEED_TARGET_COLLISION_RESOLUTION,FY2025Q3: verify missing adjacent fiscal quarter source ; FY2025Q3: target FY/FQ collision requires reconciliation,YES,NO,MISSING_QUARTER|TARGET_COLLISION,P3_LATEST8Q,STRUCTURAL_REVIEW_SEPARATE,TARGET_DIFFERENT_ECONOMIC,YES,P8H-S-0921,SYNA
FY2026Q2,2201,DIRECT_EXACT_INTERVAL|TARGET_DIFFERENT_ECONOMIC,NEED_TARGET_COLLISION_RESOLUTION,FY2026Q2: target FY/FQ collision requires reconciliation,YES,NO,TARGET_COLLISION,P1_CURRENT,STRUCTURAL_REVIEW_SEPARATE,TARGET_DIFFERENT_ECONOMIC,YES,P8H-S-0922,SYY
FY2026Q1,2201,DIRECT_EXACT_INTERVAL|TARGET_DIFFERENT_ECONOMIC,NEED_TARGET_COLLISION_RESOLUTION,FY2026Q1: target FY/FQ collision requires reconciliation,YES,NO,TARGET_COLLISION,P1_CURRENT,STRUCTURAL_REVIEW_SEPARATE,TARGET_DIFFERENT_ECONOMIC,YES,P8H-S-0923,SYY
FY2025Q4,2201,DIRECT_EXACT_INTERVAL|TARGET_DIFFERENT_ECONOMIC,NEED_LOCAL_LINEAGE_RECONCILIATION|NEED_OFFICIAL_PERIOD_END|NEED_TARGET_COLLISION_RESOLUTION,FY2025Q4: reconcile stored FY/FQ against direct exact fiscal anchor ; FY2025Q4: need official period_end ; FY2025Q4: target FY/FQ collision requires reconciliation,YES,NO,FY_CONFLICT_DIRECT_EXACT|PERIOD_END_FISCAL_SLOT_CONFLICT|TARGET_COLLISION,P1_CURRENT,STRUCTURAL_REVIEW_SEPARATE,TARGET_DIFFERENT_ECONOMIC,YES,P8H-S-0924,SYY
FY2025Q3,2201,DIRECT_EXACT_INTERVAL|TARGET_DIFFERENT_ECONOMIC,NEED_MISSING_QUARTER_SOURCE|NEED_TARGET_COLLISION_RESOLUTION,FY2025Q3: verify missing adjacent fiscal quarter source ; FY2025Q3: target FY/FQ collision requires reconciliation,YES,NO,MISSING_QUARTER|TARGET_COLLISION,P3_LATEST8Q,STRUCTURAL_REVIEW_SEPARATE,TARGET_DIFFERENT_ECONOMIC,YES,P8H-S-0925,SYY
FY2026Q2,2210,UNRESOLVED|UNRESOLVED,NEED_OFFICIAL_FISCAL_YEAR_START|NEED_OFFICIAL_FY_FQ_IDENTITY|NEED_SOURCE_SEMANTICS_CONFIRMATION,FY2026Q2: need official fiscal year start and FY/FQ identity ; FY2026Q2: confirm sequence semantics,YES,NO,UNRESOLVED_BOUNDARY|UNRESOLVED_SEQUENCE,P1_CURRENT,STRUCTURAL_REVIEW_SEPARATE,SOURCE_SEMANTIC_AMBIGUITY,YES,P8H-S-0926,TBCH
FY2026Q1,2210,UNRESOLVED|UNRESOLVED,NEED_OFFICIAL_FISCAL_YEAR_START|NEED_OFFICIAL_FY_FQ_IDENTITY|NEED_SOURCE_SEMANTICS_CONFIRMATION,FY2026Q1: need official fiscal year start and FY/FQ identity ; FY2026Q1: confirm sequence semantics,YES,NO,UNRESOLVED_BOUNDARY|UNRESOLVED_SEQUENCE,P1_CURRENT,STRUCTURAL_REVIEW_SEPARATE,SOURCE_SEMANTIC_AMBIGUITY,YES,P8H-S-0927,TBCH
FY2025Q3,2211,DIRECT_EXACT_INTERVAL|TARGET_DIFFERENT_ECONOMIC,NEED_MISSING_QUARTER_SOURCE|NEED_TARGET_COLLISION_RESOLUTION,FY2025Q3: verify missing adjacent fiscal quarter source ; FY2025Q3: target FY/FQ collision requires reconciliation,YES,NO,MISSING_QUARTER|TARGET_COLLISION,P2_LATEST4Q,STRUCTURAL_REVIEW_SEPARATE,TARGET_DIFFERENT_ECONOMIC,YES,P8H-S-0928,TBI
FY2025Q2,2211,DIRECT_EXACT_INTERVAL|TARGET_DIFFERENT_ECONOMIC,NEED_TARGET_COLLISION_RESOLUTION,FY2025Q2: target FY/FQ collision requires reconciliation,YES,NO,TARGET_COLLISION,P3_LATEST8Q,STRUCTURAL_REVIEW_SEPARATE,TARGET_DIFFERENT_ECONOMIC,YES,P8H-S-0929,TBI
FY2025Q1,2211,DIRECT_EXACT_INTERVAL|TARGET_DIFFERENT_ECONOMIC,NEED_MISSING_QUARTER_SOURCE|NEED_TARGET_COLLISION_RESOLUTION,FY2025Q1: verify missing adjacent fiscal quarter source ; FY2025Q1: target FY/FQ collision requires reconciliation,YES,NO,MISSING_QUARTER|TARGET_COLLISION,P3_LATEST8Q,STRUCTURAL_REVIEW_SEPARATE,TARGET_DIFFERENT_ECONOMIC,YES,P8H-S-0930,TBI
FY2026Q2,2222,UNRESOLVED|UNRESOLVED,NEED_OFFICIAL_FISCAL_YEAR_START|NEED_OFFICIAL_FY_FQ_IDENTITY|NEED_SOURCE_SEMANTICS_CONFIRMATION,FY2026Q2: need official fiscal year start and FY/FQ identity ; FY2026Q2: confirm sequence semantics,YES,NO,UNRESOLVED_BOUNDARY|UNRESOLVED_SEQUENCE,P1_CURRENT,STRUCTURAL_REVIEW_SEPARATE,SOURCE_SEMANTIC_AMBIGUITY,YES,P8H-S-0931,TDW
FY2026Q1,2222,UNRESOLVED|UNRESOLVED,NEED_OFFICIAL_FISCAL_YEAR_START|NEED_OFFICIAL_FY_FQ_IDENTITY|NEED_SOURCE_SEMANTICS_CONFIRMATION,FY2026Q1: need official fiscal year start and FY/FQ identity ; FY2026Q1: confirm sequence semantics,YES,NO,UNRESOLVED_BOUNDARY|UNRESOLVED_SEQUENCE,P1_CURRENT,STRUCTURAL_REVIEW_SEPARATE,SOURCE_SEMANTIC_AMBIGUITY,YES,P8H-S-0932,TDW
FY2025Q3,2223,DIRECT_EXACT_INTERVAL|TARGET_DIFFERENT_ECONOMIC,NEED_MISSING_QUARTER_SOURCE|NEED_TARGET_COLLISION_RESOLUTION,FY2025Q3: verify missing adjacent fiscal quarter source ; FY2025Q3: target FY/FQ collision requires reconciliation,NO,NO,MISSING_QUARTER|TARGET_COLLISION,P2_LATEST4Q,STRUCTURAL_REVIEW_SEPARATE,TARGET_DIFFERENT_ECONOMIC,YES,P8H-S-0933,TDY
FY2025Q2,2223,DIRECT_EXACT_INTERVAL|TARGET_DIFFERENT_ECONOMIC,NEED_TARGET_COLLISION_RESOLUTION,FY2025Q2: target FY/FQ collision requires reconciliation,NO,NO,TARGET_COLLISION,P3_LATEST8Q,STRUCTURAL_REVIEW_SEPARATE,TARGET_DIFFERENT_ECONOMIC,YES,P8H-S-0934,TDY
FY2025Q1,2223,DIRECT_EXACT_INTERVAL|TARGET_DIFFERENT_ECONOMIC,NEED_MISSING_QUARTER_SOURCE|NEED_TARGET_COLLISION_RESOLUTION,FY2025Q1: verify missing adjacent fiscal quarter source ; FY2025Q1: target FY/FQ collision requires reconciliation,NO,NO,MISSING_QUARTER|TARGET_COLLISION,P3_LATEST8Q,STRUCTURAL_REVIEW_SEPARATE,TARGET_DIFFERENT_ECONOMIC,YES,P8H-S-0935,TDY
FY2025Q3,2229,DIRECT_EXACT_INTERVAL|TARGET_DIFFERENT_ECONOMIC,NEED_MISSING_QUARTER_SOURCE|NEED_TARGET_COLLISION_RESOLUTION,FY2025Q3: verify missing adjacent fiscal quarter source ; FY2025Q3: target FY/FQ collision requires reconciliation,NO,NO,MISSING_QUARTER|TARGET_COLLISION,P3_LATEST8Q,STRUCTURAL_REVIEW_SEPARATE,TARGET_DIFFERENT_ECONOMIC,YES,P8H-S-0936,TEL
FY2026Q2,2247,UNRESOLVED|UNRESOLVED,NEED_FIRST_PUBLIC_RESULT_DATE|NEED_OFFICIAL_FISCAL_YEAR_START|NEED_OFFICIAL_FY_FQ_IDENTITY|NEED_SOURCE_SEMANTICS_CONFIRMATION,FY2026Q2: need official fiscal year start and FY/FQ identity ; FY2026Q2: need first-public result date ; FY2026Q2: confirm sequence semantics,YES,NO,PUBLISH_DATE_MISSING|UNRESOLVED_BOUNDARY|UNRESOLVED_SEQUENCE,P1_CURRENT,STRUCTURAL_REVIEW_SEPARATE,SOURCE_SEMANTIC_AMBIGUITY,YES,P8H-S-0937,THRY
FY2026Q1,2247,UNRESOLVED|UNRESOLVED,NEED_OFFICIAL_FISCAL_YEAR_START|NEED_OFFICIAL_FY_FQ_IDENTITY|NEED_SOURCE_SEMANTICS_CONFIRMATION,FY2026Q1: need official fiscal year start and FY/FQ identity ; FY2026Q1: confirm sequence semantics,YES,NO,UNRESOLVED_BOUNDARY|UNRESOLVED_SEQUENCE,P1_CURRENT,STRUCTURAL_REVIEW_SEPARATE,SOURCE_SEMANTIC_AMBIGUITY,YES,P8H-S-0938,THRY
FY2025Q3,2249,DIRECT_EXACT_INTERVAL|TARGET_DIFFERENT_ECONOMIC,NEED_MISSING_QUARTER_SOURCE|NEED_TARGET_COLLISION_RESOLUTION,FY2025Q3: verify missing adjacent fiscal quarter source ; FY2025Q3: target FY/FQ collision requires reconciliation,YES,NO,MISSING_QUARTER|TARGET_COLLISION,P2_LATEST4Q,STRUCTURAL_REVIEW_SEPARATE,TARGET_DIFFERENT_ECONOMIC,YES,P8H-S-0939,TILE
FY2025Q2,2249,DIRECT_EXACT_INTERVAL|TARGET_DIFFERENT_ECONOMIC,NEED_TARGET_COLLISION_RESOLUTION,FY2025Q2: target FY/FQ collision requires reconciliation,YES,NO,TARGET_COLLISION,P2_LATEST4Q,STRUCTURAL_REVIEW_SEPARATE,TARGET_DIFFERENT_ECONOMIC,YES,P8H-S-0940,TILE
FY2025Q1,2249,DIRECT_EXACT_INTERVAL|TARGET_DIFFERENT_ECONOMIC,NEED_TARGET_COLLISION_RESOLUTION,FY2025Q1: target FY/FQ collision requires reconciliation,YES,NO,TARGET_COLLISION,P3_LATEST8Q,STRUCTURAL_REVIEW_SEPARATE,TARGET_DIFFERENT_ECONOMIC,YES,P8H-S-0941,TILE
FY2024Q4,2249,DIRECT_EXACT_INTERVAL|TARGET_DIFFERENT_ECONOMIC,NEED_LOCAL_LINEAGE_RECONCILIATION|NEED_OFFICIAL_PERIOD_END|NEED_TARGET_COLLISION_RESOLUTION,FY2024Q4: reconcile stored FY/FQ against direct exact fiscal anchor ; FY2024Q4: need official period_end ; FY2024Q4: target FY/FQ collision requires reconciliation,YES,NO,FY_CONFLICT_DIRECT_EXACT|PERIOD_END_FISCAL_SLOT_CONFLICT|TARGET_COLLISION,P3_LATEST8Q,STRUCTURAL_REVIEW_SEPARATE,TARGET_DIFFERENT_ECONOMIC,YES,P8H-S-0942,TILE
FY2025Q2,2250,DIRECT_EXACT_INTERVAL|TARGET_DIFFERENT_ECONOMIC,NEED_LOCAL_LINEAGE_RECONCILIATION|NEED_TARGET_COLLISION_RESOLUTION,FY2025Q2: reconcile stored FY/FQ against direct exact fiscal anchor ; FY2025Q2: target FY/FQ collision requires reconciliation,YES,NO,FY_CONFLICT_DIRECT_EXACT|TARGET_COLLISION,P2_LATEST4Q,STRUCTURAL_REVIEW_SEPARATE,TARGET_DIFFERENT_ECONOMIC,YES,P8H-S-0943,TITN
FY2024Q2,2250,DIRECT_EXACT_INTERVAL|TARGET_DIFFERENT_ECONOMIC,NEED_LOCAL_LINEAGE_RECONCILIATION|NEED_TARGET_COLLISION_RESOLUTION,FY2024Q2: reconcile stored FY/FQ against direct exact fiscal anchor ; FY2024Q2: target FY/FQ collision requires reconciliation,YES,NO,FY_CONFLICT_DIRECT_EXACT|TARGET_COLLISION,P3_LATEST8Q,STRUCTURAL_REVIEW_SEPARATE,TARGET_DIFFERENT_ECONOMIC,YES,P8H-S-0944,TITN
FY2025Q1,2252,DIRECT_EXACT_INTERVAL|TARGET_DIFFERENT_ECONOMIC,NEED_LOCAL_LINEAGE_RECONCILIATION|NEED_TARGET_COLLISION_RESOLUTION,FY2025Q1: reconcile stored FY/FQ against direct exact fiscal anchor ; FY2025Q1: target FY/FQ collision requires reconciliation,YES,NO,FY_CONFLICT_DIRECT_EXACT|TARGET_COLLISION,P3_LATEST8Q,STRUCTURAL_REVIEW_SEPARATE,TARGET_DIFFERENT_ECONOMIC,YES,P8H-S-0945,TJX
FY2024Q4,2252,DIRECT_EXACT_INTERVAL|TARGET_DIFFERENT_ECONOMIC,NEED_LOCAL_LINEAGE_RECONCILIATION|NEED_TARGET_COLLISION_RESOLUTION,FY2024Q4: reconcile stored FY/FQ against direct exact fiscal anchor ; FY2024Q4: target FY/FQ collision requires reconciliation,YES,NO,FY_CONFLICT_DIRECT_EXACT|TARGET_COLLISION,P3_LATEST8Q,STRUCTURAL_REVIEW_SEPARATE,TARGET_DIFFERENT_ECONOMIC,YES,P8H-S-0946,TJX
FY2026Q2,2256,UNRESOLVED|UNRESOLVED,NEED_OFFICIAL_FISCAL_YEAR_START|NEED_OFFICIAL_FY_FQ_IDENTITY|NEED_SOURCE_SEMANTICS_CONFIRMATION,FY2026Q2: need official fiscal year start and FY/FQ identity ; FY2026Q2: confirm sequence semantics,YES,NO,UNRESOLVED_BOUNDARY|UNRESOLVED_SEQUENCE,P1_CURRENT,STRUCTURAL_REVIEW_SEPARATE,SOURCE_SEMANTIC_AMBIGUITY,YES,P8H-S-0947,TLN
FY2026Q1,2256,UNRESOLVED|UNRESOLVED,NEED_OFFICIAL_FISCAL_YEAR_START|NEED_OFFICIAL_FY_FQ_IDENTITY|NEED_SOURCE_SEMANTICS_CONFIRMATION,FY2026Q1: need official fiscal year start and FY/FQ identity ; FY2026Q1: confirm sequence semantics,YES,NO,UNRESOLVED_BOUNDARY|UNRESOLVED_SEQUENCE,P1_CURRENT,STRUCTURAL_REVIEW_SEPARATE,SOURCE_SEMANTIC_AMBIGUITY,YES,P8H-S-0948,TLN
FY2026Q1,2258,UNRESOLVED|UNRESOLVED,NEED_OFFICIAL_FISCAL_YEAR_START|NEED_OFFICIAL_FY_FQ_IDENTITY|NEED_SOURCE_SEMANTICS_CONFIRMATION,FY2026Q1: need official fiscal year start and FY/FQ identity ; FY2026Q1: confirm sequence semantics,YES,NO,UNRESOLVED_BOUNDARY|UNRESOLVED_SEQUENCE,P1_CURRENT,STRUCTURAL_REVIEW_SEPARATE,SOURCE_SEMANTIC_AMBIGUITY,YES,P8H-S-0949,TLS
FY2026Q1,2270,UNRESOLVED|UNRESOLVED,NEED_OFFICIAL_FISCAL_YEAR_START|NEED_OFFICIAL_FY_FQ_IDENTITY|NEED_SOURCE_SEMANTICS_CONFIRMATION,FY2026Q1: need official fiscal year start and FY/FQ identity ; FY2026Q1: confirm sequence semantics,YES,NO,UNRESOLVED_BOUNDARY|UNRESOLVED_SEQUENCE,P1_CURRENT,STRUCTURAL_REVIEW_SEPARATE,SOURCE_SEMANTIC_AMBIGUITY,YES,P8H-S-0950,TNXP
FY2026Q2,2280,DIRECT_EXACT_INTERVAL|TARGET_DIFFERENT_ECONOMIC,NEED_TARGET_COLLISION_RESOLUTION,FY2026Q2: target FY/FQ collision requires reconciliation,YES,NO,TARGET_COLLISION,P1_CURRENT,STRUCTURAL_REVIEW_SEPARATE,TARGET_DIFFERENT_ECONOMIC,YES,P8H-S-0951,TPR
FY2026Q1,2280,DIRECT_EXACT_INTERVAL|TARGET_DIFFERENT_ECONOMIC,NEED_TARGET_COLLISION_RESOLUTION,FY2026Q1: target FY/FQ collision requires reconciliation,YES,NO,TARGET_COLLISION,P1_CURRENT,STRUCTURAL_REVIEW_SEPARATE,TARGET_DIFFERENT_ECONOMIC,YES,P8H-S-0952,TPR
FY2025Q4,2280,DIRECT_EXACT_INTERVAL|TARGET_DIFFERENT_ECONOMIC,NEED_LOCAL_LINEAGE_RECONCILIATION|NEED_OFFICIAL_PERIOD_END|NEED_TARGET_COLLISION_RESOLUTION,FY2025Q4: reconcile stored FY/FQ against direct exact fiscal anchor ; FY2025Q4: need official period_end ; FY2025Q4: target FY/FQ collision requires reconciliation,YES,NO,FY_CONFLICT_DIRECT_EXACT|PERIOD_END_FISCAL_SLOT_CONFLICT|TARGET_COLLISION,P1_CURRENT,STRUCTURAL_REVIEW_SEPARATE,TARGET_DIFFERENT_ECONOMIC,YES,P8H-S-0953,TPR
FY2025Q3,2280,DIRECT_EXACT_INTERVAL|TARGET_DIFFERENT_ECONOMIC,NEED_MISSING_QUARTER_SOURCE|NEED_TARGET_COLLISION_RESOLUTION,FY2025Q3: verify missing adjacent fiscal quarter source ; FY2025Q3: target FY/FQ collision requires reconciliation,YES,NO,MISSING_QUARTER|TARGET_COLLISION,P3_LATEST8Q,STRUCTURAL_REVIEW_SEPARATE,TARGET_DIFFERENT_ECONOMIC,YES,P8H-S-0954,TPR
FY2026Q2,2285,UNRESOLVED|UNRESOLVED,NEED_FIRST_PUBLIC_RESULT_DATE|NEED_OFFICIAL_FISCAL_YEAR_START|NEED_OFFICIAL_FY_FQ_IDENTITY|NEED_SOURCE_SEMANTICS_CONFIRMATION,FY2026Q2: need official fiscal year start and FY/FQ identity ; FY2026Q2: need first-public result date ; FY2026Q2: confirm sequence semantics,YES,NO,PUBLISH_DATE_MISSING|UNRESOLVED_BOUNDARY|UNRESOLVED_SEQUENCE,P1_CURRENT,STRUCTURAL_REVIEW_SEPARATE,SOURCE_SEMANTIC_AMBIGUITY,YES,P8H-S-0955,TREX
FY2026Q1,2285,UNRESOLVED|UNRESOLVED,NEED_OFFICIAL_FISCAL_YEAR_START|NEED_OFFICIAL_FY_FQ_IDENTITY|NEED_SOURCE_SEMANTICS_CONFIRMATION,FY2026Q1: need official fiscal year start and FY/FQ identity ; FY2026Q1: confirm sequence semantics,YES,NO,UNRESOLVED_BOUNDARY|UNRESOLVED_SEQUENCE,P1_CURRENT,STRUCTURAL_REVIEW_SEPARATE,SOURCE_SEMANTIC_AMBIGUITY,YES,P8H-S-0956,TREX
FY2026Q1,2291,UNRESOLVED|UNRESOLVED,NEED_OFFICIAL_FISCAL_YEAR_START|NEED_OFFICIAL_FY_FQ_IDENTITY|NEED_SOURCE_SEMANTICS_CONFIRMATION,FY2026Q1: need official fiscal year start and FY/FQ identity ; FY2026Q1: confirm sequence semantics,YES,NO,UNRESOLVED_BOUNDARY|UNRESOLVED_SEQUENCE,P1_CURRENT,STRUCTURAL_REVIEW_SEPARATE,SOURCE_SEMANTIC_AMBIGUITY,YES,P8H-S-0957,TRNR
FY2024Q4,2292,DIRECT_EXACT_INTERVAL|TARGET_DIFFERENT_ECONOMIC,NEED_EBIT|NEED_LOCAL_LINEAGE_RECONCILIATION|NEED_SOURCE_SEMANTICS_CONFIRMATION|NEED_TARGET_COLLISION_RESOLUTION,FY2024Q4: need EBIT ; FY2024Q4: reconcile stored FY/FQ against direct exact fiscal anchor ; FY2024Q4: target FY/FQ collision requires reconciliation ; FY2024Q4: Need approved issuer/company-specific EBIT rule; do not blanket map Operating Income,YES,NO,FY_CONFLICT_DIRECT_EXACT|PRIMARY_CORE_INCOMPLETE|TARGET_COLLISION,P3_LATEST8Q,STRUCTURAL_REVIEW_SEPARATE,TARGET_DIFFERENT_ECONOMIC,YES,P8H-S-0958,TRNS
FY2026Q2,2294,UNRESOLVED|UNRESOLVED,NEED_FIRST_PUBLIC_RESULT_DATE|NEED_OFFICIAL_FISCAL_YEAR_START|NEED_OFFICIAL_FY_FQ_IDENTITY|NEED_SOURCE_SEMANTICS_CONFIRMATION,FY2026Q2: need official fiscal year start and FY/FQ identity ; FY2026Q2: need first-public result date ; FY2026Q2: confirm sequence semantics,YES,NO,PUBLISH_DATE_MISSING|UNRESOLVED_BOUNDARY|UNRESOLVED_SEQUENCE,P1_CURRENT,STRUCTURAL_REVIEW_SEPARATE,SOURCE_SEMANTIC_AMBIGUITY,YES,P8H-S-0959,TROX
FY2026Q1,2294,UNRESOLVED|UNRESOLVED,NEED_OFFICIAL_FISCAL_YEAR_START|NEED_OFFICIAL_FY_FQ_IDENTITY|NEED_SOURCE_SEMANTICS_CONFIRMATION,FY2026Q1: need official fiscal year start and FY/FQ identity ; FY2026Q1: confirm sequence semantics,YES,NO,UNRESOLVED_BOUNDARY|UNRESOLVED_SEQUENCE,P1_CURRENT,STRUCTURAL_REVIEW_SEPARATE,SOURCE_SEMANTIC_AMBIGUITY,YES,P8H-S-0960,TROX
FY2025Q3,2300,DIRECT_EXACT_INTERVAL|TARGET_DIFFERENT_ECONOMIC,NEED_MISSING_QUARTER_SOURCE|NEED_TARGET_COLLISION_RESOLUTION,FY2025Q3: verify missing adjacent fiscal quarter source ; FY2025Q3: target FY/FQ collision requires reconciliation,YES,NO,MISSING_QUARTER|TARGET_COLLISION,P2_LATEST4Q,STRUCTURAL_REVIEW_SEPARATE,TARGET_DIFFERENT_ECONOMIC,YES,P8H-S-0961,TSCO
FY2025Q2,2300,DIRECT_EXACT_INTERVAL|TARGET_DIFFERENT_ECONOMIC,NEED_MISSING_QUARTER_SOURCE|NEED_TARGET_COLLISION_RESOLUTION,FY2025Q2: verify missing adjacent fiscal quarter source ; FY2025Q2: target FY/FQ collision requires reconciliation,YES,NO,MISSING_QUARTER|TARGET_COLLISION,P3_LATEST8Q,STRUCTURAL_REVIEW_SEPARATE,TARGET_DIFFERENT_ECONOMIC,YES,P8H-S-0962,TSCO
FY2026Q1,2301,UNRESOLVED|UNRESOLVED,NEED_GROSS_PROFIT|NEED_OFFICIAL_FISCAL_YEAR_START|NEED_OFFICIAL_FY_FQ_IDENTITY|NEED_SOURCE_SEMANTICS_CONFIRMATION,FY2026Q1: need Gross Profit ; FY2026Q1: need official fiscal year start and FY/FQ identity ; FY2026Q1: confirm sequence semantics,YES,NO,SECONDARY_FIELDS_INCOMPLETE|UNRESOLVED_BOUNDARY|UNRESOLVED_SEQUENCE,P1_CURRENT,STRUCTURAL_REVIEW_SEPARATE,SOURCE_SEMANTIC_AMBIGUITY,YES,P8H-S-0963,TSHA
FY2025Q3,2303,DIRECT_EXACT_INTERVAL|TARGET_DIFFERENT_ECONOMIC,NEED_MISSING_QUARTER_SOURCE|NEED_TARGET_COLLISION_RESOLUTION,FY2025Q3: verify missing adjacent fiscal quarter source ; FY2025Q3: target FY/FQ collision requires reconciliation,NO,NO,MISSING_QUARTER|TARGET_COLLISION,P3_LATEST8Q,STRUCTURAL_REVIEW_SEPARATE,TARGET_DIFFERENT_ECONOMIC,YES,P8H-S-0964,TSN
FY2023Q3,2306,DIRECT_EXACT_INTERVAL|TARGET_DIFFERENT_ECONOMIC,NEED_LOCAL_LINEAGE_RECONCILIATION|NEED_OFFICIAL_PERIOD_END|NEED_TARGET_COLLISION_RESOLUTION,FY2023Q3: reconcile stored FY/FQ against direct exact fiscal anchor ; FY2023Q3: need official period_end ; FY2023Q3: target FY/FQ collision requires reconciliation,YES,NO,FQ_CONFLICT_DIRECT_EXACT|PERIOD_END_FISCAL_SLOT_CONFLICT|TARGET_COLLISION,P3_LATEST8Q,STRUCTURAL_REVIEW_SEPARATE,TARGET_DIFFERENT_ECONOMIC,YES,P8H-S-0965,TTC
FY2025Q3,2309,DIRECT_EXACT_INTERVAL|TARGET_DIFFERENT_ECONOMIC,NEED_MISSING_QUARTER_SOURCE|NEED_TARGET_COLLISION_RESOLUTION,FY2025Q3: verify missing adjacent fiscal quarter source ; FY2025Q3: target FY/FQ collision requires reconciliation,NO,NO,MISSING_QUARTER|TARGET_COLLISION,P3_LATEST8Q,STRUCTURAL_REVIEW_SEPARATE,TARGET_DIFFERENT_ECONOMIC,YES,P8H-S-0966,TTEK
FY2025Q3,2312,DIRECT_EXACT_INTERVAL|TARGET_DIFFERENT_ECONOMIC,NEED_MISSING_QUARTER_SOURCE|NEED_TARGET_COLLISION_RESOLUTION,FY2025Q3: verify missing adjacent fiscal quarter source ; FY2025Q3: target FY/FQ collision requires reconciliation,YES,NO,MISSING_QUARTER|TARGET_COLLISION,P2_LATEST4Q,STRUCTURAL_REVIEW_SEPARATE,TARGET_DIFFERENT_ECONOMIC,YES,P8H-S-0967,TTMI
FY2025Q2,2312,DIRECT_EXACT_INTERVAL|TARGET_DIFFERENT_ECONOMIC,NEED_TARGET_COLLISION_RESOLUTION,FY2025Q2: target FY/FQ collision requires reconciliation,YES,NO,TARGET_COLLISION,P3_LATEST8Q,STRUCTURAL_REVIEW_SEPARATE,TARGET_DIFFERENT_ECONOMIC,YES,P8H-S-0968,TTMI
FY2025Q1,2312,DIRECT_EXACT_INTERVAL|TARGET_DIFFERENT_ECONOMIC,NEED_MISSING_QUARTER_SOURCE|NEED_TARGET_COLLISION_RESOLUTION,FY2025Q1: verify missing adjacent fiscal quarter source ; FY2025Q1: target FY/FQ collision requires reconciliation,YES,NO,MISSING_QUARTER|TARGET_COLLISION,P3_LATEST8Q,STRUCTURAL_REVIEW_SEPARATE,TARGET_DIFFERENT_ECONOMIC,YES,P8H-S-0969,TTMI
FY2026Q1,2313,UNRESOLVED|UNRESOLVED,NEED_FIRST_PUBLIC_RESULT_DATE|NEED_OFFICIAL_FISCAL_YEAR_START|NEED_OFFICIAL_FY_FQ_IDENTITY|NEED_SOURCE_SEMANTICS_CONFIRMATION,FY2026Q1: need official fiscal year start and FY/FQ identity ; FY2026Q1: need first-public result date ; FY2026Q1: confirm sequence semantics,YES,NO,PUBLISH_DATE_MISSING|UNRESOLVED_BOUNDARY|UNRESOLVED_SEQUENCE,P1_CURRENT,STRUCTURAL_REVIEW_SEPARATE,SOURCE_SEMANTIC_AMBIGUITY,YES,P8H-S-0970,TTWO
FY2025Q1,2313,DIRECT_EXACT_INTERVAL|TARGET_DIFFERENT_ECONOMIC,NEED_LOCAL_LINEAGE_RECONCILIATION|NEED_TARGET_COLLISION_RESOLUTION,FY2025Q1: reconcile stored FY/FQ against direct exact fiscal anchor ; FY2025Q1: target FY/FQ collision requires reconciliation,YES,NO,FY_CONFLICT_DIRECT_EXACT|TARGET_COLLISION,P3_LATEST8Q,STRUCTURAL_REVIEW_SEPARATE,TARGET_DIFFERENT_ECONOMIC,YES,P8H-S-0971,TTWO
FY2026Q2,2314,UNRESOLVED|UNRESOLVED,NEED_OFFICIAL_FISCAL_YEAR_START|NEED_OFFICIAL_FY_FQ_IDENTITY|NEED_SOURCE_SEMANTICS_CONFIRMATION,FY2026Q2: need official fiscal year start and FY/FQ identity ; FY2026Q2: confirm sequence semantics,YES,NO,UNRESOLVED_BOUNDARY|UNRESOLVED_SEQUENCE,P1_CURRENT,STRUCTURAL_REVIEW_SEPARATE,SOURCE_SEMANTIC_AMBIGUITY,YES,P8H-S-0972,TVTX
FY2026Q1,2314,UNRESOLVED|UNRESOLVED,NEED_OFFICIAL_FISCAL_YEAR_START|NEED_OFFICIAL_FY_FQ_IDENTITY|NEED_SOURCE_SEMANTICS_CONFIRMATION,FY2026Q1: need official fiscal year start and FY/FQ identity ; FY2026Q1: confirm sequence semantics,YES,NO,UNRESOLVED_BOUNDARY|UNRESOLVED_SEQUENCE,P1_CURRENT,STRUCTURAL_REVIEW_SEPARATE,SOURCE_SEMANTIC_AMBIGUITY,YES,P8H-S-0973,TVTX
FY2025Q1,2323,DIRECT_EXACT_INTERVAL|TARGET_DIFFERENT_ECONOMIC,NEED_MISSING_QUARTER_SOURCE|NEED_TARGET_COLLISION_RESOLUTION,FY2025Q1: verify missing adjacent fiscal quarter source ; FY2025Q1: target FY/FQ collision requires reconciliation,YES,NO,MISSING_QUARTER|TARGET_COLLISION,P3_LATEST8Q,STRUCTURAL_REVIEW_SEPARATE,TARGET_DIFFERENT_ECONOMIC,YES,P8H-S-0974,TXRH
FY2025Q3,2324,DIRECT_EXACT_INTERVAL|TARGET_DIFFERENT_ECONOMIC,NEED_MISSING_QUARTER_SOURCE|NEED_TARGET_COLLISION_RESOLUTION,FY2025Q3: verify missing adjacent fiscal quarter source ; FY2025Q3: target FY/FQ collision requires reconciliation,YES,NO,MISSING_QUARTER|TARGET_COLLISION,P2_LATEST4Q,STRUCTURAL_REVIEW_SEPARATE,TARGET_DIFFERENT_ECONOMIC,YES,P8H-S-0975,TXT
FY2025Q2,2324,DIRECT_EXACT_INTERVAL|TARGET_DIFFERENT_ECONOMIC,NEED_TARGET_COLLISION_RESOLUTION,FY2025Q2: target FY/FQ collision requires reconciliation,YES,NO,TARGET_COLLISION,P3_LATEST8Q,STRUCTURAL_REVIEW_SEPARATE,TARGET_DIFFERENT_ECONOMIC,YES,P8H-S-0976,TXT
FY2025Q1,2324,DIRECT_EXACT_INTERVAL|TARGET_DIFFERENT_ECONOMIC,NEED_MISSING_QUARTER_SOURCE|NEED_TARGET_COLLISION_RESOLUTION,FY2025Q1: verify missing adjacent fiscal quarter source ; FY2025Q1: target FY/FQ collision requires reconciliation,YES,NO,MISSING_QUARTER|TARGET_COLLISION,P3_LATEST8Q,STRUCTURAL_REVIEW_SEPARATE,TARGET_DIFFERENT_ECONOMIC,YES,P8H-S-0977,TXT
FY2026Q1,2330,UNRESOLVED|UNRESOLVED,NEED_OFFICIAL_FISCAL_YEAR_START|NEED_OFFICIAL_FY_FQ_IDENTITY|NEED_SOURCE_SEMANTICS_CONFIRMATION,FY2026Q1: need official fiscal year start and FY/FQ identity ; FY2026Q1: confirm sequence semantics,YES,NO,UNRESOLVED_BOUNDARY|UNRESOLVED_SEQUENCE,P1_CURRENT,STRUCTURAL_REVIEW_SEPARATE,SOURCE_SEMANTIC_AMBIGUITY,YES,P8H-S-0978,UA
FY2025Q1,2330,DIRECT_EXACT_INTERVAL|TARGET_DIFFERENT_ECONOMIC,NEED_LOCAL_LINEAGE_RECONCILIATION|NEED_TARGET_COLLISION_RESOLUTION,FY2025Q1: reconcile stored FY/FQ against direct exact fiscal anchor ; FY2025Q1: target FY/FQ collision requires reconciliation,YES,NO,FY_CONFLICT_DIRECT_EXACT|TARGET_COLLISION,P3_LATEST8Q,STRUCTURAL_REVIEW_SEPARATE,TARGET_DIFFERENT_ECONOMIC,YES,P8H-S-0979,UA
FY2027Q1,2331,UNRESOLVED|UNRESOLVED,NEED_OFFICIAL_FISCAL_YEAR_START|NEED_OFFICIAL_FY_FQ_IDENTITY|NEED_SOURCE_SEMANTICS_CONFIRMATION,FY2027Q1: need official fiscal year start and FY/FQ identity ; FY2027Q1: confirm sequence semantics,YES,NO,UNRESOLVED_BOUNDARY|UNRESOLVED_SEQUENCE,P1_CURRENT,STRUCTURAL_REVIEW_SEPARATE,SOURCE_SEMANTIC_AMBIGUITY,YES,P8H-S-0980,UAA
FY2025Q3,2334,DIRECT_EXACT_INTERVAL|TARGET_DIFFERENT_ECONOMIC,NEED_MISSING_QUARTER_SOURCE|NEED_TARGET_COLLISION_RESOLUTION,FY2025Q3: verify missing adjacent fiscal quarter source ; FY2025Q3: target FY/FQ collision requires reconciliation,YES,NO,MISSING_QUARTER|TARGET_COLLISION,P2_LATEST4Q,STRUCTURAL_REVIEW_SEPARATE,TARGET_DIFFERENT_ECONOMIC,YES,P8H-S-0981,UCTT
FY2025Q2,2334,DIRECT_EXACT_INTERVAL|TARGET_DIFFERENT_ECONOMIC,NEED_TARGET_COLLISION_RESOLUTION,FY2025Q2: target FY/FQ collision requires reconciliation,YES,NO,TARGET_COLLISION,P3_LATEST8Q,STRUCTURAL_REVIEW_SEPARATE,TARGET_DIFFERENT_ECONOMIC,YES,P8H-S-0982,UCTT
FY2025Q1,2334,DIRECT_EXACT_INTERVAL|TARGET_DIFFERENT_ECONOMIC,NEED_MISSING_QUARTER_SOURCE|NEED_TARGET_COLLISION_RESOLUTION,FY2025Q1: verify missing adjacent fiscal quarter source ; FY2025Q1: target FY/FQ collision requires reconciliation,YES,NO,MISSING_QUARTER|TARGET_COLLISION,P3_LATEST8Q,STRUCTURAL_REVIEW_SEPARATE,TARGET_DIFFERENT_ECONOMIC,YES,P8H-S-0983,UCTT
FY2025Q3,2338,DIRECT_EXACT_INTERVAL|TARGET_DIFFERENT_ECONOMIC,NEED_MISSING_QUARTER_SOURCE|NEED_TARGET_COLLISION_RESOLUTION,FY2025Q3: verify missing adjacent fiscal quarter source ; FY2025Q3: target FY/FQ collision requires reconciliation,YES,NO,MISSING_QUARTER|TARGET_COLLISION,P2_LATEST4Q,STRUCTURAL_REVIEW_SEPARATE,TARGET_DIFFERENT_ECONOMIC,YES,P8H-S-0984,UFPI
FY2025Q2,2338,DIRECT_EXACT_INTERVAL|TARGET_DIFFERENT_ECONOMIC,NEED_TARGET_COLLISION_RESOLUTION,FY2025Q2: target FY/FQ collision requires reconciliation,YES,NO,TARGET_COLLISION,P3_LATEST8Q,STRUCTURAL_REVIEW_SEPARATE,TARGET_DIFFERENT_ECONOMIC,YES,P8H-S-0985,UFPI
FY2025Q1,2338,DIRECT_EXACT_INTERVAL|TARGET_DIFFERENT_ECONOMIC,NEED_MISSING_QUARTER_SOURCE|NEED_TARGET_COLLISION_RESOLUTION,FY2025Q1: verify missing adjacent fiscal quarter source ; FY2025Q1: target FY/FQ collision requires reconciliation,YES,NO,MISSING_QUARTER|TARGET_COLLISION,P3_LATEST8Q,STRUCTURAL_REVIEW_SEPARATE,TARGET_DIFFERENT_ECONOMIC,YES,P8H-S-0986,UFPI
FY2025Q1,2341,DIRECT_EXACT_INTERVAL|TARGET_DIFFERENT_ECONOMIC,NEED_LOCAL_LINEAGE_RECONCILIATION|NEED_TARGET_COLLISION_RESOLUTION,FY2025Q1: reconcile stored FY/FQ against direct exact fiscal anchor ; FY2025Q1: target FY/FQ collision requires reconciliation,NO,NO,FY_CONFLICT_DIRECT_EXACT|TARGET_COLLISION,P3_LATEST8Q,STRUCTURAL_REVIEW_SEPARATE,TARGET_DIFFERENT_ECONOMIC,YES,P8H-S-0987,UHAL
FY2024Q1,2341,DIRECT_EXACT_INTERVAL|TARGET_DIFFERENT_ECONOMIC,NEED_LOCAL_LINEAGE_RECONCILIATION|NEED_TARGET_COLLISION_RESOLUTION,FY2024Q1: reconcile stored FY/FQ against direct exact fiscal anchor ; FY2024Q1: target FY/FQ collision requires reconciliation,NO,NO,FY_CONFLICT_DIRECT_EXACT|TARGET_COLLISION,P3_LATEST8Q,STRUCTURAL_REVIEW_SEPARATE,TARGET_DIFFERENT_ECONOMIC,YES,P8H-S-0988,UHAL
FY2026Q3,2351,UNRESOLVED|UNRESOLVED,NEED_OFFICIAL_FISCAL_YEAR_START|NEED_OFFICIAL_FY_FQ_IDENTITY|NEED_SOURCE_SEMANTICS_CONFIRMATION,FY2026Q3: need official fiscal year start and FY/FQ identity ; FY2026Q3: confirm sequence semantics,YES,NO,UNRESOLVED_BOUNDARY|UNRESOLVED_SEQUENCE,P1_CURRENT,STRUCTURAL_REVIEW_SEPARATE,SOURCE_SEMANTIC_AMBIGUITY,YES,P8H-S-0989,UNFI
FY2026Q2,2351,UNRESOLVED|UNRESOLVED,NEED_OFFICIAL_FISCAL_YEAR_START|NEED_OFFICIAL_FY_FQ_IDENTITY|NEED_SOURCE_SEMANTICS_CONFIRMATION,FY2026Q2: need official fiscal year start and FY/FQ identity ; FY2026Q2: confirm sequence semantics,YES,NO,UNRESOLVED_BOUNDARY|UNRESOLVED_SEQUENCE,P1_CURRENT,STRUCTURAL_REVIEW_SEPARATE,SOURCE_SEMANTIC_AMBIGUITY,YES,P8H-S-0990,UNFI
FY2026Q1,2351,UNRESOLVED|UNRESOLVED,NEED_OFFICIAL_FISCAL_YEAR_START|NEED_OFFICIAL_FY_FQ_IDENTITY|NEED_SOURCE_SEMANTICS_CONFIRMATION,FY2026Q1: need official fiscal year start and FY/FQ identity ; FY2026Q1: confirm sequence semantics,YES,NO,UNRESOLVED_BOUNDARY|UNRESOLVED_SEQUENCE,P1_CURRENT,STRUCTURAL_REVIEW_SEPARATE,SOURCE_SEMANTIC_AMBIGUITY,YES,P8H-S-0991,UNFI
FY2025Q4,2361,DIRECT_EXACT_INTERVAL|TARGET_SELF,NEED_OFFICIAL_PERIOD_END|NEED_SOURCE_SEMANTICS_CONFIRMATION|NEED_TRANSITION_CALENDAR_EVIDENCE,FY2025Q4: need transition/stub calendar decision ; FY2025Q4: need official period_end ; FY2025Q4: confirm sequence semantics,YES,NO,PERIOD_END_TRANSITION_REVIEW|TRANSITION_REVIEW|TRANSITION_SEQUENCE,P1_CURRENT,STRUCTURAL_REVIEW_SEPARATE,CALENDAR_TRANSITION,YES,P8H-S-0992,URBN
FY2025Q3,2361,DIRECT_EXACT_INTERVAL|TARGET_DIFFERENT_ECONOMIC,NEED_OFFICIAL_PERIOD_END|NEED_SOURCE_SEMANTICS_CONFIRMATION|NEED_TARGET_COLLISION_RESOLUTION|NEED_TRANSITION_CALENDAR_EVIDENCE,FY2025Q3: need transition/stub calendar decision ; FY2025Q3: need official period_end ; FY2025Q3: confirm sequence semantics ; FY2025Q3: target FY/FQ collision requires reconciliation,YES,NO,PERIOD_END_TRANSITION_REVIEW|TARGET_COLLISION|TRANSITION_REVIEW|TRANSITION_SEQUENCE,P1_CURRENT,STRUCTURAL_REVIEW_SEPARATE,CALENDAR_TRANSITION,YES,P8H-S-0993,URBN
FY2025Q2,2361,DIRECT_EXACT_INTERVAL|TARGET_DIFFERENT_ECONOMIC,NEED_OFFICIAL_PERIOD_END|NEED_SOURCE_SEMANTICS_CONFIRMATION|NEED_TARGET_COLLISION_RESOLUTION|NEED_TRANSITION_CALENDAR_EVIDENCE,FY2025Q2: need transition/stub calendar decision ; FY2025Q2: need official period_end ; FY2025Q2: confirm sequence semantics ; FY2025Q2: target FY/FQ collision requires reconciliation,YES,NO,PERIOD_END_TRANSITION_REVIEW|TARGET_COLLISION|TRANSITION_REVIEW|TRANSITION_SEQUENCE,P1_CURRENT,STRUCTURAL_REVIEW_SEPARATE,CALENDAR_TRANSITION,YES,P8H-S-0994,URBN
FY2025Q1,2361,DIRECT_EXACT_INTERVAL|TARGET_DIFFERENT_ECONOMIC,NEED_OFFICIAL_PERIOD_END|NEED_SOURCE_SEMANTICS_CONFIRMATION|NEED_TARGET_COLLISION_RESOLUTION|NEED_TRANSITION_CALENDAR_EVIDENCE,FY2025Q1: need transition/stub calendar decision ; FY2025Q1: need official period_end ; FY2025Q1: confirm sequence semantics ; FY2025Q1: target FY/FQ collision requires reconciliation,YES,NO,PERIOD_END_TRANSITION_REVIEW|TARGET_COLLISION|TRANSITION_REVIEW|TRANSITION_SEQUENCE,P1_CURRENT,STRUCTURAL_REVIEW_SEPARATE,CALENDAR_TRANSITION,YES,P8H-S-0995,URBN
FY2024Q3,2361,DIRECT_EXACT_INTERVAL|TARGET_DIFFERENT_ECONOMIC,NEED_DEBT|NEED_OFFICIAL_PERIOD_END|NEED_SOURCE_SEMANTICS_CONFIRMATION|NEED_TARGET_COLLISION_RESOLUTION|NEED_TRANSITION_CALENDAR_EVIDENCE,FY2024Q3: need Debt ; FY2024Q3: need transition/stub calendar decision ; FY2024Q3: need official period_end ; FY2024Q3: confirm sequence semantics ; FY2024Q3: target FY/FQ collision requires reconciliation,YES,NO,PERIOD_END_TRANSITION_REVIEW|PRIMARY_CORE_INCOMPLETE|TARGET_COLLISION|TRANSITION_REVIEW|TRANSITION_SEQUENCE,P3_LATEST8Q,STRUCTURAL_REVIEW_SEPARATE,CALENDAR_TRANSITION,YES,P8H-S-0996,URBN
FY2024Q2,2361,DIRECT_EXACT_INTERVAL|TARGET_DIFFERENT_ECONOMIC,NEED_DEBT|NEED_OFFICIAL_PERIOD_END|NEED_SOURCE_SEMANTICS_CONFIRMATION|NEED_TARGET_COLLISION_RESOLUTION|NEED_TRANSITION_CALENDAR_EVIDENCE,FY2024Q2: need Debt ; FY2024Q2: need transition/stub calendar decision ; FY2024Q2: need official period_end ; FY2024Q2: confirm sequence semantics ; FY2024Q2: target FY/FQ collision requires reconciliation,YES,NO,PERIOD_END_TRANSITION_REVIEW|PRIMARY_CORE_INCOMPLETE|TARGET_COLLISION|TRANSITION_REVIEW|TRANSITION_SEQUENCE,P3_LATEST8Q,STRUCTURAL_REVIEW_SEPARATE,CALENDAR_TRANSITION,YES,P8H-S-0997,URBN
FY2024Q1,2361,DIRECT_EXACT_INTERVAL|TARGET_DIFFERENT_ECONOMIC,NEED_DEBT|NEED_OFFICIAL_PERIOD_END|NEED_SOURCE_SEMANTICS_CONFIRMATION|NEED_TARGET_COLLISION_RESOLUTION|NEED_TRANSITION_CALENDAR_EVIDENCE,FY2024Q1: need Debt ; FY2024Q1: need transition/stub calendar decision ; FY2024Q1: need official period_end ; FY2024Q1: confirm sequence semantics ; FY2024Q1: target FY/FQ collision requires reconciliation,YES,NO,PERIOD_END_TRANSITION_REVIEW|PRIMARY_CORE_INCOMPLETE|TARGET_COLLISION|TRANSITION_REVIEW|TRANSITION_SEQUENCE,P3_LATEST8Q,STRUCTURAL_REVIEW_SEPARATE,CALENDAR_TRANSITION,YES,P8H-S-0998,URBN
FY2023Q4,2365,DIRECT_EXACT_INTERVAL|TARGET_SELF,NEED_CAPEX|NEED_DEBT|NEED_EBITDA|NEED_FCF|NEED_GROSS_PROFIT|NEED_NET_INCOME|NEED_OFFICIAL_PERIOD_END|NEED_REVENUE|NEED_SHARES|NEED_SOURCE_SEMANTICS_CONFIRMATION|NEED_TRANSITION_CALENDAR_EVIDENCE,FY2023Q4: need Revenue ; FY2023Q4: need FCF ; FY2023Q4: need Debt ; FY2023Q4: need Shares ; FY2023Q4: need Gross Profit ; FY2023Q4: need EBITDA ; FY2023Q4: need Net Income ; FY2023Q4: need Capex ; FY2023Q4: need transition/stub calendar decision ; FY2023Q4: need official period_end ; FY2023Q4: confirm sequence semantics ; FY2023Q4: Need Capex to derive FCF,YES,NO,PERIOD_END_TRANSITION_REVIEW|PRIMARY_CORE_INCOMPLETE|SECONDARY_FIELDS_INCOMPLETE|TRANSITION_REVIEW|TRANSITION_SEQUENCE,P3_LATEST8Q,STRUCTURAL_REVIEW_SEPARATE,CALENDAR_TRANSITION,YES,P8H-S-0999,USAR
FY2023Q3,2365,DIRECT_EXACT_INTERVAL|TARGET_SELF,NEED_CAPEX|NEED_DEBT|NEED_EBITDA|NEED_FCF|NEED_FIRST_PUBLIC_RESULT_DATE|NEED_GROSS_PROFIT|NEED_NET_INCOME|NEED_OFFICIAL_PERIOD_END|NEED_REVENUE|NEED_SHARES|NEED_SOURCE_SEMANTICS_CONFIRMATION|NEED_TRANSITION_CALENDAR_EVIDENCE,FY2023Q3: need Revenue ; FY2023Q3: need FCF ; FY2023Q3: need Debt ; FY2023Q3: need Shares ; FY2023Q3: need Gross Profit ; FY2023Q3: need EBITDA ; FY2023Q3: need Net Income ; FY2023Q3: need Capex ; FY2023Q3: need transition/stub calendar decision ; FY2023Q3: need official period_end ; FY2023Q3: need first-public result date ; FY2023Q3: confirm sequence semantics ; FY2023Q3: Need Capex to derive FCF,YES,NO,PERIOD_END_TRANSITION_REVIEW|PRIMARY_CORE_INCOMPLETE|PUBLISH_DATE_MISSING|SECONDARY_FIELDS_INCOMPLETE|TRANSITION_REVIEW|TRANSITION_SEQUENCE,P3_LATEST8Q,STRUCTURAL_REVIEW_SEPARATE,CALENDAR_TRANSITION,YES,P8H-S-1000,USAR
FY2025Q3,2368,DIRECT_EXACT_INTERVAL|TARGET_DIFFERENT_ECONOMIC,NEED_MISSING_QUARTER_SOURCE|NEED_TARGET_COLLISION_RESOLUTION,FY2025Q3: verify missing adjacent fiscal quarter source ; FY2025Q3: target FY/FQ collision requires reconciliation,NO,NO,MISSING_QUARTER|TARGET_COLLISION,P2_LATEST4Q,STRUCTURAL_REVIEW_SEPARATE,TARGET_DIFFERENT_ECONOMIC,YES,P8H-S-1001,USFD
FY2025Q2,2368,DIRECT_EXACT_INTERVAL|TARGET_DIFFERENT_ECONOMIC,NEED_TARGET_COLLISION_RESOLUTION,FY2025Q2: target FY/FQ collision requires reconciliation,NO,NO,TARGET_COLLISION,P3_LATEST8Q,STRUCTURAL_REVIEW_SEPARATE,TARGET_DIFFERENT_ECONOMIC,YES,P8H-S-1002,USFD
FY2025Q1,2368,DIRECT_EXACT_INTERVAL|TARGET_DIFFERENT_ECONOMIC,NEED_MISSING_QUARTER_SOURCE|NEED_TARGET_COLLISION_RESOLUTION,FY2025Q1: verify missing adjacent fiscal quarter source ; FY2025Q1: target FY/FQ collision requires reconciliation,NO,NO,MISSING_QUARTER|TARGET_COLLISION,P3_LATEST8Q,STRUCTURAL_REVIEW_SEPARATE,TARGET_DIFFERENT_ECONOMIC,YES,P8H-S-1003,USFD
FY2025Q3,2370,DIRECT_EXACT_INTERVAL|TARGET_DIFFERENT_ECONOMIC,NEED_DEBT|NEED_MISSING_QUARTER_SOURCE|NEED_TARGET_COLLISION_RESOLUTION,FY2025Q3: need Debt ; FY2025Q3: verify missing adjacent fiscal quarter source ; FY2025Q3: target FY/FQ collision requires reconciliation,YES,NO,MISSING_QUARTER|PRIMARY_CORE_INCOMPLETE|TARGET_COLLISION,P2_LATEST4Q,STRUCTURAL_REVIEW_SEPARATE,TARGET_DIFFERENT_ECONOMIC,YES,P8H-S-1004,USNA
FY2025Q2,2370,DIRECT_EXACT_INTERVAL|TARGET_DIFFERENT_ECONOMIC,NEED_DEBT|NEED_TARGET_COLLISION_RESOLUTION,FY2025Q2: need Debt ; FY2025Q2: target FY/FQ collision requires reconciliation,YES,NO,PRIMARY_CORE_INCOMPLETE|TARGET_COLLISION,P2_LATEST4Q,STRUCTURAL_REVIEW_SEPARATE,TARGET_DIFFERENT_ECONOMIC,YES,P8H-S-1005,USNA
FY2025Q1,2370,DIRECT_EXACT_INTERVAL|TARGET_DIFFERENT_ECONOMIC,NEED_TARGET_COLLISION_RESOLUTION,FY2025Q1: target FY/FQ collision requires reconciliation,YES,NO,TARGET_COLLISION,P3_LATEST8Q,STRUCTURAL_REVIEW_SEPARATE,TARGET_DIFFERENT_ECONOMIC,YES,P8H-S-1006,USNA
FY2024Q4,2370,DIRECT_EXACT_INTERVAL|TARGET_DIFFERENT_ECONOMIC,NEED_LOCAL_LINEAGE_RECONCILIATION|NEED_OFFICIAL_PERIOD_END|NEED_TARGET_COLLISION_RESOLUTION,FY2024Q4: reconcile stored FY/FQ against direct exact fiscal anchor ; FY2024Q4: need official period_end ; FY2024Q4: target FY/FQ collision requires reconciliation,YES,NO,FY_CONFLICT_DIRECT_EXACT|PERIOD_END_FISCAL_SLOT_CONFLICT|TARGET_COLLISION,P3_LATEST8Q,STRUCTURAL_REVIEW_SEPARATE,TARGET_DIFFERENT_ECONOMIC,YES,P8H-S-1007,USNA
FY2025Q3,2374,DIRECT_EXACT_INTERVAL|TARGET_DIFFERENT_ECONOMIC,NEED_MISSING_QUARTER_SOURCE|NEED_TARGET_COLLISION_RESOLUTION,FY2025Q3: verify missing adjacent fiscal quarter source ; FY2025Q3: target FY/FQ collision requires reconciliation,YES,NO,MISSING_QUARTER|TARGET_COLLISION,P2_LATEST4Q,STRUCTURAL_REVIEW_SEPARATE,TARGET_DIFFERENT_ECONOMIC,YES,P8H-S-1008,UTZ
FY2025Q2,2374,DIRECT_EXACT_INTERVAL|TARGET_DIFFERENT_ECONOMIC,NEED_TARGET_COLLISION_RESOLUTION,FY2025Q2: target FY/FQ collision requires reconciliation,YES,NO,TARGET_COLLISION,P3_LATEST8Q,STRUCTURAL_REVIEW_SEPARATE,TARGET_DIFFERENT_ECONOMIC,YES,P8H-S-1009,UTZ
FY2025Q1,2374,DIRECT_EXACT_INTERVAL|TARGET_DIFFERENT_ECONOMIC,NEED_MISSING_QUARTER_SOURCE|NEED_TARGET_COLLISION_RESOLUTION,FY2025Q1: verify missing adjacent fiscal quarter source ; FY2025Q1: target FY/FQ collision requires reconciliation,YES,NO,MISSING_QUARTER|TARGET_COLLISION,P3_LATEST8Q,STRUCTURAL_REVIEW_SEPARATE,TARGET_DIFFERENT_ECONOMIC,YES,P8H-S-1010,UTZ
FY2025Q1,2375,DIRECT_EXACT_INTERVAL|TARGET_DIFFERENT_ECONOMIC,NEED_LOCAL_LINEAGE_RECONCILIATION|NEED_TARGET_COLLISION_RESOLUTION,FY2025Q1: reconcile stored FY/FQ against direct exact fiscal anchor ; FY2025Q1: target FY/FQ collision requires reconciliation,YES,NO,FY_CONFLICT_DIRECT_EXACT|TARGET_COLLISION,P3_LATEST8Q,STRUCTURAL_REVIEW_SEPARATE,TARGET_DIFFERENT_ECONOMIC,YES,P8H-S-1011,UVV
FY2026Q1,2378,UNRESOLVED|UNRESOLVED,NEED_GROSS_PROFIT|NEED_OFFICIAL_FISCAL_YEAR_START|NEED_OFFICIAL_FY_FQ_IDENTITY|NEED_SOURCE_SEMANTICS_CONFIRMATION,FY2026Q1: need Gross Profit ; FY2026Q1: need official fiscal year start and FY/FQ identity ; FY2026Q1: confirm sequence semantics,YES,NO,SECONDARY_FIELDS_INCOMPLETE|UNRESOLVED_BOUNDARY|UNRESOLVED_SEQUENCE,P1_CURRENT,STRUCTURAL_REVIEW_SEPARATE,SOURCE_SEMANTIC_AMBIGUITY,YES,P8H-S-1012,VANI
FY2026Q4,2381,UNRESOLVED|UNRESOLVED,NEED_OFFICIAL_FISCAL_YEAR_START|NEED_OFFICIAL_FY_FQ_IDENTITY|NEED_SOURCE_SEMANTICS_CONFIRMATION,FY2026Q4: need official fiscal year start and FY/FQ identity ; FY2026Q4: confirm sequence semantics,YES,NO,UNRESOLVED_BOUNDARY|UNRESOLVED_SEQUENCE,P1_CURRENT,STRUCTURAL_REVIEW_SEPARATE,SOURCE_SEMANTIC_AMBIGUITY,YES,P8H-S-1013,VCEL
FY2026Q3,2381,UNRESOLVED|UNRESOLVED,NEED_OFFICIAL_FISCAL_YEAR_START|NEED_OFFICIAL_FY_FQ_IDENTITY|NEED_SOURCE_SEMANTICS_CONFIRMATION,FY2026Q3: need official fiscal year start and FY/FQ identity ; FY2026Q3: confirm sequence semantics,YES,NO,UNRESOLVED_BOUNDARY|UNRESOLVED_SEQUENCE,P1_CURRENT,STRUCTURAL_REVIEW_SEPARATE,SOURCE_SEMANTIC_AMBIGUITY,YES,P8H-S-1014,VCEL
FY2026Q1,2381,DIRECT_EXACT_INTERVAL|TARGET_DIFFERENT_ECONOMIC,NEED_LOCAL_LINEAGE_RECONCILIATION|NEED_TARGET_COLLISION_RESOLUTION,FY2026Q1: reconcile stored FY/FQ against direct exact fiscal anchor ; FY2026Q1: target FY/FQ collision requires reconciliation,YES,NO,FY_CONFLICT_DIRECT_EXACT|TARGET_COLLISION,P1_CURRENT,STRUCTURAL_REVIEW_SEPARATE,TARGET_DIFFERENT_ECONOMIC,YES,P8H-S-1015,VCEL
FY2025Q3,2381,DIRECT_EXACT_INTERVAL|TARGET_DIFFERENT_ECONOMIC,NEED_LOCAL_LINEAGE_RECONCILIATION|NEED_TARGET_COLLISION_RESOLUTION,FY2025Q3: reconcile stored FY/FQ against direct exact fiscal anchor ; FY2025Q3: target FY/FQ collision requires reconciliation,YES,NO,FQ_CONFLICT_DIRECT_EXACT|TARGET_COLLISION,P3_LATEST8Q,STRUCTURAL_REVIEW_SEPARATE,TARGET_DIFFERENT_ECONOMIC,YES,P8H-S-1016,VCEL
FY2025Q1,2385,DIRECT_EXACT_INTERVAL|TARGET_DIFFERENT_ECONOMIC,NEED_CAPEX|NEED_LOCAL_LINEAGE_RECONCILIATION|NEED_TARGET_COLLISION_RESOLUTION,FY2025Q1: need Capex ; FY2025Q1: reconcile stored FY/FQ against direct exact fiscal anchor ; FY2025Q1: target FY/FQ collision requires reconciliation,YES,NO,FY_CONFLICT_DIRECT_EXACT|SECONDARY_FIELDS_INCOMPLETE|TARGET_COLLISION,P3_LATEST8Q,STRUCTURAL_REVIEW_SEPARATE,TARGET_DIFFERENT_ECONOMIC,YES,P8H-S-1017,VEEV
FY2026Q1,2391,UNRESOLVED|UNRESOLVED,NEED_OFFICIAL_FISCAL_YEAR_START|NEED_OFFICIAL_FY_FQ_IDENTITY|NEED_SOURCE_SEMANTICS_CONFIRMATION,FY2026Q1: need official fiscal year start and FY/FQ identity ; FY2026Q1: confirm sequence semantics,YES,NO,UNRESOLVED_BOUNDARY|UNRESOLVED_SEQUENCE,P1_CURRENT,STRUCTURAL_REVIEW_SEPARATE,SOURCE_SEMANTIC_AMBIGUITY,YES,P8H-S-1018,VFC
FY2025Q4,2391,UNRESOLVED|UNRESOLVED,NEED_OFFICIAL_FISCAL_YEAR_START|NEED_OFFICIAL_FY_FQ_IDENTITY|NEED_SOURCE_SEMANTICS_CONFIRMATION,FY2025Q4: need official fiscal year start and FY/FQ identity ; FY2025Q4: confirm sequence semantics,YES,NO,UNRESOLVED_BOUNDARY|UNRESOLVED_SEQUENCE,P1_CURRENT,STRUCTURAL_REVIEW_SEPARATE,SOURCE_SEMANTIC_AMBIGUITY,YES,P8H-S-1019,VFC
FY2024Q4,2391,DIRECT_EXACT_INTERVAL|TARGET_DIFFERENT_ECONOMIC,NEED_EBIT|NEED_LOCAL_LINEAGE_RECONCILIATION|NEED_SOURCE_SEMANTICS_CONFIRMATION|NEED_TARGET_COLLISION_RESOLUTION,FY2024Q4: need EBIT ; FY2024Q4: reconcile stored FY/FQ against direct exact fiscal anchor ; FY2024Q4: target FY/FQ collision requires reconciliation ; FY2024Q4: Need approved issuer/company-specific EBIT rule; do not blanket map Operating Income,YES,NO,FY_CONFLICT_DIRECT_EXACT|PRIMARY_CORE_INCOMPLETE|TARGET_COLLISION,P3_LATEST8Q,STRUCTURAL_REVIEW_SEPARATE,TARGET_DIFFERENT_ECONOMIC,YES,P8H-S-1020,VFC
FY2026Q2,2393,DIRECT_EXACT_INTERVAL|TARGET_DIFFERENT_ECONOMIC,NEED_TARGET_COLLISION_RESOLUTION,FY2026Q2: target FY/FQ collision requires reconciliation,YES,NO,TARGET_COLLISION,P1_CURRENT,STRUCTURAL_REVIEW_SEPARATE,TARGET_DIFFERENT_ECONOMIC,YES,P8H-S-1021,VIAV
FY2026Q1,2393,DIRECT_EXACT_INTERVAL|TARGET_DIFFERENT_ECONOMIC,NEED_TARGET_COLLISION_RESOLUTION,FY2026Q1: target FY/FQ collision requires reconciliation,YES,NO,TARGET_COLLISION,P1_CURRENT,STRUCTURAL_REVIEW_SEPARATE,TARGET_DIFFERENT_ECONOMIC,YES,P8H-S-1022,VIAV
FY2025Q4,2393,DIRECT_EXACT_INTERVAL|TARGET_DIFFERENT_ECONOMIC,NEED_LOCAL_LINEAGE_RECONCILIATION|NEED_OFFICIAL_PERIOD_END|NEED_TARGET_COLLISION_RESOLUTION,FY2025Q4: reconcile stored FY/FQ against direct exact fiscal anchor ; FY2025Q4: need official period_end ; FY2025Q4: target FY/FQ collision requires reconciliation,YES,NO,FY_CONFLICT_DIRECT_EXACT|PERIOD_END_FISCAL_SLOT_CONFLICT|TARGET_COLLISION,P1_CURRENT,STRUCTURAL_REVIEW_SEPARATE,TARGET_DIFFERENT_ECONOMIC,YES,P8H-S-1023,VIAV
FY2025Q3,2393,DIRECT_EXACT_INTERVAL|TARGET_DIFFERENT_ECONOMIC,NEED_MISSING_QUARTER_SOURCE|NEED_TARGET_COLLISION_RESOLUTION,FY2025Q3: verify missing adjacent fiscal quarter source ; FY2025Q3: target FY/FQ collision requires reconciliation,YES,NO,MISSING_QUARTER|TARGET_COLLISION,P3_LATEST8Q,STRUCTURAL_REVIEW_SEPARATE,TARGET_DIFFERENT_ECONOMIC,YES,P8H-S-1024,VIAV
FY2026Q2,2395,UNRESOLVED|UNRESOLVED,NEED_FIRST_PUBLIC_RESULT_DATE|NEED_OFFICIAL_FISCAL_YEAR_START|NEED_OFFICIAL_FY_FQ_IDENTITY|NEED_SOURCE_SEMANTICS_CONFIRMATION,FY2026Q2: need official fiscal year start and FY/FQ identity ; FY2026Q2: need first-public result date ; FY2026Q2: confirm sequence semantics,YES,NO,PUBLISH_DATE_MISSING|UNRESOLVED_BOUNDARY|UNRESOLVED_SEQUENCE,P1_CURRENT,STRUCTURAL_REVIEW_SEPARATE,SOURCE_SEMANTIC_AMBIGUITY,YES,P8H-S-1025,VICR
FY2026Q1,2395,UNRESOLVED|UNRESOLVED,NEED_OFFICIAL_FISCAL_YEAR_START|NEED_OFFICIAL_FY_FQ_IDENTITY|NEED_SOURCE_SEMANTICS_CONFIRMATION,FY2026Q1: need official fiscal year start and FY/FQ identity ; FY2026Q1: confirm sequence semantics,YES,NO,UNRESOLVED_BOUNDARY|UNRESOLVED_SEQUENCE,P1_CURRENT,STRUCTURAL_REVIEW_SEPARATE,SOURCE_SEMANTIC_AMBIGUITY,YES,P8H-S-1026,VICR
FY2025Q3,2397,DIRECT_EXACT_INTERVAL|TARGET_DIFFERENT_ECONOMIC,NEED_MISSING_QUARTER_SOURCE|NEED_TARGET_COLLISION_RESOLUTION,FY2025Q3: verify missing adjacent fiscal quarter source ; FY2025Q3: target FY/FQ collision requires reconciliation,YES,NO,MISSING_QUARTER|TARGET_COLLISION,P2_LATEST4Q,STRUCTURAL_REVIEW_SEPARATE,TARGET_DIFFERENT_ECONOMIC,YES,P8H-S-1027,VITL
FY2025Q2,2397,DIRECT_EXACT_INTERVAL|TARGET_DIFFERENT_ECONOMIC,NEED_MISSING_QUARTER_SOURCE|NEED_TARGET_COLLISION_RESOLUTION,FY2025Q2: verify missing adjacent fiscal quarter source ; FY2025Q2: target FY/FQ collision requires reconciliation,YES,NO,MISSING_QUARTER|TARGET_COLLISION,P3_LATEST8Q,STRUCTURAL_REVIEW_SEPARATE,TARGET_DIFFERENT_ECONOMIC,YES,P8H-S-1028,VITL
FY2025Q1,2401,DIRECT_EXACT_INTERVAL|TARGET_DIFFERENT_ECONOMIC,NEED_EBITDA|NEED_LOCAL_LINEAGE_RECONCILIATION|NEED_OFFICIAL_PERIOD_END|NEED_TARGET_COLLISION_RESOLUTION,FY2025Q1: need EBITDA ; FY2025Q1: reconcile stored FY/FQ against direct exact fiscal anchor ; FY2025Q1: need official period_end ; FY2025Q1: target FY/FQ collision requires reconciliation,YES,NO,FQ_CONFLICT_DIRECT_EXACT|PERIOD_END_FISCAL_SLOT_CONFLICT|SECONDARY_FIELDS_INCOMPLETE|TARGET_COLLISION,P3_LATEST8Q,STRUCTURAL_REVIEW_SEPARATE,TARGET_DIFFERENT_ECONOMIC,YES,P8H-S-1029,VLTO
FY2025Q3,2404,DIRECT_EXACT_INTERVAL|TARGET_DIFFERENT_ECONOMIC,NEED_MISSING_QUARTER_SOURCE|NEED_TARGET_COLLISION_RESOLUTION,FY2025Q3: verify missing adjacent fiscal quarter source ; FY2025Q3: target FY/FQ collision requires reconciliation,NO,NO,MISSING_QUARTER|TARGET_COLLISION,P2_LATEST4Q,STRUCTURAL_REVIEW_SEPARATE,TARGET_DIFFERENT_ECONOMIC,YES,P8H-S-1030,VMI
FY2025Q2,2404,DIRECT_EXACT_INTERVAL|TARGET_DIFFERENT_ECONOMIC,NEED_MISSING_QUARTER_SOURCE|NEED_TARGET_COLLISION_RESOLUTION,FY2025Q2: verify missing adjacent fiscal quarter source ; FY2025Q2: target FY/FQ collision requires reconciliation,NO,NO,MISSING_QUARTER|TARGET_COLLISION,P3_LATEST8Q,STRUCTURAL_REVIEW_SEPARATE,TARGET_DIFFERENT_ECONOMIC,YES,P8H-S-1031,VMI
FY2025Q1,2412,DIRECT_EXACT_INTERVAL|TARGET_DIFFERENT_ECONOMIC,NEED_LOCAL_LINEAGE_RECONCILIATION|NEED_TARGET_COLLISION_RESOLUTION,FY2025Q1: reconcile stored FY/FQ against direct exact fiscal anchor ; FY2025Q1: target FY/FQ collision requires reconciliation,YES,NO,FY_CONFLICT_DIRECT_EXACT|TARGET_COLLISION,P3_LATEST8Q,STRUCTURAL_REVIEW_SEPARATE,TARGET_DIFFERENT_ECONOMIC,YES,P8H-S-1032,VRA
FY2024Q4,2412,DIRECT_EXACT_INTERVAL|TARGET_DIFFERENT_ECONOMIC,NEED_EBIT|NEED_LOCAL_LINEAGE_RECONCILIATION|NEED_SOURCE_SEMANTICS_CONFIRMATION|NEED_TARGET_COLLISION_RESOLUTION,FY2024Q4: need EBIT ; FY2024Q4: reconcile stored FY/FQ against direct exact fiscal anchor ; FY2024Q4: target FY/FQ collision requires reconciliation ; FY2024Q4: Need approved issuer/company-specific EBIT rule; do not blanket map Operating Income,YES,NO,FY_CONFLICT_DIRECT_EXACT|PRIMARY_CORE_INCOMPLETE|TARGET_COLLISION,P3_LATEST8Q,STRUCTURAL_REVIEW_SEPARATE,TARGET_DIFFERENT_ECONOMIC,YES,P8H-S-1033,VRA
FY2025Q3,2415,DIRECT_EXACT_INTERVAL|TARGET_DIFFERENT_ECONOMIC,NEED_MISSING_QUARTER_SOURCE|NEED_TARGET_COLLISION_RESOLUTION,FY2025Q3: verify missing adjacent fiscal quarter source ; FY2025Q3: target FY/FQ collision requires reconciliation,NO,NO,MISSING_QUARTER|TARGET_COLLISION,P2_LATEST4Q,STRUCTURAL_REVIEW_SEPARATE,TARGET_DIFFERENT_ECONOMIC,YES,P8H-S-1034,VREX
FY2025Q2,2415,DIRECT_EXACT_INTERVAL|TARGET_DIFFERENT_ECONOMIC,NEED_TARGET_COLLISION_RESOLUTION,FY2025Q2: target FY/FQ collision requires reconciliation,NO,NO,TARGET_COLLISION,P3_LATEST8Q,STRUCTURAL_REVIEW_SEPARATE,TARGET_DIFFERENT_ECONOMIC,YES,P8H-S-1035,VREX
FY2025Q1,2415,DIRECT_EXACT_INTERVAL|TARGET_DIFFERENT_ECONOMIC,NEED_MISSING_QUARTER_SOURCE|NEED_TARGET_COLLISION_RESOLUTION,FY2025Q1: verify missing adjacent fiscal quarter source ; FY2025Q1: target FY/FQ collision requires reconciliation,NO,NO,MISSING_QUARTER|TARGET_COLLISION,P3_LATEST8Q,STRUCTURAL_REVIEW_SEPARATE,TARGET_DIFFERENT_ECONOMIC,YES,P8H-S-1036,VREX
FY2026Q2,2421,UNRESOLVED|UNRESOLVED,NEED_OFFICIAL_FISCAL_YEAR_START|NEED_OFFICIAL_FY_FQ_IDENTITY|NEED_SOURCE_SEMANTICS_CONFIRMATION,FY2026Q2: need official fiscal year start and FY/FQ identity ; FY2026Q2: confirm sequence semantics,YES,NO,UNRESOLVED_BOUNDARY|UNRESOLVED_SEQUENCE,P1_CURRENT,STRUCTURAL_REVIEW_SEPARATE,SOURCE_SEMANTIC_AMBIGUITY,YES,P8H-S-1037,VRTX
FY2026Q1,2421,UNRESOLVED|UNRESOLVED,NEED_OFFICIAL_FISCAL_YEAR_START|NEED_OFFICIAL_FY_FQ_IDENTITY|NEED_SOURCE_SEMANTICS_CONFIRMATION,FY2026Q1: need official fiscal year start and FY/FQ identity ; FY2026Q1: confirm sequence semantics,YES,NO,UNRESOLVED_BOUNDARY|UNRESOLVED_SEQUENCE,P1_CURRENT,STRUCTURAL_REVIEW_SEPARATE,SOURCE_SEMANTIC_AMBIGUITY,YES,P8H-S-1038,VRTX
FY2025Q1,2423,DIRECT_EXACT_INTERVAL|TARGET_DIFFERENT_ECONOMIC,NEED_LOCAL_LINEAGE_RECONCILIATION|NEED_TARGET_COLLISION_RESOLUTION,FY2025Q1: reconcile stored FY/FQ against direct exact fiscal anchor ; FY2025Q1: target FY/FQ collision requires reconciliation,YES,NO,FY_CONFLICT_DIRECT_EXACT|TARGET_COLLISION,P3_LATEST8Q,STRUCTURAL_REVIEW_SEPARATE,TARGET_DIFFERENT_ECONOMIC,YES,P8H-S-1039,VSAT
FY2026Q2,2426,UNRESOLVED|UNRESOLVED,NEED_FIRST_PUBLIC_RESULT_DATE|NEED_OFFICIAL_FISCAL_YEAR_START|NEED_OFFICIAL_FY_FQ_IDENTITY|NEED_SOURCE_SEMANTICS_CONFIRMATION,FY2026Q2: need official fiscal year start and FY/FQ identity ; FY2026Q2: need first-public result date ; FY2026Q2: confirm sequence semantics,YES,NO,PUBLISH_DATE_MISSING|UNRESOLVED_BOUNDARY|UNRESOLVED_SEQUENCE,P1_CURRENT,STRUCTURAL_REVIEW_SEPARATE,SOURCE_SEMANTIC_AMBIGUITY,YES,P8H-S-1040,VSH
FY2026Q1,2426,UNRESOLVED|UNRESOLVED,NEED_OFFICIAL_FISCAL_YEAR_START|NEED_OFFICIAL_FY_FQ_IDENTITY|NEED_SOURCE_SEMANTICS_CONFIRMATION,FY2026Q1: need official fiscal year start and FY/FQ identity ; FY2026Q1: confirm sequence semantics,YES,NO,UNRESOLVED_BOUNDARY|UNRESOLVED_SEQUENCE,P1_CURRENT,STRUCTURAL_REVIEW_SEPARATE,SOURCE_SEMANTIC_AMBIGUITY,YES,P8H-S-1041,VSH
FY2026Q2,2427,UNRESOLVED|UNRESOLVED,NEED_OFFICIAL_FISCAL_YEAR_START|NEED_OFFICIAL_FY_FQ_IDENTITY|NEED_SOURCE_SEMANTICS_CONFIRMATION,FY2026Q2: need official fiscal year start and FY/FQ identity ; FY2026Q2: confirm sequence semantics,YES,NO,UNRESOLVED_BOUNDARY|UNRESOLVED_SEQUENCE,P1_CURRENT,STRUCTURAL_REVIEW_SEPARATE,SOURCE_SEMANTIC_AMBIGUITY,YES,P8H-S-1042,VST
FY2026Q1,2427,UNRESOLVED|UNRESOLVED,NEED_OFFICIAL_FISCAL_YEAR_START|NEED_OFFICIAL_FY_FQ_IDENTITY|NEED_SOURCE_SEMANTICS_CONFIRMATION,FY2026Q1: need official fiscal year start and FY/FQ identity ; FY2026Q1: confirm sequence semantics,YES,NO,UNRESOLVED_BOUNDARY|UNRESOLVED_SEQUENCE,P1_CURRENT,STRUCTURAL_REVIEW_SEPARATE,SOURCE_SEMANTIC_AMBIGUITY,YES,P8H-S-1043,VST
FY2025Q3,2430,DIRECT_EXACT_INTERVAL|TARGET_DIFFERENT_ECONOMIC,NEED_MISSING_QUARTER_SOURCE|NEED_TARGET_COLLISION_RESOLUTION,FY2025Q3: verify missing adjacent fiscal quarter source ; FY2025Q3: target FY/FQ collision requires reconciliation,YES,NO,MISSING_QUARTER|TARGET_COLLISION,P2_LATEST4Q,STRUCTURAL_REVIEW_SEPARATE,TARGET_DIFFERENT_ECONOMIC,YES,P8H-S-1044,VSTS
FY2025Q2,2430,DIRECT_EXACT_INTERVAL|TARGET_DIFFERENT_ECONOMIC,NEED_MISSING_QUARTER_SOURCE|NEED_TARGET_COLLISION_RESOLUTION,FY2025Q2: verify missing adjacent fiscal quarter source ; FY2025Q2: target FY/FQ collision requires reconciliation,YES,NO,MISSING_QUARTER|TARGET_COLLISION,P3_LATEST8Q,STRUCTURAL_REVIEW_SEPARATE,TARGET_DIFFERENT_ECONOMIC,YES,P8H-S-1045,VSTS
FY2025Q1,2431,DIRECT_EXACT_INTERVAL|TARGET_SELF,NEED_FIRST_PUBLIC_RESULT_DATE|NEED_GROSS_PROFIT|NEED_TARGET_COLLISION_RESOLUTION,FY2025Q1: need Gross Profit ; FY2025Q1: need first-public result date ; FY2025Q1: resolve duplicate/collision in latest8Q sequence,YES,NO,DUPLICATE_ECONOMIC_QUARTER|PUBLISH_SEQUENCE_CONFLICT|SECONDARY_FIELDS_INCOMPLETE,P3_LATEST8Q,STRUCTURAL_REVIEW_SEPARATE,DUPLICATE_ECONOMIC_QUARTER,YES,P8H-S-1046,VTGN
FY2024Q2,2431,DIRECT_EXACT_INTERVAL|TARGET_CONFLICTING,NEED_GROSS_PROFIT|NEED_LOCAL_LINEAGE_RECONCILIATION|NEED_TARGET_COLLISION_RESOLUTION,FY2024Q2: need Gross Profit ; FY2024Q2: reconcile stored FY/FQ against direct exact fiscal anchor ; FY2024Q2: resolve duplicate/collision in latest8Q sequence ; FY2024Q2: target FY/FQ collision requires reconciliation,YES,NO,DUPLICATE_ECONOMIC_QUARTER|FY_CONFLICT_DIRECT_EXACT|SECONDARY_FIELDS_INCOMPLETE|TARGET_COLLISION,P3_LATEST8Q,STRUCTURAL_REVIEW_SEPARATE,DUPLICATE_ECONOMIC_QUARTER,YES,P8H-S-1047,VTGN
FY2026Q2,2432,UNRESOLVED|UNRESOLVED,NEED_OFFICIAL_FISCAL_YEAR_START|NEED_OFFICIAL_FY_FQ_IDENTITY|NEED_SOURCE_SEMANTICS_CONFIRMATION,FY2026Q2: need official fiscal year start and FY/FQ identity ; FY2026Q2: confirm sequence semantics,YES,NO,UNRESOLVED_BOUNDARY|UNRESOLVED_SEQUENCE,P1_CURRENT,STRUCTURAL_REVIEW_SEPARATE,SOURCE_SEMANTIC_AMBIGUITY,YES,P8H-S-1048,VTOL
FY2026Q1,2432,UNRESOLVED|UNRESOLVED,NEED_OFFICIAL_FISCAL_YEAR_START|NEED_OFFICIAL_FY_FQ_IDENTITY|NEED_SOURCE_SEMANTICS_CONFIRMATION,FY2026Q1: need official fiscal year start and FY/FQ identity ; FY2026Q1: confirm sequence semantics,YES,NO,UNRESOLVED_BOUNDARY|UNRESOLVED_SEQUENCE,P1_CURRENT,STRUCTURAL_REVIEW_SEPARATE,SOURCE_SEMANTIC_AMBIGUITY,YES,P8H-S-1049,VTOL
FY2026Q2,2433,UNRESOLVED|UNRESOLVED,NEED_OFFICIAL_FISCAL_YEAR_START|NEED_OFFICIAL_FY_FQ_IDENTITY|NEED_SOURCE_SEMANTICS_CONFIRMATION,FY2026Q2: need official fiscal year start and FY/FQ identity ; FY2026Q2: confirm sequence semantics,YES,NO,UNRESOLVED_BOUNDARY|UNRESOLVED_SEQUENCE,P1_CURRENT,STRUCTURAL_REVIEW_SEPARATE,SOURCE_SEMANTIC_AMBIGUITY,YES,P8H-S-1050,VTR
FY2026Q1,2433,UNRESOLVED|UNRESOLVED,NEED_OFFICIAL_FISCAL_YEAR_START|NEED_OFFICIAL_FY_FQ_IDENTITY|NEED_SOURCE_SEMANTICS_CONFIRMATION,FY2026Q1: need official fiscal year start and FY/FQ identity ; FY2026Q1: confirm sequence semantics,YES,NO,UNRESOLVED_BOUNDARY|UNRESOLVED_SEQUENCE,P1_CURRENT,STRUCTURAL_REVIEW_SEPARATE,SOURCE_SEMANTIC_AMBIGUITY,YES,P8H-S-1051,VTR
FY2026Q2,2435,UNRESOLVED|UNRESOLVED,NEED_FIRST_PUBLIC_RESULT_DATE|NEED_OFFICIAL_FISCAL_YEAR_START|NEED_OFFICIAL_FY_FQ_IDENTITY|NEED_SOURCE_SEMANTICS_CONFIRMATION,FY2026Q2: need official fiscal year start and FY/FQ identity ; FY2026Q2: need first-public result date ; FY2026Q2: confirm sequence semantics,YES,NO,PUBLISH_DATE_MISSING|UNRESOLVED_BOUNDARY|UNRESOLVED_SEQUENCE,P1_CURRENT,STRUCTURAL_REVIEW_SEPARATE,SOURCE_SEMANTIC_AMBIGUITY,YES,P8H-S-1052,VTS
FY2026Q1,2435,UNRESOLVED|UNRESOLVED,NEED_OFFICIAL_FISCAL_YEAR_START|NEED_OFFICIAL_FY_FQ_IDENTITY|NEED_SOURCE_SEMANTICS_CONFIRMATION,FY2026Q1: need official fiscal year start and FY/FQ identity ; FY2026Q1: confirm sequence semantics,YES,NO,UNRESOLVED_BOUNDARY|UNRESOLVED_SEQUENCE,P1_CURRENT,STRUCTURAL_REVIEW_SEPARATE,SOURCE_SEMANTIC_AMBIGUITY,YES,P8H-S-1053,VTS
FY2026Q1,2449,UNRESOLVED|UNRESOLVED,NEED_OFFICIAL_FISCAL_YEAR_START|NEED_OFFICIAL_FY_FQ_IDENTITY|NEED_SOURCE_SEMANTICS_CONFIRMATION,FY2026Q1: need official fiscal year start and FY/FQ identity ; FY2026Q1: confirm sequence semantics,YES,NO,UNRESOLVED_BOUNDARY|UNRESOLVED_SEQUENCE,P1_CURRENT,STRUCTURAL_REVIEW_SEPARATE,SOURCE_SEMANTIC_AMBIGUITY,YES,P8H-S-1054,WDAY
FY2025Q1,2449,DIRECT_EXACT_INTERVAL|TARGET_DIFFERENT_ECONOMIC,NEED_LOCAL_LINEAGE_RECONCILIATION|NEED_TARGET_COLLISION_RESOLUTION,FY2025Q1: reconcile stored FY/FQ against direct exact fiscal anchor ; FY2025Q1: target FY/FQ collision requires reconciliation,YES,NO,FY_CONFLICT_DIRECT_EXACT|TARGET_COLLISION,P3_LATEST8Q,STRUCTURAL_REVIEW_SEPARATE,TARGET_DIFFERENT_ECONOMIC,YES,P8H-S-1055,WDAY
FY2024Q1,2449,DIRECT_EXACT_INTERVAL|TARGET_DIFFERENT_ECONOMIC,NEED_LOCAL_LINEAGE_RECONCILIATION|NEED_TARGET_COLLISION_RESOLUTION,FY2024Q1: reconcile stored FY/FQ against direct exact fiscal anchor ; FY2024Q1: target FY/FQ collision requires reconciliation,YES,NO,FY_CONFLICT_DIRECT_EXACT|TARGET_COLLISION,P3_LATEST8Q,STRUCTURAL_REVIEW_SEPARATE,TARGET_DIFFERENT_ECONOMIC,YES,P8H-S-1056,WDAY
FY2026Q2,2450,DIRECT_EXACT_INTERVAL|TARGET_DIFFERENT_ECONOMIC,NEED_TARGET_COLLISION_RESOLUTION,FY2026Q2: target FY/FQ collision requires reconciliation,YES,NO,TARGET_COLLISION,P1_CURRENT,STRUCTURAL_REVIEW_SEPARATE,TARGET_DIFFERENT_ECONOMIC,YES,P8H-S-1057,WDC
FY2026Q1,2450,DIRECT_EXACT_INTERVAL|TARGET_DIFFERENT_ECONOMIC,NEED_TARGET_COLLISION_RESOLUTION,FY2026Q1: target FY/FQ collision requires reconciliation,YES,NO,TARGET_COLLISION,P1_CURRENT,STRUCTURAL_REVIEW_SEPARATE,TARGET_DIFFERENT_ECONOMIC,YES,P8H-S-1058,WDC
FY2025Q4,2450,DIRECT_EXACT_INTERVAL|TARGET_DIFFERENT_ECONOMIC,NEED_LOCAL_LINEAGE_RECONCILIATION|NEED_OFFICIAL_PERIOD_END|NEED_TARGET_COLLISION_RESOLUTION,FY2025Q4: reconcile stored FY/FQ against direct exact fiscal anchor ; FY2025Q4: need official period_end ; FY2025Q4: target FY/FQ collision requires reconciliation,YES,NO,FY_CONFLICT_DIRECT_EXACT|PERIOD_END_FISCAL_SLOT_CONFLICT|TARGET_COLLISION,P1_CURRENT,STRUCTURAL_REVIEW_SEPARATE,TARGET_DIFFERENT_ECONOMIC,YES,P8H-S-1059,WDC
FY2025Q3,2450,DIRECT_EXACT_INTERVAL|TARGET_DIFFERENT_ECONOMIC,NEED_TARGET_COLLISION_RESOLUTION,FY2025Q3: target FY/FQ collision requires reconciliation,YES,NO,TARGET_COLLISION,P3_LATEST8Q,STRUCTURAL_REVIEW_SEPARATE,TARGET_DIFFERENT_ECONOMIC,YES,P8H-S-1060,WDC
FY2025Q2,2450,DIRECT_EXACT_INTERVAL|TARGET_DIFFERENT_ECONOMIC,NEED_MISSING_QUARTER_SOURCE|NEED_TARGET_COLLISION_RESOLUTION,FY2025Q2: verify missing adjacent fiscal quarter source ; FY2025Q2: target FY/FQ collision requires reconciliation,YES,NO,MISSING_QUARTER|TARGET_COLLISION,P3_LATEST8Q,STRUCTURAL_REVIEW_SEPARATE,TARGET_DIFFERENT_ECONOMIC,YES,P8H-S-1061,WDC
FY2025Q3,2455,DIRECT_EXACT_INTERVAL|TARGET_DIFFERENT_ECONOMIC,NEED_MISSING_QUARTER_SOURCE|NEED_TARGET_COLLISION_RESOLUTION,FY2025Q3: verify missing adjacent fiscal quarter source ; FY2025Q3: target FY/FQ collision requires reconciliation,NO,NO,MISSING_QUARTER|TARGET_COLLISION,P2_LATEST4Q,STRUCTURAL_REVIEW_SEPARATE,TARGET_DIFFERENT_ECONOMIC,YES,P8H-S-1062,WEN
FY2025Q2,2455,DIRECT_EXACT_INTERVAL|TARGET_DIFFERENT_ECONOMIC,NEED_TARGET_COLLISION_RESOLUTION,FY2025Q2: target FY/FQ collision requires reconciliation,NO,NO,TARGET_COLLISION,P3_LATEST8Q,STRUCTURAL_REVIEW_SEPARATE,TARGET_DIFFERENT_ECONOMIC,YES,P8H-S-1063,WEN
FY2025Q1,2455,DIRECT_EXACT_INTERVAL|TARGET_DIFFERENT_ECONOMIC,NEED_MISSING_QUARTER_SOURCE|NEED_TARGET_COLLISION_RESOLUTION,FY2025Q1: verify missing adjacent fiscal quarter source ; FY2025Q1: target FY/FQ collision requires reconciliation,NO,NO,MISSING_QUARTER|TARGET_COLLISION,P3_LATEST8Q,STRUCTURAL_REVIEW_SEPARATE,TARGET_DIFFERENT_ECONOMIC,YES,P8H-S-1064,WEN
FY2026Q3,2461,UNRESOLVED|UNRESOLVED,NEED_OFFICIAL_FISCAL_YEAR_START|NEED_OFFICIAL_FY_FQ_IDENTITY|NEED_SOURCE_SEMANTICS_CONFIRMATION,FY2026Q3: need official fiscal year start and FY/FQ identity ; FY2026Q3: confirm sequence semantics,YES,NO,UNRESOLVED_BOUNDARY|UNRESOLVED_SEQUENCE,P1_CURRENT,STRUCTURAL_REVIEW_SEPARATE,SOURCE_SEMANTIC_AMBIGUITY,YES,P8H-S-1065,WGO
FY2026Q2,2461,UNRESOLVED|UNRESOLVED,NEED_OFFICIAL_FISCAL_YEAR_START|NEED_OFFICIAL_FY_FQ_IDENTITY|NEED_SOURCE_SEMANTICS_CONFIRMATION,FY2026Q2: need official fiscal year start and FY/FQ identity ; FY2026Q2: confirm sequence semantics,YES,NO,UNRESOLVED_BOUNDARY|UNRESOLVED_SEQUENCE,P1_CURRENT,STRUCTURAL_REVIEW_SEPARATE,SOURCE_SEMANTIC_AMBIGUITY,YES,P8H-S-1066,WGO
FY2026Q1,2461,UNRESOLVED|UNRESOLVED,NEED_OFFICIAL_FISCAL_YEAR_START|NEED_OFFICIAL_FY_FQ_IDENTITY|NEED_SOURCE_SEMANTICS_CONFIRMATION,FY2026Q1: need official fiscal year start and FY/FQ identity ; FY2026Q1: confirm sequence semantics,YES,NO,UNRESOLVED_BOUNDARY|UNRESOLVED_SEQUENCE,P1_CURRENT,STRUCTURAL_REVIEW_SEPARATE,SOURCE_SEMANTIC_AMBIGUITY,YES,P8H-S-1067,WGO
FY2025Q4,2461,UNRESOLVED|UNRESOLVED,NEED_OFFICIAL_FISCAL_YEAR_START|NEED_OFFICIAL_FY_FQ_IDENTITY|NEED_SOURCE_SEMANTICS_CONFIRMATION,FY2025Q4: need official fiscal year start and FY/FQ identity ; FY2025Q4: confirm sequence semantics,YES,NO,UNRESOLVED_BOUNDARY|UNRESOLVED_SEQUENCE,P1_CURRENT,STRUCTURAL_REVIEW_SEPARATE,SOURCE_SEMANTIC_AMBIGUITY,YES,P8H-S-1068,WGO
FY2025Q3,2468,DIRECT_EXACT_INTERVAL|TARGET_DIFFERENT_ECONOMIC,NEED_MISSING_QUARTER_SOURCE|NEED_TARGET_COLLISION_RESOLUTION,FY2025Q3: verify missing adjacent fiscal quarter source ; FY2025Q3: target FY/FQ collision requires reconciliation,NO,NO,MISSING_QUARTER|TARGET_COLLISION,P2_LATEST4Q,STRUCTURAL_REVIEW_SEPARATE,TARGET_DIFFERENT_ECONOMIC,YES,P8H-S-1069,WING
FY2025Q2,2468,DIRECT_EXACT_INTERVAL|TARGET_DIFFERENT_ECONOMIC,NEED_TARGET_COLLISION_RESOLUTION,FY2025Q2: target FY/FQ collision requires reconciliation,NO,NO,TARGET_COLLISION,P3_LATEST8Q,STRUCTURAL_REVIEW_SEPARATE,TARGET_DIFFERENT_ECONOMIC,YES,P8H-S-1070,WING
FY2025Q1,2468,DIRECT_EXACT_INTERVAL|TARGET_DIFFERENT_ECONOMIC,NEED_MISSING_QUARTER_SOURCE|NEED_TARGET_COLLISION_RESOLUTION,FY2025Q1: verify missing adjacent fiscal quarter source ; FY2025Q1: target FY/FQ collision requires reconciliation,NO,NO,MISSING_QUARTER|TARGET_COLLISION,P3_LATEST8Q,STRUCTURAL_REVIEW_SEPARATE,TARGET_DIFFERENT_ECONOMIC,YES,P8H-S-1071,WING
FY2026Q1,2472,UNRESOLVED|UNRESOLVED,NEED_OFFICIAL_FISCAL_YEAR_START|NEED_OFFICIAL_FY_FQ_IDENTITY|NEED_SOURCE_SEMANTICS_CONFIRMATION,FY2026Q1: need official fiscal year start and FY/FQ identity ; FY2026Q1: confirm sequence semantics,YES,NO,UNRESOLVED_BOUNDARY|UNRESOLVED_SEQUENCE,P1_CURRENT,STRUCTURAL_REVIEW_SEPARATE,SOURCE_SEMANTIC_AMBIGUITY,YES,P8H-S-1072,WKSP
FY2025Q3,2473,DIRECT_EXACT_INTERVAL|TARGET_DIFFERENT_ECONOMIC,NEED_MISSING_QUARTER_SOURCE|NEED_TARGET_COLLISION_RESOLUTION,FY2025Q3: verify missing adjacent fiscal quarter source ; FY2025Q3: target FY/FQ collision requires reconciliation,YES,NO,MISSING_QUARTER|TARGET_COLLISION,P2_LATEST4Q,STRUCTURAL_REVIEW_SEPARATE,TARGET_DIFFERENT_ECONOMIC,YES,P8H-S-1073,WLDN
FY2025Q2,2473,DIRECT_EXACT_INTERVAL|TARGET_DIFFERENT_ECONOMIC,NEED_TARGET_COLLISION_RESOLUTION,FY2025Q2: target FY/FQ collision requires reconciliation,YES,NO,TARGET_COLLISION,P3_LATEST8Q,STRUCTURAL_REVIEW_SEPARATE,TARGET_DIFFERENT_ECONOMIC,YES,P8H-S-1074,WLDN
FY2025Q1,2473,DIRECT_EXACT_INTERVAL|TARGET_DIFFERENT_ECONOMIC,NEED_MISSING_QUARTER_SOURCE|NEED_TARGET_COLLISION_RESOLUTION,FY2025Q1: verify missing adjacent fiscal quarter source ; FY2025Q1: target FY/FQ collision requires reconciliation,YES,NO,MISSING_QUARTER|TARGET_COLLISION,P3_LATEST8Q,STRUCTURAL_REVIEW_SEPARATE,TARGET_DIFFERENT_ECONOMIC,YES,P8H-S-1075,WLDN
FY2025Q3,2479,DIRECT_EXACT_INTERVAL|TARGET_DIFFERENT_ECONOMIC,NEED_MISSING_QUARTER_SOURCE|NEED_TARGET_COLLISION_RESOLUTION,FY2025Q3: verify missing adjacent fiscal quarter source ; FY2025Q3: target FY/FQ collision requires reconciliation,YES,NO,MISSING_QUARTER|TARGET_COLLISION,P2_LATEST4Q,STRUCTURAL_REVIEW_SEPARATE,TARGET_DIFFERENT_ECONOMIC,YES,P8H-S-1076,WMK
FY2025Q2,2479,DIRECT_EXACT_INTERVAL|TARGET_DIFFERENT_ECONOMIC,NEED_TARGET_COLLISION_RESOLUTION,FY2025Q2: target FY/FQ collision requires reconciliation,YES,NO,TARGET_COLLISION,P3_LATEST8Q,STRUCTURAL_REVIEW_SEPARATE,TARGET_DIFFERENT_ECONOMIC,YES,P8H-S-1077,WMK
FY2025Q1,2480,DIRECT_EXACT_INTERVAL|TARGET_DIFFERENT_ECONOMIC,NEED_LOCAL_LINEAGE_RECONCILIATION|NEED_TARGET_COLLISION_RESOLUTION,FY2025Q1: reconcile stored FY/FQ against direct exact fiscal anchor ; FY2025Q1: target FY/FQ collision requires reconciliation,NO,NO,FY_CONFLICT_DIRECT_EXACT|TARGET_COLLISION,P3_LATEST8Q,STRUCTURAL_REVIEW_SEPARATE,TARGET_DIFFERENT_ECONOMIC,YES,P8H-S-1078,WMS
FY2024Q1,2480,DIRECT_EXACT_INTERVAL|TARGET_DIFFERENT_ECONOMIC,NEED_LOCAL_LINEAGE_RECONCILIATION|NEED_TARGET_COLLISION_RESOLUTION,FY2024Q1: reconcile stored FY/FQ against direct exact fiscal anchor ; FY2024Q1: target FY/FQ collision requires reconciliation,NO,NO,FY_CONFLICT_DIRECT_EXACT|TARGET_COLLISION,P3_LATEST8Q,STRUCTURAL_REVIEW_SEPARATE,TARGET_DIFFERENT_ECONOMIC,YES,P8H-S-1079,WMS
FY2025Q1,2481,DIRECT_EXACT_INTERVAL|TARGET_DIFFERENT_ECONOMIC,NEED_LOCAL_LINEAGE_RECONCILIATION|NEED_TARGET_COLLISION_RESOLUTION,FY2025Q1: reconcile stored FY/FQ against direct exact fiscal anchor ; FY2025Q1: target FY/FQ collision requires reconciliation,YES,NO,FY_CONFLICT_DIRECT_EXACT|TARGET_COLLISION,P3_LATEST8Q,STRUCTURAL_REVIEW_SEPARATE,TARGET_DIFFERENT_ECONOMIC,YES,P8H-S-1080,WMT
FY2026Q2,2485,UNRESOLVED|UNRESOLVED,NEED_CAPEX|NEED_OFFICIAL_FISCAL_YEAR_START|NEED_OFFICIAL_FY_FQ_IDENTITY|NEED_SOURCE_SEMANTICS_CONFIRMATION,FY2026Q2: need Capex ; FY2026Q2: need official fiscal year start and FY/FQ identity ; FY2026Q2: confirm sequence semantics,YES,NO,SECONDARY_FIELDS_INCOMPLETE|UNRESOLVED_BOUNDARY|UNRESOLVED_SEQUENCE,P1_CURRENT,STRUCTURAL_REVIEW_SEPARATE,SOURCE_SEMANTIC_AMBIGUITY,YES,P8H-S-1081,WPC
FY2026Q1,2485,UNRESOLVED|UNRESOLVED,NEED_OFFICIAL_FISCAL_YEAR_START|NEED_OFFICIAL_FY_FQ_IDENTITY|NEED_SOURCE_SEMANTICS_CONFIRMATION,FY2026Q1: need official fiscal year start and FY/FQ identity ; FY2026Q1: confirm sequence semantics,YES,NO,UNRESOLVED_BOUNDARY|UNRESOLVED_SEQUENCE,P1_CURRENT,STRUCTURAL_REVIEW_SEPARATE,SOURCE_SEMANTIC_AMBIGUITY,YES,P8H-S-1082,WPC
FY2025Q3,2500,DIRECT_EXACT_INTERVAL|TARGET_DIFFERENT_ECONOMIC,NEED_MISSING_QUARTER_SOURCE|NEED_TARGET_COLLISION_RESOLUTION,FY2025Q3: verify missing adjacent fiscal quarter source ; FY2025Q3: target FY/FQ collision requires reconciliation,NO,NO,MISSING_QUARTER|TARGET_COLLISION,P2_LATEST4Q,STRUCTURAL_REVIEW_SEPARATE,TARGET_DIFFERENT_ECONOMIC,YES,P8H-S-1083,WWW
FY2025Q2,2500,DIRECT_EXACT_INTERVAL|TARGET_DIFFERENT_ECONOMIC,NEED_TARGET_COLLISION_RESOLUTION,FY2025Q2: target FY/FQ collision requires reconciliation,NO,NO,TARGET_COLLISION,P2_LATEST4Q,STRUCTURAL_REVIEW_SEPARATE,TARGET_DIFFERENT_ECONOMIC,YES,P8H-S-1084,WWW
FY2025Q1,2500,DIRECT_EXACT_INTERVAL|TARGET_DIFFERENT_ECONOMIC,NEED_MISSING_QUARTER_SOURCE|NEED_TARGET_COLLISION_RESOLUTION,FY2025Q1: verify missing adjacent fiscal quarter source ; FY2025Q1: target FY/FQ collision requires reconciliation,NO,NO,MISSING_QUARTER|TARGET_COLLISION,P3_LATEST8Q,STRUCTURAL_REVIEW_SEPARATE,TARGET_DIFFERENT_ECONOMIC,YES,P8H-S-1085,WWW
FY2026Q1,2523,UNRESOLVED|UNRESOLVED,NEED_OFFICIAL_FISCAL_YEAR_START|NEED_OFFICIAL_FY_FQ_IDENTITY|NEED_SOURCE_SEMANTICS_CONFIRMATION,FY2026Q1: need official fiscal year start and FY/FQ identity ; FY2026Q1: confirm sequence semantics,YES,NO,UNRESOLVED_BOUNDARY|UNRESOLVED_SEQUENCE,P1_CURRENT,STRUCTURAL_REVIEW_SEPARATE,SOURCE_SEMANTIC_AMBIGUITY,YES,P8H-S-1086,XTIA
FY2025Q4,2528,DIRECT_EXACT_INTERVAL|TARGET_SELF,NEED_OFFICIAL_PERIOD_END|NEED_SOURCE_SEMANTICS_CONFIRMATION|NEED_TRANSITION_CALENDAR_EVIDENCE,FY2025Q4: need transition/stub calendar decision ; FY2025Q4: need official period_end ; FY2025Q4: confirm sequence semantics,YES,NO,PERIOD_END_TRANSITION_REVIEW|TRANSITION_REVIEW|TRANSITION_SEQUENCE,P1_CURRENT,STRUCTURAL_REVIEW_SEPARATE,CALENDAR_TRANSITION,YES,P8H-S-1087,YETI
FY2025Q3,2528,DIRECT_EXACT_INTERVAL|TARGET_DIFFERENT_ECONOMIC,NEED_OFFICIAL_PERIOD_END|NEED_SOURCE_SEMANTICS_CONFIRMATION|NEED_TARGET_COLLISION_RESOLUTION|NEED_TRANSITION_CALENDAR_EVIDENCE,FY2025Q3: need transition/stub calendar decision ; FY2025Q3: need official period_end ; FY2025Q3: confirm sequence semantics ; FY2025Q3: target FY/FQ collision requires reconciliation,YES,NO,PERIOD_END_TRANSITION_REVIEW|TARGET_COLLISION|TRANSITION_REVIEW|TRANSITION_SEQUENCE,P1_CURRENT,STRUCTURAL_REVIEW_SEPARATE,CALENDAR_TRANSITION,YES,P8H-S-1088,YETI
FY2025Q2,2528,DIRECT_EXACT_INTERVAL|TARGET_DIFFERENT_ECONOMIC,NEED_OFFICIAL_PERIOD_END|NEED_SOURCE_SEMANTICS_CONFIRMATION|NEED_TARGET_COLLISION_RESOLUTION|NEED_TRANSITION_CALENDAR_EVIDENCE,FY2025Q2: need transition/stub calendar decision ; FY2025Q2: need official period_end ; FY2025Q2: confirm sequence semantics ; FY2025Q2: target FY/FQ collision requires reconciliation,YES,NO,PERIOD_END_TRANSITION_REVIEW|TARGET_COLLISION|TRANSITION_REVIEW|TRANSITION_SEQUENCE,P1_CURRENT,STRUCTURAL_REVIEW_SEPARATE,CALENDAR_TRANSITION,YES,P8H-S-1089,YETI
FY2025Q1,2528,DIRECT_EXACT_INTERVAL|TARGET_DIFFERENT_ECONOMIC,NEED_OFFICIAL_PERIOD_END|NEED_SOURCE_SEMANTICS_CONFIRMATION|NEED_TARGET_COLLISION_RESOLUTION|NEED_TRANSITION_CALENDAR_EVIDENCE,FY2025Q1: need transition/stub calendar decision ; FY2025Q1: need official period_end ; FY2025Q1: confirm sequence semantics ; FY2025Q1: target FY/FQ collision requires reconciliation,YES,NO,PERIOD_END_TRANSITION_REVIEW|TARGET_COLLISION|TRANSITION_REVIEW|TRANSITION_SEQUENCE,P3_LATEST8Q,STRUCTURAL_REVIEW_SEPARATE,CALENDAR_TRANSITION,YES,P8H-S-1090,YETI
FY2025Q1,2529,DIRECT_EXACT_INTERVAL|TARGET_DIFFERENT_ECONOMIC,NEED_LOCAL_LINEAGE_RECONCILIATION|NEED_TARGET_COLLISION_RESOLUTION,FY2025Q1: reconcile stored FY/FQ against direct exact fiscal anchor ; FY2025Q1: target FY/FQ collision requires reconciliation,YES,NO,FY_CONFLICT_DIRECT_EXACT|TARGET_COLLISION,P3_LATEST8Q,STRUCTURAL_REVIEW_SEPARATE,TARGET_DIFFERENT_ECONOMIC,YES,P8H-S-1091,YEXT
FY2025Q1,2543,DIRECT_EXACT_INTERVAL|TARGET_DIFFERENT_ECONOMIC,NEED_LOCAL_LINEAGE_RECONCILIATION|NEED_TARGET_COLLISION_RESOLUTION,FY2025Q1: reconcile stored FY/FQ against direct exact fiscal anchor ; FY2025Q1: target FY/FQ collision requires reconciliation,YES,NO,FY_CONFLICT_DIRECT_EXACT|TARGET_COLLISION,P3_LATEST8Q,STRUCTURAL_REVIEW_SEPARATE,TARGET_DIFFERENT_ECONOMIC,YES,P8H-S-1092,ZM
FY2026Q1,2548,UNRESOLVED|UNRESOLVED,NEED_DEBT|NEED_GROSS_PROFIT|NEED_OFFICIAL_FISCAL_YEAR_START|NEED_OFFICIAL_FY_FQ_IDENTITY|NEED_SOURCE_SEMANTICS_CONFIRMATION,FY2026Q1: need Debt ; FY2026Q1: need Gross Profit ; FY2026Q1: need official fiscal year start and FY/FQ identity ; FY2026Q1: confirm sequence semantics,YES,NO,PRIMARY_CORE_INCOMPLETE|SECONDARY_FIELDS_INCOMPLETE|UNRESOLVED_BOUNDARY|UNRESOLVED_SEQUENCE,P1_CURRENT,STRUCTURAL_REVIEW_SEPARATE,SOURCE_SEMANTIC_AMBIGUITY,YES,P8H-S-1093,ZURA
FY2026Q2,2551,UNRESOLVED|UNRESOLVED,NEED_OFFICIAL_FISCAL_YEAR_START|NEED_OFFICIAL_FY_FQ_IDENTITY|NEED_SOURCE_SEMANTICS_CONFIRMATION,FY2026Q2: need official fiscal year start and FY/FQ identity ; FY2026Q2: confirm sequence semantics,YES,NO,UNRESOLVED_BOUNDARY|UNRESOLVED_SEQUENCE,P1_CURRENT,STRUCTURAL_REVIEW_SEPARATE,SOURCE_SEMANTIC_AMBIGUITY,YES,P8H-S-1094,ZWS
FY2026Q1,2551,UNRESOLVED|UNRESOLVED,NEED_OFFICIAL_FISCAL_YEAR_START|NEED_OFFICIAL_FY_FQ_IDENTITY|NEED_SOURCE_SEMANTICS_CONFIRMATION,FY2026Q1: need official fiscal year start and FY/FQ identity ; FY2026Q1: confirm sequence semantics,YES,NO,UNRESOLVED_BOUNDARY|UNRESOLVED_SEQUENCE,P1_CURRENT,STRUCTURAL_REVIEW_SEPARATE,SOURCE_SEMANTIC_AMBIGUITY,YES,P8H-S-1095,ZWS
