evidence_type,exact_anchor_coverage,fiscal_quarter,fiscal_year,keep_external,local_fq_status,local_fy_status,local_sequence_status,original_request,priority,remaining_external_requirement,removal_reason,research_task_id,structural_boundary_status,ticker
MISSING_QUARTER_EXISTENCE,ADJACENT_EXACT_ANCHORS,Q2,2025,NO,FQ_RESOLVED_LOCAL_HIGH,FY_RESOLVED_DIRECT_EXACT,,"Research official issuer sources for FY2025 Q2. Verify Capex required to derive FCF, EBIT, FCF, first-public result publication date, missing quarter existence/source evidence, OCF required to derive FCF, Revenue, source semantics confirmation. Do not research other fields.",P2_LATEST4Q,,MISSING_QUARTER_ALREADY_IDENTIFIED_LOCALLY,P8H-2-0075,NO_STRUCTURAL_BOUNDARY,BTCT
MISSING_QUARTER_EXISTENCE,ADJACENT_EXACT_ANCHORS,Q2,2025,NO,FQ_RESOLVED_LOCAL_HIGH,FY_RESOLVED_DIRECT_EXACT,,"Research official issuer sources for FY2025 Q2. Verify Capex required to derive FCF, EBIT, FCF, first-public result publication date, missing quarter existence/source evidence, OCF required to derive FCF, Revenue, source semantics confirmation. Do not research other fields.",P2_LATEST4Q,,MISSING_QUARTER_ALREADY_IDENTIFIED_LOCALLY,P8H-2-0154,NO_STRUCTURAL_BOUNDARY,HOLO
MISSING_QUARTER_EXISTENCE,ADJACENT_EXACT_ANCHORS,Q2,2025,NO,FQ_RESOLVED_LOCAL_HIGH,FY_RESOLVED_DIRECT_EXACT,,"Research official issuer sources for FY2025 Q2. Verify Capex required to derive FCF, EBIT, FCF, first-public result publication date, missing quarter existence/source evidence, OCF required to derive FCF, Revenue, source semantics confirmation. Do not research other fields.",P2_LATEST4Q,,MISSING_QUARTER_ALREADY_IDENTIFIED_LOCALLY,P8H-2-0211,NO_STRUCTURAL_BOUNDARY,MLGO
MISSING_QUARTER_EXISTENCE,ADJACENT_EXACT_ANCHORS,Q4,2024,NO,FQ_RESOLVED_LOCAL_HIGH,FY_RESOLVED_DIRECT_EXACT,,"Research official issuer sources for FY2024 Q4. Verify Capex required to derive FCF, EBIT, FCF, missing quarter existence/source evidence, OCF required to derive FCF, Revenue, source semantics confirmation. Do not research other fields.",P2_LATEST4Q,,MISSING_QUARTER_ALREADY_IDENTIFIED_LOCALLY,P8H-2-0153,NO_STRUCTURAL_BOUNDARY,HOLO
MISSING_QUARTER_EXISTENCE,ADJACENT_EXACT_ANCHORS,Q4,2024,NO,FQ_RESOLVED_LOCAL_HIGH,FY_RESOLVED_DIRECT_EXACT,,"Research official issuer sources for FY2024 Q4. Verify Capex required to derive FCF, EBIT, FCF, missing quarter existence/source evidence, OCF required to derive FCF, Revenue, source semantics confirmation. Do not research other fields.",P2_LATEST4Q,,MISSING_QUARTER_ALREADY_IDENTIFIED_LOCALLY,P8H-2-0210,NO_STRUCTURAL_BOUNDARY,MLGO
MISSING_QUARTER_EXISTENCE,ADJACENT_EXACT_ANCHORS,Q4,2025,NO,FQ_RESOLVED_LOCAL_HIGH,FY_RESOLVED_DIRECT_EXACT,,"Research official issuer sources for FY2025 Q4. Verify Capex required to derive FCF, EBIT, FCF, missing quarter existence/source evidence, OCF required to derive FCF, Revenue, source semantics confirmation. Do not research other fields.",P2_LATEST4Q,,MISSING_QUARTER_ALREADY_IDENTIFIED_LOCALLY,P8H-2-0226,NO_STRUCTURAL_BOUNDARY,NEGG
MISSING_QUARTER_EXISTENCE,ADJACENT_EXACT_ANCHORS,Q4,2025,NO,FQ_RESOLVED_LOCAL_HIGH,FY_RESOLVED_DIRECT_EXACT,,"Research official issuer sources for FY2025 Q4. Verify Capex required to derive FCF, EBIT, FCF, missing quarter existence/source evidence, OCF required to derive FCF, Revenue, source semantics confirmation. Do not research other fields.",P2_LATEST4Q,,MISSING_QUARTER_ALREADY_IDENTIFIED_LOCALLY,P8H-2-0294,NO_STRUCTURAL_BOUNDARY,SCNI
MISSING_QUARTER_EXISTENCE,ADJACENT_EXACT_ANCHORS,Q2,2025,NO,FQ_RESOLVED_LOCAL_HIGH,FY_RESOLVED_DIRECT_EXACT,,"Research official issuer sources for FY2025 Q2. Verify Cash, first-public result publication date, missing quarter existence/source evidence. Do not research other fields.",P2_LATEST4Q,,MISSING_QUARTER_ALREADY_IDENTIFIED_LOCALLY,P8H-2-0293,NO_STRUCTURAL_BOUNDARY,SCNI
MISSING_QUARTER_EXISTENCE,ADJACENT_EXACT_ANCHORS,Q3,2025,NO,FQ_RESOLVED_LOCAL_HIGH,FY_RESOLVED_DIRECT_EXACT,,"Research official issuer sources for FY2025 Q3. Verify missing quarter existence/source evidence, Total Debt. Do not research other fields.",P2_LATEST4Q,,MISSING_QUARTER_ALREADY_IDENTIFIED_LOCALLY,P8H-2-0055,NO_STRUCTURAL_BOUNDARY,BCTX
MISSING_QUARTER_EXISTENCE,ADJACENT_EXACT_ANCHORS,Q1,2026,NO,FQ_RESOLVED_LOCAL_HIGH,FY_RESOLVED_DIRECT_EXACT,,"Research official issuer sources for FY2026 Q1. Verify missing quarter existence/source evidence, Total Debt. Do not research other fields.",P2_LATEST4Q,,MISSING_QUARTER_ALREADY_IDENTIFIED_LOCALLY,P8H-2-0056,NO_STRUCTURAL_BOUNDARY,BCTX
MISSING_QUARTER_EXISTENCE,ADJACENT_EXACT_ANCHORS,Q1,2023,NO,FQ_RESOLVED_LOCAL_HIGH,FY_RESOLVED_DIRECT_EXACT,,"Research official issuer sources for FY2023 Q1. Verify missing quarter existence/source evidence, Total Debt. Do not research other fields.",P2_LATEST4Q,,MISSING_QUARTER_ALREADY_IDENTIFIED_LOCALLY,P8H-2-0152,NO_STRUCTURAL_BOUNDARY,HOLO
MISSING_QUARTER_EXISTENCE,ADJACENT_EXACT_ANCHORS,Q1,2023,NO,FQ_RESOLVED_LOCAL_HIGH,FY_RESOLVED_DIRECT_EXACT,,"Research official issuer sources for FY2023 Q1. Verify missing quarter existence/source evidence, Total Debt. Do not research other fields.",P2_LATEST4Q,,MISSING_QUARTER_ALREADY_IDENTIFIED_LOCALLY,P8H-2-0209,NO_STRUCTURAL_BOUNDARY,MLGO
MISSING_QUARTER_EXISTENCE,ADJACENT_EXACT_ANCHORS,Q2,2025,NO,FQ_RESOLVED_LOCAL_HIGH,FY_RESOLVED_DIRECT_EXACT,,"Research official issuer sources for FY2025 Q2. Verify first-public result publication date, missing quarter existence/source evidence. Do not research other fields.",P2_LATEST4Q,,MISSING_QUARTER_ALREADY_IDENTIFIED_LOCALLY,P8H-2-0225,NO_STRUCTURAL_BOUNDARY,NEGG
MISSING_QUARTER_EXISTENCE,ADJACENT_EXACT_ANCHORS,Q3,2024,NO,FQ_RESOLVED_LOCAL_HIGH,FY_RESOLVED_DIRECT_EXACT,,"Research official issuer sources for FY2024 Q3. Verify first-public result publication date, missing quarter existence/source evidence. Do not research other fields.",P2_LATEST4Q,,MISSING_QUARTER_ALREADY_IDENTIFIED_LOCALLY,P8H-2-0360,NO_STRUCTURAL_BOUNDARY,VSTD
MISSING_QUARTER_EXISTENCE,ADJACENT_EXACT_ANCHORS,Q3,2025,NO,FQ_RESOLVED_LOCAL_HIGH,FY_RESOLVED_DIRECT_EXACT,,Research official issuer sources for FY2025 Q3. Verify missing quarter existence/source evidence. Do not research other fields.,P2_LATEST4Q,,MISSING_QUARTER_ALREADY_IDENTIFIED_LOCALLY,P8H-2-0239,NO_STRUCTURAL_BOUNDARY,NVRI
MISSING_QUARTER_EXISTENCE,ADJACENT_EXACT_ANCHORS,Q4,2022,NO,FQ_RESOLVED_LOCAL_HIGH,FY_RESOLVED_DIRECT_EXACT,,"Research official issuer sources for FY2022 Q4. Verify Capex required to derive FCF, Cash, EBIT, FCF, first-public result publication date, missing quarter existence/source evidence, OCF required to derive FCF, Revenue, Shares Outstanding, source semantics confirmation, Total Debt. Do not research other fields.",P3_LATEST8Q,,MISSING_QUARTER_ALREADY_IDENTIFIED_LOCALLY,P8H-3-1573,NO_STRUCTURAL_BOUNDARY,LION
MISSING_QUARTER_EXISTENCE,ADJACENT_EXACT_ANCHORS,Q4,2021,NO,FQ_RESOLVED_LOCAL_HIGH,FY_RESOLVED_DIRECT_EXACT,,"Research official issuer sources for FY2021 Q4. Verify Capex required to derive FCF, Cash, EBIT, FCF, first-public result publication date, missing quarter existence/source evidence, OCF required to derive FCF, Revenue, Shares Outstanding, source semantics confirmation, Total Debt. Do not research other fields.",P3_LATEST8Q,,MISSING_QUARTER_ALREADY_IDENTIFIED_LOCALLY,P8H-3-2420,NO_STRUCTURAL_BOUNDARY,SHOP
SOURCE_SEMANTICS_CONFIRMATION,ADJACENT_EXACT_ANCHORS,Q1,2022,NO,FQ_RESOLVED_LOCAL_HIGH,FY_RESOLVED_DIRECT_EXACT,,"Research official issuer sources for FY2022 Q1. Verify Capex required to derive FCF, Cash, EBIT, FCF, first-public result publication date, lineage/source ownership evidence, Revenue, Shares Outstanding, source semantics confirmation, Total Debt. Do not research other fields.",P3_LATEST8Q,,SOURCE_SEMANTICS_ALREADY_RESOLVED,P8H-3-2690,NO_STRUCTURAL_BOUNDARY,TRUG
MISSING_QUARTER_EXISTENCE,ADJACENT_EXACT_ANCHORS,Q3,2023,NO,FQ_RESOLVED_LOCAL_HIGH,FY_RESOLVED_DIRECT_EXACT,,"Research official issuer sources for FY2023 Q3. Verify Capex required to derive FCF, Cash, FCF, first-public result publication date, missing quarter existence/source evidence, Revenue, Shares Outstanding, source semantics confirmation, Total Debt. Do not research other fields.",P3_LATEST8Q,,MISSING_QUARTER_ALREADY_IDENTIFIED_LOCALLY,P8H-3-0184,NO_STRUCTURAL_BOUNDARY,AMOD
SOURCE_SEMANTICS_CONFIRMATION,ADJACENT_EXACT_ANCHORS,Q2,2024,NO,FQ_RESOLVED_LOCAL_HIGH,FY_RESOLVED_DIRECT_EXACT,,"Research official issuer sources for FY2024 Q2. Verify Capex required to derive FCF, FCF, first-public result publication date, lineage/source ownership evidence, OCF required to derive FCF, Revenue, Shares Outstanding, source semantics confirmation, Total Debt. Do not research other fields.",P3_LATEST8Q,,SOURCE_SEMANTICS_ALREADY_RESOLVED,P8H-3-2391,NO_STRUCTURAL_BOUNDARY,SEGG
SOURCE_SEMANTICS_CONFIRMATION,ADJACENT_EXACT_ANCHORS,Q1,2024,NO,FQ_RESOLVED_LOCAL_HIGH,FY_RESOLVED_DIRECT_EXACT,,"Research official issuer sources for FY2024 Q1. Verify Capex required to derive FCF, Cash, FCF, first-public result publication date, lineage/source ownership evidence, Revenue, source semantics confirmation, Total Debt. Do not research other fields.",P3_LATEST8Q,,SOURCE_SEMANTICS_ALREADY_RESOLVED,P8H-3-0320,NO_STRUCTURAL_BOUNDARY,AVBP
SOURCE_SEMANTICS_CONFIRMATION,ADJACENT_EXACT_ANCHORS,Q2,2024,NO,FQ_RESOLVED_LOCAL_HIGH,FY_RESOLVED_DIRECT_EXACT,,"Research official issuer sources for FY2024 Q2. Verify Capex required to derive FCF, Cash, FCF, first-public result publication date, lineage/source ownership evidence, Revenue, source semantics confirmation, Total Debt. Do not research other fields.",P3_LATEST8Q,,SOURCE_SEMANTICS_ALREADY_RESOLVED,P8H-3-0321,NO_STRUCTURAL_BOUNDARY,AVBP
SOURCE_SEMANTICS_CONFIRMATION,ADJACENT_EXACT_ANCHORS,Q3,2024,NO,FQ_RESOLVED_LOCAL_HIGH,FY_RESOLVED_DIRECT_EXACT,,"Research official issuer sources for FY2024 Q3. Verify Capex required to derive FCF, Cash, FCF, first-public result publication date, lineage/source ownership evidence, Revenue, source semantics confirmation, Total Debt. Do not research other fields.",P3_LATEST8Q,,SOURCE_SEMANTICS_ALREADY_RESOLVED,P8H-3-0322,NO_STRUCTURAL_BOUNDARY,AVBP
MISSING_QUARTER_EXISTENCE,ADJACENT_EXACT_ANCHORS,Q2,2024,NO,FQ_RESOLVED_LOCAL_HIGH,FY_RESOLVED_DIRECT_EXACT,,"Research official issuer sources for FY2024 Q2. Verify Capex required to derive FCF, FCF, first-public result publication date, missing quarter existence/source evidence, Revenue, Shares Outstanding, source semantics confirmation, Total Debt. Do not research other fields.",P3_LATEST8Q,,MISSING_QUARTER_ALREADY_IDENTIFIED_LOCALLY,P8H-3-0367,NO_STRUCTURAL_BOUNDARY,BBOT
MISSING_QUARTER_EXISTENCE,ADJACENT_EXACT_ANCHORS,Q3,2023,NO,FQ_RESOLVED_LOCAL_HIGH,FY_RESOLVED_DIRECT_EXACT,,"Research official issuer sources for FY2023 Q3. Verify Capex required to derive FCF, FCF, first-public result publication date, missing quarter existence/source evidence, Revenue, Shares Outstanding, source semantics confirmation, Total Debt. Do not research other fields.",P3_LATEST8Q,,MISSING_QUARTER_ALREADY_IDENTIFIED_LOCALLY,P8H-3-0488,NO_STRUCTURAL_BOUNDARY,BZAI
MISSING_QUARTER_EXISTENCE,ADJACENT_EXACT_ANCHORS,Q2,2023,NO,FQ_RESOLVED_LOCAL_HIGH,FY_RESOLVED_DIRECT_EXACT,,"Research official issuer sources for FY2023 Q2. Verify Capex required to derive FCF, Cash, FCF, first-public result publication date, missing quarter existence/source evidence, Shares Outstanding, source semantics confirmation, Total Debt. Do not research other fields.",P3_LATEST8Q,,MISSING_QUARTER_ALREADY_IDENTIFIED_LOCALLY,P8H-3-1743,NO_STRUCTURAL_BOUNDARY,MNR
MISSING_QUARTER_EXISTENCE,ADJACENT_EXACT_ANCHORS,Q3,2024,NO,FQ_RESOLVED_LOCAL_HIGH,FY_RESOLVED_DIRECT_EXACT,,"Research official issuer sources for FY2024 Q3. Verify Capex required to derive FCF, EBIT, FCF, first-public result publication date, missing quarter existence/source evidence, Revenue, source semantics confirmation, Total Debt. Do not research other fields.",P3_LATEST8Q,,MISSING_QUARTER_ALREADY_IDENTIFIED_LOCALLY,P8H-3-1820,NO_STRUCTURAL_BOUNDARY,NB
SOURCE_SEMANTICS_CONFIRMATION,ADJACENT_EXACT_ANCHORS,Q2,2024,NO,FQ_RESOLVED_LOCAL_HIGH,FY_RESOLVED_DIRECT_EXACT,,"Research official issuer sources for FY2024 Q2. Verify Capex required to derive FCF, Cash, EBIT, FCF, first-public result publication date, lineage/source ownership evidence, source semantics confirmation, Total Debt. Do not research other fields.",P3_LATEST8Q,,SOURCE_SEMANTICS_ALREADY_RESOLVED,P8H-3-1863,NO_STRUCTURAL_BOUNDARY,NLOP
MISSING_QUARTER_EXISTENCE,ADJACENT_EXACT_ANCHORS,Q3,2024,NO,FQ_RESOLVED_LOCAL_HIGH,FY_RESOLVED_DIRECT_EXACT,,"Research official issuer sources for FY2024 Q3. Verify Capex required to derive FCF, Cash, FCF, first-public result publication date, missing quarter existence/source evidence, Revenue, source semantics confirmation, Total Debt. Do not research other fields.",P3_LATEST8Q,,MISSING_QUARTER_ALREADY_IDENTIFIED_LOCALLY,P8H-3-2127,NO_STRUCTURAL_BOUNDARY,PPCB
MISSING_QUARTER_EXISTENCE,ADJACENT_EXACT_ANCHORS,Q3,2024,NO,FQ_RESOLVED_LOCAL_HIGH,FY_RESOLVED_DIRECT_EXACT,,"Research official issuer sources for FY2024 Q3. Verify Capex required to derive FCF, EBIT, FCF, missing quarter existence/source evidence, Revenue, Shares Outstanding, source semantics confirmation, Total Debt. Do not research other fields.",P3_LATEST8Q,,MISSING_QUARTER_ALREADY_IDENTIFIED_LOCALLY,P8H-3-2206,NO_STRUCTURAL_BOUNDARY,QNRX
SOURCE_SEMANTICS_CONFIRMATION,ADJACENT_EXACT_ANCHORS,Q3,2024,NO,FQ_RESOLVED_LOCAL_HIGH,FY_RESOLVED_DIRECT_EXACT,,"Research official issuer sources for FY2024 Q3. Verify Capex required to derive FCF, Cash, FCF, first-public result publication date, lineage/source ownership evidence, Revenue, source semantics confirmation, Total Debt. Do not research other fields.",P3_LATEST8Q,,SOURCE_SEMANTICS_ALREADY_RESOLVED,P8H-3-2383,NO_STRUCTURAL_BOUNDARY,SDST
MISSING_QUARTER_EXISTENCE,ADJACENT_EXACT_ANCHORS,Q4,2023,NO,FQ_RESOLVED_LOCAL_HIGH,FY_RESOLVED_DIRECT_EXACT,,"Research official issuer sources for FY2023 Q4. Verify Capex required to derive FCF, Cash, EBIT, FCF, missing quarter existence/source evidence, Revenue, source semantics confirmation, Total Debt. Do not research other fields.",P3_LATEST8Q,,MISSING_QUARTER_ALREADY_IDENTIFIED_LOCALLY,P8H-3-2626,NO_STRUCTURAL_BOUNDARY,TELO
MISSING_QUARTER_EXISTENCE,ADJACENT_EXACT_ANCHORS,Q1,2024,NO,FQ_RESOLVED_LOCAL_HIGH,FY_RESOLVED_DIRECT_EXACT,,"Research official issuer sources for FY2024 Q1. Verify Capex required to derive FCF, FCF, first-public result publication date, missing quarter existence/source evidence, Revenue, source semantics confirmation, Total Debt. Do not research other fields.",P3_LATEST8Q,,MISSING_QUARTER_ALREADY_IDENTIFIED_LOCALLY,P8H-3-0185,NO_STRUCTURAL_BOUNDARY,AMOD
MISSING_QUARTER_EXISTENCE,ADJACENT_EXACT_ANCHORS,Q1,2024,NO,FQ_RESOLVED_LOCAL_HIGH,FY_RESOLVED_DIRECT_EXACT,,"Research official issuer sources for FY2024 Q1. Verify Capex required to derive FCF, FCF, missing quarter existence/source evidence, Revenue, Shares Outstanding, source semantics confirmation, Total Debt. Do not research other fields.",P3_LATEST8Q,,MISSING_QUARTER_ALREADY_IDENTIFIED_LOCALLY,P8H-3-0398,NO_STRUCTURAL_BOUNDARY,BGMS
MISSING_QUARTER_EXISTENCE,ADJACENT_EXACT_ANCHORS,Q1,2025,NO,FQ_RESOLVED_LOCAL_HIGH,FY_RESOLVED_DIRECT_EXACT,,"Research official issuer sources for FY2025 Q1. Verify Capex required to derive FCF, EBIT, FCF, missing quarter existence/source evidence, OCF required to derive FCF, source semantics confirmation, Total Debt. Do not research other fields.",P3_LATEST8Q,,MISSING_QUARTER_ALREADY_IDENTIFIED_LOCALLY,P8H-3-0684,NO_STRUCTURAL_BOUNDARY,CORZ
MISSING_QUARTER_EXISTENCE,ADJACENT_EXACT_ANCHORS,Q3,2024,NO,FQ_RESOLVED_LOCAL_HIGH,FY_RESOLVED_DIRECT_EXACT,,"Research official issuer sources for FY2024 Q3. Verify Capex required to derive FCF, EBIT, FCF, first-public result publication date, missing quarter existence/source evidence, source semantics confirmation, Total Debt. Do not research other fields.",P3_LATEST8Q,,MISSING_QUARTER_ALREADY_IDENTIFIED_LOCALLY,P8H-3-0833,NO_STRUCTURAL_BOUNDARY,DHC
MISSING_QUARTER_EXISTENCE,ADJACENT_EXACT_ANCHORS,Q3,2024,NO,FQ_RESOLVED_LOCAL_HIGH,FY_RESOLVED_DIRECT_EXACT,,"Research official issuer sources for FY2024 Q3. Verify Capex required to derive FCF, Cash, FCF, first-public result publication date, missing quarter existence/source evidence, source semantics confirmation, Total Debt. Do not research other fields.",P3_LATEST8Q,,MISSING_QUARTER_ALREADY_IDENTIFIED_LOCALLY,P8H-3-1223,NO_STRUCTURAL_BOUNDARY,GXAI
MISSING_QUARTER_EXISTENCE,ADJACENT_EXACT_ANCHORS,Q1,2025,NO,FQ_RESOLVED_LOCAL_HIGH,FY_RESOLVED_DIRECT_EXACT,,"Research official issuer sources for FY2025 Q1. Verify Capex required to derive FCF, EBIT, FCF, first-public result publication date, missing quarter existence/source evidence, source semantics confirmation, Total Debt. Do not research other fields.",P3_LATEST8Q,,MISSING_QUARTER_ALREADY_IDENTIFIED_LOCALLY,P8H-3-1380,NO_STRUCTURAL_BOUNDARY,INM
MISSING_QUARTER_EXISTENCE,ADJACENT_EXACT_ANCHORS,Q1,2025,NO,FQ_RESOLVED_LOCAL_HIGH,FY_RESOLVED_DIRECT_EXACT,,"Research official issuer sources for FY2025 Q1. Verify Capex required to derive FCF, EBIT, FCF, missing quarter existence/source evidence, Revenue, source semantics confirmation, Total Debt. Do not research other fields.",P3_LATEST8Q,,MISSING_QUARTER_ALREADY_IDENTIFIED_LOCALLY,P8H-3-1480,NO_STRUCTURAL_BOUNDARY,KODK
MISSING_QUARTER_EXISTENCE,ADJACENT_EXACT_ANCHORS,Q3,2024,NO,FQ_RESOLVED_LOCAL_HIGH,FY_RESOLVED_DIRECT_EXACT,,"Research official issuer sources for FY2024 Q3. Verify Capex required to derive FCF, EBIT, FCF, missing quarter existence/source evidence, Revenue, source semantics confirmation, Total Debt. Do not research other fields.",P3_LATEST8Q,,MISSING_QUARTER_ALREADY_IDENTIFIED_LOCALLY,P8H-3-1703,NO_STRUCTURAL_BOUNDARY,MFA
MISSING_QUARTER_EXISTENCE,ADJACENT_EXACT_ANCHORS,Q1,2025,NO,FQ_RESOLVED_LOCAL_HIGH,FY_RESOLVED_DIRECT_EXACT,,"Research official issuer sources for FY2025 Q1. Verify Capex required to derive FCF, EBIT, FCF, missing quarter existence/source evidence, Revenue, source semantics confirmation, Total Debt. Do not research other fields.",P3_LATEST8Q,,MISSING_QUARTER_ALREADY_IDENTIFIED_LOCALLY,P8H-3-1760,NO_STRUCTURAL_BOUNDARY,MPC
SOURCE_SEMANTICS_CONFIRMATION,ADJACENT_EXACT_ANCHORS,Q1,2025,NO,FQ_RESOLVED_LOCAL_HIGH,FY_RESOLVED_DIRECT_EXACT,,"Research official issuer sources for FY2025 Q1. Verify Capex required to derive FCF, FCF, first-public result publication date, lineage/source ownership evidence, Revenue, source semantics confirmation, Total Debt. Do not research other fields.",P3_LATEST8Q,,SOURCE_SEMANTICS_ALREADY_RESOLVED,P8H-3-1841,NO_STRUCTURAL_BOUNDARY,NEUP
SOURCE_SEMANTICS_CONFIRMATION,ADJACENT_EXACT_ANCHORS,Q3,2024,NO,FQ_RESOLVED_LOCAL_HIGH,FY_RESOLVED_DIRECT_EXACT,,"Research official issuer sources for FY2024 Q3. Verify Capex required to derive FCF, EBIT, FCF, first-public result publication date, lineage/source ownership evidence, source semantics confirmation, Total Debt. Do not research other fields.",P3_LATEST8Q,,SOURCE_SEMANTICS_ALREADY_RESOLVED,P8H-3-1864,NO_STRUCTURAL_BOUNDARY,NLOP
MISSING_QUARTER_EXISTENCE,ADJACENT_EXACT_ANCHORS,Q1,2025,NO,FQ_RESOLVED_LOCAL_HIGH,FY_RESOLVED_DIRECT_EXACT,,"Research official issuer sources for FY2025 Q1. Verify Cash, EBIT, FCF, missing quarter existence/source evidence, OCF required to derive FCF, Revenue, source semantics confirmation. Do not research other fields.",P3_LATEST8Q,,MISSING_QUARTER_ALREADY_IDENTIFIED_LOCALLY,P8H-3-2018,NO_STRUCTURAL_BOUNDARY,OSS
MISSING_QUARTER_EXISTENCE,ADJACENT_EXACT_ANCHORS,Q1,2025,NO,FQ_RESOLVED_LOCAL_HIGH,FY_RESOLVED_DIRECT_EXACT,,"Research official issuer sources for FY2025 Q1. Verify EBIT, FCF, missing quarter existence/source evidence, OCF required to derive FCF, Revenue, source semantics confirmation, Total Debt. Do not research other fields.",P3_LATEST8Q,,MISSING_QUARTER_ALREADY_IDENTIFIED_LOCALLY,P8H-3-2141,NO_STRUCTURAL_BOUNDARY,PRG
MISSING_QUARTER_EXISTENCE,ADJACENT_EXACT_ANCHORS,Q2,2024,NO,FQ_RESOLVED_LOCAL_HIGH,FY_RESOLVED_DIRECT_EXACT,,"Research official issuer sources for FY2024 Q2. Verify Capex required to derive FCF, FCF, first-public result publication date, missing quarter existence/source evidence, Revenue, source semantics confirmation, Total Debt. Do not research other fields.",P3_LATEST8Q,,MISSING_QUARTER_ALREADY_IDENTIFIED_LOCALLY,P8H-3-2159,NO_STRUCTURAL_BOUNDARY,PROP
MISSING_QUARTER_EXISTENCE,ADJACENT_EXACT_ANCHORS,Q3,2024,NO,FQ_RESOLVED_LOCAL_HIGH,FY_RESOLVED_DIRECT_EXACT,,"Research official issuer sources for FY2024 Q3. Verify Capex required to derive FCF, EBIT, FCF, missing quarter existence/source evidence, Revenue, source semantics confirmation, Total Debt. Do not research other fields.",P3_LATEST8Q,,MISSING_QUARTER_ALREADY_IDENTIFIED_LOCALLY,P8H-3-2323,NO_STRUCTURAL_BOUNDARY,RPT
MISSING_QUARTER_EXISTENCE,ADJACENT_EXACT_ANCHORS,Q1,2025,NO,FQ_RESOLVED_LOCAL_HIGH,FY_RESOLVED_DIRECT_EXACT,,"Research official issuer sources for FY2025 Q1. Verify Capex required to derive FCF, EBIT, FCF, missing quarter existence/source evidence, Revenue, source semantics confirmation, Total Debt. Do not research other fields.",P3_LATEST8Q,,MISSING_QUARTER_ALREADY_IDENTIFIED_LOCALLY,P8H-3-2531,NO_STRUCTURAL_BOUNDARY,SRI
MISSING_QUARTER_EXISTENCE,ADJACENT_EXACT_ANCHORS,Q1,2025,NO,FQ_RESOLVED_LOCAL_HIGH,FY_RESOLVED_DIRECT_EXACT,,"Research official issuer sources for FY2025 Q1. Verify Capex required to derive FCF, Cash, EBIT, FCF, missing quarter existence/source evidence, OCF required to derive FCF, source semantics confirmation. Do not research other fields.",P3_LATEST8Q,,MISSING_QUARTER_ALREADY_IDENTIFIED_LOCALLY,P8H-3-2541,NO_STRUCTURAL_BOUNDARY,SSRM
MISSING_QUARTER_EXISTENCE,ADJACENT_EXACT_ANCHORS,Q3,2024,NO,FQ_RESOLVED_LOCAL_HIGH,FY_RESOLVED_DIRECT_EXACT,,"Research official issuer sources for FY2024 Q3. Verify Capex required to derive FCF, FCF, missing quarter existence/source evidence, Revenue, source semantics confirmation, Total Debt. Do not research other fields.",P3_LATEST8Q,,MISSING_QUARTER_ALREADY_IDENTIFIED_LOCALLY,P8H-3-0052,NO_STRUCTURAL_BOUNDARY,ACXP
MISSING_QUARTER_EXISTENCE,ADJACENT_EXACT_ANCHORS,Q1,2025,NO,FQ_RESOLVED_LOCAL_HIGH,FY_RESOLVED_DIRECT_EXACT,,"Research official issuer sources for FY2025 Q1. Verify Capex required to derive FCF, FCF, missing quarter existence/source evidence, Revenue, source semantics confirmation, Total Debt. Do not research other fields.",P3_LATEST8Q,,MISSING_QUARTER_ALREADY_IDENTIFIED_LOCALLY,P8H-3-0059,NO_STRUCTURAL_BOUNDARY,ADAM
MISSING_QUARTER_EXISTENCE,ADJACENT_EXACT_ANCHORS,Q2,2024,NO,FQ_RESOLVED_LOCAL_HIGH,FY_RESOLVED_DIRECT_EXACT,,"Research official issuer sources for FY2024 Q2. Verify Capex required to derive FCF, FCF, first-public result publication date, missing quarter existence/source evidence, source semantics confirmation, Total Debt. Do not research other fields.",P3_LATEST8Q,,MISSING_QUARTER_ALREADY_IDENTIFIED_LOCALLY,P8H-3-0114,NO_STRUCTURAL_BOUNDARY,AIFF
MISSING_QUARTER_EXISTENCE,ADJACENT_EXACT_ANCHORS,Q3,2024,NO,FQ_RESOLVED_LOCAL_HIGH,FY_RESOLVED_DIRECT_EXACT,,"Research official issuer sources for FY2024 Q3. Verify Capex required to derive FCF, FCF, missing quarter existence/source evidence, Revenue, source semantics confirmation, Total Debt. Do not research other fields.",P3_LATEST8Q,,MISSING_QUARTER_ALREADY_IDENTIFIED_LOCALLY,P8H-3-0225,NO_STRUCTURAL_BOUNDARY,ANTX
MISSING_QUARTER_EXISTENCE,ADJACENT_EXACT_ANCHORS,Q3,2024,NO,FQ_RESOLVED_LOCAL_HIGH,FY_RESOLVED_DIRECT_EXACT,,"Research official issuer sources for FY2024 Q3. Verify Capex required to derive FCF, FCF, missing quarter existence/source evidence, Revenue, source semantics confirmation, Total Debt. Do not research other fields.",P3_LATEST8Q,,MISSING_QUARTER_ALREADY_IDENTIFIED_LOCALLY,P8H-3-0243,NO_STRUCTURAL_BOUNDARY,APVO
MISSING_QUARTER_EXISTENCE,ADJACENT_EXACT_ANCHORS,Q3,2024,NO,FQ_RESOLVED_LOCAL_HIGH,FY_RESOLVED_DIRECT_EXACT,,"Research official issuer sources for FY2024 Q3. Verify Capex required to derive FCF, FCF, missing quarter existence/source evidence, Revenue, source semantics confirmation, Total Debt. Do not research other fields.",P3_LATEST8Q,,MISSING_QUARTER_ALREADY_IDENTIFIED_LOCALLY,P8H-3-0334,NO_STRUCTURAL_BOUNDARY,AVXL
MISSING_QUARTER_EXISTENCE,ADJACENT_EXACT_ANCHORS,Q4,2023,NO,FQ_RESOLVED_LOCAL_HIGH,FY_RESOLVED_DIRECT_EXACT,,"Research official issuer sources for FY2023 Q4. Verify Capex required to derive FCF, FCF, missing quarter existence/source evidence, Revenue, source semantics confirmation, Total Debt. Do not research other fields.",P3_LATEST8Q,,MISSING_QUARTER_ALREADY_IDENTIFIED_LOCALLY,P8H-3-0377,NO_STRUCTURAL_BOUNDARY,BCTX
MISSING_QUARTER_EXISTENCE,ADJACENT_EXACT_ANCHORS,Q3,2024,NO,FQ_RESOLVED_LOCAL_HIGH,FY_RESOLVED_DIRECT_EXACT,,"Research official issuer sources for FY2024 Q3. Verify Capex required to derive FCF, FCF, missing quarter existence/source evidence, Revenue, source semantics confirmation, Total Debt. Do not research other fields.",P3_LATEST8Q,,MISSING_QUARTER_ALREADY_IDENTIFIED_LOCALLY,P8H-3-0378,NO_STRUCTURAL_BOUNDARY,BCTX
MISSING_QUARTER_EXISTENCE,ADJACENT_EXACT_ANCHORS,Q3,2024,NO,FQ_RESOLVED_LOCAL_HIGH,FY_RESOLVED_DIRECT_EXACT,,"Research official issuer sources for FY2024 Q3. Verify Capex required to derive FCF, EBIT, FCF, missing quarter existence/source evidence, source semantics confirmation, Total Debt. Do not research other fields.",P3_LATEST8Q,,MISSING_QUARTER_ALREADY_IDENTIFIED_LOCALLY,P8H-3-0636,NO_STRUCTURAL_BOUNDARY,CMCT
MISSING_QUARTER_EXISTENCE,ADJACENT_EXACT_ANCHORS,Q4,2023,NO,FQ_RESOLVED_LOCAL_HIGH,FY_RESOLVED_DIRECT_EXACT,,"Research official issuer sources for FY2023 Q4. Verify Capex required to derive FCF, EBIT, FCF, missing quarter existence/source evidence, source semantics confirmation, Total Debt. Do not research other fields.",P3_LATEST8Q,,MISSING_QUARTER_ALREADY_IDENTIFIED_LOCALLY,P8H-3-0654,NO_STRUCTURAL_BOUNDARY,CNH
MISSING_QUARTER_EXISTENCE,ADJACENT_EXACT_ANCHORS,Q1,2025,NO,FQ_RESOLVED_LOCAL_HIGH,FY_RESOLVED_DIRECT_EXACT,,"Research official issuer sources for FY2025 Q1. Verify Cash, FCF, missing quarter existence/source evidence, OCF required to derive FCF, source semantics confirmation, Total Debt. Do not research other fields.",P3_LATEST8Q,,MISSING_QUARTER_ALREADY_IDENTIFIED_LOCALLY,P8H-3-0683,NO_STRUCTURAL_BOUNDARY,CORT
MISSING_QUARTER_EXISTENCE,ADJACENT_EXACT_ANCHORS,Q3,2024,NO,FQ_RESOLVED_LOCAL_HIGH,FY_RESOLVED_DIRECT_EXACT,,"Research official issuer sources for FY2024 Q3. Verify Capex required to derive FCF, FCF, missing quarter existence/source evidence, Revenue, source semantics confirmation, Total Debt. Do not research other fields.",P3_LATEST8Q,,MISSING_QUARTER_ALREADY_IDENTIFIED_LOCALLY,P8H-3-0698,NO_STRUCTURAL_BOUNDARY,CRBP
MISSING_QUARTER_EXISTENCE,ADJACENT_EXACT_ANCHORS,Q1,2025,NO,FQ_RESOLVED_LOCAL_HIGH,FY_RESOLVED_DIRECT_EXACT,,"Research official issuer sources for FY2025 Q1. Verify EBIT, FCF, missing quarter existence/source evidence, OCF required to derive FCF, source semantics confirmation, Total Debt. Do not research other fields.",P3_LATEST8Q,,MISSING_QUARTER_ALREADY_IDENTIFIED_LOCALLY,P8H-3-0710,NO_STRUCTURAL_BOUNDARY,CRK
MISSING_QUARTER_EXISTENCE,ADJACENT_EXACT_ANCHORS,Q3,2024,NO,FQ_RESOLVED_LOCAL_HIGH,FY_RESOLVED_DIRECT_EXACT,,"Research official issuer sources for FY2024 Q3. Verify Capex required to derive FCF, FCF, missing quarter existence/source evidence, Revenue, source semantics confirmation, Total Debt. Do not research other fields.",P3_LATEST8Q,,MISSING_QUARTER_ALREADY_IDENTIFIED_LOCALLY,P8H-3-0732,NO_STRUCTURAL_BOUNDARY,CRVS
MISSING_QUARTER_EXISTENCE,ADJACENT_EXACT_ANCHORS,Q1,2025,NO,FQ_RESOLVED_LOCAL_HIGH,FY_RESOLVED_DIRECT_EXACT,,"Research official issuer sources for FY2025 Q1. Verify EBIT, FCF, missing quarter existence/source evidence, OCF required to derive FCF, source semantics confirmation, Total Debt. Do not research other fields.",P3_LATEST8Q,,MISSING_QUARTER_ALREADY_IDENTIFIED_LOCALLY,P8H-3-0766,NO_STRUCTURAL_BOUNDARY,CUZ
MISSING_QUARTER_EXISTENCE,ADJACENT_EXACT_ANCHORS,Q3,2024,NO,FQ_RESOLVED_LOCAL_HIGH,FY_RESOLVED_DIRECT_EXACT,,"Research official issuer sources for FY2024 Q3. Verify Capex required to derive FCF, EBIT, FCF, missing quarter existence/source evidence, source semantics confirmation, Total Debt. Do not research other fields.",P3_LATEST8Q,,MISSING_QUARTER_ALREADY_IDENTIFIED_LOCALLY,P8H-3-0855,NO_STRUCTURAL_BOUNDARY,DMLP
MISSING_QUARTER_EXISTENCE,ADJACENT_EXACT_ANCHORS,Q3,2024,NO,FQ_RESOLVED_LOCAL_HIGH,FY_RESOLVED_DIRECT_EXACT,,"Research official issuer sources for FY2024 Q3. Verify Capex required to derive FCF, EBIT, FCF, missing quarter existence/source evidence, source semantics confirmation, Total Debt. Do not research other fields.",P3_LATEST8Q,,MISSING_QUARTER_ALREADY_IDENTIFIED_LOCALLY,P8H-3-0873,NO_STRUCTURAL_BOUNDARY,DOC
MISSING_QUARTER_EXISTENCE,ADJACENT_EXACT_ANCHORS,Q3,2024,NO,FQ_RESOLVED_LOCAL_HIGH,FY_RESOLVED_DIRECT_EXACT,,"Research official issuer sources for FY2024 Q3. Verify Capex required to derive FCF, FCF, missing quarter existence/source evidence, Revenue, source semantics confirmation, Total Debt. Do not research other fields.",P3_LATEST8Q,,MISSING_QUARTER_ALREADY_IDENTIFIED_LOCALLY,P8H-3-0902,NO_STRUCTURAL_BOUNDARY,DWTX
MISSING_QUARTER_EXISTENCE,ADJACENT_EXACT_ANCHORS,Q3,2024,NO,FQ_RESOLVED_LOCAL_HIGH,FY_RESOLVED_DIRECT_EXACT,,"Research official issuer sources for FY2024 Q3. Verify Capex required to derive FCF, FCF, missing quarter existence/source evidence, Revenue, source semantics confirmation, Total Debt. Do not research other fields.",P3_LATEST8Q,,MISSING_QUARTER_ALREADY_IDENTIFIED_LOCALLY,P8H-3-0948,NO_STRUCTURAL_BOUNDARY,ELDN
MISSING_QUARTER_EXISTENCE,ADJACENT_EXACT_ANCHORS,Q1,2025,NO,FQ_RESOLVED_LOCAL_HIGH,FY_RESOLVED_DIRECT_EXACT,,"Research official issuer sources for FY2025 Q1. Verify Cash, EBIT, FCF, missing quarter existence/source evidence, OCF required to derive FCF, source semantics confirmation. Do not research other fields.",P3_LATEST8Q,,MISSING_QUARTER_ALREADY_IDENTIFIED_LOCALLY,P8H-3-1074,NO_STRUCTURAL_BOUNDARY,FLYW
MISSING_QUARTER_EXISTENCE,ADJACENT_EXACT_ANCHORS,Q3,2024,NO,FQ_RESOLVED_LOCAL_HIGH,FY_RESOLVED_DIRECT_EXACT,,"Research official issuer sources for FY2024 Q3. Verify Capex required to derive FCF, EBIT, FCF, missing quarter existence/source evidence, source semantics confirmation, Total Debt. Do not research other fields.",P3_LATEST8Q,,MISSING_QUARTER_ALREADY_IDENTIFIED_LOCALLY,P8H-3-1280,NO_STRUCTURAL_BOUNDARY,HR
MISSING_QUARTER_EXISTENCE,ADJACENT_EXACT_ANCHORS,Q1,2025,NO,FQ_RESOLVED_LOCAL_HIGH,FY_RESOLVED_DIRECT_EXACT,,"Research official issuer sources for FY2025 Q1. Verify Cash, FCF, missing quarter existence/source evidence, OCF required to derive FCF, source semantics confirmation, Total Debt. Do not research other fields.",P3_LATEST8Q,,MISSING_QUARTER_ALREADY_IDENTIFIED_LOCALLY,P8H-3-1454,NO_STRUCTURAL_BOUNDARY,KBH
MISSING_QUARTER_EXISTENCE,ADJACENT_EXACT_ANCHORS,Q2,2022,NO,FQ_RESOLVED_LOCAL_HIGH,FY_RESOLVED_DIRECT_EXACT,,"Research official issuer sources for FY2022 Q2. Verify Capex required to derive FCF, FCF, first-public result publication date, missing quarter existence/source evidence, source semantics confirmation, Total Debt. Do not research other fields.",P3_LATEST8Q,,MISSING_QUARTER_ALREADY_IDENTIFIED_LOCALLY,P8H-3-1529,NO_STRUCTURAL_BOUNDARY,LASE
MISSING_QUARTER_EXISTENCE,ADJACENT_EXACT_ANCHORS,Q1,2024,NO,FQ_RESOLVED_LOCAL_HIGH,FY_RESOLVED_DIRECT_EXACT,,"Research official issuer sources for FY2024 Q1. Verify Capex required to derive FCF, FCF, first-public result publication date, missing quarter existence/source evidence, source semantics confirmation, Total Debt. Do not research other fields.",P3_LATEST8Q,,MISSING_QUARTER_ALREADY_IDENTIFIED_LOCALLY,P8H-3-1530,NO_STRUCTURAL_BOUNDARY,LASE
SOURCE_SEMANTICS_CONFIRMATION,ADJACENT_EXACT_ANCHORS,Q1,2024,NO,FQ_RESOLVED_LOCAL_HIGH,FY_RESOLVED_DIRECT_EXACT,,"Research official issuer sources for FY2024 Q1. Verify Capex required to derive FCF, FCF, first-public result publication date, lineage/source ownership evidence, source semantics confirmation, Total Debt. Do not research other fields.",P3_LATEST8Q,,SOURCE_SEMANTICS_ALREADY_RESOLVED,P8H-3-1605,NO_STRUCTURAL_BOUNDARY,LRHC
SOURCE_SEMANTICS_CONFIRMATION,ADJACENT_EXACT_ANCHORS,Q2,2024,NO,FQ_RESOLVED_LOCAL_HIGH,FY_RESOLVED_DIRECT_EXACT,,"Research official issuer sources for FY2024 Q2. Verify Capex required to derive FCF, FCF, first-public result publication date, lineage/source ownership evidence, source semantics confirmation, Total Debt. Do not research other fields.",P3_LATEST8Q,,SOURCE_SEMANTICS_ALREADY_RESOLVED,P8H-3-1606,NO_STRUCTURAL_BOUNDARY,LRHC
MISSING_QUARTER_EXISTENCE,ADJACENT_EXACT_ANCHORS,Q2,2023,NO,FQ_RESOLVED_LOCAL_HIGH,FY_RESOLVED_DIRECT_EXACT,,"Research official issuer sources for FY2023 Q2. Verify Capex required to derive FCF, FCF, first-public result publication date, missing quarter existence/source evidence, source semantics confirmation, Total Debt. Do not research other fields.",P3_LATEST8Q,,MISSING_QUARTER_ALREADY_IDENTIFIED_LOCALLY,P8H-3-1686,NO_STRUCTURAL_BOUNDARY,MDAI
MISSING_QUARTER_EXISTENCE,ADJACENT_EXACT_ANCHORS,Q3,2024,NO,FQ_RESOLVED_LOCAL_HIGH,FY_RESOLVED_DIRECT_EXACT,,"Research official issuer sources for FY2024 Q3. Verify Capex required to derive FCF, FCF, first-public result publication date, missing quarter existence/source evidence, Shares Outstanding, source semantics confirmation. Do not research other fields.",P3_LATEST8Q,,MISSING_QUARTER_ALREADY_IDENTIFIED_LOCALLY,P8H-3-1699,NO_STRUCTURAL_BOUNDARY,METCB
MISSING_QUARTER_EXISTENCE,ADJACENT_EXACT_ANCHORS,Q3,2022,NO,FQ_RESOLVED_LOCAL_HIGH,FY_RESOLVED_DIRECT_EXACT,,"Research official issuer sources for FY2022 Q3. Verify Capex required to derive FCF, EBIT, FCF, missing quarter existence/source evidence, Revenue, source semantics confirmation. Do not research other fields.",P3_LATEST8Q,,MISSING_QUARTER_ALREADY_IDENTIFIED_LOCALLY,P8H-3-1731,NO_STRUCTURAL_BOUNDARY,MLGO
MISSING_QUARTER_EXISTENCE,ADJACENT_EXACT_ANCHORS,Q1,2024,NO,FQ_RESOLVED_LOCAL_HIGH,FY_RESOLVED_DIRECT_EXACT,,"Research official issuer sources for FY2024 Q1. Verify Cash, first-public result publication date, missing quarter existence/source evidence, Revenue, Shares Outstanding, Total Debt. Do not research other fields.",P3_LATEST8Q,,MISSING_QUARTER_ALREADY_IDENTIFIED_LOCALLY,P8H-3-1780,NO_STRUCTURAL_BOUNDARY,MSPR
MISSING_QUARTER_EXISTENCE,ADJACENT_EXACT_ANCHORS,Q1,2025,NO,FQ_RESOLVED_LOCAL_HIGH,FY_RESOLVED_DIRECT_EXACT,,"Research official issuer sources for FY2025 Q1. Verify Cash, EBIT, FCF, missing quarter existence/source evidence, OCF required to derive FCF, source semantics confirmation. Do not research other fields.",P3_LATEST8Q,,MISSING_QUARTER_ALREADY_IDENTIFIED_LOCALLY,P8H-3-1824,NO_STRUCTURAL_BOUNDARY,NBIX
MISSING_QUARTER_EXISTENCE,ADJACENT_EXACT_ANCHORS,Q1,2025,NO,FQ_RESOLVED_LOCAL_HIGH,FY_RESOLVED_DIRECT_EXACT,,"Research official issuer sources for FY2025 Q1. Verify EBIT, FCF, missing quarter existence/source evidence, OCF required to derive FCF, Revenue, source semantics confirmation. Do not research other fields.",P3_LATEST8Q,,MISSING_QUARTER_ALREADY_IDENTIFIED_LOCALLY,P8H-3-1843,NO_STRUCTURAL_BOUNDARY,NFE
MISSING_QUARTER_EXISTENCE,ADJACENT_EXACT_ANCHORS,Q3,2024,NO,FQ_RESOLVED_LOCAL_HIGH,FY_RESOLVED_DIRECT_EXACT,,"Research official issuer sources for FY2024 Q3. Verify Capex required to derive FCF, FCF, missing quarter existence/source evidence, Revenue, source semantics confirmation, Total Debt. Do not research other fields.",P3_LATEST8Q,,MISSING_QUARTER_ALREADY_IDENTIFIED_LOCALLY,P8H-3-1914,NO_STRUCTURAL_BOUNDARY,NVCT
MISSING_QUARTER_EXISTENCE,ADJACENT_EXACT_ANCHORS,Q3,2024,NO,FQ_RESOLVED_LOCAL_HIGH,FY_RESOLVED_DIRECT_EXACT,,"Research official issuer sources for FY2024 Q3. Verify Capex required to derive FCF, FCF, first-public result publication date, missing quarter existence/source evidence, source semantics confirmation, Total Debt. Do not research other fields.",P3_LATEST8Q,,MISSING_QUARTER_ALREADY_IDENTIFIED_LOCALLY,P8H-3-1934,NO_STRUCTURAL_BOUNDARY,NXDT
MISSING_QUARTER_EXISTENCE,ADJACENT_EXACT_ANCHORS,Q1,2025,NO,FQ_RESOLVED_LOCAL_HIGH,FY_RESOLVED_DIRECT_EXACT,,"Research official issuer sources for FY2025 Q1. Verify EBIT, FCF, missing quarter existence/source evidence, OCF required to derive FCF, source semantics confirmation, Total Debt. Do not research other fields.",P3_LATEST8Q,,MISSING_QUARTER_ALREADY_IDENTIFIED_LOCALLY,P8H-3-2006,NO_STRUCTURAL_BOUNDARY,ORA
SOURCE_SEMANTICS_CONFIRMATION,ADJACENT_EXACT_ANCHORS,Q2,2024,NO,FQ_RESOLVED_LOCAL_HIGH,FY_RESOLVED_DIRECT_EXACT,,"Research official issuer sources for FY2024 Q2. Verify Capex required to derive FCF, FCF, first-public result publication date, lineage/source ownership evidence, source semantics confirmation, Total Debt. Do not research other fields.",P3_LATEST8Q,,SOURCE_SEMANTICS_ALREADY_RESOLVED,P8H-3-2028,NO_STRUCTURAL_BOUNDARY,PACS
SOURCE_SEMANTICS_CONFIRMATION,ADJACENT_EXACT_ANCHORS,Q3,2024,NO,FQ_RESOLVED_LOCAL_HIGH,FY_RESOLVED_DIRECT_EXACT,,"Research official issuer sources for FY2024 Q3. Verify Capex required to derive FCF, FCF, first-public result publication date, lineage/source ownership evidence, source semantics confirmation, Total Debt. Do not research other fields.",P3_LATEST8Q,,SOURCE_SEMANTICS_ALREADY_RESOLVED,P8H-3-2029,NO_STRUCTURAL_BOUNDARY,PACS
MISSING_QUARTER_EXISTENCE,ADJACENT_EXACT_ANCHORS,Q3,2024,NO,FQ_RESOLVED_LOCAL_HIGH,FY_RESOLVED_DIRECT_EXACT,,"Research official issuer sources for FY2024 Q3. Verify Capex required to derive FCF, Cash, FCF, missing quarter existence/source evidence, source semantics confirmation, Total Debt. Do not research other fields.",P3_LATEST8Q,,MISSING_QUARTER_ALREADY_IDENTIFIED_LOCALLY,P8H-3-2152,NO_STRUCTURAL_BOUNDARY,PROF
MISSING_QUARTER_EXISTENCE,ADJACENT_EXACT_ANCHORS,Q3,2024,NO,FQ_RESOLVED_LOCAL_HIGH,FY_RESOLVED_DIRECT_EXACT,,"Research official issuer sources for FY2024 Q3. Verify Capex required to derive FCF, EBIT, FCF, missing quarter existence/source evidence, Revenue, source semantics confirmation. Do not research other fields.",P3_LATEST8Q,,MISSING_QUARTER_ALREADY_IDENTIFIED_LOCALLY,P8H-3-2248,NO_STRUCTURAL_BOUNDARY,REFI
MISSING_QUARTER_EXISTENCE,ADJACENT_EXACT_ANCHORS,Q1,2024,NO,FQ_RESOLVED_LOCAL_HIGH,FY_RESOLVED_DIRECT_EXACT,,"Research official issuer sources for FY2024 Q1. Verify Capex required to derive FCF, FCF, first-public result publication date, missing quarter existence/source evidence, source semantics confirmation, Total Debt. Do not research other fields.",P3_LATEST8Q,,MISSING_QUARTER_ALREADY_IDENTIFIED_LOCALLY,P8H-3-2285,NO_STRUCTURAL_BOUNDARY,RIME
MISSING_QUARTER_EXISTENCE,ADJACENT_EXACT_ANCHORS,Q4,2024,NO,FQ_RESOLVED_LOCAL_HIGH,FY_RESOLVED_DIRECT_EXACT,,"Research official issuer sources for FY2024 Q4. Verify EBIT, FCF, missing quarter existence/source evidence, OCF required to derive FCF, Revenue, source semantics confirmation. Do not research other fields.",P3_LATEST8Q,,MISSING_QUARTER_ALREADY_IDENTIFIED_LOCALLY,P8H-3-2310,NO_STRUCTURAL_BOUNDARY,ROIV
MISSING_QUARTER_EXISTENCE,ADJACENT_EXACT_ANCHORS,Q2,2023,NO,FQ_RESOLVED_LOCAL_HIGH,FY_RESOLVED_DIRECT_EXACT,,"Research official issuer sources for FY2023 Q2. Verify Capex required to derive FCF, FCF, first-public result publication date, missing quarter existence/source evidence, source semantics confirmation, Total Debt. Do not research other fields.",P3_LATEST8Q,,MISSING_QUARTER_ALREADY_IDENTIFIED_LOCALLY,P8H-3-2390,NO_STRUCTURAL_BOUNDARY,SEGG
MISSING_QUARTER_EXISTENCE,ADJACENT_EXACT_ANCHORS,Q3,2024,NO,FQ_RESOLVED_LOCAL_HIGH,FY_RESOLVED_DIRECT_EXACT,,"Research official issuer sources for FY2024 Q3. Verify Capex required to derive FCF, FCF, missing quarter existence/source evidence, Revenue, source semantics confirmation, Total Debt. Do not research other fields.",P3_LATEST8Q,,MISSING_QUARTER_ALREADY_IDENTIFIED_LOCALLY,P8H-3-2415,NO_STRUCTURAL_BOUNDARY,SGMT
MISSING_QUARTER_EXISTENCE,ADJACENT_EXACT_ANCHORS,Q3,2024,NO,FQ_RESOLVED_LOCAL_HIGH,FY_RESOLVED_DIRECT_EXACT,,"Research official issuer sources for FY2024 Q3. Verify Capex required to derive FCF, FCF, missing quarter existence/source evidence, Revenue, source semantics confirmation, Total Debt. Do not research other fields.",P3_LATEST8Q,,MISSING_QUARTER_ALREADY_IDENTIFIED_LOCALLY,P8H-3-2467,NO_STRUCTURAL_BOUNDARY,SLS
MISSING_QUARTER_EXISTENCE,ADJACENT_EXACT_ANCHORS,Q4,2023,NO,FQ_RESOLVED_LOCAL_HIGH,FY_RESOLVED_DIRECT_EXACT,,"Research official issuer sources for FY2023 Q4. Verify Capex required to derive FCF, FCF, first-public result publication date, missing quarter existence/source evidence, source semantics confirmation, Total Debt. Do not research other fields.",P3_LATEST8Q,,MISSING_QUARTER_ALREADY_IDENTIFIED_LOCALLY,P8H-3-2523,NO_STRUCTURAL_BOUNDARY,SQFT
MISSING_QUARTER_EXISTENCE,ADJACENT_EXACT_ANCHORS,Q1,2025,NO,FQ_RESOLVED_LOCAL_HIGH,FY_RESOLVED_DIRECT_EXACT,,"Research official issuer sources for FY2025 Q1. Verify EBIT, FCF, missing quarter existence/source evidence, OCF required to derive FCF, source semantics confirmation, Total Debt. Do not research other fields.",P3_LATEST8Q,,MISSING_QUARTER_ALREADY_IDENTIFIED_LOCALLY,P8H-3-2731,NO_STRUCTURAL_BOUNDARY,ULCC
MISSING_QUARTER_EXISTENCE,ADJACENT_EXACT_ANCHORS,Q3,2024,NO,FQ_RESOLVED_LOCAL_HIGH,FY_RESOLVED_DIRECT_EXACT,,"Research official issuer sources for FY2024 Q3. Verify Capex required to derive FCF, FCF, missing quarter existence/source evidence, Revenue, source semantics confirmation, Total Debt. Do not research other fields.",P3_LATEST8Q,,MISSING_QUARTER_ALREADY_IDENTIFIED_LOCALLY,P8H-3-2756,NO_STRUCTURAL_BOUNDARY,USAU
MISSING_QUARTER_EXISTENCE,ADJACENT_EXACT_ANCHORS,Q1,2025,NO,FQ_RESOLVED_LOCAL_HIGH,FY_RESOLVED_DIRECT_EXACT,,"Research official issuer sources for FY2025 Q1. Verify Capex required to derive FCF, FCF, missing quarter existence/source evidence, Revenue, source semantics confirmation, Total Debt. Do not research other fields.",P3_LATEST8Q,,MISSING_QUARTER_ALREADY_IDENTIFIED_LOCALLY,P8H-3-2757,NO_STRUCTURAL_BOUNDARY,USAU
MISSING_QUARTER_EXISTENCE,ADJACENT_EXACT_ANCHORS,Q1,2025,NO,FQ_RESOLVED_LOCAL_HIGH,FY_RESOLVED_DIRECT_EXACT,,"Research official issuer sources for FY2025 Q1. Verify Capex required to derive FCF, Cash, EBIT, FCF, missing quarter existence/source evidence, source semantics confirmation. Do not research other fields.",P3_LATEST8Q,,MISSING_QUARTER_ALREADY_IDENTIFIED_LOCALLY,P8H-3-2805,NO_STRUCTURAL_BOUNDARY,VIR
MISSING_QUARTER_EXISTENCE,ADJACENT_EXACT_ANCHORS,Q1,2025,NO,FQ_RESOLVED_LOCAL_HIGH,FY_RESOLVED_DIRECT_EXACT,,"Research official issuer sources for FY2025 Q1. Verify EBIT, FCF, missing quarter existence/source evidence, OCF required to derive FCF, source semantics confirmation, Total Debt. Do not research other fields.",P3_LATEST8Q,,MISSING_QUARTER_ALREADY_IDENTIFIED_LOCALLY,P8H-3-2876,NO_STRUCTURAL_BOUNDARY,WHR
MISSING_QUARTER_EXISTENCE,ADJACENT_EXACT_ANCHORS,Q1,2025,NO,FQ_RESOLVED_LOCAL_HIGH,FY_RESOLVED_DIRECT_EXACT,,"Research official issuer sources for FY2025 Q1. Verify EBIT, FCF, missing quarter existence/source evidence, OCF required to derive FCF, source semantics confirmation, Total Debt. Do not research other fields.",P3_LATEST8Q,,MISSING_QUARTER_ALREADY_IDENTIFIED_LOCALLY,P8H-3-2907,NO_STRUCTURAL_BOUNDARY,WY
MISSING_QUARTER_EXISTENCE,ADJACENT_EXACT_ANCHORS,Q3,2024,NO,FQ_RESOLVED_LOCAL_HIGH,FY_RESOLVED_DIRECT_EXACT,,"Research official issuer sources for FY2024 Q3. Verify Capex required to derive FCF, FCF, first-public result publication date, missing quarter existence/source evidence, source semantics confirmation, Total Debt. Do not research other fields.",P3_LATEST8Q,,MISSING_QUARTER_ALREADY_IDENTIFIED_LOCALLY,P8H-3-2942,NO_STRUCTURAL_BOUNDARY,YYAI
MISSING_QUARTER_EXISTENCE,ADJACENT_EXACT_ANCHORS,Q1,2025,NO,FQ_RESOLVED_LOCAL_HIGH,FY_RESOLVED_DIRECT_EXACT,,"Research official issuer sources for FY2025 Q1. Verify Capex required to derive FCF, FCF, first-public result publication date, missing quarter existence/source evidence, source semantics confirmation, Total Debt. Do not research other fields.",P3_LATEST8Q,,MISSING_QUARTER_ALREADY_IDENTIFIED_LOCALLY,P8H-3-2943,NO_STRUCTURAL_BOUNDARY,YYAI
MISSING_QUARTER_EXISTENCE,ADJACENT_EXACT_ANCHORS,Q4,2023,NO,FQ_RESOLVED_LOCAL_HIGH,FY_RESOLVED_DIRECT_EXACT,,"Research official issuer sources for FY2023 Q4. Verify Capex required to derive FCF, FCF, first-public result publication date, missing quarter existence/source evidence, source semantics confirmation. Do not research other fields.",P3_LATEST8Q,,MISSING_QUARTER_ALREADY_IDENTIFIED_LOCALLY,P8H-3-0131,NO_STRUCTURAL_BOUNDARY,AISP
MISSING_QUARTER_EXISTENCE,ADJACENT_EXACT_ANCHORS,Q1,2025,NO,FQ_RESOLVED_LOCAL_HIGH,FY_RESOLVED_DIRECT_EXACT,,"Research official issuer sources for FY2025 Q1. Verify Capex required to derive FCF, FCF, missing quarter existence/source evidence, source semantics confirmation, Total Debt. Do not research other fields.",P3_LATEST8Q,,MISSING_QUARTER_ALREADY_IDENTIFIED_LOCALLY,P8H-3-0132,NO_STRUCTURAL_BOUNDARY,AISP
MISSING_QUARTER_EXISTENCE,ADJACENT_EXACT_ANCHORS,Q3,2024,NO,FQ_RESOLVED_LOCAL_HIGH,FY_RESOLVED_DIRECT_EXACT,,"Research official issuer sources for FY2024 Q3. Verify Capex required to derive FCF, FCF, missing quarter existence/source evidence, Revenue, source semantics confirmation. Do not research other fields.",P3_LATEST8Q,,MISSING_QUARTER_ALREADY_IDENTIFIED_LOCALLY,P8H-3-0157,NO_STRUCTURAL_BOUNDARY,ALLR
MISSING_QUARTER_EXISTENCE,ADJACENT_EXACT_ANCHORS,Q3,2024,NO,FQ_RESOLVED_LOCAL_HIGH,FY_RESOLVED_DIRECT_EXACT,,"Research official issuer sources for FY2024 Q3. Verify Capex required to derive FCF, FCF, missing quarter existence/source evidence, source semantics confirmation, Total Debt. Do not research other fields.",P3_LATEST8Q,,MISSING_QUARTER_ALREADY_IDENTIFIED_LOCALLY,P8H-3-0229,NO_STRUCTURAL_BOUNDARY,ANVS
MISSING_QUARTER_EXISTENCE,ADJACENT_EXACT_ANCHORS,Q3,2024,NO,FQ_RESOLVED_LOCAL_HIGH,FY_RESOLVED_DIRECT_EXACT,,"Research official issuer sources for FY2024 Q3. Verify Capex required to derive FCF, FCF, first-public result publication date, missing quarter existence/source evidence, source semantics confirmation. Do not research other fields.",P3_LATEST8Q,,MISSING_QUARTER_ALREADY_IDENTIFIED_LOCALLY,P8H-3-0259,NO_STRUCTURAL_BOUNDARY,AREB
MISSING_QUARTER_EXISTENCE,ADJACENT_EXACT_ANCHORS,Q3,2024,NO,FQ_RESOLVED_LOCAL_HIGH,FY_RESOLVED_DIRECT_EXACT,,"Research official issuer sources for FY2024 Q3. Verify Capex required to derive FCF, FCF, missing quarter existence/source evidence, Revenue, source semantics confirmation. Do not research other fields.",P3_LATEST8Q,,MISSING_QUARTER_ALREADY_IDENTIFIED_LOCALLY,P8H-3-0409,NO_STRUCTURAL_BOUNDARY,BIVI
MISSING_QUARTER_EXISTENCE,ADJACENT_EXACT_ANCHORS,Q1,2025,NO,FQ_RESOLVED_LOCAL_HIGH,FY_RESOLVED_DIRECT_EXACT,,"Research official issuer sources for FY2025 Q1. Verify Capex required to derive FCF, FCF, missing quarter existence/source evidence, Revenue, source semantics confirmation. Do not research other fields.",P3_LATEST8Q,,MISSING_QUARTER_ALREADY_IDENTIFIED_LOCALLY,P8H-3-0410,NO_STRUCTURAL_BOUNDARY,BIVI
MISSING_QUARTER_EXISTENCE,ADJACENT_EXACT_ANCHORS,Q3,2024,NO,FQ_RESOLVED_LOCAL_HIGH,FY_RESOLVED_DIRECT_EXACT,,"Research official issuer sources for FY2024 Q3. Verify Capex required to derive FCF, EBIT, FCF, missing quarter existence/source evidence, source semantics confirmation. Do not research other fields.",P3_LATEST8Q,,MISSING_QUARTER_ALREADY_IDENTIFIED_LOCALLY,P8H-3-0598,NO_STRUCTURAL_BOUNDARY,CIM
MISSING_QUARTER_EXISTENCE,ADJACENT_EXACT_ANCHORS,Q1,2025,NO,FQ_RESOLVED_LOCAL_HIGH,FY_RESOLVED_DIRECT_EXACT,,"Research official issuer sources for FY2025 Q1. Verify EBIT, FCF, missing quarter existence/source evidence, OCF required to derive FCF, source semantics confirmation. Do not research other fields.",P3_LATEST8Q,,MISSING_QUARTER_ALREADY_IDENTIFIED_LOCALLY,P8H-3-0626,NO_STRUCTURAL_BOUNDARY,CLS
MISSING_QUARTER_EXISTENCE,ADJACENT_EXACT_ANCHORS,Q1,2025,NO,FQ_RESOLVED_LOCAL_HIGH,FY_RESOLVED_DIRECT_EXACT,,"Research official issuer sources for FY2025 Q1. Verify Cash, FCF, missing quarter existence/source evidence, OCF required to derive FCF, source semantics confirmation. Do not research other fields.",P3_LATEST8Q,,MISSING_QUARTER_ALREADY_IDENTIFIED_LOCALLY,P8H-3-0643,NO_STRUCTURAL_BOUNDARY,CMPX
MISSING_QUARTER_EXISTENCE,ADJACENT_EXACT_ANCHORS,Q3,2024,NO,FQ_RESOLVED_LOCAL_HIGH,FY_RESOLVED_DIRECT_EXACT,,"Research official issuer sources for FY2024 Q3. Verify Capex required to derive FCF, FCF, missing quarter existence/source evidence, source semantics confirmation, Total Debt. Do not research other fields.",P3_LATEST8Q,,MISSING_QUARTER_ALREADY_IDENTIFIED_LOCALLY,P8H-3-0660,NO_STRUCTURAL_BOUNDARY,CNVS
MISSING_QUARTER_EXISTENCE,ADJACENT_EXACT_ANCHORS,Q3,2024,NO,FQ_RESOLVED_LOCAL_HIGH,FY_RESOLVED_DIRECT_EXACT,,"Research official issuer sources for FY2024 Q3. Verify Capex required to derive FCF, FCF, missing quarter existence/source evidence, source semantics confirmation, Total Debt. Do not research other fields.",P3_LATEST8Q,,MISSING_QUARTER_ALREADY_IDENTIFIED_LOCALLY,P8H-3-0728,NO_STRUCTURAL_BOUNDARY,CRVO
MISSING_QUARTER_EXISTENCE,ADJACENT_EXACT_ANCHORS,Q3,2024,NO,FQ_RESOLVED_LOCAL_HIGH,FY_RESOLVED_DIRECT_EXACT,,"Research official issuer sources for FY2024 Q3. Verify Cash, EBIT, missing quarter existence/source evidence, source semantics confirmation, Total Debt. Do not research other fields.",P3_LATEST8Q,,MISSING_QUARTER_ALREADY_IDENTIFIED_LOCALLY,P8H-3-0739,NO_STRUCTURAL_BOUNDARY,CSTM
MISSING_QUARTER_EXISTENCE,ADJACENT_EXACT_ANCHORS,Q3,2024,NO,FQ_RESOLVED_LOCAL_HIGH,FY_RESOLVED_DIRECT_EXACT,,"Research official issuer sources for FY2024 Q3. Verify Capex required to derive FCF, FCF, missing quarter existence/source evidence, source semantics confirmation, Total Debt. Do not research other fields.",P3_LATEST8Q,,MISSING_QUARTER_ALREADY_IDENTIFIED_LOCALLY,P8H-3-0791,NO_STRUCTURAL_BOUNDARY,CYCN
MISSING_QUARTER_EXISTENCE,ADJACENT_EXACT_ANCHORS,Q1,2024,NO,FQ_RESOLVED_LOCAL_HIGH,FY_RESOLVED_DIRECT_EXACT,,"Research official issuer sources for FY2024 Q1. Verify Capex required to derive FCF, FCF, missing quarter existence/source evidence, source semantics confirmation, Total Debt. Do not research other fields.",P3_LATEST8Q,,MISSING_QUARTER_ALREADY_IDENTIFIED_LOCALLY,P8H-3-0870,NO_STRUCTURAL_BOUNDARY,DNTH
MISSING_QUARTER_EXISTENCE,ADJACENT_EXACT_ANCHORS,Q3,2024,NO,FQ_RESOLVED_LOCAL_HIGH,FY_RESOLVED_DIRECT_EXACT,,"Research official issuer sources for FY2024 Q3. Verify Capex required to derive FCF, EBIT, FCF, missing quarter existence/source evidence, source semantics confirmation. Do not research other fields.",P3_LATEST8Q,,MISSING_QUARTER_ALREADY_IDENTIFIED_LOCALLY,P8H-3-0933,NO_STRUCTURAL_BOUNDARY,EFC
MISSING_QUARTER_EXISTENCE,ADJACENT_EXACT_ANCHORS,Q3,2024,NO,FQ_RESOLVED_LOCAL_HIGH,FY_RESOLVED_DIRECT_EXACT,,"Research official issuer sources for FY2024 Q3. Verify Capex required to derive FCF, EBIT, FCF, missing quarter existence/source evidence, source semantics confirmation. Do not research other fields.",P3_LATEST8Q,,MISSING_QUARTER_ALREADY_IDENTIFIED_LOCALLY,P8H-3-1034,NO_STRUCTURAL_BOUNDARY,FBRT
MISSING_QUARTER_EXISTENCE,ADJACENT_EXACT_ANCHORS,Q3,2024,NO,FQ_RESOLVED_LOCAL_HIGH,FY_RESOLVED_DIRECT_EXACT,,"Research official issuer sources for FY2024 Q3. Verify Capex required to derive FCF, EBIT, FCF, missing quarter existence/source evidence, source semantics confirmation. Do not research other fields.",P3_LATEST8Q,,MISSING_QUARTER_ALREADY_IDENTIFIED_LOCALLY,P8H-3-1040,NO_STRUCTURAL_BOUNDARY,FCPT
MISSING_QUARTER_EXISTENCE,ADJACENT_EXACT_ANCHORS,Q3,2024,NO,FQ_RESOLVED_LOCAL_HIGH,FY_RESOLVED_DIRECT_EXACT,,"Research official issuer sources for FY2024 Q3. Verify Capex required to derive FCF, FCF, missing quarter existence/source evidence, source semantics confirmation, Total Debt. Do not research other fields.",P3_LATEST8Q,,MISSING_QUARTER_ALREADY_IDENTIFIED_LOCALLY,P8H-3-1363,NO_STRUCTURAL_BOUNDARY,INBS
MISSING_QUARTER_EXISTENCE,ADJACENT_EXACT_ANCHORS,Q3,2024,NO,FQ_RESOLVED_LOCAL_HIGH,FY_RESOLVED_DIRECT_EXACT,,"Research official issuer sources for FY2024 Q3. Verify Capex required to derive FCF, FCF, missing quarter existence/source evidence, source semantics confirmation, Total Debt. Do not research other fields.",P3_LATEST8Q,,MISSING_QUARTER_ALREADY_IDENTIFIED_LOCALLY,P8H-3-1398,NO_STRUCTURAL_BOUNDARY,IOSP
MISSING_QUARTER_EXISTENCE,ADJACENT_EXACT_ANCHORS,Q3,2024,NO,FQ_RESOLVED_LOCAL_HIGH,FY_RESOLVED_DIRECT_EXACT,,"Research official issuer sources for FY2024 Q3. Verify Capex required to derive FCF, FCF, missing quarter existence/source evidence, source semantics confirmation, Total Debt. Do not research other fields.",P3_LATEST8Q,,MISSING_QUARTER_ALREADY_IDENTIFIED_LOCALLY,P8H-3-1409,NO_STRUCTURAL_BOUNDARY,IRD
MISSING_QUARTER_EXISTENCE,ADJACENT_EXACT_ANCHORS,Q1,2025,NO,FQ_RESOLVED_LOCAL_HIGH,FY_RESOLVED_DIRECT_EXACT,,"Research official issuer sources for FY2025 Q1. Verify FCF, missing quarter existence/source evidence, OCF required to derive FCF, source semantics confirmation, Total Debt. Do not research other fields.",P3_LATEST8Q,,MISSING_QUARTER_ALREADY_IDENTIFIED_LOCALLY,P8H-3-1562,NO_STRUCTURAL_BOUNDARY,LGIH
MISSING_QUARTER_EXISTENCE,ADJACENT_EXACT_ANCHORS,Q3,2024,NO,FQ_RESOLVED_LOCAL_HIGH,FY_RESOLVED_DIRECT_EXACT,,"Research official issuer sources for FY2024 Q3. Verify Capex required to derive FCF, FCF, missing quarter existence/source evidence, source semantics confirmation, Total Debt. Do not research other fields.",P3_LATEST8Q,,MISSING_QUARTER_ALREADY_IDENTIFIED_LOCALLY,P8H-3-1613,NO_STRUCTURAL_BOUNDARY,LTBR
MISSING_QUARTER_EXISTENCE,ADJACENT_EXACT_ANCHORS,Q2,2023,NO,FQ_RESOLVED_LOCAL_HIGH,FY_RESOLVED_DIRECT_EXACT,,"Research official issuer sources for FY2023 Q2. Verify Cash, first-public result publication date, missing quarter existence/source evidence, Revenue, Total Debt. Do not research other fields.",P3_LATEST8Q,,MISSING_QUARTER_ALREADY_IDENTIFIED_LOCALLY,P8H-3-1633,NO_STRUCTURAL_BOUNDARY,LXEO
MISSING_QUARTER_EXISTENCE,ADJACENT_EXACT_ANCHORS,Q4,2023,NO,FQ_RESOLVED_LOCAL_HIGH,FY_RESOLVED_DIRECT_EXACT,,"Research official issuer sources for FY2023 Q4. Verify Capex required to derive FCF, FCF, missing quarter existence/source evidence, source semantics confirmation, Total Debt. Do not research other fields.",P3_LATEST8Q,,MISSING_QUARTER_ALREADY_IDENTIFIED_LOCALLY,P8H-3-1687,NO_STRUCTURAL_BOUNDARY,MDAI
MISSING_QUARTER_EXISTENCE,ADJACENT_EXACT_ANCHORS,Q3,2024,NO,FQ_RESOLVED_LOCAL_HIGH,FY_RESOLVED_DIRECT_EXACT,,"Research official issuer sources for FY2024 Q3. Verify Capex required to derive FCF, FCF, missing quarter existence/source evidence, source semantics confirmation, Total Debt. Do not research other fields.",P3_LATEST8Q,,MISSING_QUARTER_ALREADY_IDENTIFIED_LOCALLY,P8H-3-1688,NO_STRUCTURAL_BOUNDARY,MDAI
MISSING_QUARTER_EXISTENCE,ADJACENT_EXACT_ANCHORS,Q3,2024,NO,FQ_RESOLVED_LOCAL_HIGH,FY_RESOLVED_DIRECT_EXACT,,"Research official issuer sources for FY2024 Q3. Verify Capex required to derive FCF, EBIT, FCF, missing quarter existence/source evidence, source semantics confirmation. Do not research other fields.",P3_LATEST8Q,,MISSING_QUARTER_ALREADY_IDENTIFIED_LOCALLY,P8H-3-1726,NO_STRUCTURAL_BOUNDARY,MITT
MISSING_QUARTER_EXISTENCE,ADJACENT_EXACT_ANCHORS,Q1,2025,NO,FQ_RESOLVED_LOCAL_HIGH,FY_RESOLVED_DIRECT_EXACT,,"Research official issuer sources for FY2025 Q1. Verify Capex required to derive FCF, EBIT, FCF, missing quarter existence/source evidence, source semantics confirmation. Do not research other fields.",P3_LATEST8Q,,MISSING_QUARTER_ALREADY_IDENTIFIED_LOCALLY,P8H-3-1732,NO_STRUCTURAL_BOUNDARY,MLM
MISSING_QUARTER_EXISTENCE,ADJACENT_EXACT_ANCHORS,Q3,2023,NO,FQ_RESOLVED_LOCAL_HIGH,FY_RESOLVED_DIRECT_EXACT,,"Research official issuer sources for FY2023 Q3. Verify first-public result publication date, missing quarter existence/source evidence, Revenue, Shares Outstanding, Total Debt. Do not research other fields.",P3_LATEST8Q,,MISSING_QUARTER_ALREADY_IDENTIFIED_LOCALLY,P8H-3-1779,NO_STRUCTURAL_BOUNDARY,MSPR
MISSING_QUARTER_EXISTENCE,ADJACENT_EXACT_ANCHORS,Q3,2024,NO,FQ_RESOLVED_LOCAL_HIGH,FY_RESOLVED_DIRECT_EXACT,,"Research official issuer sources for FY2024 Q3. Verify Capex required to derive FCF, EBIT, FCF, missing quarter existence/source evidence, source semantics confirmation. Do not research other fields.",P3_LATEST8Q,,MISSING_QUARTER_ALREADY_IDENTIFIED_LOCALLY,P8H-3-1792,NO_STRUCTURAL_BOUNDARY,MTUS
MISSING_QUARTER_EXISTENCE,ADJACENT_EXACT_ANCHORS,Q3,2024,NO,FQ_RESOLVED_LOCAL_HIGH,FY_RESOLVED_DIRECT_EXACT,,"Research official issuer sources for FY2024 Q3. Verify Capex required to derive FCF, FCF, missing quarter existence/source evidence, source semantics confirmation, Total Debt. Do not research other fields.",P3_LATEST8Q,,MISSING_QUARTER_ALREADY_IDENTIFIED_LOCALLY,P8H-3-1812,NO_STRUCTURAL_BOUNDARY,NAGE
MISSING_QUARTER_EXISTENCE,ADJACENT_EXACT_ANCHORS,Q4,2023,NO,FQ_RESOLVED_LOCAL_HIGH,FY_RESOLVED_DIRECT_EXACT,,"Research official issuer sources for FY2023 Q4. Verify Capex required to derive FCF, FCF, missing quarter existence/source evidence, source semantics confirmation, Total Debt. Do not research other fields.",P3_LATEST8Q,,MISSING_QUARTER_ALREADY_IDENTIFIED_LOCALLY,P8H-3-1836,NO_STRUCTURAL_BOUNDARY,NEOV
MISSING_QUARTER_EXISTENCE,ADJACENT_EXACT_ANCHORS,Q3,2024,NO,FQ_RESOLVED_LOCAL_HIGH,FY_RESOLVED_DIRECT_EXACT,,"Research official issuer sources for FY2024 Q3. Verify Capex required to derive FCF, FCF, missing quarter existence/source evidence, source semantics confirmation, Total Debt. Do not research other fields.",P3_LATEST8Q,,MISSING_QUARTER_ALREADY_IDENTIFIED_LOCALLY,P8H-3-1837,NO_STRUCTURAL_BOUNDARY,NEOV
MISSING_QUARTER_EXISTENCE,ADJACENT_EXACT_ANCHORS,Q1,2025,NO,FQ_RESOLVED_LOCAL_HIGH,FY_RESOLVED_DIRECT_EXACT,,"Research official issuer sources for FY2025 Q1. Verify Capex required to derive FCF, FCF, missing quarter existence/source evidence, source semantics confirmation, Total Debt. Do not research other fields.",P3_LATEST8Q,,MISSING_QUARTER_ALREADY_IDENTIFIED_LOCALLY,P8H-3-1838,NO_STRUCTURAL_BOUNDARY,NEOV
MISSING_QUARTER_EXISTENCE,ADJACENT_EXACT_ANCHORS,Q1,2025,NO,FQ_RESOLVED_LOCAL_HIGH,FY_RESOLVED_DIRECT_EXACT,,"Research official issuer sources for FY2025 Q1. Verify FCF, missing quarter existence/source evidence, OCF required to derive FCF, source semantics confirmation, Total Debt. Do not research other fields.",P3_LATEST8Q,,MISSING_QUARTER_ALREADY_IDENTIFIED_LOCALLY,P8H-3-1905,NO_STRUCTURAL_BOUNDARY,NTST
MISSING_QUARTER_EXISTENCE,ADJACENT_EXACT_ANCHORS,Q1,2025,NO,FQ_RESOLVED_LOCAL_HIGH,FY_RESOLVED_DIRECT_EXACT,,"Research official issuer sources for FY2025 Q1. Verify Capex required to derive FCF, EBIT, FCF, missing quarter existence/source evidence, source semantics confirmation. Do not research other fields.",P3_LATEST8Q,,MISSING_QUARTER_ALREADY_IDENTIFIED_LOCALLY,P8H-3-1954,NO_STRUCTURAL_BOUNDARY,OCC
MISSING_QUARTER_EXISTENCE,ADJACENT_EXACT_ANCHORS,Q1,2025,NO,FQ_RESOLVED_LOCAL_HIGH,FY_RESOLVED_DIRECT_EXACT,,"Research official issuer sources for FY2025 Q1. Verify Cash, first-public result publication date, missing quarter existence/source evidence, Revenue, Total Debt. Do not research other fields.",P3_LATEST8Q,,MISSING_QUARTER_ALREADY_IDENTIFIED_LOCALLY,P8H-3-2128,NO_STRUCTURAL_BOUNDARY,PPCB
MISSING_QUARTER_EXISTENCE,ADJACENT_EXACT_ANCHORS,Q3,2024,NO,FQ_RESOLVED_LOCAL_HIGH,FY_RESOLVED_DIRECT_EXACT,,"Research official issuer sources for FY2024 Q3. Verify Capex required to derive FCF, FCF, missing quarter existence/source evidence, source semantics confirmation, Total Debt. Do not research other fields.",P3_LATEST8Q,,MISSING_QUARTER_ALREADY_IDENTIFIED_LOCALLY,P8H-3-2167,NO_STRUCTURAL_BOUNDARY,PRVA
MISSING_QUARTER_EXISTENCE,ADJACENT_EXACT_ANCHORS,Q3,2024,NO,FQ_RESOLVED_LOCAL_HIGH,FY_RESOLVED_DIRECT_EXACT,,"Research official issuer sources for FY2024 Q3. Verify Capex required to derive FCF, FCF, missing quarter existence/source evidence, source semantics confirmation, Total Debt. Do not research other fields.",P3_LATEST8Q,,MISSING_QUARTER_ALREADY_IDENTIFIED_LOCALLY,P8H-3-2355,NO_STRUCTURAL_BOUNDARY,SAFE
MISSING_QUARTER_EXISTENCE,ADJACENT_EXACT_ANCHORS,Q3,2024,NO,FQ_RESOLVED_LOCAL_HIGH,FY_RESOLVED_DIRECT_EXACT,,"Research official issuer sources for FY2024 Q3. Verify Capex required to derive FCF, FCF, missing quarter existence/source evidence, source semantics confirmation, Total Debt. Do not research other fields.",P3_LATEST8Q,,MISSING_QUARTER_ALREADY_IDENTIFIED_LOCALLY,P8H-3-2512,NO_STRUCTURAL_BOUNDARY,SPRO
MISSING_QUARTER_EXISTENCE,ADJACENT_EXACT_ANCHORS,Q3,2024,NO,FQ_RESOLVED_LOCAL_HIGH,FY_RESOLVED_DIRECT_EXACT,,"Research official issuer sources for FY2024 Q3. Verify Capex required to derive FCF, FCF, missing quarter existence/source evidence, source semantics confirmation, Total Debt. Do not research other fields.",P3_LATEST8Q,,MISSING_QUARTER_ALREADY_IDENTIFIED_LOCALLY,P8H-3-2594,NO_STRUCTURAL_BOUNDARY,TALK
MISSING_QUARTER_EXISTENCE,ADJACENT_EXACT_ANCHORS,Q3,2024,NO,FQ_RESOLVED_LOCAL_HIGH,FY_RESOLVED_DIRECT_EXACT,,"Research official issuer sources for FY2024 Q3. Verify Capex required to derive FCF, FCF, missing quarter existence/source evidence, source semantics confirmation, Total Debt. Do not research other fields.",P3_LATEST8Q,,MISSING_QUARTER_ALREADY_IDENTIFIED_LOCALLY,P8H-3-2811,NO_STRUCTURAL_BOUNDARY,VKTX
MISSING_QUARTER_EXISTENCE,ADJACENT_EXACT_ANCHORS,Q3,2023,NO,FQ_RESOLVED_LOCAL_HIGH,FY_RESOLVED_DIRECT_EXACT,,"Research official issuer sources for FY2023 Q3. Verify Capex required to derive FCF, FCF, missing quarter existence/source evidence, source semantics confirmation, Total Debt. Do not research other fields.",P3_LATEST8Q,,MISSING_QUARTER_ALREADY_IDENTIFIED_LOCALLY,P8H-3-2833,NO_STRUCTURAL_BOUNDARY,VS
MISSING_QUARTER_EXISTENCE,ADJACENT_EXACT_ANCHORS,Q3,2024,NO,FQ_RESOLVED_LOCAL_HIGH,FY_RESOLVED_DIRECT_EXACT,,"Research official issuer sources for FY2024 Q3. Verify Capex required to derive FCF, FCF, missing quarter existence/source evidence, source semantics confirmation. Do not research other fields.",P3_LATEST8Q,,MISSING_QUARTER_ALREADY_IDENTIFIED_LOCALLY,P8H-3-0012,NO_STRUCTURAL_BOUNDARY,ABNB
MISSING_QUARTER_EXISTENCE,ADJACENT_EXACT_ANCHORS,Q3,2024,NO,FQ_RESOLVED_LOCAL_HIGH,FY_RESOLVED_DIRECT_EXACT,,"Research official issuer sources for FY2024 Q3. Verify EBIT, missing quarter existence/source evidence, source semantics confirmation, Total Debt. Do not research other fields.",P3_LATEST8Q,,MISSING_QUARTER_ALREADY_IDENTIFIED_LOCALLY,P8H-3-0192,NO_STRUCTURAL_BOUNDARY,AMPL
MISSING_QUARTER_EXISTENCE,ADJACENT_EXACT_ANCHORS,Q1,2025,NO,FQ_RESOLVED_LOCAL_HIGH,FY_RESOLVED_DIRECT_EXACT,,"Research official issuer sources for FY2025 Q1. Verify EBIT, missing quarter existence/source evidence, source semantics confirmation, Total Debt. Do not research other fields.",P3_LATEST8Q,,MISSING_QUARTER_ALREADY_IDENTIFIED_LOCALLY,P8H-3-0541,NO_STRUCTURAL_BOUNDARY,CDE
MISSING_QUARTER_EXISTENCE,ADJACENT_EXACT_ANCHORS,Q3,2024,NO,FQ_RESOLVED_LOCAL_HIGH,FY_RESOLVED_DIRECT_EXACT,,"Research official issuer sources for FY2024 Q3. Verify Capex required to derive FCF, FCF, missing quarter existence/source evidence, source semantics confirmation. Do not research other fields.",P3_LATEST8Q,,MISSING_QUARTER_ALREADY_IDENTIFIED_LOCALLY,P8H-3-0586,NO_STRUCTURAL_BOUNDARY,CHRD
MISSING_QUARTER_EXISTENCE,ADJACENT_EXACT_ANCHORS,Q3,2024,NO,FQ_RESOLVED_LOCAL_HIGH,FY_RESOLVED_DIRECT_EXACT,,"Research official issuer sources for FY2024 Q3. Verify Capex required to derive FCF, FCF, missing quarter existence/source evidence, source semantics confirmation. Do not research other fields.",P3_LATEST8Q,,MISSING_QUARTER_ALREADY_IDENTIFIED_LOCALLY,P8H-3-0589,NO_STRUCTURAL_BOUNDARY,CHRS
MISSING_QUARTER_EXISTENCE,ADJACENT_EXACT_ANCHORS,Q3,2024,NO,FQ_RESOLVED_LOCAL_HIGH,FY_RESOLVED_DIRECT_EXACT,,"Research official issuer sources for FY2024 Q3. Verify Capex required to derive FCF, FCF, missing quarter existence/source evidence, source semantics confirmation. Do not research other fields.",P3_LATEST8Q,,MISSING_QUARTER_ALREADY_IDENTIFIED_LOCALLY,P8H-3-0677,NO_STRUCTURAL_BOUNDARY,COIN
MISSING_QUARTER_EXISTENCE,ADJACENT_EXACT_ANCHORS,Q1,2025,NO,FQ_RESOLVED_LOCAL_HIGH,FY_RESOLVED_DIRECT_EXACT,,"Research official issuer sources for FY2025 Q1. Verify EBIT, missing quarter existence/source evidence, source semantics confirmation, Total Debt. Do not research other fields.",P3_LATEST8Q,,MISSING_QUARTER_ALREADY_IDENTIFIED_LOCALLY,P8H-3-0690,NO_STRUCTURAL_BOUNDARY,CPIX
MISSING_QUARTER_EXISTENCE,ADJACENT_EXACT_ANCHORS,Q1,2025,NO,FQ_RESOLVED_LOCAL_HIGH,FY_RESOLVED_DIRECT_EXACT,,"Research official issuer sources for FY2025 Q1. Verify Cash, EBIT, missing quarter existence/source evidence, source semantics confirmation. Do not research other fields.",P3_LATEST8Q,,MISSING_QUARTER_ALREADY_IDENTIFIED_LOCALLY,P8H-3-0699,NO_STRUCTURAL_BOUNDARY,CRBP
MISSING_QUARTER_EXISTENCE,ADJACENT_EXACT_ANCHORS,Q3,2024,NO,FQ_RESOLVED_LOCAL_HIGH,FY_RESOLVED_DIRECT_EXACT,,"Research official issuer sources for FY2024 Q3. Verify Capex required to derive FCF, FCF, missing quarter existence/source evidence, source semantics confirmation. Do not research other fields.",P3_LATEST8Q,,MISSING_QUARTER_ALREADY_IDENTIFIED_LOCALLY,P8H-3-0786,NO_STRUCTURAL_BOUNDARY,CXT
MISSING_QUARTER_EXISTENCE,ADJACENT_EXACT_ANCHORS,Q3,2024,NO,FQ_RESOLVED_LOCAL_HIGH,FY_RESOLVED_DIRECT_EXACT,,"Research official issuer sources for FY2024 Q3. Verify Capex required to derive FCF, FCF, missing quarter existence/source evidence, source semantics confirmation. Do not research other fields.",P3_LATEST8Q,,MISSING_QUARTER_ALREADY_IDENTIFIED_LOCALLY,P8H-3-0824,NO_STRUCTURAL_BOUNDARY,DERM
MISSING_QUARTER_EXISTENCE,ADJACENT_EXACT_ANCHORS,Q1,2025,NO,FQ_RESOLVED_LOCAL_HIGH,FY_RESOLVED_DIRECT_EXACT,,"Research official issuer sources for FY2025 Q1. Verify Cash, EBIT, missing quarter existence/source evidence, Total Debt. Do not research other fields.",P3_LATEST8Q,,MISSING_QUARTER_ALREADY_IDENTIFIED_LOCALLY,P8H-3-0922,NO_STRUCTURAL_BOUNDARY,EDIT
MISSING_QUARTER_EXISTENCE,ADJACENT_EXACT_ANCHORS,Q3,2024,NO,FQ_RESOLVED_LOCAL_HIGH,FY_RESOLVED_DIRECT_EXACT,,"Research official issuer sources for FY2024 Q3. Verify Capex required to derive FCF, FCF, missing quarter existence/source evidence, source semantics confirmation. Do not research other fields.",P3_LATEST8Q,,MISSING_QUARTER_ALREADY_IDENTIFIED_LOCALLY,P8H-3-0928,NO_STRUCTURAL_BOUNDARY,EE
MISSING_QUARTER_EXISTENCE,ADJACENT_EXACT_ANCHORS,Q3,2024,NO,FQ_RESOLVED_LOCAL_HIGH,FY_RESOLVED_DIRECT_EXACT,,"Research official issuer sources for FY2024 Q3. Verify Cash, first-public result publication date, missing quarter existence/source evidence, Total Debt. Do not research other fields.",P3_LATEST8Q,,MISSING_QUARTER_ALREADY_IDENTIFIED_LOCALLY,P8H-3-0960,NO_STRUCTURAL_BOUNDARY,EMPD
MISSING_QUARTER_EXISTENCE,ADJACENT_EXACT_ANCHORS,Q1,2024,NO,FQ_RESOLVED_LOCAL_HIGH,FY_RESOLVED_DIRECT_EXACT,,"Research official issuer sources for FY2024 Q1. Verify Cash, first-public result publication date, missing quarter existence/source evidence, Total Debt. Do not research other fields.",P3_LATEST8Q,,MISSING_QUARTER_ALREADY_IDENTIFIED_LOCALLY,P8H-3-1104,NO_STRUCTURAL_BOUNDARY,FTFT
MISSING_QUARTER_EXISTENCE,ADJACENT_EXACT_ANCHORS,Q3,2024,NO,FQ_RESOLVED_LOCAL_HIGH,FY_RESOLVED_DIRECT_EXACT,,"Research official issuer sources for FY2024 Q3. Verify Capex required to derive FCF, FCF, missing quarter existence/source evidence, source semantics confirmation. Do not research other fields.",P3_LATEST8Q,,MISSING_QUARTER_ALREADY_IDENTIFIED_LOCALLY,P8H-3-1295,NO_STRUCTURAL_BOUNDARY,HTO
MISSING_QUARTER_EXISTENCE,ADJACENT_EXACT_ANCHORS,Q3,2024,NO,FQ_RESOLVED_LOCAL_HIGH,FY_RESOLVED_DIRECT_EXACT,,"Research official issuer sources for FY2024 Q3. Verify EBIT, missing quarter existence/source evidence, source semantics confirmation, Total Debt. Do not research other fields.",P3_LATEST8Q,,MISSING_QUARTER_ALREADY_IDENTIFIED_LOCALLY,P8H-3-1302,NO_STRUCTURAL_BOUNDARY,HVT
MISSING_QUARTER_EXISTENCE,ADJACENT_EXACT_ANCHORS,Q2,2024,NO,FQ_RESOLVED_LOCAL_HIGH,FY_RESOLVED_DIRECT_EXACT,,"Research official issuer sources for FY2024 Q2. Verify EBIT, first-public result publication date, missing quarter existence/source evidence, Total Debt. Do not research other fields.",P3_LATEST8Q,,MISSING_QUARTER_ALREADY_IDENTIFIED_LOCALLY,P8H-3-1379,NO_STRUCTURAL_BOUNDARY,INM
MISSING_QUARTER_EXISTENCE,ADJACENT_EXACT_ANCHORS,Q3,2024,NO,FQ_RESOLVED_LOCAL_HIGH,FY_RESOLVED_DIRECT_EXACT,,"Research official issuer sources for FY2024 Q3. Verify Capex required to derive FCF, FCF, missing quarter existence/source evidence, source semantics confirmation. Do not research other fields.",P3_LATEST8Q,,MISSING_QUARTER_ALREADY_IDENTIFIED_LOCALLY,P8H-3-1383,NO_STRUCTURAL_BOUNDARY,INMB
MISSING_QUARTER_EXISTENCE,ADJACENT_EXACT_ANCHORS,Q3,2024,NO,FQ_RESOLVED_LOCAL_HIGH,FY_RESOLVED_DIRECT_EXACT,,"Research official issuer sources for FY2024 Q3. Verify Cash, EBIT, missing quarter existence/source evidence, Total Debt. Do not research other fields.",P3_LATEST8Q,,MISSING_QUARTER_ALREADY_IDENTIFIED_LOCALLY,P8H-3-1546,NO_STRUCTURAL_BOUNDARY,LEN
MISSING_QUARTER_EXISTENCE,ADJACENT_EXACT_ANCHORS,Q1,2025,NO,FQ_RESOLVED_LOCAL_HIGH,FY_RESOLVED_DIRECT_EXACT,,"Research official issuer sources for FY2025 Q1. Verify EBIT, missing quarter existence/source evidence, source semantics confirmation, Total Debt. Do not research other fields.",P3_LATEST8Q,,MISSING_QUARTER_ALREADY_IDENTIFIED_LOCALLY,P8H-3-1657,NO_STRUCTURAL_BOUNDARY,MAN
MISSING_QUARTER_EXISTENCE,ADJACENT_EXACT_ANCHORS,Q1,2024,NO,FQ_RESOLVED_LOCAL_HIGH,FY_RESOLVED_DIRECT_EXACT,,"Research official issuer sources for FY2024 Q1. Verify first-public result publication date, missing quarter existence/source evidence, Revenue, Shares Outstanding. Do not research other fields.",P3_LATEST8Q,,MISSING_QUARTER_ALREADY_IDENTIFIED_LOCALLY,P8H-3-1698,NO_STRUCTURAL_BOUNDARY,METCB
MISSING_QUARTER_EXISTENCE,ADJACENT_EXACT_ANCHORS,Q4,2023,NO,FQ_RESOLVED_LOCAL_HIGH,FY_RESOLVED_DIRECT_EXACT,,"Research official issuer sources for FY2023 Q4. Verify Capex required to derive FCF, FCF, missing quarter existence/source evidence, source semantics confirmation. Do not research other fields.",P3_LATEST8Q,,MISSING_QUARTER_ALREADY_IDENTIFIED_LOCALLY,P8H-3-1744,NO_STRUCTURAL_BOUNDARY,MNR
MISSING_QUARTER_EXISTENCE,ADJACENT_EXACT_ANCHORS,Q1,2025,NO,FQ_RESOLVED_LOCAL_HIGH,FY_RESOLVED_DIRECT_EXACT,,"Research official issuer sources for FY2025 Q1. Verify EBIT, first-public result publication date, missing quarter existence/source evidence, source semantics confirmation. Do not research other fields.",P3_LATEST8Q,,MISSING_QUARTER_ALREADY_IDENTIFIED_LOCALLY,P8H-3-1821,NO_STRUCTURAL_BOUNDARY,NB
MISSING_QUARTER_EXISTENCE,ADJACENT_EXACT_ANCHORS,Q2,2024,NO,FQ_RESOLVED_LOCAL_HIGH,FY_RESOLVED_DIRECT_EXACT,,"Research official issuer sources for FY2024 Q2. Verify Cash, missing quarter existence/source evidence, Revenue, Shares Outstanding. Do not research other fields.",P3_LATEST8Q,,MISSING_QUARTER_ALREADY_IDENTIFIED_LOCALLY,P8H-3-1828,NO_STRUCTURAL_BOUNDARY,NDRA
MISSING_QUARTER_EXISTENCE,ADJACENT_EXACT_ANCHORS,Q3,2024,NO,FQ_RESOLVED_LOCAL_HIGH,FY_RESOLVED_DIRECT_EXACT,,"Research official issuer sources for FY2024 Q3. Verify Capex required to derive FCF, FCF, missing quarter existence/source evidence, source semantics confirmation. Do not research other fields.",P3_LATEST8Q,,MISSING_QUARTER_ALREADY_IDENTIFIED_LOCALLY,P8H-3-1854,NO_STRUCTURAL_BOUNDARY,NJR
MISSING_QUARTER_EXISTENCE,ADJACENT_EXACT_ANCHORS,Q1,2024,NO,FQ_RESOLVED_LOCAL_HIGH,FY_RESOLVED_DIRECT_EXACT,,"Research official issuer sources for FY2024 Q1. Verify first-public result publication date, missing quarter existence/source evidence, Revenue, Total Debt. Do not research other fields.",P3_LATEST8Q,,MISSING_QUARTER_ALREADY_IDENTIFIED_LOCALLY,P8H-3-1964,NO_STRUCTURAL_BOUNDARY,OKLO
MISSING_QUARTER_EXISTENCE,ADJACENT_EXACT_ANCHORS,Q1,2025,NO,FQ_RESOLVED_LOCAL_HIGH,FY_RESOLVED_DIRECT_EXACT,,"Research official issuer sources for FY2025 Q1. Verify Cash, EBIT, missing quarter existence/source evidence, Total Debt. Do not research other fields.",P3_LATEST8Q,,MISSING_QUARTER_ALREADY_IDENTIFIED_LOCALLY,P8H-3-2027,NO_STRUCTURAL_BOUNDARY,PACB
MISSING_QUARTER_EXISTENCE,ADJACENT_EXACT_ANCHORS,Q1,2025,NO,FQ_RESOLVED_LOCAL_HIGH,FY_RESOLVED_DIRECT_EXACT,,"Research official issuer sources for FY2025 Q1. Verify EBIT, missing quarter existence/source evidence, source semantics confirmation, Total Debt. Do not research other fields.",P3_LATEST8Q,,MISSING_QUARTER_ALREADY_IDENTIFIED_LOCALLY,P8H-3-2049,NO_STRUCTURAL_BOUNDARY,PCT
MISSING_QUARTER_EXISTENCE,ADJACENT_EXACT_ANCHORS,Q3,2024,NO,FQ_RESOLVED_LOCAL_HIGH,FY_RESOLVED_DIRECT_EXACT,,"Research official issuer sources for FY2024 Q3. Verify EBIT, missing quarter existence/source evidence, source semantics confirmation, Total Debt. Do not research other fields.",P3_LATEST8Q,,MISSING_QUARTER_ALREADY_IDENTIFIED_LOCALLY,P8H-3-2082,NO_STRUCTURAL_BOUNDARY,PGEN
MISSING_QUARTER_EXISTENCE,ADJACENT_EXACT_ANCHORS,Q3,2024,NO,FQ_RESOLVED_LOCAL_HIGH,FY_RESOLVED_DIRECT_EXACT,,"Research official issuer sources for FY2024 Q3. Verify EBIT, missing quarter existence/source evidence, source semantics confirmation, Total Debt. Do not research other fields.",P3_LATEST8Q,,MISSING_QUARTER_ALREADY_IDENTIFIED_LOCALLY,P8H-3-2263,NO_STRUCTURAL_BOUNDARY,REX
MISSING_QUARTER_EXISTENCE,ADJACENT_EXACT_ANCHORS,Q4,2023,NO,FQ_RESOLVED_LOCAL_HIGH,FY_RESOLVED_DIRECT_EXACT,,"Research official issuer sources for FY2023 Q4. Verify Capex required to derive FCF, FCF, missing quarter existence/source evidence, source semantics confirmation. Do not research other fields.",P3_LATEST8Q,,MISSING_QUARTER_ALREADY_IDENTIFIED_LOCALLY,P8H-3-2328,NO_STRUCTURAL_BOUNDARY,RR
MISSING_QUARTER_EXISTENCE,ADJACENT_EXACT_ANCHORS,Q1,2024,NO,FQ_RESOLVED_LOCAL_HIGH,FY_RESOLVED_DIRECT_EXACT,,"Research official issuer sources for FY2024 Q1. Verify Cash, first-public result publication date, missing quarter existence/source evidence, Total Debt. Do not research other fields.",P3_LATEST8Q,,MISSING_QUARTER_ALREADY_IDENTIFIED_LOCALLY,P8H-3-2421,NO_STRUCTURAL_BOUNDARY,SHOP
MISSING_QUARTER_EXISTENCE,ADJACENT_EXACT_ANCHORS,Q3,2024,NO,FQ_RESOLVED_LOCAL_HIGH,FY_RESOLVED_DIRECT_EXACT,,"Research official issuer sources for FY2024 Q3. Verify Capex required to derive FCF, FCF, missing quarter existence/source evidence, source semantics confirmation. Do not research other fields.",P3_LATEST8Q,,MISSING_QUARTER_ALREADY_IDENTIFIED_LOCALLY,P8H-3-2488,NO_STRUCTURAL_BOUNDARY,SNDX
MISSING_QUARTER_EXISTENCE,ADJACENT_EXACT_ANCHORS,Q4,2023,NO,FQ_RESOLVED_LOCAL_HIGH,FY_RESOLVED_DIRECT_EXACT,,"Research official issuer sources for FY2023 Q4. Verify Capex required to derive FCF, FCF, missing quarter existence/source evidence, source semantics confirmation. Do not research other fields.",P3_LATEST8Q,,MISSING_QUARTER_ALREADY_IDENTIFIED_LOCALLY,P8H-3-2640,NO_STRUCTURAL_BOUNDARY,TKO
MISSING_QUARTER_EXISTENCE,ADJACENT_EXACT_ANCHORS,Q3,2024,NO,FQ_RESOLVED_LOCAL_HIGH,FY_RESOLVED_DIRECT_EXACT,,"Research official issuer sources for FY2024 Q3. Verify Capex required to derive FCF, FCF, missing quarter existence/source evidence, source semantics confirmation. Do not research other fields.",P3_LATEST8Q,,MISSING_QUARTER_ALREADY_IDENTIFIED_LOCALLY,P8H-3-2641,NO_STRUCTURAL_BOUNDARY,TKO
MISSING_QUARTER_EXISTENCE,ADJACENT_EXACT_ANCHORS,Q1,2023,NO,FQ_RESOLVED_LOCAL_HIGH,FY_RESOLVED_DIRECT_EXACT,,"Research official issuer sources for FY2023 Q1. Verify Cash, first-public result publication date, missing quarter existence/source evidence, Total Debt. Do not research other fields.",P3_LATEST8Q,,MISSING_QUARTER_ALREADY_IDENTIFIED_LOCALLY,P8H-3-2691,NO_STRUCTURAL_BOUNDARY,TRUG
MISSING_QUARTER_EXISTENCE,ADJACENT_EXACT_ANCHORS,Q1,2025,NO,FQ_RESOLVED_LOCAL_HIGH,FY_RESOLVED_DIRECT_EXACT,,"Research official issuer sources for FY2025 Q1. Verify EBIT, missing quarter existence/source evidence, source semantics confirmation, Total Debt. Do not research other fields.",P3_LATEST8Q,,MISSING_QUARTER_ALREADY_IDENTIFIED_LOCALLY,P8H-3-2706,NO_STRUCTURAL_BOUNDARY,TWI
MISSING_QUARTER_EXISTENCE,ADJACENT_EXACT_ANCHORS,Q1,2025,NO,FQ_RESOLVED_LOCAL_HIGH,FY_RESOLVED_DIRECT_EXACT,,"Research official issuer sources for FY2025 Q1. Verify Cash, first-public result publication date, missing quarter existence/source evidence, Total Debt. Do not research other fields.",P3_LATEST8Q,,MISSING_QUARTER_ALREADY_IDENTIFIED_LOCALLY,P8H-3-2749,NO_STRUCTURAL_BOUNDARY,UPXI
MISSING_QUARTER_EXISTENCE,ADJACENT_EXACT_ANCHORS,Q2,2022,NO,FQ_RESOLVED_LOCAL_HIGH,FY_RESOLVED_DIRECT_EXACT,,"Research official issuer sources for FY2022 Q2. Verify Cash, first-public result publication date, missing quarter existence/source evidence, Total Debt. Do not research other fields.",P3_LATEST8Q,,MISSING_QUARTER_ALREADY_IDENTIFIED_LOCALLY,P8H-3-2838,NO_STRUCTURAL_BOUNDARY,VSTD
MISSING_QUARTER_EXISTENCE,ADJACENT_EXACT_ANCHORS,Q4,2022,NO,FQ_RESOLVED_LOCAL_HIGH,FY_RESOLVED_DIRECT_EXACT,,"Research official issuer sources for FY2022 Q4. Verify Cash, first-public result publication date, missing quarter existence/source evidence, Total Debt. Do not research other fields.",P3_LATEST8Q,,MISSING_QUARTER_ALREADY_IDENTIFIED_LOCALLY,P8H-3-2839,NO_STRUCTURAL_BOUNDARY,VSTD
MISSING_QUARTER_EXISTENCE,ADJACENT_EXACT_ANCHORS,Q3,2023,NO,FQ_RESOLVED_LOCAL_HIGH,FY_RESOLVED_DIRECT_EXACT,,"Research official issuer sources for FY2023 Q3. Verify Cash, first-public result publication date, missing quarter existence/source evidence, Total Debt. Do not research other fields.",P3_LATEST8Q,,MISSING_QUARTER_ALREADY_IDENTIFIED_LOCALLY,P8H-3-2840,NO_STRUCTURAL_BOUNDARY,VSTD
MISSING_QUARTER_EXISTENCE,ADJACENT_EXACT_ANCHORS,Q1,2024,NO,FQ_RESOLVED_LOCAL_HIGH,FY_RESOLVED_DIRECT_EXACT,,"Research official issuer sources for FY2024 Q1. Verify Cash, first-public result publication date, missing quarter existence/source evidence, Total Debt. Do not research other fields.",P3_LATEST8Q,,MISSING_QUARTER_ALREADY_IDENTIFIED_LOCALLY,P8H-3-2841,NO_STRUCTURAL_BOUNDARY,VSTD
MISSING_QUARTER_EXISTENCE,ADJACENT_EXACT_ANCHORS,Q3,2024,NO,FQ_RESOLVED_LOCAL_HIGH,FY_RESOLVED_DIRECT_EXACT,,"Research official issuer sources for FY2024 Q3. Verify EBIT, missing quarter existence/source evidence, source semantics confirmation. Do not research other fields.",P3_LATEST8Q,,MISSING_QUARTER_ALREADY_IDENTIFIED_LOCALLY,P8H-3-0002,NO_STRUCTURAL_BOUNDARY,AA
MISSING_QUARTER_EXISTENCE,ADJACENT_EXACT_ANCHORS,Q1,2025,NO,FQ_RESOLVED_LOCAL_HIGH,FY_RESOLVED_DIRECT_EXACT,,"Research official issuer sources for FY2025 Q1. Verify EBIT, missing quarter existence/source evidence, source semantics confirmation. Do not research other fields.",P3_LATEST8Q,,MISSING_QUARTER_ALREADY_IDENTIFIED_LOCALLY,P8H-3-0003,NO_STRUCTURAL_BOUNDARY,AA
MISSING_QUARTER_EXISTENCE,ADJACENT_EXACT_ANCHORS,Q3,2024,NO,FQ_RESOLVED_LOCAL_HIGH,FY_RESOLVED_DIRECT_EXACT,,"Research official issuer sources for FY2024 Q3. Verify missing quarter existence/source evidence, Revenue, Total Debt. Do not research other fields.",P3_LATEST8Q,,MISSING_QUARTER_ALREADY_IDENTIFIED_LOCALLY,P8H-3-0048,NO_STRUCTURAL_BOUNDARY,ACRV
MISSING_QUARTER_EXISTENCE,ADJACENT_EXACT_ANCHORS,Q3,2024,NO,FQ_RESOLVED_LOCAL_HIGH,FY_RESOLVED_DIRECT_EXACT,,"Research official issuer sources for FY2024 Q3. Verify missing quarter existence/source evidence, Revenue, Total Debt. Do not research other fields.",P3_LATEST8Q,,MISSING_QUARTER_ALREADY_IDENTIFIED_LOCALLY,P8H-3-0058,NO_STRUCTURAL_BOUNDARY,ADAM
MISSING_QUARTER_EXISTENCE,ADJACENT_EXACT_ANCHORS,Q3,2024,NO,FQ_RESOLVED_LOCAL_HIGH,FY_RESOLVED_DIRECT_EXACT,,"Research official issuer sources for FY2024 Q3. Verify EBIT, missing quarter existence/source evidence, source semantics confirmation. Do not research other fields.",P3_LATEST8Q,,MISSING_QUARTER_ALREADY_IDENTIFIED_LOCALLY,P8H-3-0066,NO_STRUCTURAL_BOUNDARY,ADNT
MISSING_QUARTER_EXISTENCE,ADJACENT_EXACT_ANCHORS,Q1,2025,NO,FQ_RESOLVED_LOCAL_HIGH,FY_RESOLVED_DIRECT_EXACT,,"Research official issuer sources for FY2025 Q1. Verify EBIT, missing quarter existence/source evidence, source semantics confirmation. Do not research other fields.",P3_LATEST8Q,,MISSING_QUARTER_ALREADY_IDENTIFIED_LOCALLY,P8H-3-0067,NO_STRUCTURAL_BOUNDARY,ADNT
MISSING_QUARTER_EXISTENCE,ADJACENT_EXACT_ANCHORS,Q3,2024,NO,FQ_RESOLVED_LOCAL_HIGH,FY_RESOLVED_DIRECT_EXACT,,"Research official issuer sources for FY2024 Q3. Verify EBIT, missing quarter existence/source evidence, source semantics confirmation. Do not research other fields.",P3_LATEST8Q,,MISSING_QUARTER_ALREADY_IDENTIFIED_LOCALLY,P8H-3-0086,NO_STRUCTURAL_BOUNDARY,AES
MISSING_QUARTER_EXISTENCE,ADJACENT_EXACT_ANCHORS,Q1,2025,NO,FQ_RESOLVED_LOCAL_HIGH,FY_RESOLVED_DIRECT_EXACT,,"Research official issuer sources for FY2025 Q1. Verify EBIT, missing quarter existence/source evidence, source semantics confirmation. Do not research other fields.",P3_LATEST8Q,,MISSING_QUARTER_ALREADY_IDENTIFIED_LOCALLY,P8H-3-0087,NO_STRUCTURAL_BOUNDARY,AES
MISSING_QUARTER_EXISTENCE,ADJACENT_EXACT_ANCHORS,Q2,2024,NO,FQ_RESOLVED_LOCAL_HIGH,FY_RESOLVED_DIRECT_EXACT,,"Research official issuer sources for FY2024 Q2. Verify first-public result publication date, missing quarter existence/source evidence, Total Debt. Do not research other fields.",P3_LATEST8Q,,MISSING_QUARTER_ALREADY_IDENTIFIED_LOCALLY,P8H-3-0119,NO_STRUCTURAL_BOUNDARY,AIHS
MISSING_QUARTER_EXISTENCE,ADJACENT_EXACT_ANCHORS,Q1,2025,NO,FQ_RESOLVED_LOCAL_HIGH,FY_RESOLVED_DIRECT_EXACT,,"Research official issuer sources for FY2025 Q1. Verify Cash, missing quarter existence/source evidence, Revenue. Do not research other fields.",P3_LATEST8Q,,MISSING_QUARTER_ALREADY_IDENTIFIED_LOCALLY,P8H-3-0143,NO_STRUCTURAL_BOUNDARY,ALEC
MISSING_QUARTER_EXISTENCE,ADJACENT_EXACT_ANCHORS,Q3,2024,NO,FQ_RESOLVED_LOCAL_HIGH,FY_RESOLVED_DIRECT_EXACT,,"Research official issuer sources for FY2024 Q3. Verify EBIT, missing quarter existence/source evidence, source semantics confirmation. Do not research other fields.",P3_LATEST8Q,,MISSING_QUARTER_ALREADY_IDENTIFIED_LOCALLY,P8H-3-0178,NO_STRUCTURAL_BOUNDARY,AMH
MISSING_QUARTER_EXISTENCE,ADJACENT_EXACT_ANCHORS,Q1,2025,NO,FQ_RESOLVED_LOCAL_HIGH,FY_RESOLVED_DIRECT_EXACT,,"Research official issuer sources for FY2025 Q1. Verify EBIT, missing quarter existence/source evidence, source semantics confirmation. Do not research other fields.",P3_LATEST8Q,,MISSING_QUARTER_ALREADY_IDENTIFIED_LOCALLY,P8H-3-0179,NO_STRUCTURAL_BOUNDARY,AMH
MISSING_QUARTER_EXISTENCE,ADJACENT_EXACT_ANCHORS,Q1,2024,NO,FQ_RESOLVED_LOCAL_HIGH,FY_RESOLVED_DIRECT_EXACT,,"Research official issuer sources for FY2024 Q1. Verify first-public result publication date, missing quarter existence/source evidence, Total Debt. Do not research other fields.",P3_LATEST8Q,,MISSING_QUARTER_ALREADY_IDENTIFIED_LOCALLY,P8H-3-0189,NO_STRUCTURAL_BOUNDARY,AMPG
MISSING_QUARTER_EXISTENCE,ADJACENT_EXACT_ANCHORS,Q1,2025,NO,FQ_RESOLVED_LOCAL_HIGH,FY_RESOLVED_DIRECT_EXACT,,"Research official issuer sources for FY2025 Q1. Verify EBIT, missing quarter existence/source evidence, source semantics confirmation. Do not research other fields.",P3_LATEST8Q,,MISSING_QUARTER_ALREADY_IDENTIFIED_LOCALLY,P8H-3-0193,NO_STRUCTURAL_BOUNDARY,AMPL
MISSING_QUARTER_EXISTENCE,ADJACENT_EXACT_ANCHORS,Q3,2024,NO,FQ_RESOLVED_LOCAL_HIGH,FY_RESOLVED_DIRECT_EXACT,,"Research official issuer sources for FY2024 Q3. Verify EBIT, missing quarter existence/source evidence, source semantics confirmation. Do not research other fields.",P3_LATEST8Q,,MISSING_QUARTER_ALREADY_IDENTIFIED_LOCALLY,P8H-3-0209,NO_STRUCTURAL_BOUNDARY,ANDE
MISSING_QUARTER_EXISTENCE,ADJACENT_EXACT_ANCHORS,Q1,2025,NO,FQ_RESOLVED_LOCAL_HIGH,FY_RESOLVED_DIRECT_EXACT,,"Research official issuer sources for FY2025 Q1. Verify EBIT, missing quarter existence/source evidence, source semantics confirmation. Do not research other fields.",P3_LATEST8Q,,MISSING_QUARTER_ALREADY_IDENTIFIED_LOCALLY,P8H-3-0210,NO_STRUCTURAL_BOUNDARY,ANDE
MISSING_QUARTER_EXISTENCE,ADJACENT_EXACT_ANCHORS,Q3,2024,NO,FQ_RESOLVED_LOCAL_HIGH,FY_RESOLVED_DIRECT_EXACT,,"Research official issuer sources for FY2024 Q3. Verify missing quarter existence/source evidence, Revenue, Total Debt. Do not research other fields.",P3_LATEST8Q,,MISSING_QUARTER_ALREADY_IDENTIFIED_LOCALLY,P8H-3-0234,NO_STRUCTURAL_BOUNDARY,APGE
MISSING_QUARTER_EXISTENCE,ADJACENT_EXACT_ANCHORS,Q3,2024,NO,FQ_RESOLVED_LOCAL_HIGH,FY_RESOLVED_DIRECT_EXACT,,"Research official issuer sources for FY2024 Q3. Verify EBIT, missing quarter existence/source evidence, source semantics confirmation. Do not research other fields.",P3_LATEST8Q,,MISSING_QUARTER_ALREADY_IDENTIFIED_LOCALLY,P8H-3-0255,NO_STRUCTURAL_BOUNDARY,ARE
MISSING_QUARTER_EXISTENCE,ADJACENT_EXACT_ANCHORS,Q1,2025,NO,FQ_RESOLVED_LOCAL_HIGH,FY_RESOLVED_DIRECT_EXACT,,"Research official issuer sources for FY2025 Q1. Verify EBIT, missing quarter existence/source evidence, source semantics confirmation. Do not research other fields.",P3_LATEST8Q,,MISSING_QUARTER_ALREADY_IDENTIFIED_LOCALLY,P8H-3-0256,NO_STRUCTURAL_BOUNDARY,ARE
MISSING_QUARTER_EXISTENCE,ADJACENT_EXACT_ANCHORS,Q3,2024,NO,FQ_RESOLVED_LOCAL_HIGH,FY_RESOLVED_DIRECT_EXACT,,"Research official issuer sources for FY2024 Q3. Verify EBIT, missing quarter existence/source evidence, source semantics confirmation. Do not research other fields.",P3_LATEST8Q,,MISSING_QUARTER_ALREADY_IDENTIFIED_LOCALLY,P8H-3-0266,NO_STRUCTURAL_BOUNDARY,AROC
MISSING_QUARTER_EXISTENCE,ADJACENT_EXACT_ANCHORS,Q1,2025,NO,FQ_RESOLVED_LOCAL_HIGH,FY_RESOLVED_DIRECT_EXACT,,"Research official issuer sources for FY2025 Q1. Verify EBIT, missing quarter existence/source evidence, source semantics confirmation. Do not research other fields.",P3_LATEST8Q,,MISSING_QUARTER_ALREADY_IDENTIFIED_LOCALLY,P8H-3-0267,NO_STRUCTURAL_BOUNDARY,AROC
MISSING_QUARTER_EXISTENCE,ADJACENT_EXACT_ANCHORS,Q3,2024,NO,FQ_RESOLVED_LOCAL_HIGH,FY_RESOLVED_DIRECT_EXACT,,"Research official issuer sources for FY2024 Q3. Verify EBIT, missing quarter existence/source evidence, source semantics confirmation. Do not research other fields.",P3_LATEST8Q,,MISSING_QUARTER_ALREADY_IDENTIFIED_LOCALLY,P8H-3-0281,NO_STRUCTURAL_BOUNDARY,ASIX
MISSING_QUARTER_EXISTENCE,ADJACENT_EXACT_ANCHORS,Q1,2025,NO,FQ_RESOLVED_LOCAL_HIGH,FY_RESOLVED_DIRECT_EXACT,,"Research official issuer sources for FY2025 Q1. Verify EBIT, missing quarter existence/source evidence, source semantics confirmation. Do not research other fields.",P3_LATEST8Q,,MISSING_QUARTER_ALREADY_IDENTIFIED_LOCALLY,P8H-3-0282,NO_STRUCTURAL_BOUNDARY,ASIX
MISSING_QUARTER_EXISTENCE,ADJACENT_EXACT_ANCHORS,Q1,2025,NO,FQ_RESOLVED_LOCAL_HIGH,FY_RESOLVED_DIRECT_EXACT,,"Research official issuer sources for FY2025 Q1. Verify Cash, missing quarter existence/source evidence, Revenue. Do not research other fields.",P3_LATEST8Q,,MISSING_QUARTER_ALREADY_IDENTIFIED_LOCALLY,P8H-3-0307,NO_STRUCTURAL_BOUNDARY,AUPH
MISSING_QUARTER_EXISTENCE,ADJACENT_EXACT_ANCHORS,Q3,2024,NO,FQ_RESOLVED_LOCAL_HIGH,FY_RESOLVED_DIRECT_EXACT,,"Research official issuer sources for FY2024 Q3. Verify EBIT, missing quarter existence/source evidence, source semantics confirmation. Do not research other fields.",P3_LATEST8Q,,MISSING_QUARTER_ALREADY_IDENTIFIED_LOCALLY,P8H-3-0352,NO_STRUCTURAL_BOUNDARY,BALL
MISSING_QUARTER_EXISTENCE,ADJACENT_EXACT_ANCHORS,Q1,2025,NO,FQ_RESOLVED_LOCAL_HIGH,FY_RESOLVED_DIRECT_EXACT,,"Research official issuer sources for FY2025 Q1. Verify EBIT, missing quarter existence/source evidence, source semantics confirmation. Do not research other fields.",P3_LATEST8Q,,MISSING_QUARTER_ALREADY_IDENTIFIED_LOCALLY,P8H-3-0353,NO_STRUCTURAL_BOUNDARY,BALL
MISSING_QUARTER_EXISTENCE,ADJACENT_EXACT_ANCHORS,Q1,2025,NO,FQ_RESOLVED_LOCAL_HIGH,FY_RESOLVED_DIRECT_EXACT,,"Research official issuer sources for FY2025 Q1. Verify EBIT, missing quarter existence/source evidence, source semantics confirmation. Do not research other fields.",P3_LATEST8Q,,MISSING_QUARTER_ALREADY_IDENTIFIED_LOCALLY,P8H-3-0394,NO_STRUCTURAL_BOUNDARY,BG
MISSING_QUARTER_EXISTENCE,ADJACENT_EXACT_ANCHORS,Q3,2024,NO,FQ_RESOLVED_LOCAL_HIGH,FY_RESOLVED_DIRECT_EXACT,,"Research official issuer sources for FY2024 Q3. Verify missing quarter existence/source evidence, Revenue, Total Debt. Do not research other fields.",P3_LATEST8Q,,MISSING_QUARTER_ALREADY_IDENTIFIED_LOCALLY,P8H-3-0399,NO_STRUCTURAL_BOUNDARY,BGMS
MISSING_QUARTER_EXISTENCE,ADJACENT_EXACT_ANCHORS,Q3,2024,NO,FQ_RESOLVED_LOCAL_HIGH,FY_RESOLVED_DIRECT_EXACT,,"Research official issuer sources for FY2024 Q3. Verify EBIT, missing quarter existence/source evidence, source semantics confirmation. Do not research other fields.",P3_LATEST8Q,,MISSING_QUARTER_ALREADY_IDENTIFIED_LOCALLY,P8H-3-0406,NO_STRUCTURAL_BOUNDARY,BIIB
MISSING_QUARTER_EXISTENCE,ADJACENT_EXACT_ANCHORS,Q1,2025,NO,FQ_RESOLVED_LOCAL_HIGH,FY_RESOLVED_DIRECT_EXACT,,"Research official issuer sources for FY2025 Q1. Verify EBIT, missing quarter existence/source evidence, source semantics confirmation. Do not research other fields.",P3_LATEST8Q,,MISSING_QUARTER_ALREADY_IDENTIFIED_LOCALLY,P8H-3-0407,NO_STRUCTURAL_BOUNDARY,BIIB
MISSING_QUARTER_EXISTENCE,ADJACENT_EXACT_ANCHORS,Q3,2024,NO,FQ_RESOLVED_LOCAL_HIGH,FY_RESOLVED_DIRECT_EXACT,,"Research official issuer sources for FY2024 Q3. Verify EBIT, missing quarter existence/source evidence, source semantics confirmation. Do not research other fields.",P3_LATEST8Q,,MISSING_QUARTER_ALREADY_IDENTIFIED_LOCALLY,P8H-3-0427,NO_STRUCTURAL_BOUNDARY,BMY
MISSING_QUARTER_EXISTENCE,ADJACENT_EXACT_ANCHORS,Q1,2025,NO,FQ_RESOLVED_LOCAL_HIGH,FY_RESOLVED_DIRECT_EXACT,,"Research official issuer sources for FY2025 Q1. Verify EBIT, missing quarter existence/source evidence, source semantics confirmation. Do not research other fields.",P3_LATEST8Q,,MISSING_QUARTER_ALREADY_IDENTIFIED_LOCALLY,P8H-3-0428,NO_STRUCTURAL_BOUNDARY,BMY
MISSING_QUARTER_EXISTENCE,ADJACENT_EXACT_ANCHORS,Q3,2024,NO,FQ_RESOLVED_LOCAL_HIGH,FY_RESOLVED_DIRECT_EXACT,,"Research official issuer sources for FY2024 Q3. Verify EBIT, missing quarter existence/source evidence, source semantics confirmation. Do not research other fields.",P3_LATEST8Q,,MISSING_QUARTER_ALREADY_IDENTIFIED_LOCALLY,P8H-3-0434,NO_STRUCTURAL_BOUNDARY,BNL
MISSING_QUARTER_EXISTENCE,ADJACENT_EXACT_ANCHORS,Q1,2025,NO,FQ_RESOLVED_LOCAL_HIGH,FY_RESOLVED_DIRECT_EXACT,,"Research official issuer sources for FY2025 Q1. Verify EBIT, missing quarter existence/source evidence, source semantics confirmation. Do not research other fields.",P3_LATEST8Q,,MISSING_QUARTER_ALREADY_IDENTIFIED_LOCALLY,P8H-3-0435,NO_STRUCTURAL_BOUNDARY,BNL
MISSING_QUARTER_EXISTENCE,ADJACENT_EXACT_ANCHORS,Q3,2024,NO,FQ_RESOLVED_LOCAL_HIGH,FY_RESOLVED_DIRECT_EXACT,,"Research official issuer sources for FY2024 Q3. Verify EBIT, missing quarter existence/source evidence, source semantics confirmation. Do not research other fields.",P3_LATEST8Q,,MISSING_QUARTER_ALREADY_IDENTIFIED_LOCALLY,P8H-3-0450,NO_STRUCTURAL_BOUNDARY,BRSP
MISSING_QUARTER_EXISTENCE,ADJACENT_EXACT_ANCHORS,Q1,2025,NO,FQ_RESOLVED_LOCAL_HIGH,FY_RESOLVED_DIRECT_EXACT,,"Research official issuer sources for FY2025 Q1. Verify EBIT, missing quarter existence/source evidence, source semantics confirmation. Do not research other fields.",P3_LATEST8Q,,MISSING_QUARTER_ALREADY_IDENTIFIED_LOCALLY,P8H-3-0451,NO_STRUCTURAL_BOUNDARY,BRSP
MISSING_QUARTER_EXISTENCE,ADJACENT_EXACT_ANCHORS,Q3,2024,NO,FQ_RESOLVED_LOCAL_HIGH,FY_RESOLVED_DIRECT_EXACT,,"Research official issuer sources for FY2024 Q3. Verify EBIT, missing quarter existence/source evidence, source semantics confirmation. Do not research other fields.",P3_LATEST8Q,,MISSING_QUARTER_ALREADY_IDENTIFIED_LOCALLY,P8H-3-0455,NO_STRUCTURAL_BOUNDARY,BRX
MISSING_QUARTER_EXISTENCE,ADJACENT_EXACT_ANCHORS,Q1,2025,NO,FQ_RESOLVED_LOCAL_HIGH,FY_RESOLVED_DIRECT_EXACT,,"Research official issuer sources for FY2025 Q1. Verify EBIT, missing quarter existence/source evidence, source semantics confirmation. Do not research other fields.",P3_LATEST8Q,,MISSING_QUARTER_ALREADY_IDENTIFIED_LOCALLY,P8H-3-0456,NO_STRUCTURAL_BOUNDARY,BRX
MISSING_QUARTER_EXISTENCE,ADJACENT_EXACT_ANCHORS,Q3,2024,NO,FQ_RESOLVED_LOCAL_HIGH,FY_RESOLVED_DIRECT_EXACT,,"Research official issuer sources for FY2024 Q3. Verify EBIT, missing quarter existence/source evidence, source semantics confirmation. Do not research other fields.",P3_LATEST8Q,,MISSING_QUARTER_ALREADY_IDENTIFIED_LOCALLY,P8H-3-0483,NO_STRUCTURAL_BOUNDARY,BXP
MISSING_QUARTER_EXISTENCE,ADJACENT_EXACT_ANCHORS,Q3,2024,NO,FQ_RESOLVED_LOCAL_HIGH,FY_RESOLVED_DIRECT_EXACT,,"Research official issuer sources for FY2024 Q3. Verify EBIT, missing quarter existence/source evidence, source semantics confirmation. Do not research other fields.",P3_LATEST8Q,,MISSING_QUARTER_ALREADY_IDENTIFIED_LOCALLY,P8H-3-0515,NO_STRUCTURAL_BOUNDARY,CAR
MISSING_QUARTER_EXISTENCE,ADJACENT_EXACT_ANCHORS,Q3,2024,NO,FQ_RESOLVED_LOCAL_HIGH,FY_RESOLVED_DIRECT_EXACT,,"Research official issuer sources for FY2024 Q3. Verify EBIT, missing quarter existence/source evidence, source semantics confirmation. Do not research other fields.",P3_LATEST8Q,,MISSING_QUARTER_ALREADY_IDENTIFIED_LOCALLY,P8H-3-0528,NO_STRUCTURAL_BOUNDARY,CBL
MISSING_QUARTER_EXISTENCE,ADJACENT_EXACT_ANCHORS,Q3,2024,NO,FQ_RESOLVED_LOCAL_HIGH,FY_RESOLVED_DIRECT_EXACT,,"Research official issuer sources for FY2024 Q3. Verify EBIT, missing quarter existence/source evidence, source semantics confirmation. Do not research other fields.",P3_LATEST8Q,,MISSING_QUARTER_ALREADY_IDENTIFIED_LOCALLY,P8H-3-0540,NO_STRUCTURAL_BOUNDARY,CCS
MISSING_QUARTER_EXISTENCE,ADJACENT_EXACT_ANCHORS,Q1,2025,NO,FQ_RESOLVED_LOCAL_HIGH,FY_RESOLVED_DIRECT_EXACT,,"Research official issuer sources for FY2025 Q1. Verify Cash, EBIT, missing quarter existence/source evidence. Do not research other fields.",P3_LATEST8Q,,MISSING_QUARTER_ALREADY_IDENTIFIED_LOCALLY,P8H-3-0544,NO_STRUCTURAL_BOUNDARY,CDNA
MISSING_QUARTER_EXISTENCE,ADJACENT_EXACT_ANCHORS,Q3,2024,NO,FQ_RESOLVED_LOCAL_HIGH,FY_RESOLVED_DIRECT_EXACT,,"Research official issuer sources for FY2024 Q3. Verify EBIT, missing quarter existence/source evidence, source semantics confirmation. Do not research other fields.",P3_LATEST8Q,,MISSING_QUARTER_ALREADY_IDENTIFIED_LOCALLY,P8H-3-0546,NO_STRUCTURAL_BOUNDARY,CDP
MISSING_QUARTER_EXISTENCE,ADJACENT_EXACT_ANCHORS,Q3,2024,NO,FQ_RESOLVED_LOCAL_HIGH,FY_RESOLVED_DIRECT_EXACT,,"Research official issuer sources for FY2024 Q3. Verify EBIT, missing quarter existence/source evidence, source semantics confirmation. Do not research other fields.",P3_LATEST8Q,,MISSING_QUARTER_ALREADY_IDENTIFIED_LOCALLY,P8H-3-0576,NO_STRUCTURAL_BOUNDARY,CHCT
MISSING_QUARTER_EXISTENCE,ADJACENT_EXACT_ANCHORS,Q1,2025,NO,FQ_RESOLVED_LOCAL_HIGH,FY_RESOLVED_DIRECT_EXACT,,"Research official issuer sources for FY2025 Q1. Verify EBIT, missing quarter existence/source evidence, source semantics confirmation. Do not research other fields.",P3_LATEST8Q,,MISSING_QUARTER_ALREADY_IDENTIFIED_LOCALLY,P8H-3-0599,NO_STRUCTURAL_BOUNDARY,CIM
MISSING_QUARTER_EXISTENCE,ADJACENT_EXACT_ANCHORS,Q3,2024,NO,FQ_RESOLVED_LOCAL_HIGH,FY_RESOLVED_DIRECT_EXACT,,"Research official issuer sources for FY2024 Q3. Verify Cash, missing quarter existence/source evidence, Total Debt. Do not research other fields.",P3_LATEST8Q,,MISSING_QUARTER_ALREADY_IDENTIFIED_LOCALLY,P8H-3-0625,NO_STRUCTURAL_BOUNDARY,CLS
MISSING_QUARTER_EXISTENCE,ADJACENT_EXACT_ANCHORS,Q3,2024,NO,FQ_RESOLVED_LOCAL_HIGH,FY_RESOLVED_DIRECT_EXACT,,"Research official issuer sources for FY2024 Q3. Verify EBIT, missing quarter existence/source evidence, source semantics confirmation. Do not research other fields.",P3_LATEST8Q,,MISSING_QUARTER_ALREADY_IDENTIFIED_LOCALLY,P8H-3-0632,NO_STRUCTURAL_BOUNDARY,CMC
MISSING_QUARTER_EXISTENCE,ADJACENT_EXACT_ANCHORS,Q1,2025,NO,FQ_RESOLVED_LOCAL_HIGH,FY_RESOLVED_DIRECT_EXACT,,"Research official issuer sources for FY2025 Q1. Verify EBIT, missing quarter existence/source evidence, source semantics confirmation. Do not research other fields.",P3_LATEST8Q,,MISSING_QUARTER_ALREADY_IDENTIFIED_LOCALLY,P8H-3-0633,NO_STRUCTURAL_BOUNDARY,CMC
MISSING_QUARTER_EXISTENCE,ADJACENT_EXACT_ANCHORS,Q3,2024,NO,FQ_RESOLVED_LOCAL_HIGH,FY_RESOLVED_DIRECT_EXACT,,"Research official issuer sources for FY2024 Q3. Verify EBIT, missing quarter existence/source evidence, source semantics confirmation. Do not research other fields.",P3_LATEST8Q,,MISSING_QUARTER_ALREADY_IDENTIFIED_LOCALLY,P8H-3-0647,NO_STRUCTURAL_BOUNDARY,CMTG
MISSING_QUARTER_EXISTENCE,ADJACENT_EXACT_ANCHORS,Q1,2025,NO,FQ_RESOLVED_LOCAL_HIGH,FY_RESOLVED_DIRECT_EXACT,,"Research official issuer sources for FY2025 Q1. Verify EBIT, missing quarter existence/source evidence, source semantics confirmation. Do not research other fields.",P3_LATEST8Q,,MISSING_QUARTER_ALREADY_IDENTIFIED_LOCALLY,P8H-3-0648,NO_STRUCTURAL_BOUNDARY,CMTG
MISSING_QUARTER_EXISTENCE,ADJACENT_EXACT_ANCHORS,Q3,2024,NO,FQ_RESOLVED_LOCAL_HIGH,FY_RESOLVED_DIRECT_EXACT,,"Research official issuer sources for FY2024 Q3. Verify EBIT, missing quarter existence/source evidence, source semantics confirmation. Do not research other fields.",P3_LATEST8Q,,MISSING_QUARTER_ALREADY_IDENTIFIED_LOCALLY,P8H-3-0652,NO_STRUCTURAL_BOUNDARY,CNDT
MISSING_QUARTER_EXISTENCE,ADJACENT_EXACT_ANCHORS,Q1,2025,NO,FQ_RESOLVED_LOCAL_HIGH,FY_RESOLVED_DIRECT_EXACT,,"Research official issuer sources for FY2025 Q1. Verify EBIT, missing quarter existence/source evidence, source semantics confirmation. Do not research other fields.",P3_LATEST8Q,,MISSING_QUARTER_ALREADY_IDENTIFIED_LOCALLY,P8H-3-0655,NO_STRUCTURAL_BOUNDARY,CNH
MISSING_QUARTER_EXISTENCE,ADJACENT_EXACT_ANCHORS,Q3,2024,NO,FQ_RESOLVED_LOCAL_HIGH,FY_RESOLVED_DIRECT_EXACT,,"Research official issuer sources for FY2024 Q3. Verify EBIT, missing quarter existence/source evidence, source semantics confirmation. Do not research other fields.",P3_LATEST8Q,,MISSING_QUARTER_ALREADY_IDENTIFIED_LOCALLY,P8H-3-0663,NO_STRUCTURAL_BOUNDARY,CNX
MISSING_QUARTER_EXISTENCE,ADJACENT_EXACT_ANCHORS,Q2,2023,NO,FQ_RESOLVED_LOCAL_HIGH,FY_RESOLVED_DIRECT_EXACT,,"Research official issuer sources for FY2023 Q2. Verify first-public result publication date, missing quarter existence/source evidence, Total Debt. Do not research other fields.",P3_LATEST8Q,,MISSING_QUARTER_ALREADY_IDENTIFIED_LOCALLY,P8H-3-0666,NO_STRUCTURAL_BOUNDARY,COCH
MISSING_QUARTER_EXISTENCE,ADJACENT_EXACT_ANCHORS,Q3,2024,NO,FQ_RESOLVED_LOCAL_HIGH,FY_RESOLVED_DIRECT_EXACT,,"Research official issuer sources for FY2024 Q3. Verify Cash, missing quarter existence/source evidence, Total Debt. Do not research other fields.",P3_LATEST8Q,,MISSING_QUARTER_ALREADY_IDENTIFIED_LOCALLY,P8H-3-0668,NO_STRUCTURAL_BOUNDARY,COCH
MISSING_QUARTER_EXISTENCE,ADJACENT_EXACT_ANCHORS,Q3,2024,NO,FQ_RESOLVED_LOCAL_HIGH,FY_RESOLVED_DIRECT_EXACT,,"Research official issuer sources for FY2024 Q3. Verify missing quarter existence/source evidence, Revenue, Total Debt. Do not research other fields.",P3_LATEST8Q,,MISSING_QUARTER_ALREADY_IDENTIFIED_LOCALLY,P8H-3-0673,NO_STRUCTURAL_BOUNDARY,COGT
MISSING_QUARTER_EXISTENCE,ADJACENT_EXACT_ANCHORS,Q3,2024,NO,FQ_RESOLVED_LOCAL_HIGH,FY_RESOLVED_DIRECT_EXACT,,"Research official issuer sources for FY2024 Q3. Verify EBIT, missing quarter existence/source evidence, source semantics confirmation. Do not research other fields.",P3_LATEST8Q,,MISSING_QUARTER_ALREADY_IDENTIFIED_LOCALLY,P8H-3-0682,NO_STRUCTURAL_BOUNDARY,COP
MISSING_QUARTER_EXISTENCE,ADJACENT_EXACT_ANCHORS,Q3,2024,NO,FQ_RESOLVED_LOCAL_HIGH,FY_RESOLVED_DIRECT_EXACT,,"Research official issuer sources for FY2024 Q3. Verify EBIT, missing quarter existence/source evidence, source semantics confirmation. Do not research other fields.",P3_LATEST8Q,,MISSING_QUARTER_ALREADY_IDENTIFIED_LOCALLY,P8H-3-0696,NO_STRUCTURAL_BOUNDARY,CPT
MISSING_QUARTER_EXISTENCE,ADJACENT_EXACT_ANCHORS,Q4,2023,NO,FQ_RESOLVED_LOCAL_HIGH,FY_RESOLVED_DIRECT_EXACT,,"Research official issuer sources for FY2023 Q4. Verify first-public result publication date, missing quarter existence/source evidence, Total Debt. Do not research other fields.",P3_LATEST8Q,,MISSING_QUARTER_ALREADY_IDENTIFIED_LOCALLY,P8H-3-0747,NO_STRUCTURAL_BOUNDARY,CTNM
MISSING_QUARTER_EXISTENCE,ADJACENT_EXACT_ANCHORS,Q3,2024,NO,FQ_RESOLVED_LOCAL_HIGH,FY_RESOLVED_DIRECT_EXACT,,"Research official issuer sources for FY2024 Q3. Verify EBIT, missing quarter existence/source evidence, source semantics confirmation. Do not research other fields.",P3_LATEST8Q,,MISSING_QUARTER_ALREADY_IDENTIFIED_LOCALLY,P8H-3-0755,NO_STRUCTURAL_BOUNDARY,CTRE
MISSING_QUARTER_EXISTENCE,ADJACENT_EXACT_ANCHORS,Q3,2024,NO,FQ_RESOLVED_LOCAL_HIGH,FY_RESOLVED_DIRECT_EXACT,,"Research official issuer sources for FY2024 Q3. Verify EBIT, missing quarter existence/source evidence, source semantics confirmation. Do not research other fields.",P3_LATEST8Q,,MISSING_QUARTER_ALREADY_IDENTIFIED_LOCALLY,P8H-3-0762,NO_STRUCTURAL_BOUNDARY,CUBE
MISSING_QUARTER_EXISTENCE,ADJACENT_EXACT_ANCHORS,Q3,2024,NO,FQ_RESOLVED_LOCAL_HIGH,FY_RESOLVED_DIRECT_EXACT,,"Research official issuer sources for FY2024 Q3. Verify EBIT, missing quarter existence/source evidence, source semantics confirmation. Do not research other fields.",P3_LATEST8Q,,MISSING_QUARTER_ALREADY_IDENTIFIED_LOCALLY,P8H-3-0772,NO_STRUCTURAL_BOUNDARY,CVX
MISSING_QUARTER_EXISTENCE,ADJACENT_EXACT_ANCHORS,Q3,2024,NO,FQ_RESOLVED_LOCAL_HIGH,FY_RESOLVED_DIRECT_EXACT,,"Research official issuer sources for FY2024 Q3. Verify EBIT, missing quarter existence/source evidence, source semantics confirmation. Do not research other fields.",P3_LATEST8Q,,MISSING_QUARTER_ALREADY_IDENTIFIED_LOCALLY,P8H-3-0789,NO_STRUCTURAL_BOUNDARY,CXW
MISSING_QUARTER_EXISTENCE,ADJACENT_EXACT_ANCHORS,Q1,2025,NO,FQ_RESOLVED_LOCAL_HIGH,FY_RESOLVED_DIRECT_EXACT,,"Research official issuer sources for FY2025 Q1. Verify EBIT, missing quarter existence/source evidence, source semantics confirmation. Do not research other fields.",P3_LATEST8Q,,MISSING_QUARTER_ALREADY_IDENTIFIED_LOCALLY,P8H-3-0805,NO_STRUCTURAL_BOUNDARY,DAVE
MISSING_QUARTER_EXISTENCE,ADJACENT_EXACT_ANCHORS,Q3,2024,NO,FQ_RESOLVED_LOCAL_HIGH,FY_RESOLVED_DIRECT_EXACT,,"Research official issuer sources for FY2024 Q3. Verify EBIT, missing quarter existence/source evidence, source semantics confirmation. Do not research other fields.",P3_LATEST8Q,,MISSING_QUARTER_ALREADY_IDENTIFIED_LOCALLY,P8H-3-0814,NO_STRUCTURAL_BOUNDARY,DEA
MISSING_QUARTER_EXISTENCE,ADJACENT_EXACT_ANCHORS,Q3,2024,NO,FQ_RESOLVED_LOCAL_HIGH,FY_RESOLVED_DIRECT_EXACT,,"Research official issuer sources for FY2024 Q3. Verify EBIT, missing quarter existence/source evidence, source semantics confirmation. Do not research other fields.",P3_LATEST8Q,,MISSING_QUARTER_ALREADY_IDENTIFIED_LOCALLY,P8H-3-0820,NO_STRUCTURAL_BOUNDARY,DEI
MISSING_QUARTER_EXISTENCE,ADJACENT_EXACT_ANCHORS,Q3,2024,NO,FQ_RESOLVED_LOCAL_HIGH,FY_RESOLVED_DIRECT_EXACT,,"Research official issuer sources for FY2024 Q3. Verify EBIT, missing quarter existence/source evidence, source semantics confirmation. Do not research other fields.",P3_LATEST8Q,,MISSING_QUARTER_ALREADY_IDENTIFIED_LOCALLY,P8H-3-0827,NO_STRUCTURAL_BOUNDARY,DFH
MISSING_QUARTER_EXISTENCE,ADJACENT_EXACT_ANCHORS,Q1,2025,NO,FQ_RESOLVED_LOCAL_HIGH,FY_RESOLVED_DIRECT_EXACT,,"Research official issuer sources for FY2025 Q1. Verify EBIT, missing quarter existence/source evidence, source semantics confirmation. Do not research other fields.",P3_LATEST8Q,,MISSING_QUARTER_ALREADY_IDENTIFIED_LOCALLY,P8H-3-0834,NO_STRUCTURAL_BOUNDARY,DHC
MISSING_QUARTER_EXISTENCE,ADJACENT_EXACT_ANCHORS,Q3,2024,NO,FQ_RESOLVED_LOCAL_HIGH,FY_RESOLVED_DIRECT_EXACT,,"Research official issuer sources for FY2024 Q3. Verify EBIT, missing quarter existence/source evidence, source semantics confirmation. Do not research other fields.",P3_LATEST8Q,,MISSING_QUARTER_ALREADY_IDENTIFIED_LOCALLY,P8H-3-0835,NO_STRUCTURAL_BOUNDARY,DHI
MISSING_QUARTER_EXISTENCE,ADJACENT_EXACT_ANCHORS,Q1,2025,NO,FQ_RESOLVED_LOCAL_HIGH,FY_RESOLVED_DIRECT_EXACT,,"Research official issuer sources for FY2025 Q1. Verify EBIT, missing quarter existence/source evidence, source semantics confirmation. Do not research other fields.",P3_LATEST8Q,,MISSING_QUARTER_ALREADY_IDENTIFIED_LOCALLY,P8H-3-0836,NO_STRUCTURAL_BOUNDARY,DHI
MISSING_QUARTER_EXISTENCE,ADJACENT_EXACT_ANCHORS,Q1,2025,NO,FQ_RESOLVED_LOCAL_HIGH,FY_RESOLVED_DIRECT_EXACT,,"Research official issuer sources for FY2025 Q1. Verify EBIT, missing quarter existence/source evidence, source semantics confirmation. Do not research other fields.",P3_LATEST8Q,,MISSING_QUARTER_ALREADY_IDENTIFIED_LOCALLY,P8H-3-0874,NO_STRUCTURAL_BOUNDARY,DOC
MISSING_QUARTER_EXISTENCE,ADJACENT_EXACT_ANCHORS,Q3,2024,NO,FQ_RESOLVED_LOCAL_HIGH,FY_RESOLVED_DIRECT_EXACT,,"Research official issuer sources for FY2024 Q3. Verify missing quarter existence/source evidence, Revenue, Total Debt. Do not research other fields.",P3_LATEST8Q,,MISSING_QUARTER_ALREADY_IDENTIFIED_LOCALLY,P8H-3-0890,NO_STRUCTURAL_BOUNDARY,DSGN
MISSING_QUARTER_EXISTENCE,ADJACENT_EXACT_ANCHORS,Q3,2024,NO,FQ_RESOLVED_LOCAL_HIGH,FY_RESOLVED_DIRECT_EXACT,,"Research official issuer sources for FY2024 Q3. Verify EBIT, missing quarter existence/source evidence, source semantics confirmation. Do not research other fields.",P3_LATEST8Q,,MISSING_QUARTER_ALREADY_IDENTIFIED_LOCALLY,P8H-3-0899,NO_STRUCTURAL_BOUNDARY,DVN
MISSING_QUARTER_EXISTENCE,ADJACENT_EXACT_ANCHORS,Q3,2024,NO,FQ_RESOLVED_LOCAL_HIGH,FY_RESOLVED_DIRECT_EXACT,,"Research official issuer sources for FY2024 Q3. Verify missing quarter existence/source evidence, Revenue, Total Debt. Do not research other fields.",P3_LATEST8Q,,MISSING_QUARTER_ALREADY_IDENTIFIED_LOCALLY,P8H-3-0908,NO_STRUCTURAL_BOUNDARY,DYN
MISSING_QUARTER_EXISTENCE,ADJACENT_EXACT_ANCHORS,Q1,2025,NO,FQ_RESOLVED_LOCAL_HIGH,FY_RESOLVED_DIRECT_EXACT,,"Research official issuer sources for FY2025 Q1. Verify EBIT, missing quarter existence/source evidence, source semantics confirmation. Do not research other fields.",P3_LATEST8Q,,MISSING_QUARTER_ALREADY_IDENTIFIED_LOCALLY,P8H-3-0934,NO_STRUCTURAL_BOUNDARY,EFC
MISSING_QUARTER_EXISTENCE,ADJACENT_EXACT_ANCHORS,Q3,2024,NO,FQ_RESOLVED_LOCAL_HIGH,FY_RESOLVED_DIRECT_EXACT,,"Research official issuer sources for FY2024 Q3. Verify EBIT, missing quarter existence/source evidence, source semantics confirmation. Do not research other fields.",P3_LATEST8Q,,MISSING_QUARTER_ALREADY_IDENTIFIED_LOCALLY,P8H-3-0937,NO_STRUCTURAL_BOUNDARY,EGP
MISSING_QUARTER_EXISTENCE,ADJACENT_EXACT_ANCHORS,Q3,2024,NO,FQ_RESOLVED_LOCAL_HIGH,FY_RESOLVED_DIRECT_EXACT,,"Research official issuer sources for FY2024 Q3. Verify EBIT, missing quarter existence/source evidence, source semantics confirmation. Do not research other fields.",P3_LATEST8Q,,MISSING_QUARTER_ALREADY_IDENTIFIED_LOCALLY,P8H-3-0939,NO_STRUCTURAL_BOUNDARY,EHC
MISSING_QUARTER_EXISTENCE,ADJACENT_EXACT_ANCHORS,Q3,2024,NO,FQ_RESOLVED_LOCAL_HIGH,FY_RESOLVED_DIRECT_EXACT,,"Research official issuer sources for FY2024 Q3. Verify EBIT, missing quarter existence/source evidence, source semantics confirmation. Do not research other fields.",P3_LATEST8Q,,MISSING_QUARTER_ALREADY_IDENTIFIED_LOCALLY,P8H-3-0945,NO_STRUCTURAL_BOUNDARY,ELAN
MISSING_QUARTER_EXISTENCE,ADJACENT_EXACT_ANCHORS,Q3,2024,NO,FQ_RESOLVED_LOCAL_HIGH,FY_RESOLVED_DIRECT_EXACT,,"Research official issuer sources for FY2024 Q3. Verify missing quarter existence/source evidence, Revenue, Total Debt. Do not research other fields.",P3_LATEST8Q,,MISSING_QUARTER_ALREADY_IDENTIFIED_LOCALLY,P8H-3-0953,NO_STRUCTURAL_BOUNDARY,ELVN
MISSING_QUARTER_EXISTENCE,ADJACENT_EXACT_ANCHORS,Q3,2024,NO,FQ_RESOLVED_LOCAL_HIGH,FY_RESOLVED_DIRECT_EXACT,,"Research official issuer sources for FY2024 Q3. Verify EBIT, missing quarter existence/source evidence, source semantics confirmation. Do not research other fields.",P3_LATEST8Q,,MISSING_QUARTER_ALREADY_IDENTIFIED_LOCALLY,P8H-3-0958,NO_STRUCTURAL_BOUNDARY,EMN
MISSING_QUARTER_EXISTENCE,ADJACENT_EXACT_ANCHORS,Q3,2024,NO,FQ_RESOLVED_LOCAL_HIGH,FY_RESOLVED_DIRECT_EXACT,,"Research official issuer sources for FY2024 Q3. Verify EBIT, missing quarter existence/source evidence, source semantics confirmation. Do not research other fields.",P3_LATEST8Q,,MISSING_QUARTER_ALREADY_IDENTIFIED_LOCALLY,P8H-3-0962,NO_STRUCTURAL_BOUNDARY,EMR
MISSING_QUARTER_EXISTENCE,ADJACENT_EXACT_ANCHORS,Q4,2023,NO,FQ_RESOLVED_LOCAL_HIGH,FY_RESOLVED_DIRECT_EXACT,,"Research official issuer sources for FY2023 Q4. Verify missing quarter existence/source evidence, Revenue, Total Debt. Do not research other fields.",P3_LATEST8Q,,MISSING_QUARTER_ALREADY_IDENTIFIED_LOCALLY,P8H-3-0964,NO_STRUCTURAL_BOUNDARY,ENGN
MISSING_QUARTER_EXISTENCE,ADJACENT_EXACT_ANCHORS,Q3,2024,NO,FQ_RESOLVED_LOCAL_HIGH,FY_RESOLVED_DIRECT_EXACT,,"Research official issuer sources for FY2024 Q3. Verify EBIT, missing quarter existence/source evidence, source semantics confirmation. Do not research other fields.",P3_LATEST8Q,,MISSING_QUARTER_ALREADY_IDENTIFIED_LOCALLY,P8H-3-0967,NO_STRUCTURAL_BOUNDARY,ENR
MISSING_QUARTER_EXISTENCE,ADJACENT_EXACT_ANCHORS,Q3,2024,NO,FQ_RESOLVED_LOCAL_HIGH,FY_RESOLVED_DIRECT_EXACT,,"Research official issuer sources for FY2024 Q3. Verify EBIT, missing quarter existence/source evidence, source semantics confirmation. Do not research other fields.",P3_LATEST8Q,,MISSING_QUARTER_ALREADY_IDENTIFIED_LOCALLY,P8H-3-0987,NO_STRUCTURAL_BOUNDARY,EQR
MISSING_QUARTER_EXISTENCE,ADJACENT_EXACT_ANCHORS,Q3,2024,NO,FQ_RESOLVED_LOCAL_HIGH,FY_RESOLVED_DIRECT_EXACT,,"Research official issuer sources for FY2024 Q3. Verify EBIT, missing quarter existence/source evidence, source semantics confirmation. Do not research other fields.",P3_LATEST8Q,,MISSING_QUARTER_ALREADY_IDENTIFIED_LOCALLY,P8H-3-0995,NO_STRUCTURAL_BOUNDARY,ESE
MISSING_QUARTER_EXISTENCE,ADJACENT_EXACT_ANCHORS,Q3,2024,NO,FQ_RESOLVED_LOCAL_HIGH,FY_RESOLVED_DIRECT_EXACT,,"Research official issuer sources for FY2024 Q3. Verify EBIT, missing quarter existence/source evidence, source semantics confirmation. Do not research other fields.",P3_LATEST8Q,,MISSING_QUARTER_ALREADY_IDENTIFIED_LOCALLY,P8H-3-1001,NO_STRUCTURAL_BOUNDARY,ETN
MISSING_QUARTER_EXISTENCE,ADJACENT_EXACT_ANCHORS,Q3,2024,NO,FQ_RESOLVED_LOCAL_HIGH,FY_RESOLVED_DIRECT_EXACT,,"Research official issuer sources for FY2024 Q3. Verify missing quarter existence/source evidence, Revenue, Total Debt. Do not research other fields.",P3_LATEST8Q,,MISSING_QUARTER_ALREADY_IDENTIFIED_LOCALLY,P8H-3-1014,NO_STRUCTURAL_BOUNDARY,EWTX
MISSING_QUARTER_EXISTENCE,ADJACENT_EXACT_ANCHORS,Q3,2024,NO,FQ_RESOLVED_LOCAL_HIGH,FY_RESOLVED_DIRECT_EXACT,,"Research official issuer sources for FY2024 Q3. Verify EBIT, missing quarter existence/source evidence, source semantics confirmation. Do not research other fields.",P3_LATEST8Q,,MISSING_QUARTER_ALREADY_IDENTIFIED_LOCALLY,P8H-3-1071,NO_STRUCTURAL_BOUNDARY,FLNC
MISSING_QUARTER_EXISTENCE,ADJACENT_EXACT_ANCHORS,Q3,2024,NO,FQ_RESOLVED_LOCAL_HIGH,FY_RESOLVED_DIRECT_EXACT,,"Research official issuer sources for FY2024 Q3. Verify EBIT, missing quarter existence/source evidence, source semantics confirmation. Do not research other fields.",P3_LATEST8Q,,MISSING_QUARTER_ALREADY_IDENTIFIED_LOCALLY,P8H-3-1078,NO_STRUCTURAL_BOUNDARY,FOR
MISSING_QUARTER_EXISTENCE,ADJACENT_EXACT_ANCHORS,Q1,2025,NO,FQ_RESOLVED_LOCAL_HIGH,FY_RESOLVED_DIRECT_EXACT,,"Research official issuer sources for FY2025 Q1. Verify EBIT, missing quarter existence/source evidence, source semantics confirmation. Do not research other fields.",P3_LATEST8Q,,MISSING_QUARTER_ALREADY_IDENTIFIED_LOCALLY,P8H-3-1079,NO_STRUCTURAL_BOUNDARY,FOR
MISSING_QUARTER_EXISTENCE,ADJACENT_EXACT_ANCHORS,Q3,2024,NO,FQ_RESOLVED_LOCAL_HIGH,FY_RESOLVED_DIRECT_EXACT,,"Research official issuer sources for FY2024 Q3. Verify Cash, missing quarter existence/source evidence, Total Debt. Do not research other fields.",P3_LATEST8Q,,MISSING_QUARTER_ALREADY_IDENTIFIED_LOCALLY,P8H-3-1087,NO_STRUCTURAL_BOUNDARY,FOXX
MISSING_QUARTER_EXISTENCE,ADJACENT_EXACT_ANCHORS,Q3,2024,NO,FQ_RESOLVED_LOCAL_HIGH,FY_RESOLVED_DIRECT_EXACT,,"Research official issuer sources for FY2024 Q3. Verify EBIT, missing quarter existence/source evidence, source semantics confirmation. Do not research other fields.",P3_LATEST8Q,,MISSING_QUARTER_ALREADY_IDENTIFIED_LOCALLY,P8H-3-1089,NO_STRUCTURAL_BOUNDARY,FPH
MISSING_QUARTER_EXISTENCE,ADJACENT_EXACT_ANCHORS,Q3,2024,NO,FQ_RESOLVED_LOCAL_HIGH,FY_RESOLVED_DIRECT_EXACT,,"Research official issuer sources for FY2024 Q3. Verify EBIT, missing quarter existence/source evidence, source semantics confirmation. Do not research other fields.",P3_LATEST8Q,,MISSING_QUARTER_ALREADY_IDENTIFIED_LOCALLY,P8H-3-1094,NO_STRUCTURAL_BOUNDARY,FR
MISSING_QUARTER_EXISTENCE,ADJACENT_EXACT_ANCHORS,Q3,2024,NO,FQ_RESOLVED_LOCAL_HIGH,FY_RESOLVED_DIRECT_EXACT,,"Research official issuer sources for FY2024 Q3. Verify EBIT, missing quarter existence/source evidence, source semantics confirmation. Do not research other fields.",P3_LATEST8Q,,MISSING_QUARTER_ALREADY_IDENTIFIED_LOCALLY,P8H-3-1101,NO_STRUCTURAL_BOUNDARY,FTAI
MISSING_QUARTER_EXISTENCE,ADJACENT_EXACT_ANCHORS,Q3,2024,NO,FQ_RESOLVED_LOCAL_HIGH,FY_RESOLVED_DIRECT_EXACT,,"Research official issuer sources for FY2024 Q3. Verify EBIT, missing quarter existence/source evidence, source semantics confirmation. Do not research other fields.",P3_LATEST8Q,,MISSING_QUARTER_ALREADY_IDENTIFIED_LOCALLY,P8H-3-1103,NO_STRUCTURAL_BOUNDARY,FTDR
MISSING_QUARTER_EXISTENCE,ADJACENT_EXACT_ANCHORS,Q3,2024,NO,FQ_RESOLVED_LOCAL_HIGH,FY_RESOLVED_DIRECT_EXACT,,"Research official issuer sources for FY2024 Q3. Verify first-public result publication date, missing quarter existence/source evidence, Total Debt. Do not research other fields.",P3_LATEST8Q,,MISSING_QUARTER_ALREADY_IDENTIFIED_LOCALLY,P8H-3-1105,NO_STRUCTURAL_BOUNDARY,FTFT
MISSING_QUARTER_EXISTENCE,ADJACENT_EXACT_ANCHORS,Q3,2024,NO,FQ_RESOLVED_LOCAL_HIGH,FY_RESOLVED_DIRECT_EXACT,,"Research official issuer sources for FY2024 Q3. Verify EBIT, missing quarter existence/source evidence, source semantics confirmation. Do not research other fields.",P3_LATEST8Q,,MISSING_QUARTER_ALREADY_IDENTIFIED_LOCALLY,P8H-3-1128,NO_STRUCTURAL_BOUNDARY,GATX
MISSING_QUARTER_EXISTENCE,ADJACENT_EXACT_ANCHORS,Q3,2024,NO,FQ_RESOLVED_LOCAL_HIGH,FY_RESOLVED_DIRECT_EXACT,,"Research official issuer sources for FY2024 Q3. Verify EBIT, missing quarter existence/source evidence, source semantics confirmation. Do not research other fields.",P3_LATEST8Q,,MISSING_QUARTER_ALREADY_IDENTIFIED_LOCALLY,P8H-3-1143,NO_STRUCTURAL_BOUNDARY,GE
MISSING_QUARTER_EXISTENCE,ADJACENT_EXACT_ANCHORS,Q3,2024,NO,FQ_RESOLVED_LOCAL_HIGH,FY_RESOLVED_DIRECT_EXACT,,"Research official issuer sources for FY2024 Q3. Verify EBIT, missing quarter existence/source evidence, source semantics confirmation. Do not research other fields.",P3_LATEST8Q,,MISSING_QUARTER_ALREADY_IDENTIFIED_LOCALLY,P8H-3-1180,NO_STRUCTURAL_BOUNDARY,GOOD
MISSING_QUARTER_EXISTENCE,ADJACENT_EXACT_ANCHORS,Q3,2024,NO,FQ_RESOLVED_LOCAL_HIGH,FY_RESOLVED_DIRECT_EXACT,,"Research official issuer sources for FY2024 Q3. Verify EBIT, missing quarter existence/source evidence, source semantics confirmation. Do not research other fields.",P3_LATEST8Q,,MISSING_QUARTER_ALREADY_IDENTIFIED_LOCALLY,P8H-3-1184,NO_STRUCTURAL_BOUNDARY,GPC
MISSING_QUARTER_EXISTENCE,ADJACENT_EXACT_ANCHORS,Q3,2024,NO,FQ_RESOLVED_LOCAL_HIGH,FY_RESOLVED_DIRECT_EXACT,,"Research official issuer sources for FY2024 Q3. Verify missing quarter existence/source evidence, Revenue, Total Debt. Do not research other fields.",P3_LATEST8Q,,MISSING_QUARTER_ALREADY_IDENTIFIED_LOCALLY,P8H-3-1186,NO_STRUCTURAL_BOUNDARY,GPCR
MISSING_QUARTER_EXISTENCE,ADJACENT_EXACT_ANCHORS,Q3,2024,NO,FQ_RESOLVED_LOCAL_HIGH,FY_RESOLVED_DIRECT_EXACT,,"Research official issuer sources for FY2024 Q3. Verify EBIT, missing quarter existence/source evidence, source semantics confirmation. Do not research other fields.",P3_LATEST8Q,,MISSING_QUARTER_ALREADY_IDENTIFIED_LOCALLY,P8H-3-1217,NO_STRUCTURAL_BOUNDARY,GTX
MISSING_QUARTER_EXISTENCE,ADJACENT_EXACT_ANCHORS,Q1,2025,NO,FQ_RESOLVED_LOCAL_HIGH,FY_RESOLVED_DIRECT_EXACT,,"Research official issuer sources for FY2025 Q1. Verify first-public result publication date, missing quarter existence/source evidence, Total Debt. Do not research other fields.",P3_LATEST8Q,,MISSING_QUARTER_ALREADY_IDENTIFIED_LOCALLY,P8H-3-1224,NO_STRUCTURAL_BOUNDARY,GXAI
MISSING_QUARTER_EXISTENCE,ADJACENT_EXACT_ANCHORS,Q3,2024,NO,FQ_RESOLVED_LOCAL_HIGH,FY_RESOLVED_DIRECT_EXACT,,"Research official issuer sources for FY2024 Q3. Verify EBIT, missing quarter existence/source evidence, source semantics confirmation. Do not research other fields.",P3_LATEST8Q,,MISSING_QUARTER_ALREADY_IDENTIFIED_LOCALLY,P8H-3-1232,NO_STRUCTURAL_BOUNDARY,HCA
MISSING_QUARTER_EXISTENCE,ADJACENT_EXACT_ANCHORS,Q3,2024,NO,FQ_RESOLVED_LOCAL_HIGH,FY_RESOLVED_DIRECT_EXACT,,"Research official issuer sources for FY2024 Q3. Verify EBIT, missing quarter existence/source evidence, source semantics confirmation. Do not research other fields.",P3_LATEST8Q,,MISSING_QUARTER_ALREADY_IDENTIFIED_LOCALLY,P8H-3-1234,NO_STRUCTURAL_BOUNDARY,HCSG
MISSING_QUARTER_EXISTENCE,ADJACENT_EXACT_ANCHORS,Q3,2024,NO,FQ_RESOLVED_LOCAL_HIGH,FY_RESOLVED_DIRECT_EXACT,,"Research official issuer sources for FY2024 Q3. Verify EBIT, missing quarter existence/source evidence, source semantics confirmation. Do not research other fields.",P3_LATEST8Q,,MISSING_QUARTER_ALREADY_IDENTIFIED_LOCALLY,P8H-3-1246,NO_STRUCTURAL_BOUNDARY,HGV
MISSING_QUARTER_EXISTENCE,ADJACENT_EXACT_ANCHORS,Q3,2024,NO,FQ_RESOLVED_LOCAL_HIGH,FY_RESOLVED_DIRECT_EXACT,,"Research official issuer sources for FY2024 Q3. Verify EBIT, missing quarter existence/source evidence, source semantics confirmation. Do not research other fields.",P3_LATEST8Q,,MISSING_QUARTER_ALREADY_IDENTIFIED_LOCALLY,P8H-3-1277,NO_STRUCTURAL_BOUNDARY,HPP
MISSING_QUARTER_EXISTENCE,ADJACENT_EXACT_ANCHORS,Q1,2025,NO,FQ_RESOLVED_LOCAL_HIGH,FY_RESOLVED_DIRECT_EXACT,,"Research official issuer sources for FY2025 Q1. Verify EBIT, missing quarter existence/source evidence, source semantics confirmation. Do not research other fields.",P3_LATEST8Q,,MISSING_QUARTER_ALREADY_IDENTIFIED_LOCALLY,P8H-3-1281,NO_STRUCTURAL_BOUNDARY,HR
MISSING_QUARTER_EXISTENCE,ADJACENT_EXACT_ANCHORS,Q3,2024,NO,FQ_RESOLVED_LOCAL_HIGH,FY_RESOLVED_DIRECT_EXACT,,"Research official issuer sources for FY2024 Q3. Verify EBIT, missing quarter existence/source evidence, source semantics confirmation. Do not research other fields.",P3_LATEST8Q,,MISSING_QUARTER_ALREADY_IDENTIFIED_LOCALLY,P8H-3-1285,NO_STRUCTURAL_BOUNDARY,HRI
MISSING_QUARTER_EXISTENCE,ADJACENT_EXACT_ANCHORS,Q3,2024,NO,FQ_RESOLVED_LOCAL_HIGH,FY_RESOLVED_DIRECT_EXACT,,"Research official issuer sources for FY2024 Q3. Verify EBIT, missing quarter existence/source evidence, source semantics confirmation. Do not research other fields.",P3_LATEST8Q,,MISSING_QUARTER_ALREADY_IDENTIFIED_LOCALLY,P8H-3-1297,NO_STRUCTURAL_BOUNDARY,HTZ
MISSING_QUARTER_EXISTENCE,ADJACENT_EXACT_ANCHORS,Q3,2024,NO,FQ_RESOLVED_LOCAL_HIGH,FY_RESOLVED_DIRECT_EXACT,,"Research official issuer sources for FY2024 Q3. Verify EBIT, missing quarter existence/source evidence, source semantics confirmation. Do not research other fields.",P3_LATEST8Q,,MISSING_QUARTER_ALREADY_IDENTIFIED_LOCALLY,P8H-3-1315,NO_STRUCTURAL_BOUNDARY,IBM
MISSING_QUARTER_EXISTENCE,ADJACENT_EXACT_ANCHORS,Q1,2025,NO,FQ_RESOLVED_LOCAL_HIGH,FY_RESOLVED_DIRECT_EXACT,,"Research official issuer sources for FY2025 Q1. Verify EBIT, missing quarter existence/source evidence, source semantics confirmation. Do not research other fields.",P3_LATEST8Q,,MISSING_QUARTER_ALREADY_IDENTIFIED_LOCALLY,P8H-3-1317,NO_STRUCTURAL_BOUNDARY,ICFI
MISSING_QUARTER_EXISTENCE,ADJACENT_EXACT_ANCHORS,Q3,2024,NO,FQ_RESOLVED_LOCAL_HIGH,FY_RESOLVED_DIRECT_EXACT,,"Research official issuer sources for FY2024 Q3. Verify EBIT, missing quarter existence/source evidence, source semantics confirmation. Do not research other fields.",P3_LATEST8Q,,MISSING_QUARTER_ALREADY_IDENTIFIED_LOCALLY,P8H-3-1341,NO_STRUCTURAL_BOUNDARY,ILPT
MISSING_QUARTER_EXISTENCE,ADJACENT_EXACT_ANCHORS,Q3,2024,NO,FQ_RESOLVED_LOCAL_HIGH,FY_RESOLVED_DIRECT_EXACT,,"Research official issuer sources for FY2024 Q3. Verify missing quarter existence/source evidence, Revenue, Total Debt. Do not research other fields.",P3_LATEST8Q,,MISSING_QUARTER_ALREADY_IDENTIFIED_LOCALLY,P8H-3-1344,NO_STRUCTURAL_BOUNDARY,IMMX
MISSING_QUARTER_EXISTENCE,ADJACENT_EXACT_ANCHORS,Q3,2024,NO,FQ_RESOLVED_LOCAL_HIGH,FY_RESOLVED_DIRECT_EXACT,,"Research official issuer sources for FY2024 Q3. Verify missing quarter existence/source evidence, Revenue, Total Debt. Do not research other fields.",P3_LATEST8Q,,MISSING_QUARTER_ALREADY_IDENTIFIED_LOCALLY,P8H-3-1353,NO_STRUCTURAL_BOUNDARY,IMRX
MISSING_QUARTER_EXISTENCE,ADJACENT_EXACT_ANCHORS,Q3,2024,NO,FQ_RESOLVED_LOCAL_HIGH,FY_RESOLVED_DIRECT_EXACT,,"Research official issuer sources for FY2024 Q3. Verify Cash, missing quarter existence/source evidence, Total Debt. Do not research other fields.",P3_LATEST8Q,,MISSING_QUARTER_ALREADY_IDENTIFIED_LOCALLY,P8H-3-1369,NO_STRUCTURAL_BOUNDARY,INDV
MISSING_QUARTER_EXISTENCE,ADJACENT_EXACT_ANCHORS,Q3,2024,NO,FQ_RESOLVED_LOCAL_HIGH,FY_RESOLVED_DIRECT_EXACT,,"Research official issuer sources for FY2024 Q3. Verify EBIT, missing quarter existence/source evidence, source semantics confirmation. Do not research other fields.",P3_LATEST8Q,,MISSING_QUARTER_ALREADY_IDENTIFIED_LOCALLY,P8H-3-1413,NO_STRUCTURAL_BOUNDARY,IRT
MISSING_QUARTER_EXISTENCE,ADJACENT_EXACT_ANCHORS,Q1,2025,NO,FQ_RESOLVED_LOCAL_HIGH,FY_RESOLVED_DIRECT_EXACT,,"Research official issuer sources for FY2025 Q1. Verify EBIT, missing quarter existence/source evidence, Total Debt. Do not research other fields.",P3_LATEST8Q,,MISSING_QUARTER_ALREADY_IDENTIFIED_LOCALLY,P8H-3-1415,NO_STRUCTURAL_BOUNDARY,IRWD
MISSING_QUARTER_EXISTENCE,ADJACENT_EXACT_ANCHORS,Q3,2024,NO,FQ_RESOLVED_LOCAL_HIGH,FY_RESOLVED_DIRECT_EXACT,,"Research official issuer sources for FY2024 Q3. Verify EBIT, missing quarter existence/source evidence, source semantics confirmation. Do not research other fields.",P3_LATEST8Q,,MISSING_QUARTER_ALREADY_IDENTIFIED_LOCALLY,P8H-3-1434,NO_STRUCTURAL_BOUNDARY,JBGS
MISSING_QUARTER_EXISTENCE,ADJACENT_EXACT_ANCHORS,Q3,2024,NO,FQ_RESOLVED_LOCAL_HIGH,FY_RESOLVED_DIRECT_EXACT,,"Research official issuer sources for FY2024 Q3. Verify EBIT, missing quarter existence/source evidence, source semantics confirmation. Do not research other fields.",P3_LATEST8Q,,MISSING_QUARTER_ALREADY_IDENTIFIED_LOCALLY,P8H-3-1442,NO_STRUCTURAL_BOUNDARY,JCI
MISSING_QUARTER_EXISTENCE,ADJACENT_EXACT_ANCHORS,Q2,2025,NO,FQ_RESOLVED_LOCAL_HIGH,FY_RESOLVED_DIRECT_EXACT,,"Research official issuer sources for FY2025 Q2. Verify EBIT, missing quarter existence/source evidence, source semantics confirmation. Do not research other fields.",P3_LATEST8Q,,MISSING_QUARTER_ALREADY_IDENTIFIED_LOCALLY,P8H-3-1443,NO_STRUCTURAL_BOUNDARY,JKHY
MISSING_QUARTER_EXISTENCE,ADJACENT_EXACT_ANCHORS,Q3,2024,NO,FQ_RESOLVED_LOCAL_HIGH,FY_RESOLVED_DIRECT_EXACT,,"Research official issuer sources for FY2024 Q3. Verify EBIT, missing quarter existence/source evidence, source semantics confirmation. Do not research other fields.",P3_LATEST8Q,,MISSING_QUARTER_ALREADY_IDENTIFIED_LOCALLY,P8H-3-1453,NO_STRUCTURAL_BOUNDARY,KBH
MISSING_QUARTER_EXISTENCE,ADJACENT_EXACT_ANCHORS,Q3,2024,NO,FQ_RESOLVED_LOCAL_HIGH,FY_RESOLVED_DIRECT_EXACT,,"Research official issuer sources for FY2024 Q3. Verify missing quarter existence/source evidence, Revenue, Total Debt. Do not research other fields.",P3_LATEST8Q,,MISSING_QUARTER_ALREADY_IDENTIFIED_LOCALLY,P8H-3-1478,NO_STRUCTURAL_BOUNDARY,KOD
MISSING_QUARTER_EXISTENCE,ADJACENT_EXACT_ANCHORS,Q3,2024,NO,FQ_RESOLVED_LOCAL_HIGH,FY_RESOLVED_DIRECT_EXACT,,"Research official issuer sources for FY2024 Q3. Verify EBIT, missing quarter existence/source evidence, source semantics confirmation. Do not research other fields.",P3_LATEST8Q,,MISSING_QUARTER_ALREADY_IDENTIFIED_LOCALLY,P8H-3-1492,NO_STRUCTURAL_BOUNDARY,KRC
MISSING_QUARTER_EXISTENCE,ADJACENT_EXACT_ANCHORS,Q3,2024,NO,FQ_RESOLVED_LOCAL_HIGH,FY_RESOLVED_DIRECT_EXACT,,"Research official issuer sources for FY2024 Q3. Verify EBIT, missing quarter existence/source evidence, source semantics confirmation. Do not research other fields.",P3_LATEST8Q,,MISSING_QUARTER_ALREADY_IDENTIFIED_LOCALLY,P8H-3-1522,NO_STRUCTURAL_BOUNDARY,LADR
MISSING_QUARTER_EXISTENCE,ADJACENT_EXACT_ANCHORS,Q1,2025,NO,FQ_RESOLVED_LOCAL_HIGH,FY_RESOLVED_DIRECT_EXACT,,"Research official issuer sources for FY2025 Q1. Verify EBIT, missing quarter existence/source evidence, source semantics confirmation. Do not research other fields.",P3_LATEST8Q,,MISSING_QUARTER_ALREADY_IDENTIFIED_LOCALLY,P8H-3-1523,NO_STRUCTURAL_BOUNDARY,LADR
MISSING_QUARTER_EXISTENCE,ADJACENT_EXACT_ANCHORS,Q3,2024,NO,FQ_RESOLVED_LOCAL_HIGH,FY_RESOLVED_DIRECT_EXACT,,"Research official issuer sources for FY2024 Q3. Verify EBIT, missing quarter existence/source evidence, source semantics confirmation. Do not research other fields.",P3_LATEST8Q,,MISSING_QUARTER_ALREADY_IDENTIFIED_LOCALLY,P8H-3-1528,NO_STRUCTURAL_BOUNDARY,LAND
MISSING_QUARTER_EXISTENCE,ADJACENT_EXACT_ANCHORS,Q3,2024,NO,FQ_RESOLVED_LOCAL_HIGH,FY_RESOLVED_DIRECT_EXACT,,"Research official issuer sources for FY2024 Q3. Verify EBIT, missing quarter existence/source evidence, source semantics confirmation. Do not research other fields.",P3_LATEST8Q,,MISSING_QUARTER_ALREADY_IDENTIFIED_LOCALLY,P8H-3-1544,NO_STRUCTURAL_BOUNDARY,LEG
MISSING_QUARTER_EXISTENCE,ADJACENT_EXACT_ANCHORS,Q1,2025,NO,FQ_RESOLVED_LOCAL_HIGH,FY_RESOLVED_DIRECT_EXACT,,"Research official issuer sources for FY2025 Q1. Verify EBIT, missing quarter existence/source evidence, source semantics confirmation. Do not research other fields.",P3_LATEST8Q,,MISSING_QUARTER_ALREADY_IDENTIFIED_LOCALLY,P8H-3-1547,NO_STRUCTURAL_BOUNDARY,LEN
MISSING_QUARTER_EXISTENCE,ADJACENT_EXACT_ANCHORS,Q3,2024,NO,FQ_RESOLVED_LOCAL_HIGH,FY_RESOLVED_DIRECT_EXACT,,"Research official issuer sources for FY2024 Q3. Verify missing quarter existence/source evidence, Revenue, Total Debt. Do not research other fields.",P3_LATEST8Q,,MISSING_QUARTER_ALREADY_IDENTIFIED_LOCALLY,P8H-3-1550,NO_STRUCTURAL_BOUNDARY,LENZ
MISSING_QUARTER_EXISTENCE,ADJACENT_EXACT_ANCHORS,Q3,2024,NO,FQ_RESOLVED_LOCAL_HIGH,FY_RESOLVED_DIRECT_EXACT,,"Research official issuer sources for FY2024 Q3. Verify missing quarter existence/source evidence, Revenue, Total Debt. Do not research other fields.",P3_LATEST8Q,,MISSING_QUARTER_ALREADY_IDENTIFIED_LOCALLY,P8H-3-1565,NO_STRUCTURAL_BOUNDARY,LILA
MISSING_QUARTER_EXISTENCE,ADJACENT_EXACT_ANCHORS,Q3,2024,NO,FQ_RESOLVED_LOCAL_HIGH,FY_RESOLVED_DIRECT_EXACT,,"Research official issuer sources for FY2024 Q3. Verify missing quarter existence/source evidence, Revenue, Total Debt. Do not research other fields.",P3_LATEST8Q,,MISSING_QUARTER_ALREADY_IDENTIFIED_LOCALLY,P8H-3-1568,NO_STRUCTURAL_BOUNDARY,LILAK
MISSING_QUARTER_EXISTENCE,ADJACENT_EXACT_ANCHORS,Q1,2025,NO,FQ_RESOLVED_LOCAL_HIGH,FY_RESOLVED_DIRECT_EXACT,,"Research official issuer sources for FY2025 Q1. Verify missing quarter existence/source evidence, Revenue, Total Debt. Do not research other fields.",P3_LATEST8Q,,MISSING_QUARTER_ALREADY_IDENTIFIED_LOCALLY,P8H-3-1582,NO_STRUCTURAL_BOUNDARY,LKQ
MISSING_QUARTER_EXISTENCE,ADJACENT_EXACT_ANCHORS,Q3,2024,NO,FQ_RESOLVED_LOCAL_HIGH,FY_RESOLVED_DIRECT_EXACT,,"Research official issuer sources for FY2024 Q3. Verify first-public result publication date, missing quarter existence/source evidence, Total Debt. Do not research other fields.",P3_LATEST8Q,,MISSING_QUARTER_ALREADY_IDENTIFIED_LOCALLY,P8H-3-1632,NO_STRUCTURAL_BOUNDARY,LWLG
MISSING_QUARTER_EXISTENCE,ADJACENT_EXACT_ANCHORS,Q4,2023,NO,FQ_RESOLVED_LOCAL_HIGH,FY_RESOLVED_DIRECT_EXACT,,"Research official issuer sources for FY2023 Q4. Verify missing quarter existence/source evidence, Revenue, Total Debt. Do not research other fields.",P3_LATEST8Q,,MISSING_QUARTER_ALREADY_IDENTIFIED_LOCALLY,P8H-3-1634,NO_STRUCTURAL_BOUNDARY,LXEO
MISSING_QUARTER_EXISTENCE,ADJACENT_EXACT_ANCHORS,Q3,2024,NO,FQ_RESOLVED_LOCAL_HIGH,FY_RESOLVED_DIRECT_EXACT,,"Research official issuer sources for FY2024 Q3. Verify missing quarter existence/source evidence, Revenue, Total Debt. Do not research other fields.",P3_LATEST8Q,,MISSING_QUARTER_ALREADY_IDENTIFIED_LOCALLY,P8H-3-1635,NO_STRUCTURAL_BOUNDARY,LXEO
MISSING_QUARTER_EXISTENCE,ADJACENT_EXACT_ANCHORS,Q3,2024,NO,FQ_RESOLVED_LOCAL_HIGH,FY_RESOLVED_DIRECT_EXACT,,"Research official issuer sources for FY2024 Q3. Verify EBIT, missing quarter existence/source evidence, source semantics confirmation. Do not research other fields.",P3_LATEST8Q,,MISSING_QUARTER_ALREADY_IDENTIFIED_LOCALLY,P8H-3-1638,NO_STRUCTURAL_BOUNDARY,LXP
MISSING_QUARTER_EXISTENCE,ADJACENT_EXACT_ANCHORS,Q3,2024,NO,FQ_RESOLVED_LOCAL_HIGH,FY_RESOLVED_DIRECT_EXACT,,"Research official issuer sources for FY2024 Q3. Verify EBIT, missing quarter existence/source evidence, source semantics confirmation. Do not research other fields.",P3_LATEST8Q,,MISSING_QUARTER_ALREADY_IDENTIFIED_LOCALLY,P8H-3-1651,NO_STRUCTURAL_BOUNDARY,MAA
MISSING_QUARTER_EXISTENCE,ADJACENT_EXACT_ANCHORS,Q3,2024,NO,FQ_RESOLVED_LOCAL_HIGH,FY_RESOLVED_DIRECT_EXACT,,"Research official issuer sources for FY2024 Q3. Verify EBIT, missing quarter existence/source evidence, source semantics confirmation. Do not research other fields.",P3_LATEST8Q,,MISSING_QUARTER_ALREADY_IDENTIFIED_LOCALLY,P8H-3-1653,NO_STRUCTURAL_BOUNDARY,MAC
MISSING_QUARTER_EXISTENCE,ADJACENT_EXACT_ANCHORS,Q3,2024,NO,FQ_RESOLVED_LOCAL_HIGH,FY_RESOLVED_DIRECT_EXACT,,"Research official issuer sources for FY2024 Q3. Verify missing quarter existence/source evidence, Revenue, Total Debt. Do not research other fields.",P3_LATEST8Q,,MISSING_QUARTER_ALREADY_IDENTIFIED_LOCALLY,P8H-3-1676,NO_STRUCTURAL_BOUNDARY,MBOT
MISSING_QUARTER_EXISTENCE,ADJACENT_EXACT_ANCHORS,Q3,2024,NO,FQ_RESOLVED_LOCAL_HIGH,FY_RESOLVED_DIRECT_EXACT,,"Research official issuer sources for FY2024 Q3. Verify EBIT, missing quarter existence/source evidence, source semantics confirmation. Do not research other fields.",P3_LATEST8Q,,MISSING_QUARTER_ALREADY_IDENTIFIED_LOCALLY,P8H-3-1683,NO_STRUCTURAL_BOUNDARY,MCRI
MISSING_QUARTER_EXISTENCE,ADJACENT_EXACT_ANCHORS,Q1,2025,NO,FQ_RESOLVED_LOCAL_HIGH,FY_RESOLVED_DIRECT_EXACT,,"Research official issuer sources for FY2025 Q1. Verify EBIT, missing quarter existence/source evidence, source semantics confirmation. Do not research other fields.",P3_LATEST8Q,,MISSING_QUARTER_ALREADY_IDENTIFIED_LOCALLY,P8H-3-1696,NO_STRUCTURAL_BOUNDARY,MDXG
MISSING_QUARTER_EXISTENCE,ADJACENT_EXACT_ANCHORS,Q1,2025,NO,FQ_RESOLVED_LOCAL_HIGH,FY_RESOLVED_DIRECT_EXACT,,"Research official issuer sources for FY2025 Q1. Verify EBIT, missing quarter existence/source evidence, source semantics confirmation. Do not research other fields.",P3_LATEST8Q,,MISSING_QUARTER_ALREADY_IDENTIFIED_LOCALLY,P8H-3-1727,NO_STRUCTURAL_BOUNDARY,MITT
MISSING_QUARTER_EXISTENCE,ADJACENT_EXACT_ANCHORS,Q3,2024,NO,FQ_RESOLVED_LOCAL_HIGH,FY_RESOLVED_DIRECT_EXACT,,"Research official issuer sources for FY2024 Q3. Verify EBIT, missing quarter existence/source evidence, source semantics confirmation. Do not research other fields.",P3_LATEST8Q,,MISSING_QUARTER_ALREADY_IDENTIFIED_LOCALLY,P8H-3-1786,NO_STRUCTURAL_BOUNDARY,MTD
MISSING_QUARTER_EXISTENCE,ADJACENT_EXACT_ANCHORS,Q3,2024,NO,FQ_RESOLVED_LOCAL_HIGH,FY_RESOLVED_DIRECT_EXACT,,"Research official issuer sources for FY2024 Q3. Verify EBIT, missing quarter existence/source evidence, source semantics confirmation. Do not research other fields.",P3_LATEST8Q,,MISSING_QUARTER_ALREADY_IDENTIFIED_LOCALLY,P8H-3-1788,NO_STRUCTURAL_BOUNDARY,MTH
MISSING_QUARTER_EXISTENCE,ADJACENT_EXACT_ANCHORS,Q1,2025,NO,FQ_RESOLVED_LOCAL_HIGH,FY_RESOLVED_DIRECT_EXACT,,"Research official issuer sources for FY2025 Q1. Verify EBIT, missing quarter existence/source evidence, source semantics confirmation. Do not research other fields.",P3_LATEST8Q,,MISSING_QUARTER_ALREADY_IDENTIFIED_LOCALLY,P8H-3-1793,NO_STRUCTURAL_BOUNDARY,MTUS
MISSING_QUARTER_EXISTENCE,ADJACENT_EXACT_ANCHORS,Q3,2024,NO,FQ_RESOLVED_LOCAL_HIGH,FY_RESOLVED_DIRECT_EXACT,,"Research official issuer sources for FY2024 Q3. Verify EBIT, missing quarter existence/source evidence, source semantics confirmation. Do not research other fields.",P3_LATEST8Q,,MISSING_QUARTER_ALREADY_IDENTIFIED_LOCALLY,P8H-3-1796,NO_STRUCTURAL_BOUNDARY,MTZ
MISSING_QUARTER_EXISTENCE,ADJACENT_EXACT_ANCHORS,Q3,2024,NO,FQ_RESOLVED_LOCAL_HIGH,FY_RESOLVED_DIRECT_EXACT,,"Research official issuer sources for FY2024 Q3. Verify EBIT, missing quarter existence/source evidence, source semantics confirmation. Do not research other fields.",P3_LATEST8Q,,MISSING_QUARTER_ALREADY_IDENTIFIED_LOCALLY,P8H-3-1834,NO_STRUCTURAL_BOUNDARY,NEM
MISSING_QUARTER_EXISTENCE,ADJACENT_EXACT_ANCHORS,Q3,2024,NO,FQ_RESOLVED_LOCAL_HIGH,FY_RESOLVED_DIRECT_EXACT,,"Research official issuer sources for FY2024 Q3. Verify EBIT, missing quarter existence/source evidence, source semantics confirmation. Do not research other fields.",P3_LATEST8Q,,MISSING_QUARTER_ALREADY_IDENTIFIED_LOCALLY,P8H-3-1904,NO_STRUCTURAL_BOUNDARY,NTST
MISSING_QUARTER_EXISTENCE,ADJACENT_EXACT_ANCHORS,Q3,2024,NO,FQ_RESOLVED_LOCAL_HIGH,FY_RESOLVED_DIRECT_EXACT,,"Research official issuer sources for FY2024 Q3. Verify EBIT, missing quarter existence/source evidence, source semantics confirmation. Do not research other fields.",P3_LATEST8Q,,MISSING_QUARTER_ALREADY_IDENTIFIED_LOCALLY,P8H-3-1909,NO_STRUCTURAL_BOUNDARY,NUE
MISSING_QUARTER_EXISTENCE,ADJACENT_EXACT_ANCHORS,Q3,2024,NO,FQ_RESOLVED_LOCAL_HIGH,FY_RESOLVED_DIRECT_EXACT,,"Research official issuer sources for FY2024 Q3. Verify EBIT, missing quarter existence/source evidence, source semantics confirmation. Do not research other fields.",P3_LATEST8Q,,MISSING_QUARTER_ALREADY_IDENTIFIED_LOCALLY,P8H-3-1948,NO_STRUCTURAL_BOUNDARY,O
MISSING_QUARTER_EXISTENCE,ADJACENT_EXACT_ANCHORS,Q3,2024,NO,FQ_RESOLVED_LOCAL_HIGH,FY_RESOLVED_DIRECT_EXACT,,"Research official issuer sources for FY2024 Q3. Verify EBIT, missing quarter existence/source evidence, source semantics confirmation. Do not research other fields.",P3_LATEST8Q,,MISSING_QUARTER_ALREADY_IDENTIFIED_LOCALLY,P8H-3-1962,NO_STRUCTURAL_BOUNDARY,OHI
MISSING_QUARTER_EXISTENCE,ADJACENT_EXACT_ANCHORS,Q3,2024,NO,FQ_RESOLVED_LOCAL_HIGH,FY_RESOLVED_DIRECT_EXACT,,"Research official issuer sources for FY2024 Q3. Verify Cash, missing quarter existence/source evidence, Total Debt. Do not research other fields.",P3_LATEST8Q,,MISSING_QUARTER_ALREADY_IDENTIFIED_LOCALLY,P8H-3-1994,NO_STRUCTURAL_BOUNDARY,ONDS
MISSING_QUARTER_EXISTENCE,ADJACENT_EXACT_ANCHORS,Q3,2024,NO,FQ_RESOLVED_LOCAL_HIGH,FY_RESOLVED_DIRECT_EXACT,,"Research official issuer sources for FY2024 Q3. Verify EBIT, missing quarter existence/source evidence, source semantics confirmation. Do not research other fields.",P3_LATEST8Q,,MISSING_QUARTER_ALREADY_IDENTIFIED_LOCALLY,P8H-3-1996,NO_STRUCTURAL_BOUNDARY,ONL
MISSING_QUARTER_EXISTENCE,ADJACENT_EXACT_ANCHORS,Q1,2025,NO,FQ_RESOLVED_LOCAL_HIGH,FY_RESOLVED_DIRECT_EXACT,,"Research official issuer sources for FY2025 Q1. Verify Cash, first-public result publication date, missing quarter existence/source evidence. Do not research other fields.",P3_LATEST8Q,,MISSING_QUARTER_ALREADY_IDENTIFIED_LOCALLY,P8H-3-2005,NO_STRUCTURAL_BOUNDARY,OPTX
MISSING_QUARTER_EXISTENCE,ADJACENT_EXACT_ANCHORS,Q3,2024,NO,FQ_RESOLVED_LOCAL_HIGH,FY_RESOLVED_DIRECT_EXACT,,"Research official issuer sources for FY2024 Q3. Verify missing quarter existence/source evidence, Revenue, Total Debt. Do not research other fields.",P3_LATEST8Q,,MISSING_QUARTER_ALREADY_IDENTIFIED_LOCALLY,P8H-3-2011,NO_STRUCTURAL_BOUNDARY,ORIC
MISSING_QUARTER_EXISTENCE,ADJACENT_EXACT_ANCHORS,Q3,2024,NO,FQ_RESOLVED_LOCAL_HIGH,FY_RESOLVED_DIRECT_EXACT,,"Research official issuer sources for FY2024 Q3. Verify EBIT, missing quarter existence/source evidence, source semantics confirmation. Do not research other fields.",P3_LATEST8Q,,MISSING_QUARTER_ALREADY_IDENTIFIED_LOCALLY,P8H-3-2026,NO_STRUCTURAL_BOUNDARY,OXY
MISSING_QUARTER_EXISTENCE,ADJACENT_EXACT_ANCHORS,Q3,2024,NO,FQ_RESOLVED_LOCAL_HIGH,FY_RESOLVED_DIRECT_EXACT,,"Research official issuer sources for FY2024 Q3. Verify EBIT, missing quarter existence/source evidence, source semantics confirmation. Do not research other fields.",P3_LATEST8Q,,MISSING_QUARTER_ALREADY_IDENTIFIED_LOCALLY,P8H-3-2042,NO_STRUCTURAL_BOUNDARY,PBI
MISSING_QUARTER_EXISTENCE,ADJACENT_EXACT_ANCHORS,Q3,2024,NO,FQ_RESOLVED_LOCAL_HIGH,FY_RESOLVED_DIRECT_EXACT,,"Research official issuer sources for FY2024 Q3. Verify missing quarter existence/source evidence, Revenue, Total Debt. Do not research other fields.",P3_LATEST8Q,,MISSING_QUARTER_ALREADY_IDENTIFIED_LOCALLY,P8H-3-2051,NO_STRUCTURAL_BOUNDARY,PCVX
MISSING_QUARTER_EXISTENCE,ADJACENT_EXACT_ANCHORS,Q3,2024,NO,FQ_RESOLVED_LOCAL_HIGH,FY_RESOLVED_DIRECT_EXACT,,"Research official issuer sources for FY2024 Q3. Verify EBIT, missing quarter existence/source evidence, source semantics confirmation. Do not research other fields.",P3_LATEST8Q,,MISSING_QUARTER_ALREADY_IDENTIFIED_LOCALLY,P8H-3-2057,NO_STRUCTURAL_BOUNDARY,PDM
MISSING_QUARTER_EXISTENCE,ADJACENT_EXACT_ANCHORS,Q3,2024,NO,FQ_RESOLVED_LOCAL_HIGH,FY_RESOLVED_DIRECT_EXACT,,"Research official issuer sources for FY2024 Q3. Verify EBIT, missing quarter existence/source evidence, source semantics confirmation. Do not research other fields.",P3_LATEST8Q,,MISSING_QUARTER_ALREADY_IDENTIFIED_LOCALLY,P8H-3-2065,NO_STRUCTURAL_BOUNDARY,PECO
MISSING_QUARTER_EXISTENCE,ADJACENT_EXACT_ANCHORS,Q3,2024,NO,FQ_RESOLVED_LOCAL_HIGH,FY_RESOLVED_DIRECT_EXACT,,"Research official issuer sources for FY2024 Q3. Verify EBIT, missing quarter existence/source evidence, source semantics confirmation. Do not research other fields.",P3_LATEST8Q,,MISSING_QUARTER_ALREADY_IDENTIFIED_LOCALLY,P8H-3-2090,NO_STRUCTURAL_BOUNDARY,PHM
MISSING_QUARTER_EXISTENCE,ADJACENT_EXACT_ANCHORS,Q3,2024,NO,FQ_RESOLVED_LOCAL_HIGH,FY_RESOLVED_DIRECT_EXACT,,"Research official issuer sources for FY2024 Q3. Verify missing quarter existence/source evidence, Revenue, Total Debt. Do not research other fields.",P3_LATEST8Q,,MISSING_QUARTER_ALREADY_IDENTIFIED_LOCALLY,P8H-3-2156,NO_STRUCTURAL_BOUNDARY,PROK
MISSING_QUARTER_EXISTENCE,ADJACENT_EXACT_ANCHORS,Q3,2024,NO,FQ_RESOLVED_LOCAL_HIGH,FY_RESOLVED_DIRECT_EXACT,,"Research official issuer sources for FY2024 Q3. Verify EBIT, missing quarter existence/source evidence, source semantics confirmation. Do not research other fields.",P3_LATEST8Q,,MISSING_QUARTER_ALREADY_IDENTIFIED_LOCALLY,P8H-3-2170,NO_STRUCTURAL_BOUNDARY,PSA
MISSING_QUARTER_EXISTENCE,ADJACENT_EXACT_ANCHORS,Q3,2024,NO,FQ_RESOLVED_LOCAL_HIGH,FY_RESOLVED_DIRECT_EXACT,,"Research official issuer sources for FY2024 Q3. Verify EBIT, missing quarter existence/source evidence, source semantics confirmation. Do not research other fields.",P3_LATEST8Q,,MISSING_QUARTER_ALREADY_IDENTIFIED_LOCALLY,P8H-3-2178,NO_STRUCTURAL_BOUNDARY,PSX
MISSING_QUARTER_EXISTENCE,ADJACENT_EXACT_ANCHORS,Q3,2024,NO,FQ_RESOLVED_LOCAL_HIGH,FY_RESOLVED_DIRECT_EXACT,,"Research official issuer sources for FY2024 Q3. Verify missing quarter existence/source evidence, Revenue, Total Debt. Do not research other fields.",P3_LATEST8Q,,MISSING_QUARTER_ALREADY_IDENTIFIED_LOCALLY,P8H-3-2213,NO_STRUCTURAL_BOUNDARY,QS
MISSING_QUARTER_EXISTENCE,ADJACENT_EXACT_ANCHORS,Q1,2025,NO,FQ_RESOLVED_LOCAL_HIGH,FY_RESOLVED_DIRECT_EXACT,,"Research official issuer sources for FY2025 Q1. Verify Cash, EBIT, missing quarter existence/source evidence. Do not research other fields.",P3_LATEST8Q,,MISSING_QUARTER_ALREADY_IDENTIFIED_LOCALLY,P8H-3-2223,NO_STRUCTURAL_BOUNDARY,QURE
MISSING_QUARTER_EXISTENCE,ADJACENT_EXACT_ANCHORS,Q3,2024,NO,FQ_RESOLVED_LOCAL_HIGH,FY_RESOLVED_DIRECT_EXACT,,"Research official issuer sources for FY2024 Q3. Verify EBIT, missing quarter existence/source evidence, source semantics confirmation. Do not research other fields.",P3_LATEST8Q,,MISSING_QUARTER_ALREADY_IDENTIFIED_LOCALLY,P8H-3-2227,NO_STRUCTURAL_BOUNDARY,R
MISSING_QUARTER_EXISTENCE,ADJACENT_EXACT_ANCHORS,Q1,2025,NO,FQ_RESOLVED_LOCAL_HIGH,FY_RESOLVED_DIRECT_EXACT,,"Research official issuer sources for FY2025 Q1. Verify EBIT, missing quarter existence/source evidence, source semantics confirmation. Do not research other fields.",P3_LATEST8Q,,MISSING_QUARTER_ALREADY_IDENTIFIED_LOCALLY,P8H-3-2249,NO_STRUCTURAL_BOUNDARY,REFI
MISSING_QUARTER_EXISTENCE,ADJACENT_EXACT_ANCHORS,Q3,2024,NO,FQ_RESOLVED_LOCAL_HIGH,FY_RESOLVED_DIRECT_EXACT,,"Research official issuer sources for FY2024 Q3. Verify Cash, missing quarter existence/source evidence, Shares Outstanding. Do not research other fields.",P3_LATEST8Q,,MISSING_QUARTER_ALREADY_IDENTIFIED_LOCALLY,P8H-3-2252,NO_STRUCTURAL_BOUNDARY,REG
MISSING_QUARTER_EXISTENCE,ADJACENT_EXACT_ANCHORS,Q3,2024,NO,FQ_RESOLVED_LOCAL_HIGH,FY_RESOLVED_DIRECT_EXACT,,"Research official issuer sources for FY2024 Q3. Verify EBIT, missing quarter existence/source evidence, source semantics confirmation. Do not research other fields.",P3_LATEST8Q,,MISSING_QUARTER_ALREADY_IDENTIFIED_LOCALLY,P8H-3-2265,NO_STRUCTURAL_BOUNDARY,REXR
MISSING_QUARTER_EXISTENCE,ADJACENT_EXACT_ANCHORS,Q3,2024,NO,FQ_RESOLVED_LOCAL_HIGH,FY_RESOLVED_DIRECT_EXACT,,"Research official issuer sources for FY2024 Q3. Verify EBIT, missing quarter existence/source evidence, source semantics confirmation. Do not research other fields.",P3_LATEST8Q,,MISSING_QUARTER_ALREADY_IDENTIFIED_LOCALLY,P8H-3-2267,NO_STRUCTURAL_BOUNDARY,REYN
MISSING_QUARTER_EXISTENCE,ADJACENT_EXACT_ANCHORS,Q3,2024,NO,FQ_RESOLVED_LOCAL_HIGH,FY_RESOLVED_DIRECT_EXACT,,"Research official issuer sources for FY2024 Q3. Verify EBIT, missing quarter existence/source evidence, source semantics confirmation. Do not research other fields.",P3_LATEST8Q,,MISSING_QUARTER_ALREADY_IDENTIFIED_LOCALLY,P8H-3-2298,NO_STRUCTURAL_BOUNDARY,RLJ
MISSING_QUARTER_EXISTENCE,ADJACENT_EXACT_ANCHORS,Q3,2024,NO,FQ_RESOLVED_LOCAL_HIGH,FY_RESOLVED_DIRECT_EXACT,,"Research official issuer sources for FY2024 Q3. Verify EBIT, missing quarter existence/source evidence, source semantics confirmation. Do not research other fields.",P3_LATEST8Q,,MISSING_QUARTER_ALREADY_IDENTIFIED_LOCALLY,P8H-3-2311,NO_STRUCTURAL_BOUNDARY,ROK
MISSING_QUARTER_EXISTENCE,ADJACENT_EXACT_ANCHORS,Q3,2024,NO,FQ_RESOLVED_LOCAL_HIGH,FY_RESOLVED_DIRECT_EXACT,,"Research official issuer sources for FY2024 Q3. Verify EBIT, missing quarter existence/source evidence, source semantics confirmation. Do not research other fields.",P3_LATEST8Q,,MISSING_QUARTER_ALREADY_IDENTIFIED_LOCALLY,P8H-3-2330,NO_STRUCTURAL_BOUNDARY,RRC
MISSING_QUARTER_EXISTENCE,ADJACENT_EXACT_ANCHORS,Q3,2024,NO,FQ_RESOLVED_LOCAL_HIGH,FY_RESOLVED_DIRECT_EXACT,,"Research official issuer sources for FY2024 Q3. Verify Cash, missing quarter existence/source evidence, Total Debt. Do not research other fields.",P3_LATEST8Q,,MISSING_QUARTER_ALREADY_IDENTIFIED_LOCALLY,P8H-3-2363,NO_STRUCTURAL_BOUNDARY,SATL
MISSING_QUARTER_EXISTENCE,ADJACENT_EXACT_ANCHORS,Q3,2024,NO,FQ_RESOLVED_LOCAL_HIGH,FY_RESOLVED_DIRECT_EXACT,,"Research official issuer sources for FY2024 Q3. Verify EBIT, missing quarter existence/source evidence, source semantics confirmation. Do not research other fields.",P3_LATEST8Q,,MISSING_QUARTER_ALREADY_IDENTIFIED_LOCALLY,P8H-3-2368,NO_STRUCTURAL_BOUNDARY,SBRA
MISSING_QUARTER_EXISTENCE,ADJACENT_EXACT_ANCHORS,Q1,2025,NO,FQ_RESOLVED_LOCAL_HIGH,FY_RESOLVED_DIRECT_EXACT,,"Research official issuer sources for FY2025 Q1. Verify EBIT, missing quarter existence/source evidence, Total Debt. Do not research other fields.",P3_LATEST8Q,,MISSING_QUARTER_ALREADY_IDENTIFIED_LOCALLY,P8H-3-2369,NO_STRUCTURAL_BOUNDARY,SCI
MISSING_QUARTER_EXISTENCE,ADJACENT_EXACT_ANCHORS,Q3,2024,NO,FQ_RESOLVED_LOCAL_HIGH,FY_RESOLVED_DIRECT_EXACT,,"Research official issuer sources for FY2024 Q3. Verify Cash, missing quarter existence/source evidence, Total Debt. Do not research other fields.",P3_LATEST8Q,,MISSING_QUARTER_ALREADY_IDENTIFIED_LOCALLY,P8H-3-2381,NO_STRUCTURAL_BOUNDARY,SDRL
MISSING_QUARTER_EXISTENCE,ADJACENT_EXACT_ANCHORS,Q3,2024,NO,FQ_RESOLVED_LOCAL_HIGH,FY_RESOLVED_DIRECT_EXACT,,"Research official issuer sources for FY2024 Q3. Verify EBIT, missing quarter existence/source evidence, source semantics confirmation. Do not research other fields.",P3_LATEST8Q,,MISSING_QUARTER_ALREADY_IDENTIFIED_LOCALLY,P8H-3-2385,NO_STRUCTURAL_BOUNDARY,SEAT
MISSING_QUARTER_EXISTENCE,ADJACENT_EXACT_ANCHORS,Q3,2024,NO,FQ_RESOLVED_LOCAL_HIGH,FY_RESOLVED_DIRECT_EXACT,,"Research official issuer sources for FY2024 Q3. Verify Cash, missing quarter existence/source evidence, Total Debt. Do not research other fields.",P3_LATEST8Q,,MISSING_QUARTER_ALREADY_IDENTIFIED_LOCALLY,P8H-3-2407,NO_STRUCTURAL_BOUNDARY,SGI
MISSING_QUARTER_EXISTENCE,ADJACENT_EXACT_ANCHORS,Q2,2024,NO,FQ_RESOLVED_LOCAL_HIGH,FY_RESOLVED_DIRECT_EXACT,,"Research official issuer sources for FY2024 Q2. Verify first-public result publication date, missing quarter existence/source evidence, Total Debt. Do not research other fields.",P3_LATEST8Q,,MISSING_QUARTER_ALREADY_IDENTIFIED_LOCALLY,P8H-3-2410,NO_STRUCTURAL_BOUNDARY,SGLY
MISSING_QUARTER_EXISTENCE,ADJACENT_EXACT_ANCHORS,Q3,2024,NO,FQ_RESOLVED_LOCAL_HIGH,FY_RESOLVED_DIRECT_EXACT,,"Research official issuer sources for FY2024 Q3. Verify EBIT, missing quarter existence/source evidence, source semantics confirmation. Do not research other fields.",P3_LATEST8Q,,MISSING_QUARTER_ALREADY_IDENTIFIED_LOCALLY,P8H-3-2419,NO_STRUCTURAL_BOUNDARY,SHO
MISSING_QUARTER_EXISTENCE,ADJACENT_EXACT_ANCHORS,Q3,2024,NO,FQ_RESOLVED_LOCAL_HIGH,FY_RESOLVED_DIRECT_EXACT,,"Research official issuer sources for FY2024 Q3. Verify Cash, missing quarter existence/source evidence, Total Debt. Do not research other fields.",P3_LATEST8Q,,MISSING_QUARTER_ALREADY_IDENTIFIED_LOCALLY,P8H-3-2442,NO_STRUCTURAL_BOUNDARY,SKYH
MISSING_QUARTER_EXISTENCE,ADJACENT_EXACT_ANCHORS,Q3,2024,NO,FQ_RESOLVED_LOCAL_HIGH,FY_RESOLVED_DIRECT_EXACT,,"Research official issuer sources for FY2024 Q3. Verify EBIT, missing quarter existence/source evidence, source semantics confirmation. Do not research other fields.",P3_LATEST8Q,,MISSING_QUARTER_ALREADY_IDENTIFIED_LOCALLY,P8H-3-2449,NO_STRUCTURAL_BOUNDARY,SLB
MISSING_QUARTER_EXISTENCE,ADJACENT_EXACT_ANCHORS,Q3,2024,NO,FQ_RESOLVED_LOCAL_HIGH,FY_RESOLVED_DIRECT_EXACT,,"Research official issuer sources for FY2024 Q3. Verify missing quarter existence/source evidence, Revenue, Total Debt. Do not research other fields.",P3_LATEST8Q,,MISSING_QUARTER_ALREADY_IDENTIFIED_LOCALLY,P8H-3-2451,NO_STRUCTURAL_BOUNDARY,SLDB
MISSING_QUARTER_EXISTENCE,ADJACENT_EXACT_ANCHORS,Q2,2024,NO,FQ_RESOLVED_LOCAL_HIGH,FY_RESOLVED_DIRECT_EXACT,,"Research official issuer sources for FY2024 Q2. Verify missing quarter existence/source evidence, Revenue, Total Debt. Do not research other fields.",P3_LATEST8Q,,MISSING_QUARTER_ALREADY_IDENTIFIED_LOCALLY,P8H-3-2456,NO_STRUCTURAL_BOUNDARY,SLE
MISSING_QUARTER_EXISTENCE,ADJACENT_EXACT_ANCHORS,Q3,2024,NO,FQ_RESOLVED_LOCAL_HIGH,FY_RESOLVED_DIRECT_EXACT,,"Research official issuer sources for FY2024 Q3. Verify EBIT, missing quarter existence/source evidence, source semantics confirmation. Do not research other fields.",P3_LATEST8Q,,MISSING_QUARTER_ALREADY_IDENTIFIED_LOCALLY,P8H-3-2459,NO_STRUCTURAL_BOUNDARY,SLGN
MISSING_QUARTER_EXISTENCE,ADJACENT_EXACT_ANCHORS,Q1,2025,NO,FQ_RESOLVED_LOCAL_HIGH,FY_RESOLVED_DIRECT_EXACT,,"Research official issuer sources for FY2025 Q1. Verify Cash, missing quarter existence/source evidence, Total Debt. Do not research other fields.",P3_LATEST8Q,,MISSING_QUARTER_ALREADY_IDENTIFIED_LOCALLY,P8H-3-2479,NO_STRUCTURAL_BOUNDARY,SMR
MISSING_QUARTER_EXISTENCE,ADJACENT_EXACT_ANCHORS,Q1,2024,NO,FQ_RESOLVED_LOCAL_HIGH,FY_RESOLVED_DIRECT_EXACT,,"Research official issuer sources for FY2024 Q1. Verify first-public result publication date, missing quarter existence/source evidence, Total Debt. Do not research other fields.",P3_LATEST8Q,,MISSING_QUARTER_ALREADY_IDENTIFIED_LOCALLY,P8H-3-2501,NO_STRUCTURAL_BOUNDARY,SOC
MISSING_QUARTER_EXISTENCE,ADJACENT_EXACT_ANCHORS,Q3,2024,NO,FQ_RESOLVED_LOCAL_HIGH,FY_RESOLVED_DIRECT_EXACT,,"Research official issuer sources for FY2024 Q3. Verify EBIT, missing quarter existence/source evidence, source semantics confirmation. Do not research other fields.",P3_LATEST8Q,,MISSING_QUARTER_ALREADY_IDENTIFIED_LOCALLY,P8H-3-2543,NO_STRUCTURAL_BOUNDARY,STAG
MISSING_QUARTER_EXISTENCE,ADJACENT_EXACT_ANCHORS,Q3,2024,NO,FQ_RESOLVED_LOCAL_HIGH,FY_RESOLVED_DIRECT_EXACT,,"Research official issuer sources for FY2024 Q3. Verify EBIT, missing quarter existence/source evidence, source semantics confirmation. Do not research other fields.",P3_LATEST8Q,,MISSING_QUARTER_ALREADY_IDENTIFIED_LOCALLY,P8H-3-2551,NO_STRUCTURAL_BOUNDARY,STWD
MISSING_QUARTER_EXISTENCE,ADJACENT_EXACT_ANCHORS,Q1,2025,NO,FQ_RESOLVED_LOCAL_HIGH,FY_RESOLVED_DIRECT_EXACT,,"Research official issuer sources for FY2025 Q1. Verify EBIT, missing quarter existence/source evidence, source semantics confirmation. Do not research other fields.",P3_LATEST8Q,,MISSING_QUARTER_ALREADY_IDENTIFIED_LOCALLY,P8H-3-2552,NO_STRUCTURAL_BOUNDARY,STWD
MISSING_QUARTER_EXISTENCE,ADJACENT_EXACT_ANCHORS,Q3,2024,NO,FQ_RESOLVED_LOCAL_HIGH,FY_RESOLVED_DIRECT_EXACT,,"Research official issuer sources for FY2024 Q3. Verify EBIT, missing quarter existence/source evidence, source semantics confirmation. Do not research other fields.",P3_LATEST8Q,,MISSING_QUARTER_ALREADY_IDENTIFIED_LOCALLY,P8H-3-2569,NO_STRUCTURAL_BOUNDARY,SVC
MISSING_QUARTER_EXISTENCE,ADJACENT_EXACT_ANCHORS,Q3,2024,NO,FQ_RESOLVED_LOCAL_HIGH,FY_RESOLVED_DIRECT_EXACT,,"Research official issuer sources for FY2024 Q3. Verify missing quarter existence/source evidence, Revenue, Total Debt. Do not research other fields.",P3_LATEST8Q,,MISSING_QUARTER_ALREADY_IDENTIFIED_LOCALLY,P8H-3-2605,NO_STRUCTURAL_BOUNDARY,TARA
MISSING_QUARTER_EXISTENCE,ADJACENT_EXACT_ANCHORS,Q3,2024,NO,FQ_RESOLVED_LOCAL_HIGH,FY_RESOLVED_DIRECT_EXACT,,"Research official issuer sources for FY2024 Q3. Verify EBIT, missing quarter existence/source evidence, source semantics confirmation. Do not research other fields.",P3_LATEST8Q,,MISSING_QUARTER_ALREADY_IDENTIFIED_LOCALLY,P8H-3-2632,NO_STRUCTURAL_BOUNDARY,THO
MISSING_QUARTER_EXISTENCE,ADJACENT_EXACT_ANCHORS,Q1,2025,NO,FQ_RESOLVED_LOCAL_HIGH,FY_RESOLVED_DIRECT_EXACT,,"Research official issuer sources for FY2025 Q1. Verify EBIT, missing quarter existence/source evidence, source semantics confirmation. Do not research other fields.",P3_LATEST8Q,,MISSING_QUARTER_ALREADY_IDENTIFIED_LOCALLY,P8H-3-2633,NO_STRUCTURAL_BOUNDARY,THO
MISSING_QUARTER_EXISTENCE,ADJACENT_EXACT_ANCHORS,Q3,2024,NO,FQ_RESOLVED_LOCAL_HIGH,FY_RESOLVED_DIRECT_EXACT,,"Research official issuer sources for FY2024 Q3. Verify missing quarter existence/source evidence, Revenue, Total Debt. Do not research other fields.",P3_LATEST8Q,,MISSING_QUARTER_ALREADY_IDENTIFIED_LOCALLY,P8H-3-2656,NO_STRUCTURAL_BOUNDARY,TNYA
MISSING_QUARTER_EXISTENCE,ADJACENT_EXACT_ANCHORS,Q3,2024,NO,FQ_RESOLVED_LOCAL_HIGH,FY_RESOLVED_DIRECT_EXACT,,"Research official issuer sources for FY2024 Q3. Verify Cash, missing quarter existence/source evidence, Total Debt. Do not research other fields.",P3_LATEST8Q,,MISSING_QUARTER_ALREADY_IDENTIFIED_LOCALLY,P8H-3-2660,NO_STRUCTURAL_BOUNDARY,TONX
MISSING_QUARTER_EXISTENCE,ADJACENT_EXACT_ANCHORS,Q1,2025,NO,FQ_RESOLVED_LOCAL_HIGH,FY_RESOLVED_DIRECT_EXACT,,"Research official issuer sources for FY2025 Q1. Verify Cash, EBIT, missing quarter existence/source evidence. Do not research other fields.",P3_LATEST8Q,,MISSING_QUARTER_ALREADY_IDENTIFIED_LOCALLY,P8H-3-2663,NO_STRUCTURAL_BOUNDARY,TOST
MISSING_QUARTER_EXISTENCE,ADJACENT_EXACT_ANCHORS,Q2,2024,NO,FQ_RESOLVED_LOCAL_HIGH,FY_RESOLVED_DIRECT_EXACT,,"Research official issuer sources for FY2024 Q2. Verify Cash, missing quarter existence/source evidence, Total Debt. Do not research other fields.",P3_LATEST8Q,,MISSING_QUARTER_ALREADY_IDENTIFIED_LOCALLY,P8H-3-2670,NO_STRUCTURAL_BOUNDARY,TRAW
MISSING_QUARTER_EXISTENCE,ADJACENT_EXACT_ANCHORS,Q3,2024,NO,FQ_RESOLVED_LOCAL_HIGH,FY_RESOLVED_DIRECT_EXACT,,"Research official issuer sources for FY2024 Q3. Verify EBIT, missing quarter existence/source evidence, source semantics confirmation. Do not research other fields.",P3_LATEST8Q,,MISSING_QUARTER_ALREADY_IDENTIFIED_LOCALLY,P8H-3-2676,NO_STRUCTURAL_BOUNDARY,TRNO
MISSING_QUARTER_EXISTENCE,ADJACENT_EXACT_ANCHORS,Q3,2024,NO,FQ_RESOLVED_LOCAL_HIGH,FY_RESOLVED_DIRECT_EXACT,,"Research official issuer sources for FY2024 Q3. Verify EBIT, missing quarter existence/source evidence, source semantics confirmation. Do not research other fields.",P3_LATEST8Q,,MISSING_QUARTER_ALREADY_IDENTIFIED_LOCALLY,P8H-3-2687,NO_STRUCTURAL_BOUNDARY,TRTX
MISSING_QUARTER_EXISTENCE,ADJACENT_EXACT_ANCHORS,Q1,2025,NO,FQ_RESOLVED_LOCAL_HIGH,FY_RESOLVED_DIRECT_EXACT,,"Research official issuer sources for FY2025 Q1. Verify EBIT, missing quarter existence/source evidence, source semantics confirmation. Do not research other fields.",P3_LATEST8Q,,MISSING_QUARTER_ALREADY_IDENTIFIED_LOCALLY,P8H-3-2688,NO_STRUCTURAL_BOUNDARY,TRTX
MISSING_QUARTER_EXISTENCE,ADJACENT_EXACT_ANCHORS,Q4,2023,NO,FQ_RESOLVED_LOCAL_HIGH,FY_RESOLVED_DIRECT_EXACT,,"Research official issuer sources for FY2023 Q4. Verify first-public result publication date, missing quarter existence/source evidence, Total Debt. Do not research other fields.",P3_LATEST8Q,,MISSING_QUARTER_ALREADY_IDENTIFIED_LOCALLY,P8H-3-2692,NO_STRUCTURAL_BOUNDARY,TRUG
MISSING_QUARTER_EXISTENCE,ADJACENT_EXACT_ANCHORS,Q1,2025,NO,FQ_RESOLVED_LOCAL_HIGH,FY_RESOLVED_DIRECT_EXACT,,"Research official issuer sources for FY2025 Q1. Verify EBIT, missing quarter existence/source evidence, Total Debt. Do not research other fields.",P3_LATEST8Q,,MISSING_QUARTER_ALREADY_IDENTIFIED_LOCALLY,P8H-3-2712,NO_STRUCTURAL_BOUNDARY,TXO
MISSING_QUARTER_EXISTENCE,ADJACENT_EXACT_ANCHORS,Q3,2024,NO,FQ_RESOLVED_LOCAL_HIGH,FY_RESOLVED_DIRECT_EXACT,,"Research official issuer sources for FY2024 Q3. Verify missing quarter existence/source evidence, Revenue, Total Debt. Do not research other fields.",P3_LATEST8Q,,MISSING_QUARTER_ALREADY_IDENTIFIED_LOCALLY,P8H-3-2718,NO_STRUCTURAL_BOUNDARY,TYRA
MISSING_QUARTER_EXISTENCE,ADJACENT_EXACT_ANCHORS,Q3,2024,NO,FQ_RESOLVED_LOCAL_HIGH,FY_RESOLVED_DIRECT_EXACT,,"Research official issuer sources for FY2024 Q3. Verify EBIT, missing quarter existence/source evidence, source semantics confirmation. Do not research other fields.",P3_LATEST8Q,,MISSING_QUARTER_ALREADY_IDENTIFIED_LOCALLY,P8H-3-2729,NO_STRUCTURAL_BOUNDARY,UE
MISSING_QUARTER_EXISTENCE,ADJACENT_EXACT_ANCHORS,Q3,2024,NO,FQ_RESOLVED_LOCAL_HIGH,FY_RESOLVED_DIRECT_EXACT,,"Research official issuer sources for FY2024 Q3. Verify EBIT, missing quarter existence/source evidence, source semantics confirmation. Do not research other fields.",P3_LATEST8Q,,MISSING_QUARTER_ALREADY_IDENTIFIED_LOCALLY,P8H-3-2737,NO_STRUCTURAL_BOUNDARY,UMH
MISSING_QUARTER_EXISTENCE,ADJACENT_EXACT_ANCHORS,Q3,2024,NO,FQ_RESOLVED_LOCAL_HIGH,FY_RESOLVED_DIRECT_EXACT,,"Research official issuer sources for FY2024 Q3. Verify EBIT, missing quarter existence/source evidence, source semantics confirmation. Do not research other fields.",P3_LATEST8Q,,MISSING_QUARTER_ALREADY_IDENTIFIED_LOCALLY,P8H-3-2769,NO_STRUCTURAL_BOUNDARY,VAC
MISSING_QUARTER_EXISTENCE,ADJACENT_EXACT_ANCHORS,Q3,2024,NO,FQ_RESOLVED_LOCAL_HIGH,FY_RESOLVED_DIRECT_EXACT,,"Research official issuer sources for FY2024 Q3. Verify EBIT, missing quarter existence/source evidence, source semantics confirmation. Do not research other fields.",P3_LATEST8Q,,MISSING_QUARTER_ALREADY_IDENTIFIED_LOCALLY,P8H-3-2777,NO_STRUCTURAL_BOUNDARY,VC
MISSING_QUARTER_EXISTENCE,ADJACENT_EXACT_ANCHORS,Q3,2024,NO,FQ_RESOLVED_LOCAL_HIGH,FY_RESOLVED_DIRECT_EXACT,,"Research official issuer sources for FY2024 Q3. Verify first-public result publication date, missing quarter existence/source evidence, Total Debt. Do not research other fields.",P3_LATEST8Q,,MISSING_QUARTER_ALREADY_IDENTIFIED_LOCALLY,P8H-3-2787,NO_STRUCTURAL_BOUNDARY,VELO
MISSING_QUARTER_EXISTENCE,ADJACENT_EXACT_ANCHORS,Q3,2024,NO,FQ_RESOLVED_LOCAL_HIGH,FY_RESOLVED_DIRECT_EXACT,,"Research official issuer sources for FY2024 Q3. Verify EBIT, missing quarter existence/source evidence, source semantics confirmation. Do not research other fields.",P3_LATEST8Q,,MISSING_QUARTER_ALREADY_IDENTIFIED_LOCALLY,P8H-3-2800,NO_STRUCTURAL_BOUNDARY,VICI
MISSING_QUARTER_EXISTENCE,ADJACENT_EXACT_ANCHORS,Q3,2024,NO,FQ_RESOLVED_LOCAL_HIGH,FY_RESOLVED_DIRECT_EXACT,,"Research official issuer sources for FY2024 Q3. Verify EBIT, missing quarter existence/source evidence, source semantics confirmation. Do not research other fields.",P3_LATEST8Q,,MISSING_QUARTER_ALREADY_IDENTIFIED_LOCALLY,P8H-3-2821,NO_STRUCTURAL_BOUNDARY,VNO
MISSING_QUARTER_EXISTENCE,ADJACENT_EXACT_ANCHORS,Q3,2024,NO,FQ_RESOLVED_LOCAL_HIGH,FY_RESOLVED_DIRECT_EXACT,,"Research official issuer sources for FY2024 Q3. Verify EBIT, missing quarter existence/source evidence, source semantics confirmation. Do not research other fields.",P3_LATEST8Q,,MISSING_QUARTER_ALREADY_IDENTIFIED_LOCALLY,P8H-3-2869,NO_STRUCTURAL_BOUNDARY,WELL
MISSING_QUARTER_EXISTENCE,ADJACENT_EXACT_ANCHORS,Q3,2023,NO,FQ_RESOLVED_LOCAL_HIGH,FY_RESOLVED_DIRECT_EXACT,,"Research official issuer sources for FY2023 Q3. Verify Cash, missing quarter existence/source evidence, Total Debt. Do not research other fields.",P3_LATEST8Q,,MISSING_QUARTER_ALREADY_IDENTIFIED_LOCALLY,P8H-3-2894,NO_STRUCTURAL_BOUNDARY,WS
MISSING_QUARTER_EXISTENCE,ADJACENT_EXACT_ANCHORS,Q3,2024,NO,FQ_RESOLVED_LOCAL_HIGH,FY_RESOLVED_DIRECT_EXACT,,"Research official issuer sources for FY2024 Q3. Verify missing quarter existence/source evidence, Revenue, Total Debt. Do not research other fields.",P3_LATEST8Q,,MISSING_QUARTER_ALREADY_IDENTIFIED_LOCALLY,P8H-3-2912,NO_STRUCTURAL_BOUNDARY,XENE
MISSING_QUARTER_EXISTENCE,ADJACENT_EXACT_ANCHORS,Q3,2024,NO,FQ_RESOLVED_LOCAL_HIGH,FY_RESOLVED_DIRECT_EXACT,,"Research official issuer sources for FY2024 Q3. Verify EBIT, missing quarter existence/source evidence, source semantics confirmation. Do not research other fields.",P3_LATEST8Q,,MISSING_QUARTER_ALREADY_IDENTIFIED_LOCALLY,P8H-3-2922,NO_STRUCTURAL_BOUNDARY,XOM
MISSING_QUARTER_EXISTENCE,ADJACENT_EXACT_ANCHORS,Q3,2024,NO,FQ_RESOLVED_LOCAL_HIGH,FY_RESOLVED_DIRECT_EXACT,,"Research official issuer sources for FY2024 Q3. Verify EBIT, missing quarter existence/source evidence, source semantics confirmation. Do not research other fields.",P3_LATEST8Q,,MISSING_QUARTER_ALREADY_IDENTIFIED_LOCALLY,P8H-3-2928,NO_STRUCTURAL_BOUNDARY,XRX
MISSING_QUARTER_EXISTENCE,ADJACENT_EXACT_ANCHORS,Q3,2024,NO,FQ_RESOLVED_LOCAL_HIGH,FY_RESOLVED_DIRECT_EXACT,,"Research official issuer sources for FY2024 Q3. Verify missing quarter existence/source evidence, Shares Outstanding, Total Debt. Do not research other fields.",P3_LATEST8Q,,MISSING_QUARTER_ALREADY_IDENTIFIED_LOCALLY,P8H-3-2941,NO_STRUCTURAL_BOUNDARY,YOU
MISSING_QUARTER_EXISTENCE,ADJACENT_EXACT_ANCHORS,Q3,2024,NO,FQ_RESOLVED_LOCAL_HIGH,FY_RESOLVED_DIRECT_EXACT,,"Research official issuer sources for FY2024 Q3. Verify EBIT, missing quarter existence/source evidence, source semantics confirmation. Do not research other fields.",P3_LATEST8Q,,MISSING_QUARTER_ALREADY_IDENTIFIED_LOCALLY,P8H-3-2960,NO_STRUCTURAL_BOUNDARY,ZTS
MISSING_QUARTER_EXISTENCE,ADJACENT_EXACT_ANCHORS,Q1,2025,NO,FQ_RESOLVED_LOCAL_HIGH,FY_RESOLVED_DIRECT_EXACT,,"Research official issuer sources for FY2025 Q1. Verify Cash, missing quarter existence/source evidence. Do not research other fields.",P3_LATEST8Q,,MISSING_QUARTER_ALREADY_IDENTIFIED_LOCALLY,P8H-3-0013,NO_STRUCTURAL_BOUNDARY,ABNB
MISSING_QUARTER_EXISTENCE,ADJACENT_EXACT_ANCHORS,Q3,2024,NO,FQ_RESOLVED_LOCAL_HIGH,FY_RESOLVED_DIRECT_EXACT,,"Research official issuer sources for FY2024 Q3. Verify missing quarter existence/source evidence, Total Debt. Do not research other fields.",P3_LATEST8Q,,MISSING_QUARTER_ALREADY_IDENTIFIED_LOCALLY,P8H-3-0026,NO_STRUCTURAL_BOUNDARY,ACAD
MISSING_QUARTER_EXISTENCE,ADJACENT_EXACT_ANCHORS,Q1,2025,NO,FQ_RESOLVED_LOCAL_HIGH,FY_RESOLVED_DIRECT_EXACT,,"Research official issuer sources for FY2025 Q1. Verify Cash, missing quarter existence/source evidence. Do not research other fields.",P3_LATEST8Q,,MISSING_QUARTER_ALREADY_IDENTIFIED_LOCALLY,P8H-3-0027,NO_STRUCTURAL_BOUNDARY,ACAD
MISSING_QUARTER_EXISTENCE,ADJACENT_EXACT_ANCHORS,Q3,2024,NO,FQ_RESOLVED_LOCAL_HIGH,FY_RESOLVED_DIRECT_EXACT,,"Research official issuer sources for FY2024 Q3. Verify missing quarter existence/source evidence, Revenue. Do not research other fields.",P3_LATEST8Q,,MISSING_QUARTER_ALREADY_IDENTIFIED_LOCALLY,P8H-3-0034,NO_STRUCTURAL_BOUNDARY,ACHR
MISSING_QUARTER_EXISTENCE,ADJACENT_EXACT_ANCHORS,Q3,2024,NO,FQ_RESOLVED_LOCAL_HIGH,FY_RESOLVED_DIRECT_EXACT,,"Research official issuer sources for FY2024 Q3. Verify missing quarter existence/source evidence, Total Debt. Do not research other fields.",P3_LATEST8Q,,MISSING_QUARTER_ALREADY_IDENTIFIED_LOCALLY,P8H-3-0043,NO_STRUCTURAL_BOUNDARY,ACRS
MISSING_QUARTER_EXISTENCE,ADJACENT_EXACT_ANCHORS,Q1,2025,NO,FQ_RESOLVED_LOCAL_HIGH,FY_RESOLVED_DIRECT_EXACT,,"Research official issuer sources for FY2025 Q1. Verify missing quarter existence/source evidence, Total Debt. Do not research other fields.",P3_LATEST8Q,,MISSING_QUARTER_ALREADY_IDENTIFIED_LOCALLY,P8H-3-0044,NO_STRUCTURAL_BOUNDARY,ACRS
MISSING_QUARTER_EXISTENCE,ADJACENT_EXACT_ANCHORS,Q1,2025,NO,FQ_RESOLVED_LOCAL_HIGH,FY_RESOLVED_DIRECT_EXACT,,"Research official issuer sources for FY2025 Q1. Verify missing quarter existence/source evidence, Total Debt. Do not research other fields.",P3_LATEST8Q,,MISSING_QUARTER_ALREADY_IDENTIFIED_LOCALLY,P8H-3-0053,NO_STRUCTURAL_BOUNDARY,ACXP
MISSING_QUARTER_EXISTENCE,ADJACENT_EXACT_ANCHORS,Q3,2024,NO,FQ_RESOLVED_LOCAL_HIGH,FY_RESOLVED_DIRECT_EXACT,,"Research official issuer sources for FY2024 Q3. Verify missing quarter existence/source evidence, Total Debt. Do not research other fields.",P3_LATEST8Q,,MISSING_QUARTER_ALREADY_IDENTIFIED_LOCALLY,P8H-3-0055,NO_STRUCTURAL_BOUNDARY,AD
MISSING_QUARTER_EXISTENCE,ADJACENT_EXACT_ANCHORS,Q1,2025,NO,FQ_RESOLVED_LOCAL_HIGH,FY_RESOLVED_DIRECT_EXACT,,"Research official issuer sources for FY2025 Q1. Verify missing quarter existence/source evidence, Total Debt. Do not research other fields.",P3_LATEST8Q,,MISSING_QUARTER_ALREADY_IDENTIFIED_LOCALLY,P8H-3-0056,NO_STRUCTURAL_BOUNDARY,AD
MISSING_QUARTER_EXISTENCE,ADJACENT_EXACT_ANCHORS,Q1,2025,NO,FQ_RESOLVED_LOCAL_HIGH,FY_RESOLVED_DIRECT_EXACT,,"Research official issuer sources for FY2025 Q1. Verify missing quarter existence/source evidence, Total Debt. Do not research other fields.",P3_LATEST8Q,,MISSING_QUARTER_ALREADY_IDENTIFIED_LOCALLY,P8H-3-0073,NO_STRUCTURAL_BOUNDARY,ADTN
MISSING_QUARTER_EXISTENCE,ADJACENT_EXACT_ANCHORS,Q3,2024,NO,FQ_RESOLVED_LOCAL_HIGH,FY_RESOLVED_DIRECT_EXACT,,"Research official issuer sources for FY2024 Q3. Verify missing quarter existence/source evidence, Total Debt. Do not research other fields.",P3_LATEST8Q,,MISSING_QUARTER_ALREADY_IDENTIFIED_LOCALLY,P8H-3-0076,NO_STRUCTURAL_BOUNDARY,ADUS
MISSING_QUARTER_EXISTENCE,ADJACENT_EXACT_ANCHORS,Q3,2024,NO,FQ_RESOLVED_LOCAL_HIGH,FY_RESOLVED_DIRECT_EXACT,,"Research official issuer sources for FY2024 Q3. Verify missing quarter existence/source evidence, Total Debt. Do not research other fields.",P3_LATEST8Q,,MISSING_QUARTER_ALREADY_IDENTIFIED_LOCALLY,P8H-3-0092,NO_STRUCTURAL_BOUNDARY,AEVA
MISSING_QUARTER_EXISTENCE,ADJACENT_EXACT_ANCHORS,Q3,2024,NO,FQ_RESOLVED_LOCAL_HIGH,FY_RESOLVED_DIRECT_EXACT,,"Research official issuer sources for FY2024 Q3. Verify missing quarter existence/source evidence, Total Debt. Do not research other fields.",P3_LATEST8Q,,MISSING_QUARTER_ALREADY_IDENTIFIED_LOCALLY,P8H-3-0098,NO_STRUCTURAL_BOUNDARY,AGIO
MISSING_QUARTER_EXISTENCE,ADJACENT_EXACT_ANCHORS,Q3,2024,NO,FQ_RESOLVED_LOCAL_HIGH,FY_RESOLVED_DIRECT_EXACT,,"Research official issuer sources for FY2024 Q3. Verify missing quarter existence/source evidence, Total Debt. Do not research other fields.",P3_LATEST8Q,,MISSING_QUARTER_ALREADY_IDENTIFIED_LOCALLY,P8H-3-0122,NO_STRUCTURAL_BOUNDARY,AIP
MISSING_QUARTER_EXISTENCE,ADJACENT_EXACT_ANCHORS,Q1,2025,NO,FQ_RESOLVED_LOCAL_HIGH,FY_RESOLVED_DIRECT_EXACT,,"Research official issuer sources for FY2025 Q1. Verify missing quarter existence/source evidence, Total Debt. Do not research other fields.",P3_LATEST8Q,,MISSING_QUARTER_ALREADY_IDENTIFIED_LOCALLY,P8H-3-0123,NO_STRUCTURAL_BOUNDARY,AIP
MISSING_QUARTER_EXISTENCE,ADJACENT_EXACT_ANCHORS,Q3,2024,NO,FQ_RESOLVED_LOCAL_HIGH,FY_RESOLVED_DIRECT_EXACT,,"Research official issuer sources for FY2024 Q3. Verify missing quarter existence/source evidence, Total Debt. Do not research other fields.",P3_LATEST8Q,,MISSING_QUARTER_ALREADY_IDENTIFIED_LOCALLY,P8H-3-0142,NO_STRUCTURAL_BOUNDARY,ALEC
MISSING_QUARTER_EXISTENCE,ADJACENT_EXACT_ANCHORS,Q3,2024,NO,FQ_RESOLVED_LOCAL_HIGH,FY_RESOLVED_DIRECT_EXACT,,"Research official issuer sources for FY2024 Q3. Verify missing quarter existence/source evidence, Total Debt. Do not research other fields.",P3_LATEST8Q,,MISSING_QUARTER_ALREADY_IDENTIFIED_LOCALLY,P8H-3-0146,NO_STRUCTURAL_BOUNDARY,ALGN
MISSING_QUARTER_EXISTENCE,ADJACENT_EXACT_ANCHORS,Q3,2024,NO,FQ_RESOLVED_LOCAL_HIGH,FY_RESOLVED_DIRECT_EXACT,,"Research official issuer sources for FY2024 Q3. Verify missing quarter existence/source evidence, Total Debt. Do not research other fields.",P3_LATEST8Q,,MISSING_QUARTER_ALREADY_IDENTIFIED_LOCALLY,P8H-3-0148,NO_STRUCTURAL_BOUNDARY,ALGS
MISSING_QUARTER_EXISTENCE,ADJACENT_EXACT_ANCHORS,Q3,2024,NO,FQ_RESOLVED_LOCAL_HIGH,FY_RESOLVED_DIRECT_EXACT,,"Research official issuer sources for FY2024 Q3. Verify missing quarter existence/source evidence, Total Debt. Do not research other fields.",P3_LATEST8Q,,MISSING_QUARTER_ALREADY_IDENTIFIED_LOCALLY,P8H-3-0152,NO_STRUCTURAL_BOUNDARY,ALKT
MISSING_QUARTER_EXISTENCE,ADJACENT_EXACT_ANCHORS,Q3,2024,NO,FQ_RESOLVED_LOCAL_HIGH,FY_RESOLVED_DIRECT_EXACT,,"Research official issuer sources for FY2024 Q3. Verify missing quarter existence/source evidence, Total Debt. Do not research other fields.",P3_LATEST8Q,,MISSING_QUARTER_ALREADY_IDENTIFIED_LOCALLY,P8H-3-0165,NO_STRUCTURAL_BOUNDARY,ALT
MISSING_QUARTER_EXISTENCE,ADJACENT_EXACT_ANCHORS,Q3,2024,NO,FQ_RESOLVED_LOCAL_HIGH,FY_RESOLVED_DIRECT_EXACT,,"Research official issuer sources for FY2024 Q3. Verify missing quarter existence/source evidence, Revenue. Do not research other fields.",P3_LATEST8Q,,MISSING_QUARTER_ALREADY_IDENTIFIED_LOCALLY,P8H-3-0169,NO_STRUCTURAL_BOUNDARY,ALXO
MISSING_QUARTER_EXISTENCE,ADJACENT_EXACT_ANCHORS,Q1,2023,NO,FQ_RESOLVED_LOCAL_HIGH,FY_RESOLVED_DIRECT_EXACT,,"Research official issuer sources for FY2023 Q1. Verify missing quarter existence/source evidence, Total Debt. Do not research other fields.",P3_LATEST8Q,,MISSING_QUARTER_ALREADY_IDENTIFIED_LOCALLY,P8H-3-0188,NO_STRUCTURAL_BOUNDARY,AMPG
MISSING_QUARTER_EXISTENCE,ADJACENT_EXACT_ANCHORS,Q3,2024,NO,FQ_RESOLVED_LOCAL_HIGH,FY_RESOLVED_DIRECT_EXACT,,"Research official issuer sources for FY2024 Q3. Verify missing quarter existence/source evidence, Total Debt. Do not research other fields.",P3_LATEST8Q,,MISSING_QUARTER_ALREADY_IDENTIFIED_LOCALLY,P8H-3-0195,NO_STRUCTURAL_BOUNDARY,AMPX
MISSING_QUARTER_EXISTENCE,ADJACENT_EXACT_ANCHORS,Q3,2024,NO,FQ_RESOLVED_LOCAL_HIGH,FY_RESOLVED_DIRECT_EXACT,,"Research official issuer sources for FY2024 Q3. Verify Cash, missing quarter existence/source evidence. Do not research other fields.",P3_LATEST8Q,,MISSING_QUARTER_ALREADY_IDENTIFIED_LOCALLY,P8H-3-0196,NO_STRUCTURAL_BOUNDARY,AMPY
MISSING_QUARTER_EXISTENCE,ADJACENT_EXACT_ANCHORS,Q4,2024,NO,FQ_RESOLVED_LOCAL_HIGH,FY_RESOLVED_DIRECT_EXACT,,"Research official issuer sources for FY2024 Q4. Verify missing quarter existence/source evidence, Total Debt. Do not research other fields.",P3_LATEST8Q,,MISSING_QUARTER_ALREADY_IDENTIFIED_LOCALLY,P8H-3-0200,NO_STRUCTURAL_BOUNDARY,AMST
MISSING_QUARTER_EXISTENCE,ADJACENT_EXACT_ANCHORS,Q3,2025,NO,FQ_RESOLVED_LOCAL_HIGH,FY_RESOLVED_DIRECT_EXACT,,"Research official issuer sources for FY2025 Q3. Verify missing quarter existence/source evidence, Total Debt. Do not research other fields.",P3_LATEST8Q,,MISSING_QUARTER_ALREADY_IDENTIFIED_LOCALLY,P8H-3-0201,NO_STRUCTURAL_BOUNDARY,AMST
MISSING_QUARTER_EXISTENCE,ADJACENT_EXACT_ANCHORS,Q1,2025,NO,FQ_RESOLVED_LOCAL_HIGH,FY_RESOLVED_DIRECT_EXACT,,"Research official issuer sources for FY2025 Q1. Verify missing quarter existence/source evidence, Total Debt. Do not research other fields.",P3_LATEST8Q,,MISSING_QUARTER_ALREADY_IDENTIFIED_LOCALLY,P8H-3-0203,NO_STRUCTURAL_BOUNDARY,AMTX
MISSING_QUARTER_EXISTENCE,ADJACENT_EXACT_ANCHORS,Q3,2024,NO,FQ_RESOLVED_LOCAL_HIGH,FY_RESOLVED_DIRECT_EXACT,,"Research official issuer sources for FY2024 Q3. Verify missing quarter existence/source evidence, Total Debt. Do not research other fields.",P3_LATEST8Q,,MISSING_QUARTER_ALREADY_IDENTIFIED_LOCALLY,P8H-3-0206,NO_STRUCTURAL_BOUNDARY,ANAB
MISSING_QUARTER_EXISTENCE,ADJACENT_EXACT_ANCHORS,Q3,2024,NO,FQ_RESOLVED_LOCAL_HIGH,FY_RESOLVED_DIRECT_EXACT,,"Research official issuer sources for FY2024 Q3. Verify missing quarter existence/source evidence, Total Debt. Do not research other fields.",P3_LATEST8Q,,MISSING_QUARTER_ALREADY_IDENTIFIED_LOCALLY,P8H-3-0212,NO_STRUCTURAL_BOUNDARY,ANET
MISSING_QUARTER_EXISTENCE,ADJACENT_EXACT_ANCHORS,Q1,2025,NO,FQ_RESOLVED_LOCAL_HIGH,FY_RESOLVED_DIRECT_EXACT,,"Research official issuer sources for FY2025 Q1. Verify missing quarter existence/source evidence, Total Debt. Do not research other fields.",P3_LATEST8Q,,MISSING_QUARTER_ALREADY_IDENTIFIED_LOCALLY,P8H-3-0213,NO_STRUCTURAL_BOUNDARY,ANET
MISSING_QUARTER_EXISTENCE,ADJACENT_EXACT_ANCHORS,Q1,2025,NO,FQ_RESOLVED_LOCAL_HIGH,FY_RESOLVED_DIRECT_EXACT,,"Research official issuer sources for FY2025 Q1. Verify missing quarter existence/source evidence, Total Debt. Do not research other fields.",P3_LATEST8Q,,MISSING_QUARTER_ALREADY_IDENTIFIED_LOCALLY,P8H-3-0226,NO_STRUCTURAL_BOUNDARY,ANTX
MISSING_QUARTER_EXISTENCE,ADJACENT_EXACT_ANCHORS,Q1,2025,NO,FQ_RESOLVED_LOCAL_HIGH,FY_RESOLVED_DIRECT_EXACT,,"Research official issuer sources for FY2025 Q1. Verify missing quarter existence/source evidence, Total Debt. Do not research other fields.",P3_LATEST8Q,,MISSING_QUARTER_ALREADY_IDENTIFIED_LOCALLY,P8H-3-0230,NO_STRUCTURAL_BOUNDARY,ANVS
MISSING_QUARTER_EXISTENCE,ADJACENT_EXACT_ANCHORS,Q3,2024,NO,FQ_RESOLVED_LOCAL_HIGH,FY_RESOLVED_DIRECT_EXACT,,"Research official issuer sources for FY2024 Q3. Verify missing quarter existence/source evidence, Total Debt. Do not research other fields.",P3_LATEST8Q,,MISSING_QUARTER_ALREADY_IDENTIFIED_LOCALLY,P8H-3-0239,NO_STRUCTURAL_BOUNDARY,APPF
MISSING_QUARTER_EXISTENCE,ADJACENT_EXACT_ANCHORS,Q3,2024,NO,FQ_RESOLVED_LOCAL_HIGH,FY_RESOLVED_DIRECT_EXACT,,"Research official issuer sources for FY2024 Q3. Verify Cash, missing quarter existence/source evidence. Do not research other fields.",P3_LATEST8Q,,MISSING_QUARTER_ALREADY_IDENTIFIED_LOCALLY,P8H-3-0249,NO_STRUCTURAL_BOUNDARY,AR
MISSING_QUARTER_EXISTENCE,ADJACENT_EXACT_ANCHORS,Q3,2024,NO,FQ_RESOLVED_LOCAL_HIGH,FY_RESOLVED_DIRECT_EXACT,,"Research official issuer sources for FY2024 Q3. Verify missing quarter existence/source evidence, Total Debt. Do not research other fields.",P3_LATEST8Q,,MISSING_QUARTER_ALREADY_IDENTIFIED_LOCALLY,P8H-3-0252,NO_STRUCTURAL_BOUNDARY,ARCT
MISSING_QUARTER_EXISTENCE,ADJACENT_EXACT_ANCHORS,Q3,2024,NO,FQ_RESOLVED_LOCAL_HIGH,FY_RESOLVED_DIRECT_EXACT,,"Research official issuer sources for FY2024 Q3. Verify missing quarter existence/source evidence, Total Debt. Do not research other fields.",P3_LATEST8Q,,MISSING_QUARTER_ALREADY_IDENTIFIED_LOCALLY,P8H-3-0262,NO_STRUCTURAL_BOUNDARY,ARHS
MISSING_QUARTER_EXISTENCE,ADJACENT_EXACT_ANCHORS,Q3,2024,NO,FQ_RESOLVED_LOCAL_HIGH,FY_RESOLVED_DIRECT_EXACT,,"Research official issuer sources for FY2024 Q3. Verify missing quarter existence/source evidence, Revenue. Do not research other fields.",P3_LATEST8Q,,MISSING_QUARTER_ALREADY_IDENTIFIED_LOCALLY,P8H-3-0270,NO_STRUCTURAL_BOUNDARY,ARQ
MISSING_QUARTER_EXISTENCE,ADJACENT_EXACT_ANCHORS,Q3,2024,NO,FQ_RESOLVED_LOCAL_HIGH,FY_RESOLVED_DIRECT_EXACT,,"Research official issuer sources for FY2024 Q3. Verify missing quarter existence/source evidence, Total Debt. Do not research other fields.",P3_LATEST8Q,,MISSING_QUARTER_ALREADY_IDENTIFIED_LOCALLY,P8H-3-0293,NO_STRUCTURAL_BOUNDARY,ATEN
MISSING_QUARTER_EXISTENCE,ADJACENT_EXACT_ANCHORS,Q3,2024,NO,FQ_RESOLVED_LOCAL_HIGH,FY_RESOLVED_DIRECT_EXACT,,"Research official issuer sources for FY2024 Q3. Verify missing quarter existence/source evidence, Total Debt. Do not research other fields.",P3_LATEST8Q,,MISSING_QUARTER_ALREADY_IDENTIFIED_LOCALLY,P8H-3-0306,NO_STRUCTURAL_BOUNDARY,AUPH
MISSING_QUARTER_EXISTENCE,ADJACENT_EXACT_ANCHORS,Q3,2024,NO,FQ_RESOLVED_LOCAL_HIGH,FY_RESOLVED_DIRECT_EXACT,,"Research official issuer sources for FY2024 Q3. Verify missing quarter existence/source evidence, Total Debt. Do not research other fields.",P3_LATEST8Q,,MISSING_QUARTER_ALREADY_IDENTIFIED_LOCALLY,P8H-3-0310,NO_STRUCTURAL_BOUNDARY,AUR
MISSING_QUARTER_EXISTENCE,ADJACENT_EXACT_ANCHORS,Q3,2024,NO,FQ_RESOLVED_LOCAL_HIGH,FY_RESOLVED_DIRECT_EXACT,,"Research official issuer sources for FY2024 Q3. Verify missing quarter existence/source evidence, Revenue. Do not research other fields.",P3_LATEST8Q,,MISSING_QUARTER_ALREADY_IDENTIFIED_LOCALLY,P8H-3-0313,NO_STRUCTURAL_BOUNDARY,AURA
MISSING_QUARTER_EXISTENCE,ADJACENT_EXACT_ANCHORS,Q3,2024,NO,FQ_RESOLVED_LOCAL_HIGH,FY_RESOLVED_DIRECT_EXACT,,"Research official issuer sources for FY2024 Q3. Verify missing quarter existence/source evidence, Total Debt. Do not research other fields.",P3_LATEST8Q,,MISSING_QUARTER_ALREADY_IDENTIFIED_LOCALLY,P8H-3-0330,NO_STRUCTURAL_BOUNDARY,AVPT
MISSING_QUARTER_EXISTENCE,ADJACENT_EXACT_ANCHORS,Q1,2025,NO,FQ_RESOLVED_LOCAL_HIGH,FY_RESOLVED_DIRECT_EXACT,,"Research official issuer sources for FY2025 Q1. Verify missing quarter existence/source evidence, Total Debt. Do not research other fields.",P3_LATEST8Q,,MISSING_QUARTER_ALREADY_IDENTIFIED_LOCALLY,P8H-3-0335,NO_STRUCTURAL_BOUNDARY,AVXL
MISSING_QUARTER_EXISTENCE,ADJACENT_EXACT_ANCHORS,Q2,2024,NO,FQ_RESOLVED_LOCAL_HIGH,FY_RESOLVED_DIRECT_EXACT,,"Research official issuer sources for FY2024 Q2. Verify missing quarter existence/source evidence, Total Debt. Do not research other fields.",P3_LATEST8Q,,MISSING_QUARTER_ALREADY_IDENTIFIED_LOCALLY,P8H-3-0348,NO_STRUCTURAL_BOUNDARY,AZTA
MISSING_QUARTER_EXISTENCE,ADJACENT_EXACT_ANCHORS,Q3,2024,NO,FQ_RESOLVED_LOCAL_HIGH,FY_RESOLVED_DIRECT_EXACT,,"Research official issuer sources for FY2024 Q3. Verify missing quarter existence/source evidence, Total Debt. Do not research other fields.",P3_LATEST8Q,,MISSING_QUARTER_ALREADY_IDENTIFIED_LOCALLY,P8H-3-0359,NO_STRUCTURAL_BOUNDARY,BBBY
MISSING_QUARTER_EXISTENCE,ADJACENT_EXACT_ANCHORS,Q3,2024,NO,FQ_RESOLVED_LOCAL_HIGH,FY_RESOLVED_DIRECT_EXACT,,"Research official issuer sources for FY2024 Q3. Verify missing quarter existence/source evidence, Total Debt. Do not research other fields.",P3_LATEST8Q,,MISSING_QUARTER_ALREADY_IDENTIFIED_LOCALLY,P8H-3-0370,NO_STRUCTURAL_BOUNDARY,BBSI
MISSING_QUARTER_EXISTENCE,ADJACENT_EXACT_ANCHORS,Q2,2025,NO,FQ_RESOLVED_LOCAL_HIGH,FY_RESOLVED_DIRECT_EXACT,,"Research official issuer sources for FY2025 Q2. Verify missing quarter existence/source evidence, Total Debt. Do not research other fields.",P3_LATEST8Q,,MISSING_QUARTER_ALREADY_IDENTIFIED_LOCALLY,P8H-3-0379,NO_STRUCTURAL_BOUNDARY,BCTX
MISSING_QUARTER_EXISTENCE,ADJACENT_EXACT_ANCHORS,Q3,2024,NO,FQ_RESOLVED_LOCAL_HIGH,FY_RESOLVED_DIRECT_EXACT,,"Research official issuer sources for FY2024 Q3. Verify missing quarter existence/source evidence, Total Debt. Do not research other fields.",P3_LATEST8Q,,MISSING_QUARTER_ALREADY_IDENTIFIED_LOCALLY,P8H-3-0380,NO_STRUCTURAL_BOUNDARY,BCYC
MISSING_QUARTER_EXISTENCE,ADJACENT_EXACT_ANCHORS,Q3,2024,NO,FQ_RESOLVED_LOCAL_HIGH,FY_RESOLVED_DIRECT_EXACT,,"Research official issuer sources for FY2024 Q3. Verify missing quarter existence/source evidence, Total Debt. Do not research other fields.",P3_LATEST8Q,,MISSING_QUARTER_ALREADY_IDENTIFIED_LOCALLY,P8H-3-0384,NO_STRUCTURAL_BOUNDARY,BEAM
MISSING_QUARTER_EXISTENCE,ADJACENT_EXACT_ANCHORS,Q3,2024,NO,FQ_RESOLVED_LOCAL_HIGH,FY_RESOLVED_DIRECT_EXACT,,"Research official issuer sources for FY2024 Q3. Verify missing quarter existence/source evidence, Total Debt. Do not research other fields.",P3_LATEST8Q,,MISSING_QUARTER_ALREADY_IDENTIFIED_LOCALLY,P8H-3-0388,NO_STRUCTURAL_BOUNDARY,BFLY
MISSING_QUARTER_EXISTENCE,ADJACENT_EXACT_ANCHORS,Q3,2024,NO,FQ_RESOLVED_LOCAL_HIGH,FY_RESOLVED_DIRECT_EXACT,,"Research official issuer sources for FY2024 Q3. Verify EBIT, missing quarter existence/source evidence. Do not research other fields.",P3_LATEST8Q,,MISSING_QUARTER_ALREADY_IDENTIFIED_LOCALLY,P8H-3-0393,NO_STRUCTURAL_BOUNDARY,BG
MISSING_QUARTER_EXISTENCE,ADJACENT_EXACT_ANCHORS,Q3,2024,NO,FQ_RESOLVED_LOCAL_HIGH,FY_RESOLVED_DIRECT_EXACT,,"Research official issuer sources for FY2024 Q3. Verify missing quarter existence/source evidence, Total Debt. Do not research other fields.",P3_LATEST8Q,,MISSING_QUARTER_ALREADY_IDENTIFIED_LOCALLY,P8H-3-0397,NO_STRUCTURAL_BOUNDARY,BGLC
MISSING_QUARTER_EXISTENCE,ADJACENT_EXACT_ANCHORS,Q3,2024,NO,FQ_RESOLVED_LOCAL_HIGH,FY_RESOLVED_DIRECT_EXACT,,"Research official issuer sources for FY2024 Q3. Verify missing quarter existence/source evidence, Total Debt. Do not research other fields.",P3_LATEST8Q,,MISSING_QUARTER_ALREADY_IDENTIFIED_LOCALLY,P8H-3-0423,NO_STRUCTURAL_BOUNDARY,BMRA
MISSING_QUARTER_EXISTENCE,ADJACENT_EXACT_ANCHORS,Q1,2025,NO,FQ_RESOLVED_LOCAL_HIGH,FY_RESOLVED_DIRECT_EXACT,,"Research official issuer sources for FY2025 Q1. Verify missing quarter existence/source evidence, Total Debt. Do not research other fields.",P3_LATEST8Q,,MISSING_QUARTER_ALREADY_IDENTIFIED_LOCALLY,P8H-3-0424,NO_STRUCTURAL_BOUNDARY,BMRA
MISSING_QUARTER_EXISTENCE,ADJACENT_EXACT_ANCHORS,Q1,2025,NO,FQ_RESOLVED_LOCAL_HIGH,FY_RESOLVED_DIRECT_EXACT,,"Research official issuer sources for FY2025 Q1. Verify first-public result publication date, missing quarter existence/source evidence. Do not research other fields.",P3_LATEST8Q,,MISSING_QUARTER_ALREADY_IDENTIFIED_LOCALLY,P8H-3-0437,NO_STRUCTURAL_BOUNDARY,BOC
MISSING_QUARTER_EXISTENCE,ADJACENT_EXACT_ANCHORS,Q3,2024,NO,FQ_RESOLVED_LOCAL_HIGH,FY_RESOLVED_DIRECT_EXACT,,"Research official issuer sources for FY2024 Q3. Verify missing quarter existence/source evidence, Total Debt. Do not research other fields.",P3_LATEST8Q,,MISSING_QUARTER_ALREADY_IDENTIFIED_LOCALLY,P8H-3-0464,NO_STRUCTURAL_BOUNDARY,BSM
MISSING_QUARTER_EXISTENCE,ADJACENT_EXACT_ANCHORS,Q3,2024,NO,FQ_RESOLVED_LOCAL_HIGH,FY_RESOLVED_DIRECT_EXACT,,"Research official issuer sources for FY2024 Q3. Verify missing quarter existence/source evidence, Revenue. Do not research other fields.",P3_LATEST8Q,,MISSING_QUARTER_ALREADY_IDENTIFIED_LOCALLY,P8H-3-0497,NO_STRUCTURAL_BOUNDARY,CADL
MISSING_QUARTER_EXISTENCE,ADJACENT_EXACT_ANCHORS,Q4,2023,NO,FQ_RESOLVED_LOCAL_HIGH,FY_RESOLVED_DIRECT_EXACT,,"Research official issuer sources for FY2023 Q4. Verify missing quarter existence/source evidence, Total Debt. Do not research other fields.",P3_LATEST8Q,,MISSING_QUARTER_ALREADY_IDENTIFIED_LOCALLY,P8H-3-0517,NO_STRUCTURAL_BOUNDARY,CART
MISSING_QUARTER_EXISTENCE,ADJACENT_EXACT_ANCHORS,Q3,2024,NO,FQ_RESOLVED_LOCAL_HIGH,FY_RESOLVED_DIRECT_EXACT,,"Research official issuer sources for FY2024 Q3. Verify missing quarter existence/source evidence, Total Debt. Do not research other fields.",P3_LATEST8Q,,MISSING_QUARTER_ALREADY_IDENTIFIED_LOCALLY,P8H-3-0518,NO_STRUCTURAL_BOUNDARY,CART
MISSING_QUARTER_EXISTENCE,ADJACENT_EXACT_ANCHORS,Q3,2024,NO,FQ_RESOLVED_LOCAL_HIGH,FY_RESOLVED_DIRECT_EXACT,,"Research official issuer sources for FY2024 Q3. Verify missing quarter existence/source evidence, Total Debt. Do not research other fields.",P3_LATEST8Q,,MISSING_QUARTER_ALREADY_IDENTIFIED_LOCALLY,P8H-3-0536,NO_STRUCTURAL_BOUNDARY,CCCC
MISSING_QUARTER_EXISTENCE,ADJACENT_EXACT_ANCHORS,Q3,2024,NO,FQ_RESOLVED_LOCAL_HIGH,FY_RESOLVED_DIRECT_EXACT,,"Research official issuer sources for FY2024 Q3. Verify missing quarter existence/source evidence, Total Debt. Do not research other fields.",P3_LATEST8Q,,MISSING_QUARTER_ALREADY_IDENTIFIED_LOCALLY,P8H-3-0543,NO_STRUCTURAL_BOUNDARY,CDNA
MISSING_QUARTER_EXISTENCE,ADJACENT_EXACT_ANCHORS,Q3,2024,NO,FQ_RESOLVED_LOCAL_HIGH,FY_RESOLVED_DIRECT_EXACT,,"Research official issuer sources for FY2024 Q3. Verify missing quarter existence/source evidence, Revenue. Do not research other fields.",P3_LATEST8Q,,MISSING_QUARTER_ALREADY_IDENTIFIED_LOCALLY,P8H-3-0552,NO_STRUCTURAL_BOUNDARY,CELC
MISSING_QUARTER_EXISTENCE,ADJACENT_EXACT_ANCHORS,Q3,2024,NO,FQ_RESOLVED_LOCAL_HIGH,FY_RESOLVED_DIRECT_EXACT,,"Research official issuer sources for FY2024 Q3. Verify missing quarter existence/source evidence, Total Debt. Do not research other fields.",P3_LATEST8Q,,MISSING_QUARTER_ALREADY_IDENTIFIED_LOCALLY,P8H-3-0555,NO_STRUCTURAL_BOUNDARY,CELH
MISSING_QUARTER_EXISTENCE,ADJACENT_EXACT_ANCHORS,Q3,2024,NO,FQ_RESOLVED_LOCAL_HIGH,FY_RESOLVED_DIRECT_EXACT,,"Research official issuer sources for FY2024 Q3. Verify missing quarter existence/source evidence, Total Debt. Do not research other fields.",P3_LATEST8Q,,MISSING_QUARTER_ALREADY_IDENTIFIED_LOCALLY,P8H-3-0565,NO_STRUCTURAL_BOUNDARY,CEVA
MISSING_QUARTER_EXISTENCE,ADJACENT_EXACT_ANCHORS,Q3,2024,NO,FQ_RESOLVED_LOCAL_HIGH,FY_RESOLVED_DIRECT_EXACT,,"Research official issuer sources for FY2024 Q3. Verify missing quarter existence/source evidence, Total Debt. Do not research other fields.",P3_LATEST8Q,,MISSING_QUARTER_ALREADY_IDENTIFIED_LOCALLY,P8H-3-0578,NO_STRUCTURAL_BOUNDARY,CHE
MISSING_QUARTER_EXISTENCE,ADJACENT_EXACT_ANCHORS,Q3,2024,NO,FQ_RESOLVED_LOCAL_HIGH,FY_RESOLVED_DIRECT_EXACT,,"Research official issuer sources for FY2024 Q3. Verify first-public result publication date, missing quarter existence/source evidence. Do not research other fields.",P3_LATEST8Q,,MISSING_QUARTER_ALREADY_IDENTIFIED_LOCALLY,P8H-3-0606,NO_STRUCTURAL_BOUNDARY,CISO
MISSING_QUARTER_EXISTENCE,ADJACENT_EXACT_ANCHORS,Q3,2024,NO,FQ_RESOLVED_LOCAL_HIGH,FY_RESOLVED_DIRECT_EXACT,,"Research official issuer sources for FY2024 Q3. Verify missing quarter existence/source evidence, Total Debt. Do not research other fields.",P3_LATEST8Q,,MISSING_QUARTER_ALREADY_IDENTIFIED_LOCALLY,P8H-3-0610,NO_STRUCTURAL_BOUNDARY,CLDX
MISSING_QUARTER_EXISTENCE,ADJACENT_EXACT_ANCHORS,Q1,2025,NO,FQ_RESOLVED_LOCAL_HIGH,FY_RESOLVED_DIRECT_EXACT,,"Research official issuer sources for FY2025 Q1. Verify missing quarter existence/source evidence, Total Debt. Do not research other fields.",P3_LATEST8Q,,MISSING_QUARTER_ALREADY_IDENTIFIED_LOCALLY,P8H-3-0617,NO_STRUCTURAL_BOUNDARY,CLOV
MISSING_QUARTER_EXISTENCE,ADJACENT_EXACT_ANCHORS,Q3,2024,NO,FQ_RESOLVED_LOCAL_HIGH,FY_RESOLVED_DIRECT_EXACT,,"Research official issuer sources for FY2024 Q3. Verify missing quarter existence/source evidence, Total Debt. Do not research other fields.",P3_LATEST8Q,,MISSING_QUARTER_ALREADY_IDENTIFIED_LOCALLY,P8H-3-0619,NO_STRUCTURAL_BOUNDARY,CLPT
MISSING_QUARTER_EXISTENCE,ADJACENT_EXACT_ANCHORS,Q1,2025,NO,FQ_RESOLVED_LOCAL_HIGH,FY_RESOLVED_DIRECT_EXACT,,"Research official issuer sources for FY2025 Q1. Verify first-public result publication date, missing quarter existence/source evidence. Do not research other fields.",P3_LATEST8Q,,MISSING_QUARTER_ALREADY_IDENTIFIED_LOCALLY,P8H-3-0637,NO_STRUCTURAL_BOUNDARY,CMCT
MISSING_QUARTER_EXISTENCE,ADJACENT_EXACT_ANCHORS,Q3,2024,NO,FQ_RESOLVED_LOCAL_HIGH,FY_RESOLVED_DIRECT_EXACT,,"Research official issuer sources for FY2024 Q3. Verify missing quarter existence/source evidence, Revenue. Do not research other fields.",P3_LATEST8Q,,MISSING_QUARTER_ALREADY_IDENTIFIED_LOCALLY,P8H-3-0642,NO_STRUCTURAL_BOUNDARY,CMPX
MISSING_QUARTER_EXISTENCE,ADJACENT_EXACT_ANCHORS,Q3,2024,NO,FQ_RESOLVED_LOCAL_HIGH,FY_RESOLVED_DIRECT_EXACT,,"Research official issuer sources for FY2024 Q3. Verify missing quarter existence/source evidence, Total Debt. Do not research other fields.",P3_LATEST8Q,,MISSING_QUARTER_ALREADY_IDENTIFIED_LOCALLY,P8H-3-0644,NO_STRUCTURAL_BOUNDARY,CMRC
MISSING_QUARTER_EXISTENCE,ADJACENT_EXACT_ANCHORS,Q4,2023,NO,FQ_RESOLVED_LOCAL_HIGH,FY_RESOLVED_DIRECT_EXACT,,"Research official issuer sources for FY2023 Q4. Verify missing quarter existence/source evidence, Total Debt. Do not research other fields.",P3_LATEST8Q,,MISSING_QUARTER_ALREADY_IDENTIFIED_LOCALLY,P8H-3-0667,NO_STRUCTURAL_BOUNDARY,COCH
MISSING_QUARTER_EXISTENCE,ADJACENT_EXACT_ANCHORS,Q3,2024,NO,FQ_RESOLVED_LOCAL_HIGH,FY_RESOLVED_DIRECT_EXACT,,"Research official issuer sources for FY2024 Q3. Verify missing quarter existence/source evidence, Total Debt. Do not research other fields.",P3_LATEST8Q,,MISSING_QUARTER_ALREADY_IDENTIFIED_LOCALLY,P8H-3-0680,NO_STRUCTURAL_BOUNDARY,COLM
MISSING_QUARTER_EXISTENCE,ADJACENT_EXACT_ANCHORS,Q3,2024,NO,FQ_RESOLVED_LOCAL_HIGH,FY_RESOLVED_DIRECT_EXACT,,"Research official issuer sources for FY2024 Q3. Verify missing quarter existence/source evidence, Total Debt. Do not research other fields.",P3_LATEST8Q,,MISSING_QUARTER_ALREADY_IDENTIFIED_LOCALLY,P8H-3-0693,NO_STRUCTURAL_BOUNDARY,CPRT
MISSING_QUARTER_EXISTENCE,ADJACENT_EXACT_ANCHORS,Q1,2025,NO,FQ_RESOLVED_LOCAL_HIGH,FY_RESOLVED_DIRECT_EXACT,,"Research official issuer sources for FY2025 Q1. Verify missing quarter existence/source evidence, Total Debt. Do not research other fields.",P3_LATEST8Q,,MISSING_QUARTER_ALREADY_IDENTIFIED_LOCALLY,P8H-3-0694,NO_STRUCTURAL_BOUNDARY,CPRT
MISSING_QUARTER_EXISTENCE,ADJACENT_EXACT_ANCHORS,Q3,2024,NO,FQ_RESOLVED_LOCAL_HIGH,FY_RESOLVED_DIRECT_EXACT,,"Research official issuer sources for FY2024 Q3. Verify missing quarter existence/source evidence, Total Debt. Do not research other fields.",P3_LATEST8Q,,MISSING_QUARTER_ALREADY_IDENTIFIED_LOCALLY,P8H-3-0703,NO_STRUCTURAL_BOUNDARY,CRCT
MISSING_QUARTER_EXISTENCE,ADJACENT_EXACT_ANCHORS,Q3,2024,NO,FQ_RESOLVED_LOCAL_HIGH,FY_RESOLVED_DIRECT_EXACT,,"Research official issuer sources for FY2024 Q3. Verify missing quarter existence/source evidence, Total Debt. Do not research other fields.",P3_LATEST8Q,,MISSING_QUARTER_ALREADY_IDENTIFIED_LOCALLY,P8H-3-0718,NO_STRUCTURAL_BOUNDARY,CRNX
MISSING_QUARTER_EXISTENCE,ADJACENT_EXACT_ANCHORS,Q1,2025,NO,FQ_RESOLVED_LOCAL_HIGH,FY_RESOLVED_DIRECT_EXACT,,"Research official issuer sources for FY2025 Q1. Verify Cash, missing quarter existence/source evidence. Do not research other fields.",P3_LATEST8Q,,MISSING_QUARTER_ALREADY_IDENTIFIED_LOCALLY,P8H-3-0719,NO_STRUCTURAL_BOUNDARY,CRNX
MISSING_QUARTER_EXISTENCE,ADJACENT_EXACT_ANCHORS,Q3,2024,NO,FQ_RESOLVED_LOCAL_HIGH,FY_RESOLVED_DIRECT_EXACT,,"Research official issuer sources for FY2024 Q3. Verify missing quarter existence/source evidence, Total Debt. Do not research other fields.",P3_LATEST8Q,,MISSING_QUARTER_ALREADY_IDENTIFIED_LOCALLY,P8H-3-0722,NO_STRUCTURAL_BOUNDARY,CRSP
MISSING_QUARTER_EXISTENCE,ADJACENT_EXACT_ANCHORS,Q3,2024,NO,FQ_RESOLVED_LOCAL_HIGH,FY_RESOLVED_DIRECT_EXACT,,"Research official issuer sources for FY2024 Q3. Verify missing quarter existence/source evidence, Total Debt. Do not research other fields.",P3_LATEST8Q,,MISSING_QUARTER_ALREADY_IDENTIFIED_LOCALLY,P8H-3-0724,NO_STRUCTURAL_BOUNDARY,CRTO
MISSING_QUARTER_EXISTENCE,ADJACENT_EXACT_ANCHORS,Q1,2025,NO,FQ_RESOLVED_LOCAL_HIGH,FY_RESOLVED_DIRECT_EXACT,,"Research official issuer sources for FY2025 Q1. Verify missing quarter existence/source evidence, Total Debt. Do not research other fields.",P3_LATEST8Q,,MISSING_QUARTER_ALREADY_IDENTIFIED_LOCALLY,P8H-3-0729,NO_STRUCTURAL_BOUNDARY,CRVO
MISSING_QUARTER_EXISTENCE,ADJACENT_EXACT_ANCHORS,Q1,2025,NO,FQ_RESOLVED_LOCAL_HIGH,FY_RESOLVED_DIRECT_EXACT,,"Research official issuer sources for FY2025 Q1. Verify Cash, missing quarter existence/source evidence. Do not research other fields.",P3_LATEST8Q,,MISSING_QUARTER_ALREADY_IDENTIFIED_LOCALLY,P8H-3-0733,NO_STRUCTURAL_BOUNDARY,CRVS
MISSING_QUARTER_EXISTENCE,ADJACENT_EXACT_ANCHORS,Q3,2024,NO,FQ_RESOLVED_LOCAL_HIGH,FY_RESOLVED_DIRECT_EXACT,,"Research official issuer sources for FY2024 Q3. Verify missing quarter existence/source evidence, Total Debt. Do not research other fields.",P3_LATEST8Q,,MISSING_QUARTER_ALREADY_IDENTIFIED_LOCALLY,P8H-3-0765,NO_STRUCTURAL_BOUNDARY,CURI
MISSING_QUARTER_EXISTENCE,ADJACENT_EXACT_ANCHORS,Q3,2024,NO,FQ_RESOLVED_LOCAL_HIGH,FY_RESOLVED_DIRECT_EXACT,,"Research official issuer sources for FY2024 Q3. Verify missing quarter existence/source evidence, Shares Outstanding. Do not research other fields.",P3_LATEST8Q,,MISSING_QUARTER_ALREADY_IDENTIFIED_LOCALLY,P8H-3-0775,NO_STRUCTURAL_BOUNDARY,CWEN
MISSING_QUARTER_EXISTENCE,ADJACENT_EXACT_ANCHORS,Q1,2025,NO,FQ_RESOLVED_LOCAL_HIGH,FY_RESOLVED_DIRECT_EXACT,,"Research official issuer sources for FY2025 Q1. Verify EBIT, missing quarter existence/source evidence. Do not research other fields.",P3_LATEST8Q,,MISSING_QUARTER_ALREADY_IDENTIFIED_LOCALLY,P8H-3-0776,NO_STRUCTURAL_BOUNDARY,CWEN
MISSING_QUARTER_EXISTENCE,ADJACENT_EXACT_ANCHORS,Q3,2024,NO,FQ_RESOLVED_LOCAL_HIGH,FY_RESOLVED_DIRECT_EXACT,,"Research official issuer sources for FY2024 Q3. Verify missing quarter existence/source evidence, Shares Outstanding. Do not research other fields.",P3_LATEST8Q,,MISSING_QUARTER_ALREADY_IDENTIFIED_LOCALLY,P8H-3-0778,NO_STRUCTURAL_BOUNDARY,CWH
MISSING_QUARTER_EXISTENCE,ADJACENT_EXACT_ANCHORS,Q1,2025,NO,FQ_RESOLVED_LOCAL_HIGH,FY_RESOLVED_DIRECT_EXACT,,"Research official issuer sources for FY2025 Q1. Verify missing quarter existence/source evidence, Total Debt. Do not research other fields.",P3_LATEST8Q,,MISSING_QUARTER_ALREADY_IDENTIFIED_LOCALLY,P8H-3-0792,NO_STRUCTURAL_BOUNDARY,CYCN
MISSING_QUARTER_EXISTENCE,ADJACENT_EXACT_ANCHORS,Q3,2024,NO,FQ_RESOLVED_LOCAL_HIGH,FY_RESOLVED_DIRECT_EXACT,,"Research official issuer sources for FY2024 Q3. Verify EBIT, missing quarter existence/source evidence. Do not research other fields.",P3_LATEST8Q,,MISSING_QUARTER_ALREADY_IDENTIFIED_LOCALLY,P8H-3-0804,NO_STRUCTURAL_BOUNDARY,DAVE
MISSING_QUARTER_EXISTENCE,ADJACENT_EXACT_ANCHORS,Q3,2024,NO,FQ_RESOLVED_LOCAL_HIGH,FY_RESOLVED_DIRECT_EXACT,,"Research official issuer sources for FY2024 Q3. Verify missing quarter existence/source evidence, Total Debt. Do not research other fields.",P3_LATEST8Q,,MISSING_QUARTER_ALREADY_IDENTIFIED_LOCALLY,P8H-3-0838,NO_STRUCTURAL_BOUNDARY,DIBS
MISSING_QUARTER_EXISTENCE,ADJACENT_EXACT_ANCHORS,Q3,2024,NO,FQ_RESOLVED_LOCAL_HIGH,FY_RESOLVED_DIRECT_EXACT,,"Research official issuer sources for FY2024 Q3. Verify missing quarter existence/source evidence, Shares Outstanding. Do not research other fields.",P3_LATEST8Q,,MISSING_QUARTER_ALREADY_IDENTIFIED_LOCALLY,P8H-3-0844,NO_STRUCTURAL_BOUNDARY,DKL
MISSING_QUARTER_EXISTENCE,ADJACENT_EXACT_ANCHORS,Q1,2024,NO,FQ_RESOLVED_LOCAL_HIGH,FY_RESOLVED_DIRECT_EXACT,,"Research official issuer sources for FY2024 Q1. Verify missing quarter existence/source evidence, Total Debt. Do not research other fields.",P3_LATEST8Q,,MISSING_QUARTER_ALREADY_IDENTIFIED_LOCALLY,P8H-3-0846,NO_STRUCTURAL_BOUNDARY,DKNG
MISSING_QUARTER_EXISTENCE,ADJACENT_EXACT_ANCHORS,Q3,2024,NO,FQ_RESOLVED_LOCAL_HIGH,FY_RESOLVED_DIRECT_EXACT,,"Research official issuer sources for FY2024 Q3. Verify missing quarter existence/source evidence, Revenue. Do not research other fields.",P3_LATEST8Q,,MISSING_QUARTER_ALREADY_IDENTIFIED_LOCALLY,P8H-3-0852,NO_STRUCTURAL_BOUNDARY,DMAC
MISSING_QUARTER_EXISTENCE,ADJACENT_EXACT_ANCHORS,Q1,2025,NO,FQ_RESOLVED_LOCAL_HIGH,FY_RESOLVED_DIRECT_EXACT,,"Research official issuer sources for FY2025 Q1. Verify missing quarter existence/source evidence, Revenue. Do not research other fields.",P3_LATEST8Q,,MISSING_QUARTER_ALREADY_IDENTIFIED_LOCALLY,P8H-3-0856,NO_STRUCTURAL_BOUNDARY,DMLP
MISSING_QUARTER_EXISTENCE,ADJACENT_EXACT_ANCHORS,Q3,2024,NO,FQ_RESOLVED_LOCAL_HIGH,FY_RESOLVED_DIRECT_EXACT,,"Research official issuer sources for FY2024 Q3. Verify missing quarter existence/source evidence, Total Debt. Do not research other fields.",P3_LATEST8Q,,MISSING_QUARTER_ALREADY_IDENTIFIED_LOCALLY,P8H-3-0859,NO_STRUCTURAL_BOUNDARY,DMRC
MISSING_QUARTER_EXISTENCE,ADJACENT_EXACT_ANCHORS,Q3,2024,NO,FQ_RESOLVED_LOCAL_HIGH,FY_RESOLVED_DIRECT_EXACT,,"Research official issuer sources for FY2024 Q3. Verify missing quarter existence/source evidence, Total Debt. Do not research other fields.",P3_LATEST8Q,,MISSING_QUARTER_ALREADY_IDENTIFIED_LOCALLY,P8H-3-0861,NO_STRUCTURAL_BOUNDARY,DNA
MISSING_QUARTER_EXISTENCE,ADJACENT_EXACT_ANCHORS,Q3,2024,NO,FQ_RESOLVED_LOCAL_HIGH,FY_RESOLVED_DIRECT_EXACT,,"Research official issuer sources for FY2024 Q3. Verify missing quarter existence/source evidence, Total Debt. Do not research other fields.",P3_LATEST8Q,,MISSING_QUARTER_ALREADY_IDENTIFIED_LOCALLY,P8H-3-0864,NO_STRUCTURAL_BOUNDARY,DNLI
MISSING_QUARTER_EXISTENCE,ADJACENT_EXACT_ANCHORS,Q1,2025,NO,FQ_RESOLVED_LOCAL_HIGH,FY_RESOLVED_DIRECT_EXACT,,"Research official issuer sources for FY2025 Q1. Verify Cash, missing quarter existence/source evidence. Do not research other fields.",P3_LATEST8Q,,MISSING_QUARTER_ALREADY_IDENTIFIED_LOCALLY,P8H-3-0865,NO_STRUCTURAL_BOUNDARY,DNLI
MISSING_QUARTER_EXISTENCE,ADJACENT_EXACT_ANCHORS,Q3,2024,NO,FQ_RESOLVED_LOCAL_HIGH,FY_RESOLVED_DIRECT_EXACT,,"Research official issuer sources for FY2024 Q3. Verify missing quarter existence/source evidence, Total Debt. Do not research other fields.",P3_LATEST8Q,,MISSING_QUARTER_ALREADY_IDENTIFIED_LOCALLY,P8H-3-0867,NO_STRUCTURAL_BOUNDARY,DNOW
MISSING_QUARTER_EXISTENCE,ADJACENT_EXACT_ANCHORS,Q1,2025,NO,FQ_RESOLVED_LOCAL_HIGH,FY_RESOLVED_DIRECT_EXACT,,"Research official issuer sources for FY2025 Q1. Verify Cash, missing quarter existence/source evidence. Do not research other fields.",P3_LATEST8Q,,MISSING_QUARTER_ALREADY_IDENTIFIED_LOCALLY,P8H-3-0891,NO_STRUCTURAL_BOUNDARY,DSGN
MISSING_QUARTER_EXISTENCE,ADJACENT_EXACT_ANCHORS,Q3,2024,NO,FQ_RESOLVED_LOCAL_HIGH,FY_RESOLVED_DIRECT_EXACT,,"Research official issuer sources for FY2024 Q3. Verify Cash, missing quarter existence/source evidence. Do not research other fields.",P3_LATEST8Q,,MISSING_QUARTER_ALREADY_IDENTIFIED_LOCALLY,P8H-3-0919,NO_STRUCTURAL_BOUNDARY,EDBL
MISSING_QUARTER_EXISTENCE,ADJACENT_EXACT_ANCHORS,Q3,2024,NO,FQ_RESOLVED_LOCAL_HIGH,FY_RESOLVED_DIRECT_EXACT,,"Research official issuer sources for FY2024 Q3. Verify missing quarter existence/source evidence, Total Debt. Do not research other fields.",P3_LATEST8Q,,MISSING_QUARTER_ALREADY_IDENTIFIED_LOCALLY,P8H-3-0921,NO_STRUCTURAL_BOUNDARY,EDIT
MISSING_QUARTER_EXISTENCE,ADJACENT_EXACT_ANCHORS,Q3,2024,NO,FQ_RESOLVED_LOCAL_HIGH,FY_RESOLVED_DIRECT_EXACT,,"Research official issuer sources for FY2024 Q3. Verify missing quarter existence/source evidence, Total Debt. Do not research other fields.",P3_LATEST8Q,,MISSING_QUARTER_ALREADY_IDENTIFIED_LOCALLY,P8H-3-0956,NO_STRUCTURAL_BOUNDARY,EME
MISSING_QUARTER_EXISTENCE,ADJACENT_EXACT_ANCHORS,Q1,2025,NO,FQ_RESOLVED_LOCAL_HIGH,FY_RESOLVED_DIRECT_EXACT,,"Research official issuer sources for FY2025 Q1. Verify first-public result publication date, missing quarter existence/source evidence. Do not research other fields.",P3_LATEST8Q,,MISSING_QUARTER_ALREADY_IDENTIFIED_LOCALLY,P8H-3-0961,NO_STRUCTURAL_BOUNDARY,EMPD
MISSING_QUARTER_EXISTENCE,ADJACENT_EXACT_ANCHORS,Q3,2024,NO,FQ_RESOLVED_LOCAL_HIGH,FY_RESOLVED_DIRECT_EXACT,,"Research official issuer sources for FY2024 Q3. Verify missing quarter existence/source evidence, Total Debt. Do not research other fields.",P3_LATEST8Q,,MISSING_QUARTER_ALREADY_IDENTIFIED_LOCALLY,P8H-3-0991,NO_STRUCTURAL_BOUNDARY,ERII
MISSING_QUARTER_EXISTENCE,ADJACENT_EXACT_ANCHORS,Q3,2024,NO,FQ_RESOLVED_LOCAL_HIGH,FY_RESOLVED_DIRECT_EXACT,,"Research official issuer sources for FY2024 Q3. Verify missing quarter existence/source evidence, Total Debt. Do not research other fields.",P3_LATEST8Q,,MISSING_QUARTER_ALREADY_IDENTIFIED_LOCALLY,P8H-3-0997,NO_STRUCTURAL_BOUNDARY,ETD
MISSING_QUARTER_EXISTENCE,ADJACENT_EXACT_ANCHORS,Q1,2025,NO,FQ_RESOLVED_LOCAL_HIGH,FY_RESOLVED_DIRECT_EXACT,,"Research official issuer sources for FY2025 Q1. Verify missing quarter existence/source evidence, Total Debt. Do not research other fields.",P3_LATEST8Q,,MISSING_QUARTER_ALREADY_IDENTIFIED_LOCALLY,P8H-3-0998,NO_STRUCTURAL_BOUNDARY,ETD
MISSING_QUARTER_EXISTENCE,ADJACENT_EXACT_ANCHORS,Q3,2024,NO,FQ_RESOLVED_LOCAL_HIGH,FY_RESOLVED_DIRECT_EXACT,,"Research official issuer sources for FY2024 Q3. Verify missing quarter existence/source evidence, Total Debt. Do not research other fields.",P3_LATEST8Q,,MISSING_QUARTER_ALREADY_IDENTIFIED_LOCALLY,P8H-3-1003,NO_STRUCTURAL_BOUNDARY,EVER
MISSING_QUARTER_EXISTENCE,ADJACENT_EXACT_ANCHORS,Q3,2024,NO,FQ_RESOLVED_LOCAL_HIGH,FY_RESOLVED_DIRECT_EXACT,,"Research official issuer sources for FY2024 Q3. Verify missing quarter existence/source evidence, Revenue. Do not research other fields.",P3_LATEST8Q,,MISSING_QUARTER_ALREADY_IDENTIFIED_LOCALLY,P8H-3-1005,NO_STRUCTURAL_BOUNDARY,EVEX
MISSING_QUARTER_EXISTENCE,ADJACENT_EXACT_ANCHORS,Q3,2024,NO,FQ_RESOLVED_LOCAL_HIGH,FY_RESOLVED_DIRECT_EXACT,,"Research official issuer sources for FY2024 Q3. Verify missing quarter existence/source evidence, Total Debt. Do not research other fields.",P3_LATEST8Q,,MISSING_QUARTER_ALREADY_IDENTIFIED_LOCALLY,P8H-3-1008,NO_STRUCTURAL_BOUNDARY,EVGO
MISSING_QUARTER_EXISTENCE,ADJACENT_EXACT_ANCHORS,Q3,2024,NO,FQ_RESOLVED_LOCAL_HIGH,FY_RESOLVED_DIRECT_EXACT,,"Research official issuer sources for FY2024 Q3. Verify missing quarter existence/source evidence, Total Debt. Do not research other fields.",P3_LATEST8Q,,MISSING_QUARTER_ALREADY_IDENTIFIED_LOCALLY,P8H-3-1011,NO_STRUCTURAL_BOUNDARY,EVLV
MISSING_QUARTER_EXISTENCE,ADJACENT_EXACT_ANCHORS,Q3,2024,NO,FQ_RESOLVED_LOCAL_HIGH,FY_RESOLVED_DIRECT_EXACT,,"Research official issuer sources for FY2024 Q3. Verify missing quarter existence/source evidence, Total Debt. Do not research other fields.",P3_LATEST8Q,,MISSING_QUARTER_ALREADY_IDENTIFIED_LOCALLY,P8H-3-1023,NO_STRUCTURAL_BOUNDARY,EXPD
MISSING_QUARTER_EXISTENCE,ADJACENT_EXACT_ANCHORS,Q3,2024,NO,FQ_RESOLVED_LOCAL_HIGH,FY_RESOLVED_DIRECT_EXACT,,"Research official issuer sources for FY2024 Q3. Verify missing quarter existence/source evidence, Total Debt. Do not research other fields.",P3_LATEST8Q,,MISSING_QUARTER_ALREADY_IDENTIFIED_LOCALLY,P8H-3-1038,NO_STRUCTURAL_BOUNDARY,FCN
MISSING_QUARTER_EXISTENCE,ADJACENT_EXACT_ANCHORS,Q3,2024,NO,FQ_RESOLVED_LOCAL_HIGH,FY_RESOLVED_DIRECT_EXACT,,"Research official issuer sources for FY2024 Q3. Verify missing quarter existence/source evidence, Total Debt. Do not research other fields.",P3_LATEST8Q,,MISSING_QUARTER_ALREADY_IDENTIFIED_LOCALLY,P8H-3-1055,NO_STRUCTURAL_BOUNDARY,FFIV
MISSING_QUARTER_EXISTENCE,ADJACENT_EXACT_ANCHORS,Q3,2024,NO,FQ_RESOLVED_LOCAL_HIGH,FY_RESOLVED_DIRECT_EXACT,,"Research official issuer sources for FY2024 Q3. Verify missing quarter existence/source evidence, Total Debt. Do not research other fields.",P3_LATEST8Q,,MISSING_QUARTER_ALREADY_IDENTIFIED_LOCALLY,P8H-3-1062,NO_STRUCTURAL_BOUNDARY,FIGS
MISSING_QUARTER_EXISTENCE,ADJACENT_EXACT_ANCHORS,Q3,2024,NO,FQ_RESOLVED_LOCAL_HIGH,FY_RESOLVED_DIRECT_EXACT,,"Research official issuer sources for FY2024 Q3. Verify missing quarter existence/source evidence, Total Debt. Do not research other fields.",P3_LATEST8Q,,MISSING_QUARTER_ALREADY_IDENTIFIED_LOCALLY,P8H-3-1073,NO_STRUCTURAL_BOUNDARY,FLYW
MISSING_QUARTER_EXISTENCE,ADJACENT_EXACT_ANCHORS,Q3,2024,NO,FQ_RESOLVED_LOCAL_HIGH,FY_RESOLVED_DIRECT_EXACT,,"Research official issuer sources for FY2024 Q3. Verify missing quarter existence/source evidence, Shares Outstanding. Do not research other fields.",P3_LATEST8Q,,MISSING_QUARTER_ALREADY_IDENTIFIED_LOCALLY,P8H-3-1081,NO_STRUCTURAL_BOUNDARY,FOUR
MISSING_QUARTER_EXISTENCE,ADJACENT_EXACT_ANCHORS,Q3,2024,NO,FQ_RESOLVED_LOCAL_HIGH,FY_RESOLVED_DIRECT_EXACT,,"Research official issuer sources for FY2024 Q3. Verify missing quarter existence/source evidence, Total Debt. Do not research other fields.",P3_LATEST8Q,,MISSING_QUARTER_ALREADY_IDENTIFIED_LOCALLY,P8H-3-1096,NO_STRUCTURAL_BOUNDARY,FROG
MISSING_QUARTER_EXISTENCE,ADJACENT_EXACT_ANCHORS,Q3,2024,NO,FQ_RESOLVED_LOCAL_HIGH,FY_RESOLVED_DIRECT_EXACT,,"Research official issuer sources for FY2024 Q3. Verify missing quarter existence/source evidence, Total Debt. Do not research other fields.",P3_LATEST8Q,,MISSING_QUARTER_ALREADY_IDENTIFIED_LOCALLY,P8H-3-1098,NO_STRUCTURAL_BOUNDARY,FRSH
MISSING_QUARTER_EXISTENCE,ADJACENT_EXACT_ANCHORS,Q3,2023,NO,FQ_RESOLVED_LOCAL_HIGH,FY_RESOLVED_DIRECT_EXACT,,"Research official issuer sources for FY2023 Q3. Verify missing quarter existence/source evidence, Shares Outstanding. Do not research other fields.",P3_LATEST8Q,,MISSING_QUARTER_ALREADY_IDENTIFIED_LOCALLY,P8H-3-1111,NO_STRUCTURAL_BOUNDARY,FUN
MISSING_QUARTER_EXISTENCE,ADJACENT_EXACT_ANCHORS,Q1,2024,NO,FQ_RESOLVED_LOCAL_HIGH,FY_RESOLVED_DIRECT_EXACT,,"Research official issuer sources for FY2024 Q1. Verify missing quarter existence/source evidence, Shares Outstanding. Do not research other fields.",P3_LATEST8Q,,MISSING_QUARTER_ALREADY_IDENTIFIED_LOCALLY,P8H-3-1112,NO_STRUCTURAL_BOUNDARY,FUN
MISSING_QUARTER_EXISTENCE,ADJACENT_EXACT_ANCHORS,Q3,2024,NO,FQ_RESOLVED_LOCAL_HIGH,FY_RESOLVED_DIRECT_EXACT,,"Research official issuer sources for FY2024 Q3. Verify missing quarter existence/source evidence, Shares Outstanding. Do not research other fields.",P3_LATEST8Q,,MISSING_QUARTER_ALREADY_IDENTIFIED_LOCALLY,P8H-3-1114,NO_STRUCTURAL_BOUNDARY,FWONA
MISSING_QUARTER_EXISTENCE,ADJACENT_EXACT_ANCHORS,Q3,2024,NO,FQ_RESOLVED_LOCAL_HIGH,FY_RESOLVED_DIRECT_EXACT,,"Research official issuer sources for FY2024 Q3. Verify missing quarter existence/source evidence, Shares Outstanding. Do not research other fields.",P3_LATEST8Q,,MISSING_QUARTER_ALREADY_IDENTIFIED_LOCALLY,P8H-3-1117,NO_STRUCTURAL_BOUNDARY,FWONK
MISSING_QUARTER_EXISTENCE,ADJACENT_EXACT_ANCHORS,Q3,2024,NO,FQ_RESOLVED_LOCAL_HIGH,FY_RESOLVED_DIRECT_EXACT,,"Research official issuer sources for FY2024 Q3. Verify missing quarter existence/source evidence, Total Debt. Do not research other fields.",P3_LATEST8Q,,MISSING_QUARTER_ALREADY_IDENTIFIED_LOCALLY,P8H-3-1131,NO_STRUCTURAL_BOUNDARY,GCT
MISSING_QUARTER_EXISTENCE,ADJACENT_EXACT_ANCHORS,Q4,2023,NO,FQ_RESOLVED_LOCAL_HIGH,FY_RESOLVED_DIRECT_EXACT,,"Research official issuer sources for FY2023 Q4. Verify first-public result publication date, missing quarter existence/source evidence. Do not research other fields.",P3_LATEST8Q,,MISSING_QUARTER_ALREADY_IDENTIFIED_LOCALLY,P8H-3-1136,NO_STRUCTURAL_BOUNDARY,GCTS
MISSING_QUARTER_EXISTENCE,ADJACENT_EXACT_ANCHORS,Q3,2024,NO,FQ_RESOLVED_LOCAL_HIGH,FY_RESOLVED_DIRECT_EXACT,,"Research official issuer sources for FY2024 Q3. Verify missing quarter existence/source evidence, Total Debt. Do not research other fields.",P3_LATEST8Q,,MISSING_QUARTER_ALREADY_IDENTIFIED_LOCALLY,P8H-3-1141,NO_STRUCTURAL_BOUNDARY,GDYN
MISSING_QUARTER_EXISTENCE,ADJACENT_EXACT_ANCHORS,Q3,2024,NO,FQ_RESOLVED_LOCAL_HIGH,FY_RESOLVED_DIRECT_EXACT,,"Research official issuer sources for FY2024 Q3. Verify missing quarter existence/source evidence, Total Debt. Do not research other fields.",P3_LATEST8Q,,MISSING_QUARTER_ALREADY_IDENTIFIED_LOCALLY,P8H-3-1149,NO_STRUCTURAL_BOUNDARY,GEOS
MISSING_QUARTER_EXISTENCE,ADJACENT_EXACT_ANCHORS,Q3,2024,NO,FQ_RESOLVED_LOCAL_HIGH,FY_RESOLVED_DIRECT_EXACT,,"Research official issuer sources for FY2024 Q3. Verify missing quarter existence/source evidence, Total Debt. Do not research other fields.",P3_LATEST8Q,,MISSING_QUARTER_ALREADY_IDENTIFIED_LOCALLY,P8H-3-1159,NO_STRUCTURAL_BOUNDARY,GIC
MISSING_QUARTER_EXISTENCE,ADJACENT_EXACT_ANCHORS,Q3,2024,NO,FQ_RESOLVED_LOCAL_HIGH,FY_RESOLVED_DIRECT_EXACT,,"Research official issuer sources for FY2024 Q3. Verify missing quarter existence/source evidence, Total Debt. Do not research other fields.",P3_LATEST8Q,,MISSING_QUARTER_ALREADY_IDENTIFIED_LOCALLY,P8H-3-1166,NO_STRUCTURAL_BOUNDARY,GLUE
MISSING_QUARTER_EXISTENCE,ADJACENT_EXACT_ANCHORS,Q3,2024,NO,FQ_RESOLVED_LOCAL_HIGH,FY_RESOLVED_DIRECT_EXACT,,"Research official issuer sources for FY2024 Q3. Verify missing quarter existence/source evidence, Total Debt. Do not research other fields.",P3_LATEST8Q,,MISSING_QUARTER_ALREADY_IDENTIFIED_LOCALLY,P8H-3-1174,NO_STRUCTURAL_BOUNDARY,GNLX
MISSING_QUARTER_EXISTENCE,ADJACENT_EXACT_ANCHORS,Q3,2024,NO,FQ_RESOLVED_LOCAL_HIGH,FY_RESOLVED_DIRECT_EXACT,,"Research official issuer sources for FY2024 Q3. Verify missing quarter existence/source evidence, Total Debt. Do not research other fields.",P3_LATEST8Q,,MISSING_QUARTER_ALREADY_IDENTIFIED_LOCALLY,P8H-3-1177,NO_STRUCTURAL_BOUNDARY,GNTX
MISSING_QUARTER_EXISTENCE,ADJACENT_EXACT_ANCHORS,Q1,2025,NO,FQ_RESOLVED_LOCAL_HIGH,FY_RESOLVED_DIRECT_EXACT,,"Research official issuer sources for FY2025 Q1. Verify missing quarter existence/source evidence, Total Debt. Do not research other fields.",P3_LATEST8Q,,MISSING_QUARTER_ALREADY_IDENTIFIED_LOCALLY,P8H-3-1178,NO_STRUCTURAL_BOUNDARY,GNTX
MISSING_QUARTER_EXISTENCE,ADJACENT_EXACT_ANCHORS,Q1,2025,NO,FQ_RESOLVED_LOCAL_HIGH,FY_RESOLVED_DIRECT_EXACT,,"Research official issuer sources for FY2025 Q1. Verify Cash, missing quarter existence/source evidence. Do not research other fields.",P3_LATEST8Q,,MISSING_QUARTER_ALREADY_IDENTIFIED_LOCALLY,P8H-3-1187,NO_STRUCTURAL_BOUNDARY,GPCR
MISSING_QUARTER_EXISTENCE,ADJACENT_EXACT_ANCHORS,Q3,2024,NO,FQ_RESOLVED_LOCAL_HIGH,FY_RESOLVED_DIRECT_EXACT,,"Research official issuer sources for FY2024 Q3. Verify missing quarter existence/source evidence, Total Debt. Do not research other fields.",P3_LATEST8Q,,MISSING_QUARTER_ALREADY_IDENTIFIED_LOCALLY,P8H-3-1201,NO_STRUCTURAL_BOUNDARY,GRWG
MISSING_QUARTER_EXISTENCE,ADJACENT_EXACT_ANCHORS,Q1,2025,NO,FQ_RESOLVED_LOCAL_HIGH,FY_RESOLVED_DIRECT_EXACT,,"Research official issuer sources for FY2025 Q1. Verify EBIT, missing quarter existence/source evidence. Do not research other fields.",P3_LATEST8Q,,MISSING_QUARTER_ALREADY_IDENTIFIED_LOCALLY,P8H-3-1202,NO_STRUCTURAL_BOUNDARY,GSAT
MISSING_QUARTER_EXISTENCE,ADJACENT_EXACT_ANCHORS,Q4,2023,NO,FQ_RESOLVED_LOCAL_HIGH,FY_RESOLVED_DIRECT_EXACT,,"Research official issuer sources for FY2023 Q4. Verify missing quarter existence/source evidence, Total Debt. Do not research other fields.",P3_LATEST8Q,,MISSING_QUARTER_ALREADY_IDENTIFIED_LOCALLY,P8H-3-1226,NO_STRUCTURAL_BOUNDARY,GYRE
MISSING_QUARTER_EXISTENCE,ADJACENT_EXACT_ANCHORS,Q1,2025,NO,FQ_RESOLVED_LOCAL_HIGH,FY_RESOLVED_DIRECT_EXACT,,"Research official issuer sources for FY2025 Q1. Verify first-public result publication date, missing quarter existence/source evidence. Do not research other fields.",P3_LATEST8Q,,MISSING_QUARTER_ALREADY_IDENTIFIED_LOCALLY,P8H-3-1227,NO_STRUCTURAL_BOUNDARY,GYRE
MISSING_QUARTER_EXISTENCE,ADJACENT_EXACT_ANCHORS,Q3,2024,NO,FQ_RESOLVED_LOCAL_HIGH,FY_RESOLVED_DIRECT_EXACT,,"Research official issuer sources for FY2024 Q3. Verify missing quarter existence/source evidence, Total Debt. Do not research other fields.",P3_LATEST8Q,,MISSING_QUARTER_ALREADY_IDENTIFIED_LOCALLY,P8H-3-1241,NO_STRUCTURAL_BOUNDARY,HDSN
MISSING_QUARTER_EXISTENCE,ADJACENT_EXACT_ANCHORS,Q3,2024,NO,FQ_RESOLVED_LOCAL_HIGH,FY_RESOLVED_DIRECT_EXACT,,"Research official issuer sources for FY2024 Q3. Verify missing quarter existence/source evidence, Total Debt. Do not research other fields.",P3_LATEST8Q,,MISSING_QUARTER_ALREADY_IDENTIFIED_LOCALLY,P8H-3-1242,NO_STRUCTURAL_BOUNDARY,HE
MISSING_QUARTER_EXISTENCE,ADJACENT_EXACT_ANCHORS,Q3,2024,NO,FQ_RESOLVED_LOCAL_HIGH,FY_RESOLVED_DIRECT_EXACT,,"Research official issuer sources for FY2024 Q3. Verify missing quarter existence/source evidence, Total Debt. Do not research other fields.",P3_LATEST8Q,,MISSING_QUARTER_ALREADY_IDENTIFIED_LOCALLY,P8H-3-1252,NO_STRUCTURAL_BOUNDARY,HIMS
MISSING_QUARTER_EXISTENCE,ADJACENT_EXACT_ANCHORS,Q3,2024,NO,FQ_RESOLVED_LOCAL_HIGH,FY_RESOLVED_DIRECT_EXACT,,"Research official issuer sources for FY2024 Q3. Verify missing quarter existence/source evidence, Total Debt. Do not research other fields.",P3_LATEST8Q,,MISSING_QUARTER_ALREADY_IDENTIFIED_LOCALLY,P8H-3-1293,NO_STRUCTURAL_BOUNDARY,HSTM
MISSING_QUARTER_EXISTENCE,ADJACENT_EXACT_ANCHORS,Q3,2024,NO,FQ_RESOLVED_LOCAL_HIGH,FY_RESOLVED_DIRECT_EXACT,,"Research official issuer sources for FY2024 Q3. Verify missing quarter existence/source evidence, Total Debt. Do not research other fields.",P3_LATEST8Q,,MISSING_QUARTER_ALREADY_IDENTIFIED_LOCALLY,P8H-3-1313,NO_STRUCTURAL_BOUNDARY,HYPR
MISSING_QUARTER_EXISTENCE,ADJACENT_EXACT_ANCHORS,Q1,2024,NO,FQ_RESOLVED_LOCAL_HIGH,FY_RESOLVED_DIRECT_EXACT,,"Research official issuer sources for FY2024 Q1. Verify first-public result publication date, missing quarter existence/source evidence. Do not research other fields.",P3_LATEST8Q,,MISSING_QUARTER_ALREADY_IDENTIFIED_LOCALLY,P8H-3-1319,NO_STRUCTURAL_BOUNDARY,IDAI
MISSING_QUARTER_EXISTENCE,ADJACENT_EXACT_ANCHORS,Q3,2024,NO,FQ_RESOLVED_LOCAL_HIGH,FY_RESOLVED_DIRECT_EXACT,,"Research official issuer sources for FY2024 Q3. Verify missing quarter existence/source evidence, Total Debt. Do not research other fields.",P3_LATEST8Q,,MISSING_QUARTER_ALREADY_IDENTIFIED_LOCALLY,P8H-3-1324,NO_STRUCTURAL_BOUNDARY,IDN
MISSING_QUARTER_EXISTENCE,ADJACENT_EXACT_ANCHORS,Q1,2025,NO,FQ_RESOLVED_LOCAL_HIGH,FY_RESOLVED_DIRECT_EXACT,,"Research official issuer sources for FY2025 Q1. Verify missing quarter existence/source evidence, Total Debt. Do not research other fields.",P3_LATEST8Q,,MISSING_QUARTER_ALREADY_IDENTIFIED_LOCALLY,P8H-3-1325,NO_STRUCTURAL_BOUNDARY,IDN
MISSING_QUARTER_EXISTENCE,ADJACENT_EXACT_ANCHORS,Q3,2024,NO,FQ_RESOLVED_LOCAL_HIGH,FY_RESOLVED_DIRECT_EXACT,,"Research official issuer sources for FY2024 Q3. Verify missing quarter existence/source evidence, Total Debt. Do not research other fields.",P3_LATEST8Q,,MISSING_QUARTER_ALREADY_IDENTIFIED_LOCALLY,P8H-3-1326,NO_STRUCTURAL_BOUNDARY,IDT
MISSING_QUARTER_EXISTENCE,ADJACENT_EXACT_ANCHORS,Q1,2025,NO,FQ_RESOLVED_LOCAL_HIGH,FY_RESOLVED_DIRECT_EXACT,,"Research official issuer sources for FY2025 Q1. Verify missing quarter existence/source evidence, Total Debt. Do not research other fields.",P3_LATEST8Q,,MISSING_QUARTER_ALREADY_IDENTIFIED_LOCALLY,P8H-3-1327,NO_STRUCTURAL_BOUNDARY,IDT
MISSING_QUARTER_EXISTENCE,ADJACENT_EXACT_ANCHORS,Q3,2024,NO,FQ_RESOLVED_LOCAL_HIGH,FY_RESOLVED_DIRECT_EXACT,,"Research official issuer sources for FY2024 Q3. Verify missing quarter existence/source evidence, Total Debt. Do not research other fields.",P3_LATEST8Q,,MISSING_QUARTER_ALREADY_IDENTIFIED_LOCALLY,P8H-3-1329,NO_STRUCTURAL_BOUNDARY,IDYA
MISSING_QUARTER_EXISTENCE,ADJACENT_EXACT_ANCHORS,Q3,2024,NO,FQ_RESOLVED_LOCAL_HIGH,FY_RESOLVED_DIRECT_EXACT,,"Research official issuer sources for FY2024 Q3. Verify missing quarter existence/source evidence, Total Debt. Do not research other fields.",P3_LATEST8Q,,MISSING_QUARTER_ALREADY_IDENTIFIED_LOCALLY,P8H-3-1348,NO_STRUCTURAL_BOUNDARY,IMNM
MISSING_QUARTER_EXISTENCE,ADJACENT_EXACT_ANCHORS,Q3,2024,NO,FQ_RESOLVED_LOCAL_HIGH,FY_RESOLVED_DIRECT_EXACT,,"Research official issuer sources for FY2024 Q3. Verify missing quarter existence/source evidence, Total Debt. Do not research other fields.",P3_LATEST8Q,,MISSING_QUARTER_ALREADY_IDENTIFIED_LOCALLY,P8H-3-1371,NO_STRUCTURAL_BOUNDARY,INGN
MISSING_QUARTER_EXISTENCE,ADJACENT_EXACT_ANCHORS,Q3,2024,NO,FQ_RESOLVED_LOCAL_HIGH,FY_RESOLVED_DIRECT_EXACT,,"Research official issuer sources for FY2024 Q3. Verify missing quarter existence/source evidence, Total Debt. Do not research other fields.",P3_LATEST8Q,,MISSING_QUARTER_ALREADY_IDENTIFIED_LOCALLY,P8H-3-1387,NO_STRUCTURAL_BOUNDARY,INO
MISSING_QUARTER_EXISTENCE,ADJACENT_EXACT_ANCHORS,Q3,2024,NO,FQ_RESOLVED_LOCAL_HIGH,FY_RESOLVED_DIRECT_EXACT,,"Research official issuer sources for FY2024 Q3. Verify missing quarter existence/source evidence, Total Debt. Do not research other fields.",P3_LATEST8Q,,MISSING_QUARTER_ALREADY_IDENTIFIED_LOCALLY,P8H-3-1392,NO_STRUCTURAL_BOUNDARY,INTA
MISSING_QUARTER_EXISTENCE,ADJACENT_EXACT_ANCHORS,Q1,2025,NO,FQ_RESOLVED_LOCAL_HIGH,FY_RESOLVED_DIRECT_EXACT,,"Research official issuer sources for FY2025 Q1. Verify missing quarter existence/source evidence, Total Debt. Do not research other fields.",P3_LATEST8Q,,MISSING_QUARTER_ALREADY_IDENTIFIED_LOCALLY,P8H-3-1393,NO_STRUCTURAL_BOUNDARY,INTA
MISSING_QUARTER_EXISTENCE,ADJACENT_EXACT_ANCHORS,Q3,2024,NO,FQ_RESOLVED_LOCAL_HIGH,FY_RESOLVED_DIRECT_EXACT,,"Research official issuer sources for FY2024 Q3. Verify missing quarter existence/source evidence, Total Debt. Do not research other fields.",P3_LATEST8Q,,MISSING_QUARTER_ALREADY_IDENTIFIED_LOCALLY,P8H-3-1396,NO_STRUCTURAL_BOUNDARY,IONQ
MISSING_QUARTER_EXISTENCE,ADJACENT_EXACT_ANCHORS,Q3,2024,NO,FQ_RESOLVED_LOCAL_HIGH,FY_RESOLVED_DIRECT_EXACT,,"Research official issuer sources for FY2024 Q3. Verify missing quarter existence/source evidence, Total Debt. Do not research other fields.",P3_LATEST8Q,,MISSING_QUARTER_ALREADY_IDENTIFIED_LOCALLY,P8H-3-1405,NO_STRUCTURAL_BOUNDARY,IPGP
MISSING_QUARTER_EXISTENCE,ADJACENT_EXACT_ANCHORS,Q1,2025,NO,FQ_RESOLVED_LOCAL_HIGH,FY_RESOLVED_DIRECT_EXACT,,"Research official issuer sources for FY2025 Q1. Verify missing quarter existence/source evidence, Total Debt. Do not research other fields.",P3_LATEST8Q,,MISSING_QUARTER_ALREADY_IDENTIFIED_LOCALLY,P8H-3-1410,NO_STRUCTURAL_BOUNDARY,IRD
MISSING_QUARTER_EXISTENCE,ADJACENT_EXACT_ANCHORS,Q3,2024,NO,FQ_RESOLVED_LOCAL_HIGH,FY_RESOLVED_DIRECT_EXACT,,"Research official issuer sources for FY2024 Q3. Verify missing quarter existence/source evidence, Total Debt. Do not research other fields.",P3_LATEST8Q,,MISSING_QUARTER_ALREADY_IDENTIFIED_LOCALLY,P8H-3-1418,NO_STRUCTURAL_BOUNDARY,ISRG
MISSING_QUARTER_EXISTENCE,ADJACENT_EXACT_ANCHORS,Q1,2025,NO,FQ_RESOLVED_LOCAL_HIGH,FY_RESOLVED_DIRECT_EXACT,,"Research official issuer sources for FY2025 Q1. Verify missing quarter existence/source evidence, Total Debt. Do not research other fields.",P3_LATEST8Q,,MISSING_QUARTER_ALREADY_IDENTIFIED_LOCALLY,P8H-3-1419,NO_STRUCTURAL_BOUNDARY,ISRG
MISSING_QUARTER_EXISTENCE,ADJACENT_EXACT_ANCHORS,Q3,2024,NO,FQ_RESOLVED_LOCAL_HIGH,FY_RESOLVED_DIRECT_EXACT,,"Research official issuer sources for FY2024 Q3. Verify missing quarter existence/source evidence, Total Debt. Do not research other fields.",P3_LATEST8Q,,MISSING_QUARTER_ALREADY_IDENTIFIED_LOCALLY,P8H-3-1430,NO_STRUCTURAL_BOUNDARY,JANX
MISSING_QUARTER_EXISTENCE,ADJACENT_EXACT_ANCHORS,Q3,2024,NO,FQ_RESOLVED_LOCAL_HIGH,FY_RESOLVED_DIRECT_EXACT,,"Research official issuer sources for FY2024 Q3. Verify first-public result publication date, missing quarter existence/source evidence. Do not research other fields.",P3_LATEST8Q,,MISSING_QUARTER_ALREADY_IDENTIFIED_LOCALLY,P8H-3-1437,NO_STRUCTURAL_BOUNDARY,JBIO
MISSING_QUARTER_EXISTENCE,ADJACENT_EXACT_ANCHORS,Q1,2025,NO,FQ_RESOLVED_LOCAL_HIGH,FY_RESOLVED_DIRECT_EXACT,,"Research official issuer sources for FY2025 Q1. Verify missing quarter existence/source evidence, Total Debt. Do not research other fields.",P3_LATEST8Q,,MISSING_QUARTER_ALREADY_IDENTIFIED_LOCALLY,P8H-3-1438,NO_STRUCTURAL_BOUNDARY,JBIO
MISSING_QUARTER_EXISTENCE,ADJACENT_EXACT_ANCHORS,Q3,2024,NO,FQ_RESOLVED_LOCAL_HIGH,FY_RESOLVED_DIRECT_EXACT,,"Research official issuer sources for FY2024 Q3. Verify missing quarter existence/source evidence, Total Debt. Do not research other fields.",P3_LATEST8Q,,MISSING_QUARTER_ALREADY_IDENTIFIED_LOCALLY,P8H-3-1473,NO_STRUCTURAL_BOUNDARY,KNSA
MISSING_QUARTER_EXISTENCE,ADJACENT_EXACT_ANCHORS,Q3,2024,NO,FQ_RESOLVED_LOCAL_HIGH,FY_RESOLVED_DIRECT_EXACT,,"Research official issuer sources for FY2024 Q3. Verify missing quarter existence/source evidence, Total Debt. Do not research other fields.",P3_LATEST8Q,,MISSING_QUARTER_ALREADY_IDENTIFIED_LOCALLY,P8H-3-1474,NO_STRUCTURAL_BOUNDARY,KNTK
MISSING_QUARTER_EXISTENCE,ADJACENT_EXACT_ANCHORS,Q4,2023,NO,FQ_RESOLVED_LOCAL_HIGH,FY_RESOLVED_DIRECT_EXACT,,"Research official issuer sources for FY2023 Q4. Verify missing quarter existence/source evidence, Total Debt. Do not research other fields.",P3_LATEST8Q,,MISSING_QUARTER_ALREADY_IDENTIFIED_LOCALLY,P8H-3-1485,NO_STRUCTURAL_BOUNDARY,KOSS
MISSING_QUARTER_EXISTENCE,ADJACENT_EXACT_ANCHORS,Q3,2024,NO,FQ_RESOLVED_LOCAL_HIGH,FY_RESOLVED_DIRECT_EXACT,,"Research official issuer sources for FY2024 Q3. Verify missing quarter existence/source evidence, Total Debt. Do not research other fields.",P3_LATEST8Q,,MISSING_QUARTER_ALREADY_IDENTIFIED_LOCALLY,P8H-3-1486,NO_STRUCTURAL_BOUNDARY,KOSS
MISSING_QUARTER_EXISTENCE,ADJACENT_EXACT_ANCHORS,Q1,2025,NO,FQ_RESOLVED_LOCAL_HIGH,FY_RESOLVED_DIRECT_EXACT,,"Research official issuer sources for FY2025 Q1. Verify missing quarter existence/source evidence, Total Debt. Do not research other fields.",P3_LATEST8Q,,MISSING_QUARTER_ALREADY_IDENTIFIED_LOCALLY,P8H-3-1487,NO_STRUCTURAL_BOUNDARY,KOSS
MISSING_QUARTER_EXISTENCE,ADJACENT_EXACT_ANCHORS,Q1,2024,NO,FQ_RESOLVED_LOCAL_HIGH,FY_RESOLVED_DIRECT_EXACT,,"Research official issuer sources for FY2024 Q1. Verify missing quarter existence/source evidence, Total Debt. Do not research other fields.",P3_LATEST8Q,,MISSING_QUARTER_ALREADY_IDENTIFIED_LOCALLY,P8H-3-1498,NO_STRUCTURAL_BOUNDARY,KRRO
MISSING_QUARTER_EXISTENCE,ADJACENT_EXACT_ANCHORS,Q3,2024,NO,FQ_RESOLVED_LOCAL_HIGH,FY_RESOLVED_DIRECT_EXACT,,"Research official issuer sources for FY2024 Q3. Verify missing quarter existence/source evidence, Total Debt. Do not research other fields.",P3_LATEST8Q,,MISSING_QUARTER_ALREADY_IDENTIFIED_LOCALLY,P8H-3-1499,NO_STRUCTURAL_BOUNDARY,KRRO
MISSING_QUARTER_EXISTENCE,ADJACENT_EXACT_ANCHORS,Q3,2024,NO,FQ_RESOLVED_LOCAL_HIGH,FY_RESOLVED_DIRECT_EXACT,,"Research official issuer sources for FY2024 Q3. Verify missing quarter existence/source evidence, Total Debt. Do not research other fields.",P3_LATEST8Q,,MISSING_QUARTER_ALREADY_IDENTIFIED_LOCALLY,P8H-3-1501,NO_STRUCTURAL_BOUNDARY,KRUS
MISSING_QUARTER_EXISTENCE,ADJACENT_EXACT_ANCHORS,Q1,2025,NO,FQ_RESOLVED_LOCAL_HIGH,FY_RESOLVED_DIRECT_EXACT,,"Research official issuer sources for FY2025 Q1. Verify missing quarter existence/source evidence, Total Debt. Do not research other fields.",P3_LATEST8Q,,MISSING_QUARTER_ALREADY_IDENTIFIED_LOCALLY,P8H-3-1502,NO_STRUCTURAL_BOUNDARY,KRUS
MISSING_QUARTER_EXISTENCE,ADJACENT_EXACT_ANCHORS,Q3,2024,NO,FQ_RESOLVED_LOCAL_HIGH,FY_RESOLVED_DIRECT_EXACT,,"Research official issuer sources for FY2024 Q3. Verify missing quarter existence/source evidence, Total Debt. Do not research other fields.",P3_LATEST8Q,,MISSING_QUARTER_ALREADY_IDENTIFIED_LOCALLY,P8H-3-1504,NO_STRUCTURAL_BOUNDARY,KRYS
MISSING_QUARTER_EXISTENCE,ADJACENT_EXACT_ANCHORS,Q3,2024,NO,FQ_RESOLVED_LOCAL_HIGH,FY_RESOLVED_DIRECT_EXACT,,"Research official issuer sources for FY2024 Q3. Verify missing quarter existence/source evidence, Revenue. Do not research other fields.",P3_LATEST8Q,,MISSING_QUARTER_ALREADY_IDENTIFIED_LOCALLY,P8H-3-1508,NO_STRUCTURAL_BOUNDARY,KURA
MISSING_QUARTER_EXISTENCE,ADJACENT_EXACT_ANCHORS,Q3,2024,NO,FQ_RESOLVED_LOCAL_HIGH,FY_RESOLVED_DIRECT_EXACT,,"Research official issuer sources for FY2024 Q3. Verify missing quarter existence/source evidence, Total Debt. Do not research other fields.",P3_LATEST8Q,,MISSING_QUARTER_ALREADY_IDENTIFIED_LOCALLY,P8H-3-1513,NO_STRUCTURAL_BOUNDARY,KYMR
MISSING_QUARTER_EXISTENCE,ADJACENT_EXACT_ANCHORS,Q4,2023,NO,FQ_RESOLVED_LOCAL_HIGH,FY_RESOLVED_DIRECT_EXACT,,"Research official issuer sources for FY2023 Q4. Verify missing quarter existence/source evidence, Total Debt. Do not research other fields.",P3_LATEST8Q,,MISSING_QUARTER_ALREADY_IDENTIFIED_LOCALLY,P8H-3-1517,NO_STRUCTURAL_BOUNDARY,LAB
MISSING_QUARTER_EXISTENCE,ADJACENT_EXACT_ANCHORS,Q2,2024,NO,FQ_RESOLVED_LOCAL_HIGH,FY_RESOLVED_DIRECT_EXACT,,"Research official issuer sources for FY2024 Q2. Verify missing quarter existence/source evidence, Total Debt. Do not research other fields.",P3_LATEST8Q,,MISSING_QUARTER_ALREADY_IDENTIFIED_LOCALLY,P8H-3-1518,NO_STRUCTURAL_BOUNDARY,LAB
MISSING_QUARTER_EXISTENCE,ADJACENT_EXACT_ANCHORS,Q3,2024,NO,FQ_RESOLVED_LOCAL_HIGH,FY_RESOLVED_DIRECT_EXACT,,"Research official issuer sources for FY2024 Q3. Verify missing quarter existence/source evidence, Total Debt. Do not research other fields.",P3_LATEST8Q,,MISSING_QUARTER_ALREADY_IDENTIFIED_LOCALLY,P8H-3-1534,NO_STRUCTURAL_BOUNDARY,LAW
MISSING_QUARTER_EXISTENCE,ADJACENT_EXACT_ANCHORS,Q3,2024,NO,FQ_RESOLVED_LOCAL_HIGH,FY_RESOLVED_DIRECT_EXACT,,"Research official issuer sources for FY2024 Q3. Verify first-public result publication date, missing quarter existence/source evidence. Do not research other fields.",P3_LATEST8Q,,MISSING_QUARTER_ALREADY_IDENTIFIED_LOCALLY,P8H-3-1538,NO_STRUCTURAL_BOUNDARY,LBTYK
MISSING_QUARTER_EXISTENCE,ADJACENT_EXACT_ANCHORS,Q1,2025,NO,FQ_RESOLVED_LOCAL_HIGH,FY_RESOLVED_DIRECT_EXACT,,"Research official issuer sources for FY2025 Q1. Verify first-public result publication date, missing quarter existence/source evidence. Do not research other fields.",P3_LATEST8Q,,MISSING_QUARTER_ALREADY_IDENTIFIED_LOCALLY,P8H-3-1539,NO_STRUCTURAL_BOUNDARY,LBTYK
MISSING_QUARTER_EXISTENCE,ADJACENT_EXACT_ANCHORS,Q3,2024,NO,FQ_RESOLVED_LOCAL_HIGH,FY_RESOLVED_DIRECT_EXACT,,"Research official issuer sources for FY2024 Q3. Verify missing quarter existence/source evidence, Total Debt. Do not research other fields.",P3_LATEST8Q,,MISSING_QUARTER_ALREADY_IDENTIFIED_LOCALLY,P8H-3-1557,NO_STRUCTURAL_BOUNDARY,LFMD
MISSING_QUARTER_EXISTENCE,ADJACENT_EXACT_ANCHORS,Q3,2024,NO,FQ_RESOLVED_LOCAL_HIGH,FY_RESOLVED_DIRECT_EXACT,,"Research official issuer sources for FY2024 Q3. Verify missing quarter existence/source evidence, Total Debt. Do not research other fields.",P3_LATEST8Q,,MISSING_QUARTER_ALREADY_IDENTIFIED_LOCALLY,P8H-3-1560,NO_STRUCTURAL_BOUNDARY,LFVN
MISSING_QUARTER_EXISTENCE,ADJACENT_EXACT_ANCHORS,Q1,2025,NO,FQ_RESOLVED_LOCAL_HIGH,FY_RESOLVED_DIRECT_EXACT,,"Research official issuer sources for FY2025 Q1. Verify missing quarter existence/source evidence, Total Debt. Do not research other fields.",P3_LATEST8Q,,MISSING_QUARTER_ALREADY_IDENTIFIED_LOCALLY,P8H-3-1561,NO_STRUCTURAL_BOUNDARY,LFVN
MISSING_QUARTER_EXISTENCE,ADJACENT_EXACT_ANCHORS,Q3,2024,NO,FQ_RESOLVED_LOCAL_HIGH,FY_RESOLVED_DIRECT_EXACT,,"Research official issuer sources for FY2024 Q3. Verify missing quarter existence/source evidence, Total Debt. Do not research other fields.",P3_LATEST8Q,,MISSING_QUARTER_ALREADY_IDENTIFIED_LOCALLY,P8H-3-1591,NO_STRUCTURAL_BOUNDARY,LMAT
MISSING_QUARTER_EXISTENCE,ADJACENT_EXACT_ANCHORS,Q3,2024,NO,FQ_RESOLVED_LOCAL_HIGH,FY_RESOLVED_DIRECT_EXACT,,"Research official issuer sources for FY2024 Q3. Verify missing quarter existence/source evidence, Total Debt. Do not research other fields.",P3_LATEST8Q,,MISSING_QUARTER_ALREADY_IDENTIFIED_LOCALLY,P8H-3-1603,NO_STRUCTURAL_BOUNDARY,LQDT
MISSING_QUARTER_EXISTENCE,ADJACENT_EXACT_ANCHORS,Q1,2025,NO,FQ_RESOLVED_LOCAL_HIGH,FY_RESOLVED_DIRECT_EXACT,,"Research official issuer sources for FY2025 Q1. Verify missing quarter existence/source evidence, Total Debt. Do not research other fields.",P3_LATEST8Q,,MISSING_QUARTER_ALREADY_IDENTIFIED_LOCALLY,P8H-3-1614,NO_STRUCTURAL_BOUNDARY,LTBR
MISSING_QUARTER_EXISTENCE,ADJACENT_EXACT_ANCHORS,Q3,2024,NO,FQ_RESOLVED_LOCAL_HIGH,FY_RESOLVED_DIRECT_EXACT,,"Research official issuer sources for FY2024 Q3. Verify missing quarter existence/source evidence, Total Debt. Do not research other fields.",P3_LATEST8Q,,MISSING_QUARTER_ALREADY_IDENTIFIED_LOCALLY,P8H-3-1628,NO_STRUCTURAL_BOUNDARY,LVWR
MISSING_QUARTER_EXISTENCE,ADJACENT_EXACT_ANCHORS,Q3,2024,NO,FQ_RESOLVED_LOCAL_HIGH,FY_RESOLVED_DIRECT_EXACT,,"Research official issuer sources for FY2024 Q3. Verify missing quarter existence/source evidence, Total Debt. Do not research other fields.",P3_LATEST8Q,,MISSING_QUARTER_ALREADY_IDENTIFIED_LOCALLY,P8H-3-1644,NO_STRUCTURAL_BOUNDARY,LYV
MISSING_QUARTER_EXISTENCE,ADJACENT_EXACT_ANCHORS,Q3,2024,NO,FQ_RESOLVED_LOCAL_HIGH,FY_RESOLVED_DIRECT_EXACT,,"Research official issuer sources for FY2024 Q3. Verify missing quarter existence/source evidence, Total Debt. Do not research other fields.",P3_LATEST8Q,,MISSING_QUARTER_ALREADY_IDENTIFIED_LOCALLY,P8H-3-1646,NO_STRUCTURAL_BOUNDARY,LZ
MISSING_QUARTER_EXISTENCE,ADJACENT_EXACT_ANCHORS,Q3,2024,NO,FQ_RESOLVED_LOCAL_HIGH,FY_RESOLVED_DIRECT_EXACT,,"Research official issuer sources for FY2024 Q3. Verify missing quarter existence/source evidence, Total Debt. Do not research other fields.",P3_LATEST8Q,,MISSING_QUARTER_ALREADY_IDENTIFIED_LOCALLY,P8H-3-1659,NO_STRUCTURAL_BOUNDARY,MANH
MISSING_QUARTER_EXISTENCE,ADJACENT_EXACT_ANCHORS,Q3,2024,NO,FQ_RESOLVED_LOCAL_HIGH,FY_RESOLVED_DIRECT_EXACT,,"Research official issuer sources for FY2024 Q3. Verify missing quarter existence/source evidence, Total Debt. Do not research other fields.",P3_LATEST8Q,,MISSING_QUARTER_ALREADY_IDENTIFIED_LOCALLY,P8H-3-1661,NO_STRUCTURAL_BOUNDARY,MAPS
MISSING_QUARTER_EXISTENCE,ADJACENT_EXACT_ANCHORS,Q1,2025,NO,FQ_RESOLVED_LOCAL_HIGH,FY_RESOLVED_DIRECT_EXACT,,"Research official issuer sources for FY2025 Q1. Verify first-public result publication date, missing quarter existence/source evidence. Do not research other fields.",P3_LATEST8Q,,MISSING_QUARTER_ALREADY_IDENTIFIED_LOCALLY,P8H-3-1700,NO_STRUCTURAL_BOUNDARY,METCB
MISSING_QUARTER_EXISTENCE,ADJACENT_EXACT_ANCHORS,Q1,2025,NO,FQ_RESOLVED_LOCAL_HIGH,FY_RESOLVED_DIRECT_EXACT,,"Research official issuer sources for FY2025 Q1. Verify EBIT, missing quarter existence/source evidence. Do not research other fields.",P3_LATEST8Q,,MISSING_QUARTER_ALREADY_IDENTIFIED_LOCALLY,P8H-3-1704,NO_STRUCTURAL_BOUNDARY,MFA
MISSING_QUARTER_EXISTENCE,ADJACENT_EXACT_ANCHORS,Q3,2024,NO,FQ_RESOLVED_LOCAL_HIGH,FY_RESOLVED_DIRECT_EXACT,,"Research official issuer sources for FY2024 Q3. Verify missing quarter existence/source evidence, Total Debt. Do not research other fields.",P3_LATEST8Q,,MISSING_QUARTER_ALREADY_IDENTIFIED_LOCALLY,P8H-3-1708,NO_STRUCTURAL_BOUNDARY,MGNX
MISSING_QUARTER_EXISTENCE,ADJACENT_EXACT_ANCHORS,Q3,2024,NO,FQ_RESOLVED_LOCAL_HIGH,FY_RESOLVED_DIRECT_EXACT,,"Research official issuer sources for FY2024 Q3. Verify missing quarter existence/source evidence, Revenue. Do not research other fields.",P3_LATEST8Q,,MISSING_QUARTER_ALREADY_IDENTIFIED_LOCALLY,P8H-3-1723,NO_STRUCTURAL_BOUNDARY,MIST
MISSING_QUARTER_EXISTENCE,ADJACENT_EXACT_ANCHORS,Q3,2024,NO,FQ_RESOLVED_LOCAL_HIGH,FY_RESOLVED_DIRECT_EXACT,,"Research official issuer sources for FY2024 Q3. Verify missing quarter existence/source evidence, Total Debt. Do not research other fields.",P3_LATEST8Q,,MISSING_QUARTER_ALREADY_IDENTIFIED_LOCALLY,P8H-3-1742,NO_STRUCTURAL_BOUNDARY,MMI
MISSING_QUARTER_EXISTENCE,ADJACENT_EXACT_ANCHORS,Q1,2025,NO,FQ_RESOLVED_LOCAL_HIGH,FY_RESOLVED_DIRECT_EXACT,,"Research official issuer sources for FY2025 Q1. Verify Cash, missing quarter existence/source evidence. Do not research other fields.",P3_LATEST8Q,,MISSING_QUARTER_ALREADY_IDENTIFIED_LOCALLY,P8H-3-1752,NO_STRUCTURAL_BOUNDARY,MOH
MISSING_QUARTER_EXISTENCE,ADJACENT_EXACT_ANCHORS,Q3,2024,NO,FQ_RESOLVED_LOCAL_HIGH,FY_RESOLVED_DIRECT_EXACT,,"Research official issuer sources for FY2024 Q3. Verify missing quarter existence/source evidence, Total Debt. Do not research other fields.",P3_LATEST8Q,,MISSING_QUARTER_ALREADY_IDENTIFIED_LOCALLY,P8H-3-1758,NO_STRUCTURAL_BOUNDARY,MOVE
MISSING_QUARTER_EXISTENCE,ADJACENT_EXACT_ANCHORS,Q1,2025,NO,FQ_RESOLVED_LOCAL_HIGH,FY_RESOLVED_DIRECT_EXACT,,"Research official issuer sources for FY2025 Q1. Verify missing quarter existence/source evidence, Total Debt. Do not research other fields.",P3_LATEST8Q,,MISSING_QUARTER_ALREADY_IDENTIFIED_LOCALLY,P8H-3-1759,NO_STRUCTURAL_BOUNDARY,MOVE
MISSING_QUARTER_EXISTENCE,ADJACENT_EXACT_ANCHORS,Q3,2024,NO,FQ_RESOLVED_LOCAL_HIGH,FY_RESOLVED_DIRECT_EXACT,,"Research official issuer sources for FY2024 Q3. Verify missing quarter existence/source evidence, Total Debt. Do not research other fields.",P3_LATEST8Q,,MISSING_QUARTER_ALREADY_IDENTIFIED_LOCALLY,P8H-3-1762,NO_STRUCTURAL_BOUNDARY,MPWR
MISSING_QUARTER_EXISTENCE,ADJACENT_EXACT_ANCHORS,Q3,2024,NO,FQ_RESOLVED_LOCAL_HIGH,FY_RESOLVED_DIRECT_EXACT,,"Research official issuer sources for FY2024 Q3. Verify missing quarter existence/source evidence, Total Debt. Do not research other fields.",P3_LATEST8Q,,MISSING_QUARTER_ALREADY_IDENTIFIED_LOCALLY,P8H-3-1764,NO_STRUCTURAL_BOUNDARY,MQ
MISSING_QUARTER_EXISTENCE,ADJACENT_EXACT_ANCHORS,Q3,2024,NO,FQ_RESOLVED_LOCAL_HIGH,FY_RESOLVED_DIRECT_EXACT,,"Research official issuer sources for FY2024 Q3. Verify missing quarter existence/source evidence, Total Debt. Do not research other fields.",P3_LATEST8Q,,MISSING_QUARTER_ALREADY_IDENTIFIED_LOCALLY,P8H-3-1766,NO_STRUCTURAL_BOUNDARY,MRAM
MISSING_QUARTER_EXISTENCE,ADJACENT_EXACT_ANCHORS,Q3,2024,NO,FQ_RESOLVED_LOCAL_HIGH,FY_RESOLVED_DIRECT_EXACT,,"Research official issuer sources for FY2024 Q3. Verify missing quarter existence/source evidence, Total Debt. Do not research other fields.",P3_LATEST8Q,,MISSING_QUARTER_ALREADY_IDENTIFIED_LOCALLY,P8H-3-1772,NO_STRUCTURAL_BOUNDARY,MRTN
MISSING_QUARTER_EXISTENCE,ADJACENT_EXACT_ANCHORS,Q3,2024,NO,FQ_RESOLVED_LOCAL_HIGH,FY_RESOLVED_DIRECT_EXACT,,"Research official issuer sources for FY2024 Q3. Verify missing quarter existence/source evidence, Total Debt. Do not research other fields.",P3_LATEST8Q,,MISSING_QUARTER_ALREADY_IDENTIFIED_LOCALLY,P8H-3-1798,NO_STRUCTURAL_BOUNDARY,MVIS
MISSING_QUARTER_EXISTENCE,ADJACENT_EXACT_ANCHORS,Q3,2024,NO,FQ_RESOLVED_LOCAL_HIGH,FY_RESOLVED_DIRECT_EXACT,,"Research official issuer sources for FY2024 Q3. Verify missing quarter existence/source evidence, Total Debt. Do not research other fields.",P3_LATEST8Q,,MISSING_QUARTER_ALREADY_IDENTIFIED_LOCALLY,P8H-3-1801,NO_STRUCTURAL_BOUNDARY,MXCT
MISSING_QUARTER_EXISTENCE,ADJACENT_EXACT_ANCHORS,Q3,2024,NO,FQ_RESOLVED_LOCAL_HIGH,FY_RESOLVED_DIRECT_EXACT,,"Research official issuer sources for FY2024 Q3. Verify missing quarter existence/source evidence, Total Debt. Do not research other fields.",P3_LATEST8Q,,MISSING_QUARTER_ALREADY_IDENTIFIED_LOCALLY,P8H-3-1810,NO_STRUCTURAL_BOUNDARY,MZTI
MISSING_QUARTER_EXISTENCE,ADJACENT_EXACT_ANCHORS,Q3,2024,NO,FQ_RESOLVED_LOCAL_HIGH,FY_RESOLVED_DIRECT_EXACT,,"Research official issuer sources for FY2024 Q3. Verify missing quarter existence/source evidence, Total Debt. Do not research other fields.",P3_LATEST8Q,,MISSING_QUARTER_ALREADY_IDENTIFIED_LOCALLY,P8H-3-1815,NO_STRUCTURAL_BOUNDARY,NAMS
MISSING_QUARTER_EXISTENCE,ADJACENT_EXACT_ANCHORS,Q4,2023,NO,FQ_RESOLVED_LOCAL_HIGH,FY_RESOLVED_DIRECT_EXACT,,"Research official issuer sources for FY2023 Q4. Verify first-public result publication date, missing quarter existence/source evidence. Do not research other fields.",P3_LATEST8Q,,MISSING_QUARTER_ALREADY_IDENTIFIED_LOCALLY,P8H-3-1817,NO_STRUCTURAL_BOUNDARY,NATL
MISSING_QUARTER_EXISTENCE,ADJACENT_EXACT_ANCHORS,Q3,2024,NO,FQ_RESOLVED_LOCAL_HIGH,FY_RESOLVED_DIRECT_EXACT,,"Research official issuer sources for FY2024 Q3. Verify first-public result publication date, missing quarter existence/source evidence. Do not research other fields.",P3_LATEST8Q,,MISSING_QUARTER_ALREADY_IDENTIFIED_LOCALLY,P8H-3-1818,NO_STRUCTURAL_BOUNDARY,NATL
MISSING_QUARTER_EXISTENCE,ADJACENT_EXACT_ANCHORS,Q3,2024,NO,FQ_RESOLVED_LOCAL_HIGH,FY_RESOLVED_DIRECT_EXACT,,"Research official issuer sources for FY2024 Q3. Verify missing quarter existence/source evidence, Total Debt. Do not research other fields.",P3_LATEST8Q,,MISSING_QUARTER_ALREADY_IDENTIFIED_LOCALLY,P8H-3-1823,NO_STRUCTURAL_BOUNDARY,NBIX
MISSING_QUARTER_EXISTENCE,ADJACENT_EXACT_ANCHORS,Q3,2024,NO,FQ_RESOLVED_LOCAL_HIGH,FY_RESOLVED_DIRECT_EXACT,,"Research official issuer sources for FY2024 Q3. Verify missing quarter existence/source evidence, Total Debt. Do not research other fields.",P3_LATEST8Q,,MISSING_QUARTER_ALREADY_IDENTIFIED_LOCALLY,P8H-3-1846,NO_STRUCTURAL_BOUNDARY,NGNE
MISSING_QUARTER_EXISTENCE,ADJACENT_EXACT_ANCHORS,Q3,2024,NO,FQ_RESOLVED_LOCAL_HIGH,FY_RESOLVED_DIRECT_EXACT,,"Research official issuer sources for FY2024 Q3. Verify first-public result publication date, missing quarter existence/source evidence. Do not research other fields.",P3_LATEST8Q,,MISSING_QUARTER_ALREADY_IDENTIFIED_LOCALLY,P8H-3-1872,NO_STRUCTURAL_BOUNDARY,NPKI
MISSING_QUARTER_EXISTENCE,ADJACENT_EXACT_ANCHORS,Q4,2023,NO,FQ_RESOLVED_LOCAL_HIGH,FY_RESOLVED_DIRECT_EXACT,,"Research official issuer sources for FY2023 Q4. Verify missing quarter existence/source evidence, Total Debt. Do not research other fields.",P3_LATEST8Q,,MISSING_QUARTER_ALREADY_IDENTIFIED_LOCALLY,P8H-3-1881,NO_STRUCTURAL_BOUNDARY,NRGV
MISSING_QUARTER_EXISTENCE,ADJACENT_EXACT_ANCHORS,Q2,2024,NO,FQ_RESOLVED_LOCAL_HIGH,FY_RESOLVED_DIRECT_EXACT,,"Research official issuer sources for FY2024 Q2. Verify missing quarter existence/source evidence, Total Debt. Do not research other fields.",P3_LATEST8Q,,MISSING_QUARTER_ALREADY_IDENTIFIED_LOCALLY,P8H-3-1882,NO_STRUCTURAL_BOUNDARY,NRGV
MISSING_QUARTER_EXISTENCE,ADJACENT_EXACT_ANCHORS,Q3,2024,NO,FQ_RESOLVED_LOCAL_HIGH,FY_RESOLVED_DIRECT_EXACT,,"Research official issuer sources for FY2024 Q3. Verify missing quarter existence/source evidence, Total Debt. Do not research other fields.",P3_LATEST8Q,,MISSING_QUARTER_ALREADY_IDENTIFIED_LOCALLY,P8H-3-1883,NO_STRUCTURAL_BOUNDARY,NRGV
MISSING_QUARTER_EXISTENCE,ADJACENT_EXACT_ANCHORS,Q3,2024,NO,FQ_RESOLVED_LOCAL_HIGH,FY_RESOLVED_DIRECT_EXACT,,"Research official issuer sources for FY2024 Q3. Verify missing quarter existence/source evidence, Total Debt. Do not research other fields.",P3_LATEST8Q,,MISSING_QUARTER_ALREADY_IDENTIFIED_LOCALLY,P8H-3-1885,NO_STRUCTURAL_BOUNDARY,NRIX
MISSING_QUARTER_EXISTENCE,ADJACENT_EXACT_ANCHORS,Q3,2024,NO,FQ_RESOLVED_LOCAL_HIGH,FY_RESOLVED_DIRECT_EXACT,,"Research official issuer sources for FY2024 Q3. Verify missing quarter existence/source evidence, Total Debt. Do not research other fields.",P3_LATEST8Q,,MISSING_QUARTER_ALREADY_IDENTIFIED_LOCALLY,P8H-3-1888,NO_STRUCTURAL_BOUNDARY,NSSC
MISSING_QUARTER_EXISTENCE,ADJACENT_EXACT_ANCHORS,Q1,2025,NO,FQ_RESOLVED_LOCAL_HIGH,FY_RESOLVED_DIRECT_EXACT,,"Research official issuer sources for FY2025 Q1. Verify missing quarter existence/source evidence, Total Debt. Do not research other fields.",P3_LATEST8Q,,MISSING_QUARTER_ALREADY_IDENTIFIED_LOCALLY,P8H-3-1889,NO_STRUCTURAL_BOUNDARY,NSSC
MISSING_QUARTER_EXISTENCE,ADJACENT_EXACT_ANCHORS,Q3,2024,NO,FQ_RESOLVED_LOCAL_HIGH,FY_RESOLVED_DIRECT_EXACT,,"Research official issuer sources for FY2024 Q3. Verify missing quarter existence/source evidence, Total Debt. Do not research other fields.",P3_LATEST8Q,,MISSING_QUARTER_ALREADY_IDENTIFIED_LOCALLY,P8H-3-1896,NO_STRUCTURAL_BOUNDARY,NTGR
MISSING_QUARTER_EXISTENCE,ADJACENT_EXACT_ANCHORS,Q3,2024,NO,FQ_RESOLVED_LOCAL_HIGH,FY_RESOLVED_DIRECT_EXACT,,"Research official issuer sources for FY2024 Q3. Verify Cash, missing quarter existence/source evidence. Do not research other fields.",P3_LATEST8Q,,MISSING_QUARTER_ALREADY_IDENTIFIED_LOCALLY,P8H-3-1901,NO_STRUCTURAL_BOUNDARY,NTRA
MISSING_QUARTER_EXISTENCE,ADJACENT_EXACT_ANCHORS,Q1,2025,NO,FQ_RESOLVED_LOCAL_HIGH,FY_RESOLVED_DIRECT_EXACT,,"Research official issuer sources for FY2025 Q1. Verify missing quarter existence/source evidence, Total Debt. Do not research other fields.",P3_LATEST8Q,,MISSING_QUARTER_ALREADY_IDENTIFIED_LOCALLY,P8H-3-1915,NO_STRUCTURAL_BOUNDARY,NVCT
MISSING_QUARTER_EXISTENCE,ADJACENT_EXACT_ANCHORS,Q3,2024,NO,FQ_RESOLVED_LOCAL_HIGH,FY_RESOLVED_DIRECT_EXACT,,"Research official issuer sources for FY2024 Q3. Verify missing quarter existence/source evidence, Total Debt. Do not research other fields.",P3_LATEST8Q,,MISSING_QUARTER_ALREADY_IDENTIFIED_LOCALLY,P8H-3-1920,NO_STRUCTURAL_BOUNDARY,NVTS
MISSING_QUARTER_EXISTENCE,ADJACENT_EXACT_ANCHORS,Q3,2024,NO,FQ_RESOLVED_LOCAL_HIGH,FY_RESOLVED_DIRECT_EXACT,,"Research official issuer sources for FY2024 Q3. Verify missing quarter existence/source evidence, Total Debt. Do not research other fields.",P3_LATEST8Q,,MISSING_QUARTER_ALREADY_IDENTIFIED_LOCALLY,P8H-3-1930,NO_STRUCTURAL_BOUNDARY,NXDR
MISSING_QUARTER_EXISTENCE,ADJACENT_EXACT_ANCHORS,Q3,2024,NO,FQ_RESOLVED_LOCAL_HIGH,FY_RESOLVED_DIRECT_EXACT,,"Research official issuer sources for FY2024 Q3. Verify missing quarter existence/source evidence, Total Debt. Do not research other fields.",P3_LATEST8Q,,MISSING_QUARTER_ALREADY_IDENTIFIED_LOCALLY,P8H-3-1937,NO_STRUCTURAL_BOUNDARY,NXRT
MISSING_QUARTER_EXISTENCE,ADJACENT_EXACT_ANCHORS,Q3,2024,NO,FQ_RESOLVED_LOCAL_HIGH,FY_RESOLVED_DIRECT_EXACT,,"Research official issuer sources for FY2024 Q3. Verify missing quarter existence/source evidence, Total Debt. Do not research other fields.",P3_LATEST8Q,,MISSING_QUARTER_ALREADY_IDENTIFIED_LOCALLY,P8H-3-1971,NO_STRUCTURAL_BOUNDARY,OLED
MISSING_QUARTER_EXISTENCE,ADJACENT_EXACT_ANCHORS,Q4,2023,NO,FQ_RESOLVED_LOCAL_HIGH,FY_RESOLVED_DIRECT_EXACT,,"Research official issuer sources for FY2023 Q4. Verify Cash, missing quarter existence/source evidence. Do not research other fields.",P3_LATEST8Q,,MISSING_QUARTER_ALREADY_IDENTIFIED_LOCALLY,P8H-3-2004,NO_STRUCTURAL_BOUNDARY,OPTX
MISSING_QUARTER_EXISTENCE,ADJACENT_EXACT_ANCHORS,Q3,2024,NO,FQ_RESOLVED_LOCAL_HIGH,FY_RESOLVED_DIRECT_EXACT,,"Research official issuer sources for FY2024 Q3. Verify missing quarter existence/source evidence, Total Debt. Do not research other fields.",P3_LATEST8Q,,MISSING_QUARTER_ALREADY_IDENTIFIED_LOCALLY,P8H-3-2017,NO_STRUCTURAL_BOUNDARY,OSPN
MISSING_QUARTER_EXISTENCE,ADJACENT_EXACT_ANCHORS,Q3,2024,NO,FQ_RESOLVED_LOCAL_HIGH,FY_RESOLVED_DIRECT_EXACT,,"Research official issuer sources for FY2024 Q3. Verify missing quarter existence/source evidence, Total Debt. Do not research other fields.",P3_LATEST8Q,,MISSING_QUARTER_ALREADY_IDENTIFIED_LOCALLY,P8H-3-2020,NO_STRUCTURAL_BOUNDARY,OSUR
MISSING_QUARTER_EXISTENCE,ADJACENT_EXACT_ANCHORS,Q3,2024,NO,FQ_RESOLVED_LOCAL_HIGH,FY_RESOLVED_DIRECT_EXACT,,"Research official issuer sources for FY2024 Q3. Verify missing quarter existence/source evidence, Total Debt. Do not research other fields.",P3_LATEST8Q,,MISSING_QUARTER_ALREADY_IDENTIFIED_LOCALLY,P8H-3-2034,NO_STRUCTURAL_BOUNDARY,PAY
MISSING_QUARTER_EXISTENCE,ADJACENT_EXACT_ANCHORS,Q3,2024,NO,FQ_RESOLVED_LOCAL_HIGH,FY_RESOLVED_DIRECT_EXACT,,"Research official issuer sources for FY2024 Q3. Verify missing quarter existence/source evidence, Total Debt. Do not research other fields.",P3_LATEST8Q,,MISSING_QUARTER_ALREADY_IDENTIFIED_LOCALLY,P8H-3-2039,NO_STRUCTURAL_BOUNDARY,PAYS
MISSING_QUARTER_EXISTENCE,ADJACENT_EXACT_ANCHORS,Q3,2024,NO,FQ_RESOLVED_LOCAL_HIGH,FY_RESOLVED_DIRECT_EXACT,,"Research official issuer sources for FY2024 Q3. Verify missing quarter existence/source evidence, Total Debt. Do not research other fields.",P3_LATEST8Q,,MISSING_QUARTER_ALREADY_IDENTIFIED_LOCALLY,P8H-3-2048,NO_STRUCTURAL_BOUNDARY,PCOR
MISSING_QUARTER_EXISTENCE,ADJACENT_EXACT_ANCHORS,Q3,2024,NO,FQ_RESOLVED_LOCAL_HIGH,FY_RESOLVED_DIRECT_EXACT,,"Research official issuer sources for FY2024 Q3. Verify missing quarter existence/source evidence, Total Debt. Do not research other fields.",P3_LATEST8Q,,MISSING_QUARTER_ALREADY_IDENTIFIED_LOCALLY,P8H-3-2055,NO_STRUCTURAL_BOUNDARY,PDFS
MISSING_QUARTER_EXISTENCE,ADJACENT_EXACT_ANCHORS,Q3,2024,NO,FQ_RESOLVED_LOCAL_HIGH,FY_RESOLVED_DIRECT_EXACT,,"Research official issuer sources for FY2024 Q3. Verify missing quarter existence/source evidence, Total Debt. Do not research other fields.",P3_LATEST8Q,,MISSING_QUARTER_ALREADY_IDENTIFIED_LOCALLY,P8H-3-2062,NO_STRUCTURAL_BOUNDARY,PDYN
MISSING_QUARTER_EXISTENCE,ADJACENT_EXACT_ANCHORS,Q3,2024,NO,FQ_RESOLVED_LOCAL_HIGH,FY_RESOLVED_DIRECT_EXACT,,"Research official issuer sources for FY2024 Q3. Verify missing quarter existence/source evidence, Total Debt. Do not research other fields.",P3_LATEST8Q,,MISSING_QUARTER_ALREADY_IDENTIFIED_LOCALLY,P8H-3-2067,NO_STRUCTURAL_BOUNDARY,PEN
MISSING_QUARTER_EXISTENCE,ADJACENT_EXACT_ANCHORS,Q3,2024,NO,FQ_RESOLVED_LOCAL_HIGH,FY_RESOLVED_DIRECT_EXACT,,"Research official issuer sources for FY2024 Q3. Verify Cash, missing quarter existence/source evidence. Do not research other fields.",P3_LATEST8Q,,MISSING_QUARTER_ALREADY_IDENTIFIED_LOCALLY,P8H-3-2075,NO_STRUCTURAL_BOUNDARY,PESI
MISSING_QUARTER_EXISTENCE,ADJACENT_EXACT_ANCHORS,Q3,2024,NO,FQ_RESOLVED_LOCAL_HIGH,FY_RESOLVED_DIRECT_EXACT,,"Research official issuer sources for FY2024 Q3. Verify missing quarter existence/source evidence, Total Debt. Do not research other fields.",P3_LATEST8Q,,MISSING_QUARTER_ALREADY_IDENTIFIED_LOCALLY,P8H-3-2084,NO_STRUCTURAL_BOUNDARY,PGNY
MISSING_QUARTER_EXISTENCE,ADJACENT_EXACT_ANCHORS,Q3,2024,NO,FQ_RESOLVED_LOCAL_HIGH,FY_RESOLVED_DIRECT_EXACT,,"Research official issuer sources for FY2024 Q3. Verify missing quarter existence/source evidence, Total Debt. Do not research other fields.",P3_LATEST8Q,,MISSING_QUARTER_ALREADY_IDENTIFIED_LOCALLY,P8H-3-2097,NO_STRUCTURAL_BOUNDARY,PINS
MISSING_QUARTER_EXISTENCE,ADJACENT_EXACT_ANCHORS,Q3,2024,NO,FQ_RESOLVED_LOCAL_HIGH,FY_RESOLVED_DIRECT_EXACT,,"Research official issuer sources for FY2024 Q3. Verify Cash, missing quarter existence/source evidence. Do not research other fields.",P3_LATEST8Q,,MISSING_QUARTER_ALREADY_IDENTIFIED_LOCALLY,P8H-3-2117,NO_STRUCTURAL_BOUNDARY,POR
MISSING_QUARTER_EXISTENCE,ADJACENT_EXACT_ANCHORS,Q3,2024,NO,FQ_RESOLVED_LOCAL_HIGH,FY_RESOLVED_DIRECT_EXACT,,"Research official issuer sources for FY2024 Q3. Verify missing quarter existence/source evidence, Total Debt. Do not research other fields.",P3_LATEST8Q,,MISSING_QUARTER_ALREADY_IDENTIFIED_LOCALLY,P8H-3-2119,NO_STRUCTURAL_BOUNDARY,POWI
MISSING_QUARTER_EXISTENCE,ADJACENT_EXACT_ANCHORS,Q1,2025,NO,FQ_RESOLVED_LOCAL_HIGH,FY_RESOLVED_DIRECT_EXACT,,"Research official issuer sources for FY2025 Q1. Verify missing quarter existence/source evidence, Total Debt. Do not research other fields.",P3_LATEST8Q,,MISSING_QUARTER_ALREADY_IDENTIFIED_LOCALLY,P8H-3-2120,NO_STRUCTURAL_BOUNDARY,POWI
MISSING_QUARTER_EXISTENCE,ADJACENT_EXACT_ANCHORS,Q3,2024,NO,FQ_RESOLVED_LOCAL_HIGH,FY_RESOLVED_DIRECT_EXACT,,"Research official issuer sources for FY2024 Q3. Verify missing quarter existence/source evidence, Total Debt. Do not research other fields.",P3_LATEST8Q,,MISSING_QUARTER_ALREADY_IDENTIFIED_LOCALLY,P8H-3-2122,NO_STRUCTURAL_BOUNDARY,POWL
MISSING_QUARTER_EXISTENCE,ADJACENT_EXACT_ANCHORS,Q3,2024,NO,FQ_RESOLVED_LOCAL_HIGH,FY_RESOLVED_DIRECT_EXACT,,"Research official issuer sources for FY2024 Q3. Verify missing quarter existence/source evidence, Total Debt. Do not research other fields.",P3_LATEST8Q,,MISSING_QUARTER_ALREADY_IDENTIFIED_LOCALLY,P8H-3-2131,NO_STRUCTURAL_BOUNDARY,PPSI
MISSING_QUARTER_EXISTENCE,ADJACENT_EXACT_ANCHORS,Q3,2024,NO,FQ_RESOLVED_LOCAL_HIGH,FY_RESOLVED_DIRECT_EXACT,,"Research official issuer sources for FY2024 Q3. Verify missing quarter existence/source evidence, Total Debt. Do not research other fields.",P3_LATEST8Q,,MISSING_QUARTER_ALREADY_IDENTIFIED_LOCALLY,P8H-3-2139,NO_STRUCTURAL_BOUNDARY,PRDO
MISSING_QUARTER_EXISTENCE,ADJACENT_EXACT_ANCHORS,Q3,2024,NO,FQ_RESOLVED_LOCAL_HIGH,FY_RESOLVED_DIRECT_EXACT,,"Research official issuer sources for FY2024 Q3. Verify missing quarter existence/source evidence, Total Debt. Do not research other fields.",P3_LATEST8Q,,MISSING_QUARTER_ALREADY_IDENTIFIED_LOCALLY,P8H-3-2149,NO_STRUCTURAL_BOUNDARY,PRME
MISSING_QUARTER_EXISTENCE,ADJACENT_EXACT_ANCHORS,Q3,2024,NO,FQ_RESOLVED_LOCAL_HIGH,FY_RESOLVED_DIRECT_EXACT,,"Research official issuer sources for FY2024 Q3. Verify missing quarter existence/source evidence, Total Debt. Do not research other fields.",P3_LATEST8Q,,MISSING_QUARTER_ALREADY_IDENTIFIED_LOCALLY,P8H-3-2163,NO_STRUCTURAL_BOUNDARY,PRSO
MISSING_QUARTER_EXISTENCE,ADJACENT_EXACT_ANCHORS,Q3,2024,NO,FQ_RESOLVED_LOCAL_HIGH,FY_RESOLVED_DIRECT_EXACT,,"Research official issuer sources for FY2024 Q3. Verify missing quarter existence/source evidence, Total Debt. Do not research other fields.",P3_LATEST8Q,,MISSING_QUARTER_ALREADY_IDENTIFIED_LOCALLY,P8H-3-2173,NO_STRUCTURAL_BOUNDARY,PSNL
MISSING_QUARTER_EXISTENCE,ADJACENT_EXACT_ANCHORS,Q3,2024,NO,FQ_RESOLVED_LOCAL_HIGH,FY_RESOLVED_DIRECT_EXACT,,"Research official issuer sources for FY2024 Q3. Verify missing quarter existence/source evidence, Total Debt. Do not research other fields.",P3_LATEST8Q,,MISSING_QUARTER_ALREADY_IDENTIFIED_LOCALLY,P8H-3-2180,NO_STRUCTURAL_BOUNDARY,PTGX
MISSING_QUARTER_EXISTENCE,ADJACENT_EXACT_ANCHORS,Q3,2024,NO,FQ_RESOLVED_LOCAL_HIGH,FY_RESOLVED_DIRECT_EXACT,,"Research official issuer sources for FY2024 Q3. Verify missing quarter existence/source evidence, Total Debt. Do not research other fields.",P3_LATEST8Q,,MISSING_QUARTER_ALREADY_IDENTIFIED_LOCALLY,P8H-3-2187,NO_STRUCTURAL_BOUNDARY,PUBM
MISSING_QUARTER_EXISTENCE,ADJACENT_EXACT_ANCHORS,Q3,2024,NO,FQ_RESOLVED_LOCAL_HIGH,FY_RESOLVED_DIRECT_EXACT,,"Research official issuer sources for FY2024 Q3. Verify missing quarter existence/source evidence, Total Debt. Do not research other fields.",P3_LATEST8Q,,MISSING_QUARTER_ALREADY_IDENTIFIED_LOCALLY,P8H-3-2199,NO_STRUCTURAL_BOUNDARY,QLYS
MISSING_QUARTER_EXISTENCE,ADJACENT_EXACT_ANCHORS,Q1,2025,NO,FQ_RESOLVED_LOCAL_HIGH,FY_RESOLVED_DIRECT_EXACT,,"Research official issuer sources for FY2025 Q1. Verify missing quarter existence/source evidence, Total Debt. Do not research other fields.",P3_LATEST8Q,,MISSING_QUARTER_ALREADY_IDENTIFIED_LOCALLY,P8H-3-2207,NO_STRUCTURAL_BOUNDARY,QNRX
MISSING_QUARTER_EXISTENCE,ADJACENT_EXACT_ANCHORS,Q3,2024,NO,FQ_RESOLVED_LOCAL_HIGH,FY_RESOLVED_DIRECT_EXACT,,"Research official issuer sources for FY2024 Q3. Verify missing quarter existence/source evidence, Total Debt. Do not research other fields.",P3_LATEST8Q,,MISSING_QUARTER_ALREADY_IDENTIFIED_LOCALLY,P8H-3-2208,NO_STRUCTURAL_BOUNDARY,QNST
MISSING_QUARTER_EXISTENCE,ADJACENT_EXACT_ANCHORS,Q1,2025,NO,FQ_RESOLVED_LOCAL_HIGH,FY_RESOLVED_DIRECT_EXACT,,"Research official issuer sources for FY2025 Q1. Verify missing quarter existence/source evidence, Total Debt. Do not research other fields.",P3_LATEST8Q,,MISSING_QUARTER_ALREADY_IDENTIFIED_LOCALLY,P8H-3-2209,NO_STRUCTURAL_BOUNDARY,QNST
MISSING_QUARTER_EXISTENCE,ADJACENT_EXACT_ANCHORS,Q1,2024,NO,FQ_RESOLVED_LOCAL_HIGH,FY_RESOLVED_DIRECT_EXACT,,"Research official issuer sources for FY2024 Q1. Verify first-public result publication date, missing quarter existence/source evidence. Do not research other fields.",P3_LATEST8Q,,MISSING_QUARTER_ALREADY_IDENTIFIED_LOCALLY,P8H-3-2224,NO_STRUCTURAL_BOUNDARY,QXO
MISSING_QUARTER_EXISTENCE,ADJACENT_EXACT_ANCHORS,Q3,2023,NO,FQ_RESOLVED_LOCAL_HIGH,FY_RESOLVED_DIRECT_EXACT,,"Research official issuer sources for FY2023 Q3. Verify missing quarter existence/source evidence, Total Debt. Do not research other fields.",P3_LATEST8Q,,MISSING_QUARTER_ALREADY_IDENTIFIED_LOCALLY,P8H-3-2240,NO_STRUCTURAL_BOUNDARY,RDDT
MISSING_QUARTER_EXISTENCE,ADJACENT_EXACT_ANCHORS,Q3,2024,NO,FQ_RESOLVED_LOCAL_HIGH,FY_RESOLVED_DIRECT_EXACT,,"Research official issuer sources for FY2024 Q3. Verify missing quarter existence/source evidence, Total Debt. Do not research other fields.",P3_LATEST8Q,,MISSING_QUARTER_ALREADY_IDENTIFIED_LOCALLY,P8H-3-2241,NO_STRUCTURAL_BOUNDARY,RDDT
MISSING_QUARTER_EXISTENCE,ADJACENT_EXACT_ANCHORS,Q3,2024,NO,FQ_RESOLVED_LOCAL_HIGH,FY_RESOLVED_DIRECT_EXACT,,"Research official issuer sources for FY2024 Q3. Verify missing quarter existence/source evidence, Total Debt. Do not research other fields.",P3_LATEST8Q,,MISSING_QUARTER_ALREADY_IDENTIFIED_LOCALLY,P8H-3-2244,NO_STRUCTURAL_BOUNDARY,RDVT
MISSING_QUARTER_EXISTENCE,ADJACENT_EXACT_ANCHORS,Q3,2024,NO,FQ_RESOLVED_LOCAL_HIGH,FY_RESOLVED_DIRECT_EXACT,,"Research official issuer sources for FY2024 Q3. Verify missing quarter existence/source evidence, Total Debt. Do not research other fields.",P3_LATEST8Q,,MISSING_QUARTER_ALREADY_IDENTIFIED_LOCALLY,P8H-3-2268,NO_STRUCTURAL_BOUNDARY,RGEN
MISSING_QUARTER_EXISTENCE,ADJACENT_EXACT_ANCHORS,Q3,2024,NO,FQ_RESOLVED_LOCAL_HIGH,FY_RESOLVED_DIRECT_EXACT,,"Research official issuer sources for FY2024 Q3. Verify missing quarter existence/source evidence, Total Debt. Do not research other fields.",P3_LATEST8Q,,MISSING_QUARTER_ALREADY_IDENTIFIED_LOCALLY,P8H-3-2274,NO_STRUCTURAL_BOUNDARY,RGNX
MISSING_QUARTER_EXISTENCE,ADJACENT_EXACT_ANCHORS,Q3,2024,NO,FQ_RESOLVED_LOCAL_HIGH,FY_RESOLVED_DIRECT_EXACT,,"Research official issuer sources for FY2024 Q3. Verify missing quarter existence/source evidence, Total Debt. Do not research other fields.",P3_LATEST8Q,,MISSING_QUARTER_ALREADY_IDENTIFIED_LOCALLY,P8H-3-2276,NO_STRUCTURAL_BOUNDARY,RGR
MISSING_QUARTER_EXISTENCE,ADJACENT_EXACT_ANCHORS,Q3,2024,NO,FQ_RESOLVED_LOCAL_HIGH,FY_RESOLVED_DIRECT_EXACT,,"Research official issuer sources for FY2024 Q3. Verify missing quarter existence/source evidence, Total Debt. Do not research other fields.",P3_LATEST8Q,,MISSING_QUARTER_ALREADY_IDENTIFIED_LOCALLY,P8H-3-2283,NO_STRUCTURAL_BOUNDARY,RHI
MISSING_QUARTER_EXISTENCE,ADJACENT_EXACT_ANCHORS,Q3,2024,NO,FQ_RESOLVED_LOCAL_HIGH,FY_RESOLVED_DIRECT_EXACT,,"Research official issuer sources for FY2024 Q3. Verify first-public result publication date, missing quarter existence/source evidence. Do not research other fields.",P3_LATEST8Q,,MISSING_QUARTER_ALREADY_IDENTIFIED_LOCALLY,P8H-3-2286,NO_STRUCTURAL_BOUNDARY,RIME
MISSING_QUARTER_EXISTENCE,ADJACENT_EXACT_ANCHORS,Q3,2024,NO,FQ_RESOLVED_LOCAL_HIGH,FY_RESOLVED_DIRECT_EXACT,,"Research official issuer sources for FY2024 Q3. Verify missing quarter existence/source evidence, Total Debt. Do not research other fields.",P3_LATEST8Q,,MISSING_QUARTER_ALREADY_IDENTIFIED_LOCALLY,P8H-3-2295,NO_STRUCTURAL_BOUNDARY,RLAY
MISSING_QUARTER_EXISTENCE,ADJACENT_EXACT_ANCHORS,Q1,2025,NO,FQ_RESOLVED_LOCAL_HIGH,FY_RESOLVED_DIRECT_EXACT,,"Research official issuer sources for FY2025 Q1. Verify Cash, missing quarter existence/source evidence. Do not research other fields.",P3_LATEST8Q,,MISSING_QUARTER_ALREADY_IDENTIFIED_LOCALLY,P8H-3-2296,NO_STRUCTURAL_BOUNDARY,RLAY
MISSING_QUARTER_EXISTENCE,ADJACENT_EXACT_ANCHORS,Q3,2024,NO,FQ_RESOLVED_LOCAL_HIGH,FY_RESOLVED_DIRECT_EXACT,,"Research official issuer sources for FY2024 Q3. Verify missing quarter existence/source evidence, Total Debt. Do not research other fields.",P3_LATEST8Q,,MISSING_QUARTER_ALREADY_IDENTIFIED_LOCALLY,P8H-3-2305,NO_STRUCTURAL_BOUNDARY,RMBS
MISSING_QUARTER_EXISTENCE,ADJACENT_EXACT_ANCHORS,Q2,2024,NO,FQ_RESOLVED_LOCAL_HIGH,FY_RESOLVED_DIRECT_EXACT,,"Research official issuer sources for FY2024 Q2. Verify missing quarter existence/source evidence, Total Debt. Do not research other fields.",P3_LATEST8Q,,MISSING_QUARTER_ALREADY_IDENTIFIED_LOCALLY,P8H-3-2309,NO_STRUCTURAL_BOUNDARY,ROIV
MISSING_QUARTER_EXISTENCE,ADJACENT_EXACT_ANCHORS,Q3,2024,NO,FQ_RESOLVED_LOCAL_HIGH,FY_RESOLVED_DIRECT_EXACT,,"Research official issuer sources for FY2024 Q3. Verify missing quarter existence/source evidence, Total Debt. Do not research other fields.",P3_LATEST8Q,,MISSING_QUARTER_ALREADY_IDENTIFIED_LOCALLY,P8H-3-2313,NO_STRUCTURAL_BOUNDARY,ROKU
MISSING_QUARTER_EXISTENCE,ADJACENT_EXACT_ANCHORS,Q1,2025,NO,FQ_RESOLVED_LOCAL_HIGH,FY_RESOLVED_DIRECT_EXACT,,"Research official issuer sources for FY2025 Q1. Verify EBIT, missing quarter existence/source evidence. Do not research other fields.",P3_LATEST8Q,,MISSING_QUARTER_ALREADY_IDENTIFIED_LOCALLY,P8H-3-2324,NO_STRUCTURAL_BOUNDARY,RPT
MISSING_QUARTER_EXISTENCE,ADJACENT_EXACT_ANCHORS,Q3,2024,NO,FQ_RESOLVED_LOCAL_HIGH,FY_RESOLVED_DIRECT_EXACT,,"Research official issuer sources for FY2024 Q3. Verify missing quarter existence/source evidence, Total Debt. Do not research other fields.",P3_LATEST8Q,,MISSING_QUARTER_ALREADY_IDENTIFIED_LOCALLY,P8H-3-2333,NO_STRUCTURAL_BOUNDARY,RSI
MISSING_QUARTER_EXISTENCE,ADJACENT_EXACT_ANCHORS,Q3,2024,NO,FQ_RESOLVED_LOCAL_HIGH,FY_RESOLVED_DIRECT_EXACT,,"Research official issuer sources for FY2024 Q3. Verify missing quarter existence/source evidence, Total Debt. Do not research other fields.",P3_LATEST8Q,,MISSING_QUARTER_ALREADY_IDENTIFIED_LOCALLY,P8H-3-2337,NO_STRUCTURAL_BOUNDARY,RVLV
MISSING_QUARTER_EXISTENCE,ADJACENT_EXACT_ANCHORS,Q3,2024,NO,FQ_RESOLVED_LOCAL_HIGH,FY_RESOLVED_DIRECT_EXACT,,"Research official issuer sources for FY2024 Q3. Verify missing quarter existence/source evidence, Total Debt. Do not research other fields.",P3_LATEST8Q,,MISSING_QUARTER_ALREADY_IDENTIFIED_LOCALLY,P8H-3-2339,NO_STRUCTURAL_BOUNDARY,RVMD
MISSING_QUARTER_EXISTENCE,ADJACENT_EXACT_ANCHORS,Q3,2024,NO,FQ_RESOLVED_LOCAL_HIGH,FY_RESOLVED_DIRECT_EXACT,,"Research official issuer sources for FY2024 Q3. Verify missing quarter existence/source evidence, Total Debt. Do not research other fields.",P3_LATEST8Q,,MISSING_QUARTER_ALREADY_IDENTIFIED_LOCALLY,P8H-3-2343,NO_STRUCTURAL_BOUNDARY,RXST
MISSING_QUARTER_EXISTENCE,ADJACENT_EXACT_ANCHORS,Q3,2024,NO,FQ_RESOLVED_LOCAL_HIGH,FY_RESOLVED_DIRECT_EXACT,,"Research official issuer sources for FY2024 Q3. Verify missing quarter existence/source evidence, Total Debt. Do not research other fields.",P3_LATEST8Q,,MISSING_QUARTER_ALREADY_IDENTIFIED_LOCALLY,P8H-3-2374,NO_STRUCTURAL_BOUNDARY,SD
MISSING_QUARTER_EXISTENCE,ADJACENT_EXACT_ANCHORS,Q1,2025,NO,FQ_RESOLVED_LOCAL_HIGH,FY_RESOLVED_DIRECT_EXACT,,"Research official issuer sources for FY2025 Q1. Verify missing quarter existence/source evidence, Total Debt. Do not research other fields.",P3_LATEST8Q,,MISSING_QUARTER_ALREADY_IDENTIFIED_LOCALLY,P8H-3-2375,NO_STRUCTURAL_BOUNDARY,SD
MISSING_QUARTER_EXISTENCE,ADJACENT_EXACT_ANCHORS,Q3,2024,NO,FQ_RESOLVED_LOCAL_HIGH,FY_RESOLVED_DIRECT_EXACT,,"Research official issuer sources for FY2024 Q3. Verify missing quarter existence/source evidence, Total Debt. Do not research other fields.",P3_LATEST8Q,,MISSING_QUARTER_ALREADY_IDENTIFIED_LOCALLY,P8H-3-2378,NO_STRUCTURAL_BOUNDARY,SDGR
MISSING_QUARTER_EXISTENCE,ADJACENT_EXACT_ANCHORS,Q3,2024,NO,FQ_RESOLVED_LOCAL_HIGH,FY_RESOLVED_DIRECT_EXACT,,"Research official issuer sources for FY2024 Q3. Verify missing quarter existence/source evidence, Total Debt. Do not research other fields.",P3_LATEST8Q,,MISSING_QUARTER_ALREADY_IDENTIFIED_LOCALLY,P8H-3-2388,NO_STRUCTURAL_BOUNDARY,SEER
MISSING_QUARTER_EXISTENCE,ADJACENT_EXACT_ANCHORS,Q3,2024,NO,FQ_RESOLVED_LOCAL_HIGH,FY_RESOLVED_DIRECT_EXACT,,"Research official issuer sources for FY2024 Q3. Verify missing quarter existence/source evidence, Shares Outstanding. Do not research other fields.",P3_LATEST8Q,,MISSING_QUARTER_ALREADY_IDENTIFIED_LOCALLY,P8H-3-2393,NO_STRUCTURAL_BOUNDARY,SEI
MISSING_QUARTER_EXISTENCE,ADJACENT_EXACT_ANCHORS,Q4,2023,NO,FQ_RESOLVED_LOCAL_HIGH,FY_RESOLVED_DIRECT_EXACT,,"Research official issuer sources for FY2023 Q4. Verify missing quarter existence/source evidence, Total Debt. Do not research other fields.",P3_LATEST8Q,,MISSING_QUARTER_ALREADY_IDENTIFIED_LOCALLY,P8H-3-2395,NO_STRUCTURAL_BOUNDARY,SERV
MISSING_QUARTER_EXISTENCE,ADJACENT_EXACT_ANCHORS,Q3,2024,NO,FQ_RESOLVED_LOCAL_HIGH,FY_RESOLVED_DIRECT_EXACT,,"Research official issuer sources for FY2024 Q3. Verify missing quarter existence/source evidence, Total Debt. Do not research other fields.",P3_LATEST8Q,,MISSING_QUARTER_ALREADY_IDENTIFIED_LOCALLY,P8H-3-2396,NO_STRUCTURAL_BOUNDARY,SERV
MISSING_QUARTER_EXISTENCE,ADJACENT_EXACT_ANCHORS,Q3,2024,NO,FQ_RESOLVED_LOCAL_HIGH,FY_RESOLVED_DIRECT_EXACT,,"Research official issuer sources for FY2024 Q3. Verify missing quarter existence/source evidence, Total Debt. Do not research other fields.",P3_LATEST8Q,,MISSING_QUARTER_ALREADY_IDENTIFIED_LOCALLY,P8H-3-2454,NO_STRUCTURAL_BOUNDARY,SLDP
MISSING_QUARTER_EXISTENCE,ADJACENT_EXACT_ANCHORS,Q3,2024,NO,FQ_RESOLVED_LOCAL_HIGH,FY_RESOLVED_DIRECT_EXACT,,"Research official issuer sources for FY2024 Q3. Verify missing quarter existence/source evidence, Total Debt. Do not research other fields.",P3_LATEST8Q,,MISSING_QUARTER_ALREADY_IDENTIFIED_LOCALLY,P8H-3-2463,NO_STRUCTURAL_BOUNDARY,SLP
MISSING_QUARTER_EXISTENCE,ADJACENT_EXACT_ANCHORS,Q1,2025,NO,FQ_RESOLVED_LOCAL_HIGH,FY_RESOLVED_DIRECT_EXACT,,"Research official issuer sources for FY2025 Q1. Verify missing quarter existence/source evidence, Total Debt. Do not research other fields.",P3_LATEST8Q,,MISSING_QUARTER_ALREADY_IDENTIFIED_LOCALLY,P8H-3-2464,NO_STRUCTURAL_BOUNDARY,SLP
MISSING_QUARTER_EXISTENCE,ADJACENT_EXACT_ANCHORS,Q3,2024,NO,FQ_RESOLVED_LOCAL_HIGH,FY_RESOLVED_DIRECT_EXACT,,"Research official issuer sources for FY2024 Q3. Verify missing quarter existence/source evidence, Total Debt. Do not research other fields.",P3_LATEST8Q,,MISSING_QUARTER_ALREADY_IDENTIFIED_LOCALLY,P8H-3-2478,NO_STRUCTURAL_BOUNDARY,SMR
MISSING_QUARTER_EXISTENCE,ADJACENT_EXACT_ANCHORS,Q3,2024,NO,FQ_RESOLVED_LOCAL_HIGH,FY_RESOLVED_DIRECT_EXACT,,"Research official issuer sources for FY2024 Q3. Verify missing quarter existence/source evidence, Total Debt. Do not research other fields.",P3_LATEST8Q,,MISSING_QUARTER_ALREADY_IDENTIFIED_LOCALLY,P8H-3-2482,NO_STRUCTURAL_BOUNDARY,SMRT
MISSING_QUARTER_EXISTENCE,ADJACENT_EXACT_ANCHORS,Q3,2024,NO,FQ_RESOLVED_LOCAL_HIGH,FY_RESOLVED_DIRECT_EXACT,,"Research official issuer sources for FY2024 Q3. Verify missing quarter existence/source evidence, Total Debt. Do not research other fields.",P3_LATEST8Q,,MISSING_QUARTER_ALREADY_IDENTIFIED_LOCALLY,P8H-3-2516,NO_STRUCTURAL_BOUNDARY,SPSC
MISSING_QUARTER_EXISTENCE,ADJACENT_EXACT_ANCHORS,Q3,2024,NO,FQ_RESOLVED_LOCAL_HIGH,FY_RESOLVED_DIRECT_EXACT,,"Research official issuer sources for FY2024 Q3. Verify missing quarter existence/source evidence, Revenue. Do not research other fields.",P3_LATEST8Q,,MISSING_QUARTER_ALREADY_IDENTIFIED_LOCALLY,P8H-3-2533,NO_STRUCTURAL_BOUNDARY,SRRK
MISSING_QUARTER_EXISTENCE,ADJACENT_EXACT_ANCHORS,Q3,2024,NO,FQ_RESOLVED_LOCAL_HIGH,FY_RESOLVED_DIRECT_EXACT,,"Research official issuer sources for FY2024 Q3. Verify missing quarter existence/source evidence, Total Debt. Do not research other fields.",P3_LATEST8Q,,MISSING_QUARTER_ALREADY_IDENTIFIED_LOCALLY,P8H-3-2536,NO_STRUCTURAL_BOUNDARY,SRTA
MISSING_QUARTER_EXISTENCE,ADJACENT_EXACT_ANCHORS,Q3,2024,NO,FQ_RESOLVED_LOCAL_HIGH,FY_RESOLVED_DIRECT_EXACT,,"Research official issuer sources for FY2024 Q3. Verify missing quarter existence/source evidence, Total Debt. Do not research other fields.",P3_LATEST8Q,,MISSING_QUARTER_ALREADY_IDENTIFIED_LOCALLY,P8H-3-2540,NO_STRUCTURAL_BOUNDARY,SRTS
MISSING_QUARTER_EXISTENCE,ADJACENT_EXACT_ANCHORS,Q3,2024,NO,FQ_RESOLVED_LOCAL_HIGH,FY_RESOLVED_DIRECT_EXACT,,"Research official issuer sources for FY2024 Q3. Verify missing quarter existence/source evidence, Total Debt. Do not research other fields.",P3_LATEST8Q,,MISSING_QUARTER_ALREADY_IDENTIFIED_LOCALLY,P8H-3-2546,NO_STRUCTURAL_BOUNDARY,STOK
MISSING_QUARTER_EXISTENCE,ADJACENT_EXACT_ANCHORS,Q3,2024,NO,FQ_RESOLVED_LOCAL_HIGH,FY_RESOLVED_DIRECT_EXACT,,"Research official issuer sources for FY2024 Q3. Verify missing quarter existence/source evidence, Shares Outstanding. Do not research other fields.",P3_LATEST8Q,,MISSING_QUARTER_ALREADY_IDENTIFIED_LOCALLY,P8H-3-2559,NO_STRUCTURAL_BOUNDARY,SUN
MISSING_QUARTER_EXISTENCE,ADJACENT_EXACT_ANCHORS,Q3,2024,NO,FQ_RESOLVED_LOCAL_HIGH,FY_RESOLVED_DIRECT_EXACT,,"Research official issuer sources for FY2024 Q3. Verify missing quarter existence/source evidence, Revenue. Do not research other fields.",P3_LATEST8Q,,MISSING_QUARTER_ALREADY_IDENTIFIED_LOCALLY,P8H-3-2572,NO_STRUCTURAL_BOUNDARY,SVRA
MISSING_QUARTER_EXISTENCE,ADJACENT_EXACT_ANCHORS,Q3,2024,NO,FQ_RESOLVED_LOCAL_HIGH,FY_RESOLVED_DIRECT_EXACT,,"Research official issuer sources for FY2024 Q3. Verify missing quarter existence/source evidence, Total Debt. Do not research other fields.",P3_LATEST8Q,,MISSING_QUARTER_ALREADY_IDENTIFIED_LOCALLY,P8H-3-2578,NO_STRUCTURAL_BOUNDARY,SWBI
MISSING_QUARTER_EXISTENCE,ADJACENT_EXACT_ANCHORS,Q1,2025,NO,FQ_RESOLVED_LOCAL_HIGH,FY_RESOLVED_DIRECT_EXACT,,"Research official issuer sources for FY2025 Q1. Verify missing quarter existence/source evidence, Total Debt. Do not research other fields.",P3_LATEST8Q,,MISSING_QUARTER_ALREADY_IDENTIFIED_LOCALLY,P8H-3-2595,NO_STRUCTURAL_BOUNDARY,TALK
MISSING_QUARTER_EXISTENCE,ADJACENT_EXACT_ANCHORS,Q3,2024,NO,FQ_RESOLVED_LOCAL_HIGH,FY_RESOLVED_DIRECT_EXACT,,"Research official issuer sources for FY2024 Q3. Verify missing quarter existence/source evidence, Total Debt. Do not research other fields.",P3_LATEST8Q,,MISSING_QUARTER_ALREADY_IDENTIFIED_LOCALLY,P8H-3-2611,NO_STRUCTURAL_BOUNDARY,TBLA
MISSING_QUARTER_EXISTENCE,ADJACENT_EXACT_ANCHORS,Q4,2023,NO,FQ_RESOLVED_LOCAL_HIGH,FY_RESOLVED_DIRECT_EXACT,,"Research official issuer sources for FY2023 Q4. Verify missing quarter existence/source evidence, Revenue. Do not research other fields.",P3_LATEST8Q,,MISSING_QUARTER_ALREADY_IDENTIFIED_LOCALLY,P8H-3-2619,NO_STRUCTURAL_BOUNDARY,TE
MISSING_QUARTER_EXISTENCE,ADJACENT_EXACT_ANCHORS,Q1,2024,NO,FQ_RESOLVED_LOCAL_HIGH,FY_RESOLVED_DIRECT_EXACT,,"Research official issuer sources for FY2024 Q1. Verify missing quarter existence/source evidence, Total Debt. Do not research other fields.",P3_LATEST8Q,,MISSING_QUARTER_ALREADY_IDENTIFIED_LOCALLY,P8H-3-2620,NO_STRUCTURAL_BOUNDARY,TEAD
MISSING_QUARTER_EXISTENCE,ADJACENT_EXACT_ANCHORS,Q3,2024,NO,FQ_RESOLVED_LOCAL_HIGH,FY_RESOLVED_DIRECT_EXACT,,"Research official issuer sources for FY2024 Q3. Verify missing quarter existence/source evidence, Total Debt. Do not research other fields.",P3_LATEST8Q,,MISSING_QUARTER_ALREADY_IDENTIFIED_LOCALLY,P8H-3-2621,NO_STRUCTURAL_BOUNDARY,TEAD
MISSING_QUARTER_EXISTENCE,ADJACENT_EXACT_ANCHORS,Q1,2025,NO,FQ_RESOLVED_LOCAL_HIGH,FY_RESOLVED_DIRECT_EXACT,,"Research official issuer sources for FY2025 Q1. Verify missing quarter existence/source evidence, Total Debt. Do not research other fields.",P3_LATEST8Q,,MISSING_QUARTER_ALREADY_IDENTIFIED_LOCALLY,P8H-3-2627,NO_STRUCTURAL_BOUNDARY,TELO
MISSING_QUARTER_EXISTENCE,ADJACENT_EXACT_ANCHORS,Q3,2024,NO,FQ_RESOLVED_LOCAL_HIGH,FY_RESOLVED_DIRECT_EXACT,,"Research official issuer sources for FY2024 Q3. Verify missing quarter existence/source evidence, Total Debt. Do not research other fields.",P3_LATEST8Q,,MISSING_QUARTER_ALREADY_IDENTIFIED_LOCALLY,P8H-3-2629,NO_STRUCTURAL_BOUNDARY,TER
MISSING_QUARTER_EXISTENCE,ADJACENT_EXACT_ANCHORS,Q3,2024,NO,FQ_RESOLVED_LOCAL_HIGH,FY_RESOLVED_DIRECT_EXACT,,"Research official issuer sources for FY2024 Q3. Verify missing quarter existence/source evidence, Total Debt. Do not research other fields.",P3_LATEST8Q,,MISSING_QUARTER_ALREADY_IDENTIFIED_LOCALLY,P8H-3-2653,NO_STRUCTURAL_BOUNDARY,TNON
MISSING_QUARTER_EXISTENCE,ADJACENT_EXACT_ANCHORS,Q3,2024,NO,FQ_RESOLVED_LOCAL_HIGH,FY_RESOLVED_DIRECT_EXACT,,"Research official issuer sources for FY2024 Q3. Verify missing quarter existence/source evidence, Total Debt. Do not research other fields.",P3_LATEST8Q,,MISSING_QUARTER_ALREADY_IDENTIFIED_LOCALLY,P8H-3-2662,NO_STRUCTURAL_BOUNDARY,TOST
MISSING_QUARTER_EXISTENCE,ADJACENT_EXACT_ANCHORS,Q4,2024,NO,FQ_RESOLVED_LOCAL_HIGH,FY_RESOLVED_DIRECT_EXACT,,"Research official issuer sources for FY2024 Q4. Verify missing quarter existence/source evidence, Total Debt. Do not research other fields.",P3_LATEST8Q,,MISSING_QUARTER_ALREADY_IDENTIFIED_LOCALLY,P8H-3-2671,NO_STRUCTURAL_BOUNDARY,TRAW
MISSING_QUARTER_EXISTENCE,ADJACENT_EXACT_ANCHORS,Q1,2025,NO,FQ_RESOLVED_LOCAL_HIGH,FY_RESOLVED_DIRECT_EXACT,,"Research official issuer sources for FY2025 Q1. Verify Cash, missing quarter existence/source evidence. Do not research other fields.",P3_LATEST8Q,,MISSING_QUARTER_ALREADY_IDENTIFIED_LOCALLY,P8H-3-2673,NO_STRUCTURAL_BOUNDARY,TRC
MISSING_QUARTER_EXISTENCE,ADJACENT_EXACT_ANCHORS,Q3,2024,NO,FQ_RESOLVED_LOCAL_HIGH,FY_RESOLVED_DIRECT_EXACT,,"Research official issuer sources for FY2024 Q3. Verify missing quarter existence/source evidence, Total Debt. Do not research other fields.",P3_LATEST8Q,,MISSING_QUARTER_ALREADY_IDENTIFIED_LOCALLY,P8H-3-2702,NO_STRUCTURAL_BOUNDARY,TTD
MISSING_QUARTER_EXISTENCE,ADJACENT_EXACT_ANCHORS,Q3,2024,NO,FQ_RESOLVED_LOCAL_HIGH,FY_RESOLVED_DIRECT_EXACT,,"Research official issuer sources for FY2024 Q3. Verify missing quarter existence/source evidence, Total Debt. Do not research other fields.",P3_LATEST8Q,,MISSING_QUARTER_ALREADY_IDENTIFIED_LOCALLY,P8H-3-2707,NO_STRUCTURAL_BOUNDARY,TWST
MISSING_QUARTER_EXISTENCE,ADJACENT_EXACT_ANCHORS,Q3,2024,NO,FQ_RESOLVED_LOCAL_HIGH,FY_RESOLVED_DIRECT_EXACT,,"Research official issuer sources for FY2024 Q3. Verify missing quarter existence/source evidence, Total Debt. Do not research other fields.",P3_LATEST8Q,,MISSING_QUARTER_ALREADY_IDENTIFIED_LOCALLY,P8H-3-2709,NO_STRUCTURAL_BOUNDARY,TXG
MISSING_QUARTER_EXISTENCE,ADJACENT_EXACT_ANCHORS,Q3,2024,NO,FQ_RESOLVED_LOCAL_HIGH,FY_RESOLVED_DIRECT_EXACT,,"Research official issuer sources for FY2024 Q3. Verify missing quarter existence/source evidence, Total Debt. Do not research other fields.",P3_LATEST8Q,,MISSING_QUARTER_ALREADY_IDENTIFIED_LOCALLY,P8H-3-2722,NO_STRUCTURAL_BOUNDARY,TZOO
MISSING_QUARTER_EXISTENCE,ADJACENT_EXACT_ANCHORS,Q3,2024,NO,FQ_RESOLVED_LOCAL_HIGH,FY_RESOLVED_DIRECT_EXACT,,"Research official issuer sources for FY2024 Q3. Verify missing quarter existence/source evidence, Total Debt. Do not research other fields.",P3_LATEST8Q,,MISSING_QUARTER_ALREADY_IDENTIFIED_LOCALLY,P8H-3-2745,NO_STRUCTURAL_BOUNDARY,UPBD
MISSING_QUARTER_EXISTENCE,ADJACENT_EXACT_ANCHORS,Q1,2024,NO,FQ_RESOLVED_LOCAL_HIGH,FY_RESOLVED_DIRECT_EXACT,,"Research official issuer sources for FY2024 Q1. Verify missing quarter existence/source evidence, Total Debt. Do not research other fields.",P3_LATEST8Q,,MISSING_QUARTER_ALREADY_IDENTIFIED_LOCALLY,P8H-3-2748,NO_STRUCTURAL_BOUNDARY,UPXI
MISSING_QUARTER_EXISTENCE,ADJACENT_EXACT_ANCHORS,Q3,2024,NO,FQ_RESOLVED_LOCAL_HIGH,FY_RESOLVED_DIRECT_EXACT,,"Research official issuer sources for FY2024 Q3. Verify missing quarter existence/source evidence, Total Debt. Do not research other fields.",P3_LATEST8Q,,MISSING_QUARTER_ALREADY_IDENTIFIED_LOCALLY,P8H-3-2760,NO_STRUCTURAL_BOUNDARY,USLM
MISSING_QUARTER_EXISTENCE,ADJACENT_EXACT_ANCHORS,Q3,2024,NO,FQ_RESOLVED_LOCAL_HIGH,FY_RESOLVED_DIRECT_EXACT,,"Research official issuer sources for FY2024 Q3. Verify missing quarter existence/source evidence, Total Debt. Do not research other fields.",P3_LATEST8Q,,MISSING_QUARTER_ALREADY_IDENTIFIED_LOCALLY,P8H-3-2781,NO_STRUCTURAL_BOUNDARY,VCYT
MISSING_QUARTER_EXISTENCE,ADJACENT_EXACT_ANCHORS,Q1,2024,NO,FQ_RESOLVED_LOCAL_HIGH,FY_RESOLVED_DIRECT_EXACT,,"Research official issuer sources for FY2024 Q1. Verify missing quarter existence/source evidence, Total Debt. Do not research other fields.",P3_LATEST8Q,,MISSING_QUARTER_ALREADY_IDENTIFIED_LOCALLY,P8H-3-2786,NO_STRUCTURAL_BOUNDARY,VELO
MISSING_QUARTER_EXISTENCE,ADJACENT_EXACT_ANCHORS,Q1,2025,NO,FQ_RESOLVED_LOCAL_HIGH,FY_RESOLVED_DIRECT_EXACT,,"Research official issuer sources for FY2025 Q1. Verify first-public result publication date, missing quarter existence/source evidence. Do not research other fields.",P3_LATEST8Q,,MISSING_QUARTER_ALREADY_IDENTIFIED_LOCALLY,P8H-3-2788,NO_STRUCTURAL_BOUNDARY,VELO
MISSING_QUARTER_EXISTENCE,ADJACENT_EXACT_ANCHORS,Q3,2024,NO,FQ_RESOLVED_LOCAL_HIGH,FY_RESOLVED_DIRECT_EXACT,,"Research official issuer sources for FY2024 Q3. Verify missing quarter existence/source evidence, Revenue. Do not research other fields.",P3_LATEST8Q,,MISSING_QUARTER_ALREADY_IDENTIFIED_LOCALLY,P8H-3-2791,NO_STRUCTURAL_BOUNDARY,VERA
MISSING_QUARTER_EXISTENCE,ADJACENT_EXACT_ANCHORS,Q3,2024,NO,FQ_RESOLVED_LOCAL_HIGH,FY_RESOLVED_DIRECT_EXACT,,"Research official issuer sources for FY2024 Q3. Verify missing quarter existence/source evidence, Total Debt. Do not research other fields.",P3_LATEST8Q,,MISSING_QUARTER_ALREADY_IDENTIFIED_LOCALLY,P8H-3-2793,NO_STRUCTURAL_BOUNDARY,VERU
MISSING_QUARTER_EXISTENCE,ADJACENT_EXACT_ANCHORS,Q1,2025,NO,FQ_RESOLVED_LOCAL_HIGH,FY_RESOLVED_DIRECT_EXACT,,"Research official issuer sources for FY2025 Q1. Verify EBIT, missing quarter existence/source evidence. Do not research other fields.",P3_LATEST8Q,,MISSING_QUARTER_ALREADY_IDENTIFIED_LOCALLY,P8H-3-2794,NO_STRUCTURAL_BOUNDARY,VERU
MISSING_QUARTER_EXISTENCE,ADJACENT_EXACT_ANCHORS,Q3,2024,NO,FQ_RESOLVED_LOCAL_HIGH,FY_RESOLVED_DIRECT_EXACT,,"Research official issuer sources for FY2024 Q3. Verify missing quarter existence/source evidence, Total Debt. Do not research other fields.",P3_LATEST8Q,,MISSING_QUARTER_ALREADY_IDENTIFIED_LOCALLY,P8H-3-2804,NO_STRUCTURAL_BOUNDARY,VIR
MISSING_QUARTER_EXISTENCE,ADJACENT_EXACT_ANCHORS,Q1,2025,NO,FQ_RESOLVED_LOCAL_HIGH,FY_RESOLVED_DIRECT_EXACT,,"Research official issuer sources for FY2025 Q1. Verify Cash, missing quarter existence/source evidence. Do not research other fields.",P3_LATEST8Q,,MISSING_QUARTER_ALREADY_IDENTIFIED_LOCALLY,P8H-3-2812,NO_STRUCTURAL_BOUNDARY,VKTX
MISSING_QUARTER_EXISTENCE,ADJACENT_EXACT_ANCHORS,Q3,2024,NO,FQ_RESOLVED_LOCAL_HIGH,FY_RESOLVED_DIRECT_EXACT,,"Research official issuer sources for FY2024 Q3. Verify missing quarter existence/source evidence, Total Debt. Do not research other fields.",P3_LATEST8Q,,MISSING_QUARTER_ALREADY_IDENTIFIED_LOCALLY,P8H-3-2819,NO_STRUCTURAL_BOUNDARY,VNDA
MISSING_QUARTER_EXISTENCE,ADJACENT_EXACT_ANCHORS,Q3,2024,NO,FQ_RESOLVED_LOCAL_HIGH,FY_RESOLVED_DIRECT_EXACT,,"Research official issuer sources for FY2024 Q3. Verify missing quarter existence/source evidence, Revenue. Do not research other fields.",P3_LATEST8Q,,MISSING_QUARTER_ALREADY_IDENTIFIED_LOCALLY,P8H-3-2826,NO_STRUCTURAL_BOUNDARY,VOR
MISSING_QUARTER_EXISTENCE,ADJACENT_EXACT_ANCHORS,Q4,2024,NO,FQ_RESOLVED_LOCAL_HIGH,FY_RESOLVED_DIRECT_EXACT,,"Research official issuer sources for FY2024 Q4. Verify missing quarter existence/source evidence, Total Debt. Do not research other fields.",P3_LATEST8Q,,MISSING_QUARTER_ALREADY_IDENTIFIED_LOCALLY,P8H-3-2834,NO_STRUCTURAL_BOUNDARY,VS
MISSING_QUARTER_EXISTENCE,ADJACENT_EXACT_ANCHORS,Q3,2024,NO,FQ_RESOLVED_LOCAL_HIGH,FY_RESOLVED_DIRECT_EXACT,,"Research official issuer sources for FY2024 Q3. Verify Cash, missing quarter existence/source evidence. Do not research other fields.",P3_LATEST8Q,,MISSING_QUARTER_ALREADY_IDENTIFIED_LOCALLY,P8H-3-2859,NO_STRUCTURAL_BOUNDARY,VVX
MISSING_QUARTER_EXISTENCE,ADJACENT_EXACT_ANCHORS,Q3,2024,NO,FQ_RESOLVED_LOCAL_HIGH,FY_RESOLVED_DIRECT_EXACT,,"Research official issuer sources for FY2024 Q3. Verify missing quarter existence/source evidence, Total Debt. Do not research other fields.",P3_LATEST8Q,,MISSING_QUARTER_ALREADY_IDENTIFIED_LOCALLY,P8H-3-2862,NO_STRUCTURAL_BOUNDARY,VYGR
MISSING_QUARTER_EXISTENCE,ADJACENT_EXACT_ANCHORS,Q1,2025,NO,FQ_RESOLVED_LOCAL_HIGH,FY_RESOLVED_DIRECT_EXACT,,"Research official issuer sources for FY2025 Q1. Verify Cash, missing quarter existence/source evidence. Do not research other fields.",P3_LATEST8Q,,MISSING_QUARTER_ALREADY_IDENTIFIED_LOCALLY,P8H-3-2863,NO_STRUCTURAL_BOUNDARY,VYGR
MISSING_QUARTER_EXISTENCE,ADJACENT_EXACT_ANCHORS,Q3,2024,NO,FQ_RESOLVED_LOCAL_HIGH,FY_RESOLVED_DIRECT_EXACT,,"Research official issuer sources for FY2024 Q3. Verify missing quarter existence/source evidence, Total Debt. Do not research other fields.",P3_LATEST8Q,,MISSING_QUARTER_ALREADY_IDENTIFIED_LOCALLY,P8H-3-2866,NO_STRUCTURAL_BOUNDARY,WEAV
MISSING_QUARTER_EXISTENCE,ADJACENT_EXACT_ANCHORS,Q3,2024,NO,FQ_RESOLVED_LOCAL_HIGH,FY_RESOLVED_DIRECT_EXACT,,"Research official issuer sources for FY2024 Q3. Verify missing quarter existence/source evidence, Total Debt. Do not research other fields.",P3_LATEST8Q,,MISSING_QUARTER_ALREADY_IDENTIFIED_LOCALLY,P8H-3-2875,NO_STRUCTURAL_BOUNDARY,WHLR
MISSING_QUARTER_EXISTENCE,ADJACENT_EXACT_ANCHORS,Q3,2024,NO,FQ_RESOLVED_LOCAL_HIGH,FY_RESOLVED_DIRECT_EXACT,,"Research official issuer sources for FY2024 Q3. Verify missing quarter existence/source evidence, Total Debt. Do not research other fields.",P3_LATEST8Q,,MISSING_QUARTER_ALREADY_IDENTIFIED_LOCALLY,P8H-3-2879,NO_STRUCTURAL_BOUNDARY,WKC
MISSING_QUARTER_EXISTENCE,ADJACENT_EXACT_ANCHORS,Q3,2024,NO,FQ_RESOLVED_LOCAL_HIGH,FY_RESOLVED_DIRECT_EXACT,,"Research official issuer sources for FY2024 Q3. Verify missing quarter existence/source evidence, Total Debt. Do not research other fields.",P3_LATEST8Q,,MISSING_QUARTER_ALREADY_IDENTIFIED_LOCALLY,P8H-3-2891,NO_STRUCTURAL_BOUNDARY,WRAP
MISSING_QUARTER_EXISTENCE,ADJACENT_EXACT_ANCHORS,Q3,2024,NO,FQ_RESOLVED_LOCAL_HIGH,FY_RESOLVED_DIRECT_EXACT,,"Research official issuer sources for FY2024 Q3. Verify missing quarter existence/source evidence, Total Debt. Do not research other fields.",P3_LATEST8Q,,MISSING_QUARTER_ALREADY_IDENTIFIED_LOCALLY,P8H-3-2893,NO_STRUCTURAL_BOUNDARY,WRBY
MISSING_QUARTER_EXISTENCE,ADJACENT_EXACT_ANCHORS,Q3,2024,NO,FQ_RESOLVED_LOCAL_HIGH,FY_RESOLVED_DIRECT_EXACT,,"Research official issuer sources for FY2024 Q3. Verify missing quarter existence/source evidence, Shares Outstanding. Do not research other fields.",P3_LATEST8Q,,MISSING_QUARTER_ALREADY_IDENTIFIED_LOCALLY,P8H-3-2902,NO_STRUCTURAL_BOUNDARY,WTTR
MISSING_QUARTER_EXISTENCE,ADJACENT_EXACT_ANCHORS,Q3,2024,NO,FQ_RESOLVED_LOCAL_HIGH,FY_RESOLVED_DIRECT_EXACT,,"Research official issuer sources for FY2024 Q3. Verify missing quarter existence/source evidence, Total Debt. Do not research other fields.",P3_LATEST8Q,,MISSING_QUARTER_ALREADY_IDENTIFIED_LOCALLY,P8H-3-2904,NO_STRUCTURAL_BOUNDARY,WVE
MISSING_QUARTER_EXISTENCE,ADJACENT_EXACT_ANCHORS,Q3,2024,NO,FQ_RESOLVED_LOCAL_HIGH,FY_RESOLVED_DIRECT_EXACT,,"Research official issuer sources for FY2024 Q3. Verify missing quarter existence/source evidence, Shares Outstanding. Do not research other fields.",P3_LATEST8Q,,MISSING_QUARTER_ALREADY_IDENTIFIED_LOCALLY,P8H-3-2918,NO_STRUCTURAL_BOUNDARY,XMTR
MISSING_QUARTER_EXISTENCE,ADJACENT_EXACT_ANCHORS,Q1,2025,NO,FQ_RESOLVED_LOCAL_HIGH,FY_RESOLVED_DIRECT_EXACT,,"Research official issuer sources for FY2025 Q1. Verify missing quarter existence/source evidence, Total Debt. Do not research other fields.",P3_LATEST8Q,,MISSING_QUARTER_ALREADY_IDENTIFIED_LOCALLY,P8H-3-2926,NO_STRUCTURAL_BOUNDARY,XRAY
MISSING_QUARTER_EXISTENCE,ADJACENT_EXACT_ANCHORS,Q3,2024,NO,FQ_RESOLVED_LOCAL_HIGH,FY_RESOLVED_DIRECT_EXACT,,"Research official issuer sources for FY2024 Q3. Verify missing quarter existence/source evidence, Total Debt. Do not research other fields.",P3_LATEST8Q,,MISSING_QUARTER_ALREADY_IDENTIFIED_LOCALLY,P8H-3-2933,NO_STRUCTURAL_BOUNDARY,XYZ
MISSING_QUARTER_EXISTENCE,ADJACENT_EXACT_ANCHORS,Q3,2024,NO,FQ_RESOLVED_LOCAL_HIGH,FY_RESOLVED_DIRECT_EXACT,,"Research official issuer sources for FY2024 Q3. Verify missing quarter existence/source evidence, Total Debt. Do not research other fields.",P3_LATEST8Q,,MISSING_QUARTER_ALREADY_IDENTIFIED_LOCALLY,P8H-3-2936,NO_STRUCTURAL_BOUNDARY,YELP
MISSING_QUARTER_EXISTENCE,ADJACENT_EXACT_ANCHORS,Q2,2024,NO,FQ_RESOLVED_LOCAL_HIGH,FY_RESOLVED_DIRECT_EXACT,,"Research official issuer sources for FY2024 Q2. Verify first-public result publication date, missing quarter existence/source evidence. Do not research other fields.",P3_LATEST8Q,,MISSING_QUARTER_ALREADY_IDENTIFIED_LOCALLY,P8H-3-2950,NO_STRUCTURAL_BOUNDARY,ZEO
MISSING_QUARTER_EXISTENCE,ADJACENT_EXACT_ANCHORS,Q3,2024,NO,FQ_RESOLVED_LOCAL_HIGH,FY_RESOLVED_DIRECT_EXACT,,"Research official issuer sources for FY2024 Q3. Verify missing quarter existence/source evidence, Total Debt. Do not research other fields.",P3_LATEST8Q,,MISSING_QUARTER_ALREADY_IDENTIFIED_LOCALLY,P8H-3-2952,NO_STRUCTURAL_BOUNDARY,ZG
MISSING_QUARTER_EXISTENCE,ADJACENT_EXACT_ANCHORS,Q3,2024,NO,FQ_RESOLVED_LOCAL_HIGH,FY_RESOLVED_DIRECT_EXACT,,"Research official issuer sources for FY2024 Q3. Verify missing quarter existence/source evidence, Total Debt. Do not research other fields.",P3_LATEST8Q,,MISSING_QUARTER_ALREADY_IDENTIFIED_LOCALLY,P8H-3-2957,NO_STRUCTURAL_BOUNDARY,ZNTL
MISSING_QUARTER_EXISTENCE,ADJACENT_EXACT_ANCHORS,Q3,2024,NO,FQ_RESOLVED_LOCAL_HIGH,FY_RESOLVED_DIRECT_EXACT,,"Research official issuer sources for FY2024 Q3. Verify missing quarter existence/source evidence, Revenue. Do not research other fields.",P3_LATEST8Q,,MISSING_QUARTER_ALREADY_IDENTIFIED_LOCALLY,P8H-3-2972,NO_STRUCTURAL_BOUNDARY,ZVRA
MISSING_QUARTER_EXISTENCE,ADJACENT_EXACT_ANCHORS,Q3,2024,NO,FQ_RESOLVED_LOCAL_HIGH,FY_RESOLVED_DIRECT_EXACT,,"Research official issuer sources for FY2024 Q3. Verify missing quarter existence/source evidence, Total Debt. Do not research other fields.",P3_LATEST8Q,,MISSING_QUARTER_ALREADY_IDENTIFIED_LOCALLY,P8H-3-2976,NO_STRUCTURAL_BOUNDARY,ZYME
MISSING_QUARTER_EXISTENCE,ADJACENT_EXACT_ANCHORS,Q3,2024,NO,FQ_RESOLVED_LOCAL_HIGH,FY_RESOLVED_DIRECT_EXACT,,Research official issuer sources for FY2024 Q3. Verify missing quarter existence/source evidence. Do not research other fields.,P3_LATEST8Q,,MISSING_QUARTER_ALREADY_IDENTIFIED_LOCALLY,P8H-3-0028,NO_STRUCTURAL_BOUNDARY,ACDC
MISSING_QUARTER_EXISTENCE,ADJACENT_EXACT_ANCHORS,Q1,2025,NO,FQ_RESOLVED_LOCAL_HIGH,FY_RESOLVED_DIRECT_EXACT,,Research official issuer sources for FY2025 Q1. Verify missing quarter existence/source evidence. Do not research other fields.,P3_LATEST8Q,,MISSING_QUARTER_ALREADY_IDENTIFIED_LOCALLY,P8H-3-0029,NO_STRUCTURAL_BOUNDARY,ACDC
MISSING_QUARTER_EXISTENCE,ADJACENT_EXACT_ANCHORS,Q1,2025,NO,FQ_RESOLVED_LOCAL_HIGH,FY_RESOLVED_DIRECT_EXACT,,Research official issuer sources for FY2025 Q1. Verify missing quarter existence/source evidence. Do not research other fields.,P3_LATEST8Q,,MISSING_QUARTER_ALREADY_IDENTIFIED_LOCALLY,P8H-3-0049,NO_STRUCTURAL_BOUNDARY,ACRV
MISSING_QUARTER_EXISTENCE,ADJACENT_EXACT_ANCHORS,Q3,2024,NO,FQ_RESOLVED_LOCAL_HIGH,FY_RESOLVED_DIRECT_EXACT,,Research official issuer sources for FY2024 Q3. Verify missing quarter existence/source evidence. Do not research other fields.,P3_LATEST8Q,,MISSING_QUARTER_ALREADY_IDENTIFIED_LOCALLY,P8H-3-0061,NO_STRUCTURAL_BOUNDARY,ADEA
MISSING_QUARTER_EXISTENCE,ADJACENT_EXACT_ANCHORS,Q1,2025,NO,FQ_RESOLVED_LOCAL_HIGH,FY_RESOLVED_DIRECT_EXACT,,Research official issuer sources for FY2025 Q1. Verify missing quarter existence/source evidence. Do not research other fields.,P3_LATEST8Q,,MISSING_QUARTER_ALREADY_IDENTIFIED_LOCALLY,P8H-3-0062,NO_STRUCTURAL_BOUNDARY,ADEA
MISSING_QUARTER_EXISTENCE,ADJACENT_EXACT_ANCHORS,Q3,2024,NO,FQ_RESOLVED_LOCAL_HIGH,FY_RESOLVED_DIRECT_EXACT,,Research official issuer sources for FY2024 Q3. Verify missing quarter existence/source evidence. Do not research other fields.,P3_LATEST8Q,,MISSING_QUARTER_ALREADY_IDENTIFIED_LOCALLY,P8H-3-0099,NO_STRUCTURAL_BOUNDARY,AGL
MISSING_QUARTER_EXISTENCE,ADJACENT_EXACT_ANCHORS,Q1,2025,NO,FQ_RESOLVED_LOCAL_HIGH,FY_RESOLVED_DIRECT_EXACT,,Research official issuer sources for FY2025 Q1. Verify missing quarter existence/source evidence. Do not research other fields.,P3_LATEST8Q,,MISSING_QUARTER_ALREADY_IDENTIFIED_LOCALLY,P8H-3-0100,NO_STRUCTURAL_BOUNDARY,AGL
MISSING_QUARTER_EXISTENCE,ADJACENT_EXACT_ANCHORS,Q1,2025,NO,FQ_RESOLVED_LOCAL_HIGH,FY_RESOLVED_DIRECT_EXACT,,Research official issuer sources for FY2025 Q1. Verify missing quarter existence/source evidence. Do not research other fields.,P3_LATEST8Q,,MISSING_QUARTER_ALREADY_IDENTIFIED_LOCALLY,P8H-3-0111,NO_STRUCTURAL_BOUNDARY,AHR
MISSING_QUARTER_EXISTENCE,ADJACENT_EXACT_ANCHORS,Q4,2024,NO,FQ_RESOLVED_LOCAL_HIGH,FY_RESOLVED_DIRECT_EXACT,,Research official issuer sources for FY2024 Q4. Verify missing quarter existence/source evidence. Do not research other fields.,P3_LATEST8Q,,MISSING_QUARTER_ALREADY_IDENTIFIED_LOCALLY,P8H-3-0115,NO_STRUCTURAL_BOUNDARY,AIFF
MISSING_QUARTER_EXISTENCE,ADJACENT_EXACT_ANCHORS,Q3,2025,NO,FQ_RESOLVED_LOCAL_HIGH,FY_RESOLVED_DIRECT_EXACT,,Research official issuer sources for FY2025 Q3. Verify missing quarter existence/source evidence. Do not research other fields.,P3_LATEST8Q,,MISSING_QUARTER_ALREADY_IDENTIFIED_LOCALLY,P8H-3-0120,NO_STRUCTURAL_BOUNDARY,AIHS
MISSING_QUARTER_EXISTENCE,ADJACENT_EXACT_ANCHORS,Q1,2025,NO,FQ_RESOLVED_LOCAL_HIGH,FY_RESOLVED_DIRECT_EXACT,,Research official issuer sources for FY2025 Q1. Verify missing quarter existence/source evidence. Do not research other fields.,P3_LATEST8Q,,MISSING_QUARTER_ALREADY_IDENTIFIED_LOCALLY,P8H-3-0149,NO_STRUCTURAL_BOUNDARY,ALGS
MISSING_QUARTER_EXISTENCE,ADJACENT_EXACT_ANCHORS,Q3,2024,NO,FQ_RESOLVED_LOCAL_HIGH,FY_RESOLVED_DIRECT_EXACT,,Research official issuer sources for FY2024 Q3. Verify missing quarter existence/source evidence. Do not research other fields.,P3_LATEST8Q,,MISSING_QUARTER_ALREADY_IDENTIFIED_LOCALLY,P8H-3-0150,NO_STRUCTURAL_BOUNDARY,ALHC
MISSING_QUARTER_EXISTENCE,ADJACENT_EXACT_ANCHORS,Q1,2025,NO,FQ_RESOLVED_LOCAL_HIGH,FY_RESOLVED_DIRECT_EXACT,,Research official issuer sources for FY2025 Q1. Verify missing quarter existence/source evidence. Do not research other fields.,P3_LATEST8Q,,MISSING_QUARTER_ALREADY_IDENTIFIED_LOCALLY,P8H-3-0158,NO_STRUCTURAL_BOUNDARY,ALLR
MISSING_QUARTER_EXISTENCE,ADJACENT_EXACT_ANCHORS,Q3,2024,NO,FQ_RESOLVED_LOCAL_HIGH,FY_RESOLVED_DIRECT_EXACT,,Research official issuer sources for FY2024 Q3. Verify missing quarter existence/source evidence. Do not research other fields.,P3_LATEST8Q,,MISSING_QUARTER_ALREADY_IDENTIFIED_LOCALLY,P8H-3-0161,NO_STRUCTURAL_BOUNDARY,ALNT
MISSING_QUARTER_EXISTENCE,ADJACENT_EXACT_ANCHORS,Q1,2025,NO,FQ_RESOLVED_LOCAL_HIGH,FY_RESOLVED_DIRECT_EXACT,,Research official issuer sources for FY2025 Q1. Verify missing quarter existence/source evidence. Do not research other fields.,P3_LATEST8Q,,MISSING_QUARTER_ALREADY_IDENTIFIED_LOCALLY,P8H-3-0162,NO_STRUCTURAL_BOUNDARY,ALNT
MISSING_QUARTER_EXISTENCE,ADJACENT_EXACT_ANCHORS,Q1,2025,NO,FQ_RESOLVED_LOCAL_HIGH,FY_RESOLVED_DIRECT_EXACT,,Research official issuer sources for FY2025 Q1. Verify missing quarter existence/source evidence. Do not research other fields.,P3_LATEST8Q,,MISSING_QUARTER_ALREADY_IDENTIFIED_LOCALLY,P8H-3-0166,NO_STRUCTURAL_BOUNDARY,ALT
MISSING_QUARTER_EXISTENCE,ADJACENT_EXACT_ANCHORS,Q1,2025,NO,FQ_RESOLVED_LOCAL_HIGH,FY_RESOLVED_DIRECT_EXACT,,Research official issuer sources for FY2025 Q1. Verify missing quarter existence/source evidence. Do not research other fields.,P3_LATEST8Q,,MISSING_QUARTER_ALREADY_IDENTIFIED_LOCALLY,P8H-3-0167,NO_STRUCTURAL_BOUNDARY,ALV
MISSING_QUARTER_EXISTENCE,ADJACENT_EXACT_ANCHORS,Q1,2025,NO,FQ_RESOLVED_LOCAL_HIGH,FY_RESOLVED_DIRECT_EXACT,,Research official issuer sources for FY2025 Q1. Verify missing quarter existence/source evidence. Do not research other fields.,P3_LATEST8Q,,MISSING_QUARTER_ALREADY_IDENTIFIED_LOCALLY,P8H-3-0170,NO_STRUCTURAL_BOUNDARY,ALXO
MISSING_QUARTER_EXISTENCE,ADJACENT_EXACT_ANCHORS,Q4,2024,NO,FQ_RESOLVED_LOCAL_HIGH,FY_RESOLVED_DIRECT_EXACT,,Research official issuer sources for FY2024 Q4. Verify missing quarter existence/source evidence. Do not research other fields.,P3_LATEST8Q,,MISSING_QUARTER_ALREADY_IDENTIFIED_LOCALLY,P8H-3-0186,NO_STRUCTURAL_BOUNDARY,AMOD
MISSING_QUARTER_EXISTENCE,ADJACENT_EXACT_ANCHORS,Q4,2024,NO,FQ_RESOLVED_LOCAL_HIGH,FY_RESOLVED_DIRECT_EXACT,,Research official issuer sources for FY2024 Q4. Verify missing quarter existence/source evidence. Do not research other fields.,P3_LATEST8Q,,MISSING_QUARTER_ALREADY_IDENTIFIED_LOCALLY,P8H-3-0190,NO_STRUCTURAL_BOUNDARY,AMPG
MISSING_QUARTER_EXISTENCE,ADJACENT_EXACT_ANCHORS,Q3,2024,NO,FQ_RESOLVED_LOCAL_HIGH,FY_RESOLVED_DIRECT_EXACT,,Research official issuer sources for FY2024 Q3. Verify missing quarter existence/source evidence. Do not research other fields.,P3_LATEST8Q,,MISSING_QUARTER_ALREADY_IDENTIFIED_LOCALLY,P8H-3-0202,NO_STRUCTURAL_BOUNDARY,AMT
MISSING_QUARTER_EXISTENCE,ADJACENT_EXACT_ANCHORS,Q1,2025,NO,FQ_RESOLVED_LOCAL_HIGH,FY_RESOLVED_DIRECT_EXACT,,Research official issuer sources for FY2025 Q1. Verify missing quarter existence/source evidence. Do not research other fields.,P3_LATEST8Q,,MISSING_QUARTER_ALREADY_IDENTIFIED_LOCALLY,P8H-3-0207,NO_STRUCTURAL_BOUNDARY,ANAB
MISSING_QUARTER_EXISTENCE,ADJACENT_EXACT_ANCHORS,Q1,2025,NO,FQ_RESOLVED_LOCAL_HIGH,FY_RESOLVED_DIRECT_EXACT,,Research official issuer sources for FY2025 Q1. Verify missing quarter existence/source evidence. Do not research other fields.,P3_LATEST8Q,,MISSING_QUARTER_ALREADY_IDENTIFIED_LOCALLY,P8H-3-0231,NO_STRUCTURAL_BOUNDARY,APA
MISSING_QUARTER_EXISTENCE,ADJACENT_EXACT_ANCHORS,Q1,2025,NO,FQ_RESOLVED_LOCAL_HIGH,FY_RESOLVED_DIRECT_EXACT,,Research official issuer sources for FY2025 Q1. Verify missing quarter existence/source evidence. Do not research other fields.,P3_LATEST8Q,,MISSING_QUARTER_ALREADY_IDENTIFIED_LOCALLY,P8H-3-0235,NO_STRUCTURAL_BOUNDARY,APGE
MISSING_QUARTER_EXISTENCE,ADJACENT_EXACT_ANCHORS,Q1,2025,NO,FQ_RESOLVED_LOCAL_HIGH,FY_RESOLVED_DIRECT_EXACT,,Research official issuer sources for FY2025 Q1. Verify missing quarter existence/source evidence. Do not research other fields.,P3_LATEST8Q,,MISSING_QUARTER_ALREADY_IDENTIFIED_LOCALLY,P8H-3-0237,NO_STRUCTURAL_BOUNDARY,APP
MISSING_QUARTER_EXISTENCE,ADJACENT_EXACT_ANCHORS,Q1,2025,NO,FQ_RESOLVED_LOCAL_HIGH,FY_RESOLVED_DIRECT_EXACT,,Research official issuer sources for FY2025 Q1. Verify missing quarter existence/source evidence. Do not research other fields.,P3_LATEST8Q,,MISSING_QUARTER_ALREADY_IDENTIFIED_LOCALLY,P8H-3-0244,NO_STRUCTURAL_BOUNDARY,APVO
MISSING_QUARTER_EXISTENCE,ADJACENT_EXACT_ANCHORS,Q3,2024,NO,FQ_RESOLVED_LOCAL_HIGH,FY_RESOLVED_DIRECT_EXACT,,Research official issuer sources for FY2024 Q3. Verify missing quarter existence/source evidence. Do not research other fields.,P3_LATEST8Q,,MISSING_QUARTER_ALREADY_IDENTIFIED_LOCALLY,P8H-3-0247,NO_STRUCTURAL_BOUNDARY,AQST
MISSING_QUARTER_EXISTENCE,ADJACENT_EXACT_ANCHORS,Q1,2025,NO,FQ_RESOLVED_LOCAL_HIGH,FY_RESOLVED_DIRECT_EXACT,,Research official issuer sources for FY2025 Q1. Verify missing quarter existence/source evidence. Do not research other fields.,P3_LATEST8Q,,MISSING_QUARTER_ALREADY_IDENTIFIED_LOCALLY,P8H-3-0253,NO_STRUCTURAL_BOUNDARY,ARCT
MISSING_QUARTER_EXISTENCE,ADJACENT_EXACT_ANCHORS,Q3,2024,NO,FQ_RESOLVED_LOCAL_HIGH,FY_RESOLVED_DIRECT_EXACT,,Research official issuer sources for FY2024 Q3. Verify missing quarter existence/source evidence. Do not research other fields.,P3_LATEST8Q,,MISSING_QUARTER_ALREADY_IDENTIFIED_LOCALLY,P8H-3-0264,NO_STRUCTURAL_BOUNDARY,ARLP
MISSING_QUARTER_EXISTENCE,ADJACENT_EXACT_ANCHORS,Q3,2024,NO,FQ_RESOLVED_LOCAL_HIGH,FY_RESOLVED_DIRECT_EXACT,,Research official issuer sources for FY2024 Q3. Verify missing quarter existence/source evidence. Do not research other fields.,P3_LATEST8Q,,MISSING_QUARTER_ALREADY_IDENTIFIED_LOCALLY,P8H-3-0276,NO_STRUCTURAL_BOUNDARY,ARVN
MISSING_QUARTER_EXISTENCE,ADJACENT_EXACT_ANCHORS,Q1,2025,NO,FQ_RESOLVED_LOCAL_HIGH,FY_RESOLVED_DIRECT_EXACT,,Research official issuer sources for FY2025 Q1. Verify missing quarter existence/source evidence. Do not research other fields.,P3_LATEST8Q,,MISSING_QUARTER_ALREADY_IDENTIFIED_LOCALLY,P8H-3-0277,NO_STRUCTURAL_BOUNDARY,ARVN
MISSING_QUARTER_EXISTENCE,ADJACENT_EXACT_ANCHORS,Q1,2025,NO,FQ_RESOLVED_LOCAL_HIGH,FY_RESOLVED_DIRECT_EXACT,,Research official issuer sources for FY2025 Q1. Verify missing quarter existence/source evidence. Do not research other fields.,P3_LATEST8Q,,MISSING_QUARTER_ALREADY_IDENTIFIED_LOCALLY,P8H-3-0314,NO_STRUCTURAL_BOUNDARY,AURA
MISSING_QUARTER_EXISTENCE,ADJACENT_EXACT_ANCHORS,Q3,2024,NO,FQ_RESOLVED_LOCAL_HIGH,FY_RESOLVED_DIRECT_EXACT,,Research official issuer sources for FY2024 Q3. Verify missing quarter existence/source evidence. Do not research other fields.,P3_LATEST8Q,,MISSING_QUARTER_ALREADY_IDENTIFIED_LOCALLY,P8H-3-0319,NO_STRUCTURAL_BOUNDARY,AVB
MISSING_QUARTER_EXISTENCE,ADJACENT_EXACT_ANCHORS,Q3,2024,NO,FQ_RESOLVED_LOCAL_HIGH,FY_RESOLVED_DIRECT_EXACT,,Research official issuer sources for FY2024 Q3. Verify missing quarter existence/source evidence. Do not research other fields.,P3_LATEST8Q,,MISSING_QUARTER_ALREADY_IDENTIFIED_LOCALLY,P8H-3-0328,NO_STRUCTURAL_BOUNDARY,AVO
MISSING_QUARTER_EXISTENCE,ADJACENT_EXACT_ANCHORS,Q3,2024,NO,FQ_RESOLVED_LOCAL_HIGH,FY_RESOLVED_DIRECT_EXACT,,Research official issuer sources for FY2024 Q3. Verify missing quarter existence/source evidence. Do not research other fields.,P3_LATEST8Q,,MISSING_QUARTER_ALREADY_IDENTIFIED_LOCALLY,P8H-3-0340,NO_STRUCTURAL_BOUNDARY,AWK
MISSING_QUARTER_EXISTENCE,ADJACENT_EXACT_ANCHORS,Q3,2024,NO,FQ_RESOLVED_LOCAL_HIGH,FY_RESOLVED_DIRECT_EXACT,,Research official issuer sources for FY2024 Q3. Verify missing quarter existence/source evidence. Do not research other fields.,P3_LATEST8Q,,MISSING_QUARTER_ALREADY_IDENTIFIED_LOCALLY,P8H-3-0341,NO_STRUCTURAL_BOUNDARY,AWR
MISSING_QUARTER_EXISTENCE,ADJACENT_EXACT_ANCHORS,Q1,2025,NO,FQ_RESOLVED_LOCAL_HIGH,FY_RESOLVED_DIRECT_EXACT,,Research official issuer sources for FY2025 Q1. Verify missing quarter existence/source evidence. Do not research other fields.,P3_LATEST8Q,,MISSING_QUARTER_ALREADY_IDENTIFIED_LOCALLY,P8H-3-0342,NO_STRUCTURAL_BOUNDARY,AWR
MISSING_QUARTER_EXISTENCE,ADJACENT_EXACT_ANCHORS,Q3,2024,NO,FQ_RESOLVED_LOCAL_HIGH,FY_RESOLVED_DIRECT_EXACT,,Research official issuer sources for FY2024 Q3. Verify missing quarter existence/source evidence. Do not research other fields.,P3_LATEST8Q,,MISSING_QUARTER_ALREADY_IDENTIFIED_LOCALLY,P8H-3-0354,NO_STRUCTURAL_BOUNDARY,BATRK
MISSING_QUARTER_EXISTENCE,ADJACENT_EXACT_ANCHORS,Q1,2025,NO,FQ_RESOLVED_LOCAL_HIGH,FY_RESOLVED_DIRECT_EXACT,,Research official issuer sources for FY2025 Q1. Verify missing quarter existence/source evidence. Do not research other fields.,P3_LATEST8Q,,MISSING_QUARTER_ALREADY_IDENTIFIED_LOCALLY,P8H-3-0355,NO_STRUCTURAL_BOUNDARY,BATRK
MISSING_QUARTER_EXISTENCE,ADJACENT_EXACT_ANCHORS,Q4,2023,NO,FQ_RESOLVED_LOCAL_HIGH,FY_RESOLVED_DIRECT_EXACT,,Research official issuer sources for FY2023 Q4. Verify missing quarter existence/source evidence. Do not research other fields.,P3_LATEST8Q,,MISSING_QUARTER_ALREADY_IDENTIFIED_LOCALLY,P8H-3-0356,NO_STRUCTURAL_BOUNDARY,BBAI
MISSING_QUARTER_EXISTENCE,ADJACENT_EXACT_ANCHORS,Q1,2025,NO,FQ_RESOLVED_LOCAL_HIGH,FY_RESOLVED_DIRECT_EXACT,,Research official issuer sources for FY2025 Q1. Verify missing quarter existence/source evidence. Do not research other fields.,P3_LATEST8Q,,MISSING_QUARTER_ALREADY_IDENTIFIED_LOCALLY,P8H-3-0357,NO_STRUCTURAL_BOUNDARY,BBAI
MISSING_QUARTER_EXISTENCE,ADJACENT_EXACT_ANCHORS,Q1,2025,NO,FQ_RESOLVED_LOCAL_HIGH,FY_RESOLVED_DIRECT_EXACT,,Research official issuer sources for FY2025 Q1. Verify missing quarter existence/source evidence. Do not research other fields.,P3_LATEST8Q,,MISSING_QUARTER_ALREADY_IDENTIFIED_LOCALLY,P8H-3-0360,NO_STRUCTURAL_BOUNDARY,BBBY
MISSING_QUARTER_EXISTENCE,ADJACENT_EXACT_ANCHORS,Q1,2025,NO,FQ_RESOLVED_LOCAL_HIGH,FY_RESOLVED_DIRECT_EXACT,,Research official issuer sources for FY2025 Q1. Verify missing quarter existence/source evidence. Do not research other fields.,P3_LATEST8Q,,MISSING_QUARTER_ALREADY_IDENTIFIED_LOCALLY,P8H-3-0368,NO_STRUCTURAL_BOUNDARY,BBOT
MISSING_QUARTER_EXISTENCE,ADJACENT_EXACT_ANCHORS,Q1,2025,NO,FQ_RESOLVED_LOCAL_HIGH,FY_RESOLVED_DIRECT_EXACT,,Research official issuer sources for FY2025 Q1. Verify missing quarter existence/source evidence. Do not research other fields.,P3_LATEST8Q,,MISSING_QUARTER_ALREADY_IDENTIFIED_LOCALLY,P8H-3-0381,NO_STRUCTURAL_BOUNDARY,BCYC
MISSING_QUARTER_EXISTENCE,ADJACENT_EXACT_ANCHORS,Q1,2025,NO,FQ_RESOLVED_LOCAL_HIGH,FY_RESOLVED_DIRECT_EXACT,,Research official issuer sources for FY2025 Q1. Verify missing quarter existence/source evidence. Do not research other fields.,P3_LATEST8Q,,MISSING_QUARTER_ALREADY_IDENTIFIED_LOCALLY,P8H-3-0385,NO_STRUCTURAL_BOUNDARY,BEAM
MISSING_QUARTER_EXISTENCE,ADJACENT_EXACT_ANCHORS,Q3,2024,NO,FQ_RESOLVED_LOCAL_HIGH,FY_RESOLVED_DIRECT_EXACT,,Research official issuer sources for FY2024 Q3. Verify missing quarter existence/source evidence. Do not research other fields.,P3_LATEST8Q,,MISSING_QUARTER_ALREADY_IDENTIFIED_LOCALLY,P8H-3-0408,NO_STRUCTURAL_BOUNDARY,BIO
MISSING_QUARTER_EXISTENCE,ADJACENT_EXACT_ANCHORS,Q3,2024,NO,FQ_RESOLVED_LOCAL_HIGH,FY_RESOLVED_DIRECT_EXACT,,Research official issuer sources for FY2024 Q3. Verify missing quarter existence/source evidence. Do not research other fields.,P3_LATEST8Q,,MISSING_QUARTER_ALREADY_IDENTIFIED_LOCALLY,P8H-3-0415,NO_STRUCTURAL_BOUNDARY,BKH
MISSING_QUARTER_EXISTENCE,ADJACENT_EXACT_ANCHORS,Q1,2025,NO,FQ_RESOLVED_LOCAL_HIGH,FY_RESOLVED_DIRECT_EXACT,,Research official issuer sources for FY2025 Q1. Verify missing quarter existence/source evidence. Do not research other fields.,P3_LATEST8Q,,MISSING_QUARTER_ALREADY_IDENTIFIED_LOCALLY,P8H-3-0416,NO_STRUCTURAL_BOUNDARY,BKH
MISSING_QUARTER_EXISTENCE,ADJACENT_EXACT_ANCHORS,Q3,2024,NO,FQ_RESOLVED_LOCAL_HIGH,FY_RESOLVED_DIRECT_EXACT,,Research official issuer sources for FY2024 Q3. Verify missing quarter existence/source evidence. Do not research other fields.,P3_LATEST8Q,,MISSING_QUARTER_ALREADY_IDENTIFIED_LOCALLY,P8H-3-0436,NO_STRUCTURAL_BOUNDARY,BOC
MISSING_QUARTER_EXISTENCE,ADJACENT_EXACT_ANCHORS,Q3,2024,NO,FQ_RESOLVED_LOCAL_HIGH,FY_RESOLVED_DIRECT_EXACT,,Research official issuer sources for FY2024 Q3. Verify missing quarter existence/source evidence. Do not research other fields.,P3_LATEST8Q,,MISSING_QUARTER_ALREADY_IDENTIFIED_LOCALLY,P8H-3-0477,NO_STRUCTURAL_BOUNDARY,BTU
MISSING_QUARTER_EXISTENCE,ADJACENT_EXACT_ANCHORS,Q3,2024,NO,FQ_RESOLVED_LOCAL_HIGH,FY_RESOLVED_DIRECT_EXACT,,Research official issuer sources for FY2024 Q3. Verify missing quarter existence/source evidence. Do not research other fields.,P3_LATEST8Q,,MISSING_QUARTER_ALREADY_IDENTIFIED_LOCALLY,P8H-3-0481,NO_STRUCTURAL_BOUNDARY,BWA
MISSING_QUARTER_EXISTENCE,ADJACENT_EXACT_ANCHORS,Q4,2024,NO,FQ_RESOLVED_LOCAL_HIGH,FY_RESOLVED_DIRECT_EXACT,,Research official issuer sources for FY2024 Q4. Verify missing quarter existence/source evidence. Do not research other fields.,P3_LATEST8Q,,MISSING_QUARTER_ALREADY_IDENTIFIED_LOCALLY,P8H-3-0489,NO_STRUCTURAL_BOUNDARY,BZAI
MISSING_QUARTER_EXISTENCE,ADJACENT_EXACT_ANCHORS,Q1,2025,NO,FQ_RESOLVED_LOCAL_HIGH,FY_RESOLVED_DIRECT_EXACT,,Research official issuer sources for FY2025 Q1. Verify missing quarter existence/source evidence. Do not research other fields.,P3_LATEST8Q,,MISSING_QUARTER_ALREADY_IDENTIFIED_LOCALLY,P8H-3-0498,NO_STRUCTURAL_BOUNDARY,CADL
MISSING_QUARTER_EXISTENCE,ADJACENT_EXACT_ANCHORS,Q1,2025,NO,FQ_RESOLVED_LOCAL_HIGH,FY_RESOLVED_DIRECT_EXACT,,Research official issuer sources for FY2025 Q1. Verify missing quarter existence/source evidence. Do not research other fields.,P3_LATEST8Q,,MISSING_QUARTER_ALREADY_IDENTIFIED_LOCALLY,P8H-3-0519,NO_STRUCTURAL_BOUNDARY,CART
MISSING_QUARTER_EXISTENCE,ADJACENT_EXACT_ANCHORS,Q1,2025,NO,FQ_RESOLVED_LOCAL_HIGH,FY_RESOLVED_DIRECT_EXACT,,Research official issuer sources for FY2025 Q1. Verify missing quarter existence/source evidence. Do not research other fields.,P3_LATEST8Q,,MISSING_QUARTER_ALREADY_IDENTIFIED_LOCALLY,P8H-3-0529,NO_STRUCTURAL_BOUNDARY,CBT
MISSING_QUARTER_EXISTENCE,ADJACENT_EXACT_ANCHORS,Q3,2024,NO,FQ_RESOLVED_LOCAL_HIGH,FY_RESOLVED_DIRECT_EXACT,,Research official issuer sources for FY2024 Q3. Verify missing quarter existence/source evidence. Do not research other fields.,P3_LATEST8Q,,MISSING_QUARTER_ALREADY_IDENTIFIED_LOCALLY,P8H-3-0530,NO_STRUCTURAL_BOUNDARY,CBUS
MISSING_QUARTER_EXISTENCE,ADJACENT_EXACT_ANCHORS,Q1,2025,NO,FQ_RESOLVED_LOCAL_HIGH,FY_RESOLVED_DIRECT_EXACT,,Research official issuer sources for FY2025 Q1. Verify missing quarter existence/source evidence. Do not research other fields.,P3_LATEST8Q,,MISSING_QUARTER_ALREADY_IDENTIFIED_LOCALLY,P8H-3-0531,NO_STRUCTURAL_BOUNDARY,CBUS
MISSING_QUARTER_EXISTENCE,ADJACENT_EXACT_ANCHORS,Q1,2025,NO,FQ_RESOLVED_LOCAL_HIGH,FY_RESOLVED_DIRECT_EXACT,,Research official issuer sources for FY2025 Q1. Verify missing quarter existence/source evidence. Do not research other fields.,P3_LATEST8Q,,MISSING_QUARTER_ALREADY_IDENTIFIED_LOCALLY,P8H-3-0537,NO_STRUCTURAL_BOUNDARY,CCCC
MISSING_QUARTER_EXISTENCE,ADJACENT_EXACT_ANCHORS,Q1,2025,NO,FQ_RESOLVED_LOCAL_HIGH,FY_RESOLVED_DIRECT_EXACT,,Research official issuer sources for FY2025 Q1. Verify missing quarter existence/source evidence. Do not research other fields.,P3_LATEST8Q,,MISSING_QUARTER_ALREADY_IDENTIFIED_LOCALLY,P8H-3-0553,NO_STRUCTURAL_BOUNDARY,CELC
MISSING_QUARTER_EXISTENCE,ADJACENT_EXACT_ANCHORS,Q3,2024,NO,FQ_RESOLVED_LOCAL_HIGH,FY_RESOLVED_DIRECT_EXACT,,Research official issuer sources for FY2024 Q3. Verify missing quarter existence/source evidence. Do not research other fields.,P3_LATEST8Q,,MISSING_QUARTER_ALREADY_IDENTIFIED_LOCALLY,P8H-3-0579,NO_STRUCTURAL_BOUNDARY,CHH
MISSING_QUARTER_EXISTENCE,ADJACENT_EXACT_ANCHORS,Q1,2025,NO,FQ_RESOLVED_LOCAL_HIGH,FY_RESOLVED_DIRECT_EXACT,,Research official issuer sources for FY2025 Q1. Verify missing quarter existence/source evidence. Do not research other fields.,P3_LATEST8Q,,MISSING_QUARTER_ALREADY_IDENTIFIED_LOCALLY,P8H-3-0587,NO_STRUCTURAL_BOUNDARY,CHRD
MISSING_QUARTER_EXISTENCE,ADJACENT_EXACT_ANCHORS,Q1,2025,NO,FQ_RESOLVED_LOCAL_HIGH,FY_RESOLVED_DIRECT_EXACT,,Research official issuer sources for FY2025 Q1. Verify missing quarter existence/source evidence. Do not research other fields.,P3_LATEST8Q,,MISSING_QUARTER_ALREADY_IDENTIFIED_LOCALLY,P8H-3-0590,NO_STRUCTURAL_BOUNDARY,CHRS
MISSING_QUARTER_EXISTENCE,ADJACENT_EXACT_ANCHORS,Q3,2024,NO,FQ_RESOLVED_LOCAL_HIGH,FY_RESOLVED_DIRECT_EXACT,,Research official issuer sources for FY2024 Q3. Verify missing quarter existence/source evidence. Do not research other fields.,P3_LATEST8Q,,MISSING_QUARTER_ALREADY_IDENTIFIED_LOCALLY,P8H-3-0591,NO_STRUCTURAL_BOUNDARY,CHTR
MISSING_QUARTER_EXISTENCE,ADJACENT_EXACT_ANCHORS,Q3,2024,NO,FQ_RESOLVED_LOCAL_HIGH,FY_RESOLVED_DIRECT_EXACT,,Research official issuer sources for FY2024 Q3. Verify missing quarter existence/source evidence. Do not research other fields.,P3_LATEST8Q,,MISSING_QUARTER_ALREADY_IDENTIFIED_LOCALLY,P8H-3-0608,NO_STRUCTURAL_BOUNDARY,CLB
MISSING_QUARTER_EXISTENCE,ADJACENT_EXACT_ANCHORS,Q1,2025,NO,FQ_RESOLVED_LOCAL_HIGH,FY_RESOLVED_DIRECT_EXACT,,Research official issuer sources for FY2025 Q1. Verify missing quarter existence/source evidence. Do not research other fields.,P3_LATEST8Q,,MISSING_QUARTER_ALREADY_IDENTIFIED_LOCALLY,P8H-3-0611,NO_STRUCTURAL_BOUNDARY,CLDX
MISSING_QUARTER_EXISTENCE,ADJACENT_EXACT_ANCHORS,Q1,2024,NO,FQ_RESOLVED_LOCAL_HIGH,FY_RESOLVED_DIRECT_EXACT,,Research official issuer sources for FY2024 Q1. Verify missing quarter existence/source evidence. Do not research other fields.,P3_LATEST8Q,,MISSING_QUARTER_ALREADY_IDENTIFIED_LOCALLY,P8H-3-0613,NO_STRUCTURAL_BOUNDARY,CLMT
MISSING_QUARTER_EXISTENCE,ADJACENT_EXACT_ANCHORS,Q3,2024,NO,FQ_RESOLVED_LOCAL_HIGH,FY_RESOLVED_DIRECT_EXACT,,Research official issuer sources for FY2024 Q3. Verify missing quarter existence/source evidence. Do not research other fields.,P3_LATEST8Q,,MISSING_QUARTER_ALREADY_IDENTIFIED_LOCALLY,P8H-3-0614,NO_STRUCTURAL_BOUNDARY,CLMT
MISSING_QUARTER_EXISTENCE,ADJACENT_EXACT_ANCHORS,Q1,2025,NO,FQ_RESOLVED_LOCAL_HIGH,FY_RESOLVED_DIRECT_EXACT,,Research official issuer sources for FY2025 Q1. Verify missing quarter existence/source evidence. Do not research other fields.,P3_LATEST8Q,,MISSING_QUARTER_ALREADY_IDENTIFIED_LOCALLY,P8H-3-0615,NO_STRUCTURAL_BOUNDARY,CLMT
MISSING_QUARTER_EXISTENCE,ADJACENT_EXACT_ANCHORS,Q1,2025,NO,FQ_RESOLVED_LOCAL_HIGH,FY_RESOLVED_DIRECT_EXACT,,Research official issuer sources for FY2025 Q1. Verify missing quarter existence/source evidence. Do not research other fields.,P3_LATEST8Q,,MISSING_QUARTER_ALREADY_IDENTIFIED_LOCALLY,P8H-3-0645,NO_STRUCTURAL_BOUNDARY,CMRC
MISSING_QUARTER_EXISTENCE,ADJACENT_EXACT_ANCHORS,Q3,2024,NO,FQ_RESOLVED_LOCAL_HIGH,FY_RESOLVED_DIRECT_EXACT,,Research official issuer sources for FY2024 Q3. Verify missing quarter existence/source evidence. Do not research other fields.,P3_LATEST8Q,,MISSING_QUARTER_ALREADY_IDENTIFIED_LOCALLY,P8H-3-0657,NO_STRUCTURAL_BOUNDARY,CNR
MISSING_QUARTER_EXISTENCE,ADJACENT_EXACT_ANCHORS,Q1,2025,NO,FQ_RESOLVED_LOCAL_HIGH,FY_RESOLVED_DIRECT_EXACT,,Research official issuer sources for FY2025 Q1. Verify missing quarter existence/source evidence. Do not research other fields.,P3_LATEST8Q,,MISSING_QUARTER_ALREADY_IDENTIFIED_LOCALLY,P8H-3-0658,NO_STRUCTURAL_BOUNDARY,CNR
MISSING_QUARTER_EXISTENCE,ADJACENT_EXACT_ANCHORS,Q3,2025,NO,FQ_RESOLVED_LOCAL_HIGH,FY_RESOLVED_DIRECT_EXACT,,Research official issuer sources for FY2025 Q3. Verify missing quarter existence/source evidence. Do not research other fields.,P3_LATEST8Q,,MISSING_QUARTER_ALREADY_IDENTIFIED_LOCALLY,P8H-3-0661,NO_STRUCTURAL_BOUNDARY,CNVS
MISSING_QUARTER_EXISTENCE,ADJACENT_EXACT_ANCHORS,Q1,2025,NO,FQ_RESOLVED_LOCAL_HIGH,FY_RESOLVED_DIRECT_EXACT,,Research official issuer sources for FY2025 Q1. Verify missing quarter existence/source evidence. Do not research other fields.,P3_LATEST8Q,,MISSING_QUARTER_ALREADY_IDENTIFIED_LOCALLY,P8H-3-0674,NO_STRUCTURAL_BOUNDARY,COGT
MISSING_QUARTER_EXISTENCE,ADJACENT_EXACT_ANCHORS,Q3,2024,NO,FQ_RESOLVED_LOCAL_HIGH,FY_RESOLVED_DIRECT_EXACT,,Research official issuer sources for FY2024 Q3. Verify missing quarter existence/source evidence. Do not research other fields.,P3_LATEST8Q,,MISSING_QUARTER_ALREADY_IDENTIFIED_LOCALLY,P8H-3-0675,NO_STRUCTURAL_BOUNDARY,COHR
MISSING_QUARTER_EXISTENCE,ADJACENT_EXACT_ANCHORS,Q1,2025,NO,FQ_RESOLVED_LOCAL_HIGH,FY_RESOLVED_DIRECT_EXACT,,Research official issuer sources for FY2025 Q1. Verify missing quarter existence/source evidence. Do not research other fields.,P3_LATEST8Q,,MISSING_QUARTER_ALREADY_IDENTIFIED_LOCALLY,P8H-3-0678,NO_STRUCTURAL_BOUNDARY,COIN
MISSING_QUARTER_EXISTENCE,ADJACENT_EXACT_ANCHORS,Q3,2024,NO,FQ_RESOLVED_LOCAL_HIGH,FY_RESOLVED_DIRECT_EXACT,,Research official issuer sources for FY2024 Q3. Verify missing quarter existence/source evidence. Do not research other fields.,P3_LATEST8Q,,MISSING_QUARTER_ALREADY_IDENTIFIED_LOCALLY,P8H-3-0689,NO_STRUCTURAL_BOUNDARY,CPAY
MISSING_QUARTER_EXISTENCE,ADJACENT_EXACT_ANCHORS,Q3,2024,NO,FQ_RESOLVED_LOCAL_HIGH,FY_RESOLVED_DIRECT_EXACT,,Research official issuer sources for FY2024 Q3. Verify missing quarter existence/source evidence. Do not research other fields.,P3_LATEST8Q,,MISSING_QUARTER_ALREADY_IDENTIFIED_LOCALLY,P8H-3-0720,NO_STRUCTURAL_BOUNDARY,CRON
MISSING_QUARTER_EXISTENCE,ADJACENT_EXACT_ANCHORS,Q3,2024,NO,FQ_RESOLVED_LOCAL_HIGH,FY_RESOLVED_DIRECT_EXACT,,Research official issuer sources for FY2024 Q3. Verify missing quarter existence/source evidence. Do not research other fields.,P3_LATEST8Q,,MISSING_QUARTER_ALREADY_IDENTIFIED_LOCALLY,P8H-3-0740,NO_STRUCTURAL_BOUNDARY,CSW
MISSING_QUARTER_EXISTENCE,ADJACENT_EXACT_ANCHORS,Q3,2024,NO,FQ_RESOLVED_LOCAL_HIGH,FY_RESOLVED_DIRECT_EXACT,,Research official issuer sources for FY2024 Q3. Verify missing quarter existence/source evidence. Do not research other fields.,P3_LATEST8Q,,MISSING_QUARTER_ALREADY_IDENTIFIED_LOCALLY,P8H-3-0742,NO_STRUCTURAL_BOUNDARY,CTEV
MISSING_QUARTER_EXISTENCE,ADJACENT_EXACT_ANCHORS,Q1,2025,NO,FQ_RESOLVED_LOCAL_HIGH,FY_RESOLVED_DIRECT_EXACT,,Research official issuer sources for FY2025 Q1. Verify missing quarter existence/source evidence. Do not research other fields.,P3_LATEST8Q,,MISSING_QUARTER_ALREADY_IDENTIFIED_LOCALLY,P8H-3-0743,NO_STRUCTURAL_BOUNDARY,CTEV
MISSING_QUARTER_EXISTENCE,ADJACENT_EXACT_ANCHORS,Q1,2025,NO,FQ_RESOLVED_LOCAL_HIGH,FY_RESOLVED_DIRECT_EXACT,,Research official issuer sources for FY2025 Q1. Verify missing quarter existence/source evidence. Do not research other fields.,P3_LATEST8Q,,MISSING_QUARTER_ALREADY_IDENTIFIED_LOCALLY,P8H-3-0748,NO_STRUCTURAL_BOUNDARY,CTNM
MISSING_QUARTER_EXISTENCE,ADJACENT_EXACT_ANCHORS,Q1,2025,NO,FQ_RESOLVED_LOCAL_HIGH,FY_RESOLVED_DIRECT_EXACT,,Research official issuer sources for FY2025 Q1. Verify missing quarter existence/source evidence. Do not research other fields.,P3_LATEST8Q,,MISSING_QUARTER_ALREADY_IDENTIFIED_LOCALLY,P8H-3-0787,NO_STRUCTURAL_BOUNDARY,CXT
MISSING_QUARTER_EXISTENCE,ADJACENT_EXACT_ANCHORS,Q3,2024,NO,FQ_RESOLVED_LOCAL_HIGH,FY_RESOLVED_DIRECT_EXACT,,Research official issuer sources for FY2024 Q3. Verify missing quarter existence/source evidence. Do not research other fields.,P3_LATEST8Q,,MISSING_QUARTER_ALREADY_IDENTIFIED_LOCALLY,P8H-3-0796,NO_STRUCTURAL_BOUNDARY,CYTK
MISSING_QUARTER_EXISTENCE,ADJACENT_EXACT_ANCHORS,Q3,2024,NO,FQ_RESOLVED_LOCAL_HIGH,FY_RESOLVED_DIRECT_EXACT,,Research official issuer sources for FY2024 Q3. Verify missing quarter existence/source evidence. Do not research other fields.,P3_LATEST8Q,,MISSING_QUARTER_ALREADY_IDENTIFIED_LOCALLY,P8H-3-0798,NO_STRUCTURAL_BOUNDARY,DAL
MISSING_QUARTER_EXISTENCE,ADJACENT_EXACT_ANCHORS,Q1,2025,NO,FQ_RESOLVED_LOCAL_HIGH,FY_RESOLVED_DIRECT_EXACT,,Research official issuer sources for FY2025 Q1. Verify missing quarter existence/source evidence. Do not research other fields.,P3_LATEST8Q,,MISSING_QUARTER_ALREADY_IDENTIFIED_LOCALLY,P8H-3-0825,NO_STRUCTURAL_BOUNDARY,DERM
MISSING_QUARTER_EXISTENCE,ADJACENT_EXACT_ANCHORS,Q1,2025,NO,FQ_RESOLVED_LOCAL_HIGH,FY_RESOLVED_DIRECT_EXACT,,Research official issuer sources for FY2025 Q1. Verify missing quarter existence/source evidence. Do not research other fields.,P3_LATEST8Q,,MISSING_QUARTER_ALREADY_IDENTIFIED_LOCALLY,P8H-3-0847,NO_STRUCTURAL_BOUNDARY,DKNG
MISSING_QUARTER_EXISTENCE,ADJACENT_EXACT_ANCHORS,Q1,2025,NO,FQ_RESOLVED_LOCAL_HIGH,FY_RESOLVED_DIRECT_EXACT,,Research official issuer sources for FY2025 Q1. Verify missing quarter existence/source evidence. Do not research other fields.,P3_LATEST8Q,,MISSING_QUARTER_ALREADY_IDENTIFIED_LOCALLY,P8H-3-0853,NO_STRUCTURAL_BOUNDARY,DMAC
MISSING_QUARTER_EXISTENCE,ADJACENT_EXACT_ANCHORS,Q1,2025,NO,FQ_RESOLVED_LOCAL_HIGH,FY_RESOLVED_DIRECT_EXACT,,Research official issuer sources for FY2025 Q1. Verify missing quarter existence/source evidence. Do not research other fields.,P3_LATEST8Q,,MISSING_QUARTER_ALREADY_IDENTIFIED_LOCALLY,P8H-3-0862,NO_STRUCTURAL_BOUNDARY,DNA
MISSING_QUARTER_EXISTENCE,ADJACENT_EXACT_ANCHORS,Q2,2025,NO,FQ_RESOLVED_LOCAL_HIGH,FY_RESOLVED_DIRECT_EXACT,,Research official issuer sources for FY2025 Q2. Verify missing quarter existence/source evidence. Do not research other fields.,P3_LATEST8Q,,MISSING_QUARTER_ALREADY_IDENTIFIED_LOCALLY,P8H-3-0871,NO_STRUCTURAL_BOUNDARY,DNTH
MISSING_QUARTER_EXISTENCE,ADJACENT_EXACT_ANCHORS,Q3,2024,NO,FQ_RESOLVED_LOCAL_HIGH,FY_RESOLVED_DIRECT_EXACT,,Research official issuer sources for FY2024 Q3. Verify missing quarter existence/source evidence. Do not research other fields.,P3_LATEST8Q,,MISSING_QUARTER_ALREADY_IDENTIFIED_LOCALLY,P8H-3-0895,NO_STRUCTURAL_BOUNDARY,DTM
MISSING_QUARTER_EXISTENCE,ADJACENT_EXACT_ANCHORS,Q3,2024,NO,FQ_RESOLVED_LOCAL_HIGH,FY_RESOLVED_DIRECT_EXACT,,Research official issuer sources for FY2024 Q3. Verify missing quarter existence/source evidence. Do not research other fields.,P3_LATEST8Q,,MISSING_QUARTER_ALREADY_IDENTIFIED_LOCALLY,P8H-3-0897,NO_STRUCTURAL_BOUNDARY,DUOT
MISSING_QUARTER_EXISTENCE,ADJACENT_EXACT_ANCHORS,Q1,2025,NO,FQ_RESOLVED_LOCAL_HIGH,FY_RESOLVED_DIRECT_EXACT,,Research official issuer sources for FY2025 Q1. Verify missing quarter existence/source evidence. Do not research other fields.,P3_LATEST8Q,,MISSING_QUARTER_ALREADY_IDENTIFIED_LOCALLY,P8H-3-0903,NO_STRUCTURAL_BOUNDARY,DWTX
MISSING_QUARTER_EXISTENCE,ADJACENT_EXACT_ANCHORS,Q1,2025,NO,FQ_RESOLVED_LOCAL_HIGH,FY_RESOLVED_DIRECT_EXACT,,Research official issuer sources for FY2025 Q1. Verify missing quarter existence/source evidence. Do not research other fields.,P3_LATEST8Q,,MISSING_QUARTER_ALREADY_IDENTIFIED_LOCALLY,P8H-3-0909,NO_STRUCTURAL_BOUNDARY,DYN
MISSING_QUARTER_EXISTENCE,ADJACENT_EXACT_ANCHORS,Q1,2024,NO,FQ_RESOLVED_LOCAL_HIGH,FY_RESOLVED_DIRECT_EXACT,,Research official issuer sources for FY2024 Q1. Verify missing quarter existence/source evidence. Do not research other fields.,P3_LATEST8Q,,MISSING_QUARTER_ALREADY_IDENTIFIED_LOCALLY,P8H-3-0916,NO_STRUCTURAL_BOUNDARY,ECVT
MISSING_QUARTER_EXISTENCE,ADJACENT_EXACT_ANCHORS,Q1,2025,NO,FQ_RESOLVED_LOCAL_HIGH,FY_RESOLVED_DIRECT_EXACT,,Research official issuer sources for FY2025 Q1. Verify missing quarter existence/source evidence. Do not research other fields.,P3_LATEST8Q,,MISSING_QUARTER_ALREADY_IDENTIFIED_LOCALLY,P8H-3-0929,NO_STRUCTURAL_BOUNDARY,EE
MISSING_QUARTER_EXISTENCE,ADJACENT_EXACT_ANCHORS,Q3,2024,NO,FQ_RESOLVED_LOCAL_HIGH,FY_RESOLVED_DIRECT_EXACT,,Research official issuer sources for FY2024 Q3. Verify missing quarter existence/source evidence. Do not research other fields.,P3_LATEST8Q,,MISSING_QUARTER_ALREADY_IDENTIFIED_LOCALLY,P8H-3-0930,NO_STRUCTURAL_BOUNDARY,EEFT
MISSING_QUARTER_EXISTENCE,ADJACENT_EXACT_ANCHORS,Q1,2025,NO,FQ_RESOLVED_LOCAL_HIGH,FY_RESOLVED_DIRECT_EXACT,,Research official issuer sources for FY2025 Q1. Verify missing quarter existence/source evidence. Do not research other fields.,P3_LATEST8Q,,MISSING_QUARTER_ALREADY_IDENTIFIED_LOCALLY,P8H-3-0949,NO_STRUCTURAL_BOUNDARY,ELDN
MISSING_QUARTER_EXISTENCE,ADJACENT_EXACT_ANCHORS,Q1,2025,NO,FQ_RESOLVED_LOCAL_HIGH,FY_RESOLVED_DIRECT_EXACT,,Research official issuer sources for FY2025 Q1. Verify missing quarter existence/source evidence. Do not research other fields.,P3_LATEST8Q,,MISSING_QUARTER_ALREADY_IDENTIFIED_LOCALLY,P8H-3-0954,NO_STRUCTURAL_BOUNDARY,ELVN
MISSING_QUARTER_EXISTENCE,ADJACENT_EXACT_ANCHORS,Q1,2025,NO,FQ_RESOLVED_LOCAL_HIGH,FY_RESOLVED_DIRECT_EXACT,,Research official issuer sources for FY2025 Q1. Verify missing quarter existence/source evidence. Do not research other fields.,P3_LATEST8Q,,MISSING_QUARTER_ALREADY_IDENTIFIED_LOCALLY,P8H-3-0965,NO_STRUCTURAL_BOUNDARY,ENGN
MISSING_QUARTER_EXISTENCE,ADJACENT_EXACT_ANCHORS,Q3,2024,NO,FQ_RESOLVED_LOCAL_HIGH,FY_RESOLVED_DIRECT_EXACT,,Research official issuer sources for FY2024 Q3. Verify missing quarter existence/source evidence. Do not research other fields.,P3_LATEST8Q,,MISSING_QUARTER_ALREADY_IDENTIFIED_LOCALLY,P8H-3-0974,NO_STRUCTURAL_BOUNDARY,ENTA
MISSING_QUARTER_EXISTENCE,ADJACENT_EXACT_ANCHORS,Q1,2025,NO,FQ_RESOLVED_LOCAL_HIGH,FY_RESOLVED_DIRECT_EXACT,,Research official issuer sources for FY2025 Q1. Verify missing quarter existence/source evidence. Do not research other fields.,P3_LATEST8Q,,MISSING_QUARTER_ALREADY_IDENTIFIED_LOCALLY,P8H-3-0975,NO_STRUCTURAL_BOUNDARY,ENTA
MISSING_QUARTER_EXISTENCE,ADJACENT_EXACT_ANCHORS,Q3,2024,NO,FQ_RESOLVED_LOCAL_HIGH,FY_RESOLVED_DIRECT_EXACT,,Research official issuer sources for FY2024 Q3. Verify missing quarter existence/source evidence. Do not research other fields.,P3_LATEST8Q,,MISSING_QUARTER_ALREADY_IDENTIFIED_LOCALLY,P8H-3-0976,NO_STRUCTURAL_BOUNDARY,EOG
MISSING_QUARTER_EXISTENCE,ADJACENT_EXACT_ANCHORS,Q3,2024,NO,FQ_RESOLVED_LOCAL_HIGH,FY_RESOLVED_DIRECT_EXACT,,Research official issuer sources for FY2024 Q3. Verify missing quarter existence/source evidence. Do not research other fields.,P3_LATEST8Q,,MISSING_QUARTER_ALREADY_IDENTIFIED_LOCALLY,P8H-3-0977,NO_STRUCTURAL_BOUNDARY,EPD
MISSING_QUARTER_EXISTENCE,ADJACENT_EXACT_ANCHORS,Q3,2024,NO,FQ_RESOLVED_LOCAL_HIGH,FY_RESOLVED_DIRECT_EXACT,,Research official issuer sources for FY2024 Q3. Verify missing quarter existence/source evidence. Do not research other fields.,P3_LATEST8Q,,MISSING_QUARTER_ALREADY_IDENTIFIED_LOCALLY,P8H-3-0978,NO_STRUCTURAL_BOUNDARY,EPR
MISSING_QUARTER_EXISTENCE,ADJACENT_EXACT_ANCHORS,Q3,2024,NO,FQ_RESOLVED_LOCAL_HIGH,FY_RESOLVED_DIRECT_EXACT,,Research official issuer sources for FY2024 Q3. Verify missing quarter existence/source evidence. Do not research other fields.,P3_LATEST8Q,,MISSING_QUARTER_ALREADY_IDENTIFIED_LOCALLY,P8H-3-0979,NO_STRUCTURAL_BOUNDARY,EPRT
MISSING_QUARTER_EXISTENCE,ADJACENT_EXACT_ANCHORS,Q3,2024,NO,FQ_RESOLVED_LOCAL_HIGH,FY_RESOLVED_DIRECT_EXACT,,Research official issuer sources for FY2024 Q3. Verify missing quarter existence/source evidence. Do not research other fields.,P3_LATEST8Q,,MISSING_QUARTER_ALREADY_IDENTIFIED_LOCALLY,P8H-3-0992,NO_STRUCTURAL_BOUNDARY,ES
MISSING_QUARTER_EXISTENCE,ADJACENT_EXACT_ANCHORS,Q1,2025,NO,FQ_RESOLVED_LOCAL_HIGH,FY_RESOLVED_DIRECT_EXACT,,Research official issuer sources for FY2025 Q1. Verify missing quarter existence/source evidence. Do not research other fields.,P3_LATEST8Q,,MISSING_QUARTER_ALREADY_IDENTIFIED_LOCALLY,P8H-3-1006,NO_STRUCTURAL_BOUNDARY,EVEX
MISSING_QUARTER_EXISTENCE,ADJACENT_EXACT_ANCHORS,Q3,2024,NO,FQ_RESOLVED_LOCAL_HIGH,FY_RESOLVED_DIRECT_EXACT,,Research official issuer sources for FY2024 Q3. Verify missing quarter existence/source evidence. Do not research other fields.,P3_LATEST8Q,,MISSING_QUARTER_ALREADY_IDENTIFIED_LOCALLY,P8H-3-1012,NO_STRUCTURAL_BOUNDARY,EVRG
MISSING_QUARTER_EXISTENCE,ADJACENT_EXACT_ANCHORS,Q1,2025,NO,FQ_RESOLVED_LOCAL_HIGH,FY_RESOLVED_DIRECT_EXACT,,Research official issuer sources for FY2025 Q1. Verify missing quarter existence/source evidence. Do not research other fields.,P3_LATEST8Q,,MISSING_QUARTER_ALREADY_IDENTIFIED_LOCALLY,P8H-3-1015,NO_STRUCTURAL_BOUNDARY,EWTX
MISSING_QUARTER_EXISTENCE,ADJACENT_EXACT_ANCHORS,Q3,2024,NO,FQ_RESOLVED_LOCAL_HIGH,FY_RESOLVED_DIRECT_EXACT,,Research official issuer sources for FY2024 Q3. Verify missing quarter existence/source evidence. Do not research other fields.,P3_LATEST8Q,,MISSING_QUARTER_ALREADY_IDENTIFIED_LOCALLY,P8H-3-1026,NO_STRUCTURAL_BOUNDARY,EXTR
MISSING_QUARTER_EXISTENCE,ADJACENT_EXACT_ANCHORS,Q1,2025,NO,FQ_RESOLVED_LOCAL_HIGH,FY_RESOLVED_DIRECT_EXACT,,Research official issuer sources for FY2025 Q1. Verify missing quarter existence/source evidence. Do not research other fields.,P3_LATEST8Q,,MISSING_QUARTER_ALREADY_IDENTIFIED_LOCALLY,P8H-3-1027,NO_STRUCTURAL_BOUNDARY,EXTR
MISSING_QUARTER_EXISTENCE,ADJACENT_EXACT_ANCHORS,Q1,2025,NO,FQ_RESOLVED_LOCAL_HIGH,FY_RESOLVED_DIRECT_EXACT,,Research official issuer sources for FY2025 Q1. Verify missing quarter existence/source evidence. Do not research other fields.,P3_LATEST8Q,,MISSING_QUARTER_ALREADY_IDENTIFIED_LOCALLY,P8H-3-1035,NO_STRUCTURAL_BOUNDARY,FBRT
MISSING_QUARTER_EXISTENCE,ADJACENT_EXACT_ANCHORS,Q1,2025,NO,FQ_RESOLVED_LOCAL_HIGH,FY_RESOLVED_DIRECT_EXACT,,Research official issuer sources for FY2025 Q1. Verify missing quarter existence/source evidence. Do not research other fields.,P3_LATEST8Q,,MISSING_QUARTER_ALREADY_IDENTIFIED_LOCALLY,P8H-3-1041,NO_STRUCTURAL_BOUNDARY,FCPT
MISSING_QUARTER_EXISTENCE,ADJACENT_EXACT_ANCHORS,Q1,2025,NO,FQ_RESOLVED_LOCAL_HIGH,FY_RESOLVED_DIRECT_EXACT,,Research official issuer sources for FY2025 Q1. Verify missing quarter existence/source evidence. Do not research other fields.,P3_LATEST8Q,,MISSING_QUARTER_ALREADY_IDENTIFIED_LOCALLY,P8H-3-1099,NO_STRUCTURAL_BOUNDARY,FRSH
MISSING_QUARTER_EXISTENCE,ADJACENT_EXACT_ANCHORS,Q1,2025,NO,FQ_RESOLVED_LOCAL_HIGH,FY_RESOLVED_DIRECT_EXACT,,Research official issuer sources for FY2025 Q1. Verify missing quarter existence/source evidence. Do not research other fields.,P3_LATEST8Q,,MISSING_QUARTER_ALREADY_IDENTIFIED_LOCALLY,P8H-3-1115,NO_STRUCTURAL_BOUNDARY,FWONA
MISSING_QUARTER_EXISTENCE,ADJACENT_EXACT_ANCHORS,Q1,2025,NO,FQ_RESOLVED_LOCAL_HIGH,FY_RESOLVED_DIRECT_EXACT,,Research official issuer sources for FY2025 Q1. Verify missing quarter existence/source evidence. Do not research other fields.,P3_LATEST8Q,,MISSING_QUARTER_ALREADY_IDENTIFIED_LOCALLY,P8H-3-1118,NO_STRUCTURAL_BOUNDARY,FWONK
MISSING_QUARTER_EXISTENCE,ADJACENT_EXACT_ANCHORS,Q3,2024,NO,FQ_RESOLVED_LOCAL_HIGH,FY_RESOLVED_DIRECT_EXACT,,Research official issuer sources for FY2024 Q3. Verify missing quarter existence/source evidence. Do not research other fields.,P3_LATEST8Q,,MISSING_QUARTER_ALREADY_IDENTIFIED_LOCALLY,P8H-3-1119,NO_STRUCTURAL_BOUNDARY,FWRD
MISSING_QUARTER_EXISTENCE,ADJACENT_EXACT_ANCHORS,Q3,2024,NO,FQ_RESOLVED_LOCAL_HIGH,FY_RESOLVED_DIRECT_EXACT,,Research official issuer sources for FY2024 Q3. Verify missing quarter existence/source evidence. Do not research other fields.,P3_LATEST8Q,,MISSING_QUARTER_ALREADY_IDENTIFIED_LOCALLY,P8H-3-1147,NO_STRUCTURAL_BOUNDARY,GEO
MISSING_QUARTER_EXISTENCE,ADJACENT_EXACT_ANCHORS,Q1,2025,NO,FQ_RESOLVED_LOCAL_HIGH,FY_RESOLVED_DIRECT_EXACT,,Research official issuer sources for FY2025 Q1. Verify missing quarter existence/source evidence. Do not research other fields.,P3_LATEST8Q,,MISSING_QUARTER_ALREADY_IDENTIFIED_LOCALLY,P8H-3-1148,NO_STRUCTURAL_BOUNDARY,GEO
MISSING_QUARTER_EXISTENCE,ADJACENT_EXACT_ANCHORS,Q1,2025,NO,FQ_RESOLVED_LOCAL_HIGH,FY_RESOLVED_DIRECT_EXACT,,Research official issuer sources for FY2025 Q1. Verify missing quarter existence/source evidence. Do not research other fields.,P3_LATEST8Q,,MISSING_QUARTER_ALREADY_IDENTIFIED_LOCALLY,P8H-3-1160,NO_STRUCTURAL_BOUNDARY,GIC
MISSING_QUARTER_EXISTENCE,ADJACENT_EXACT_ANCHORS,Q3,2024,NO,FQ_RESOLVED_LOCAL_HIGH,FY_RESOLVED_DIRECT_EXACT,,Research official issuer sources for FY2024 Q3. Verify missing quarter existence/source evidence. Do not research other fields.,P3_LATEST8Q,,MISSING_QUARTER_ALREADY_IDENTIFIED_LOCALLY,P8H-3-1164,NO_STRUCTURAL_BOUNDARY,GLPI
MISSING_QUARTER_EXISTENCE,ADJACENT_EXACT_ANCHORS,Q1,2025,NO,FQ_RESOLVED_LOCAL_HIGH,FY_RESOLVED_DIRECT_EXACT,,Research official issuer sources for FY2025 Q1. Verify missing quarter existence/source evidence. Do not research other fields.,P3_LATEST8Q,,MISSING_QUARTER_ALREADY_IDENTIFIED_LOCALLY,P8H-3-1167,NO_STRUCTURAL_BOUNDARY,GLUE
MISSING_QUARTER_EXISTENCE,ADJACENT_EXACT_ANCHORS,Q1,2025,NO,FQ_RESOLVED_LOCAL_HIGH,FY_RESOLVED_DIRECT_EXACT,,Research official issuer sources for FY2025 Q1. Verify missing quarter existence/source evidence. Do not research other fields.,P3_LATEST8Q,,MISSING_QUARTER_ALREADY_IDENTIFIED_LOCALLY,P8H-3-1175,NO_STRUCTURAL_BOUNDARY,GNLX
MISSING_QUARTER_EXISTENCE,ADJACENT_EXACT_ANCHORS,Q3,2024,NO,FQ_RESOLVED_LOCAL_HIGH,FY_RESOLVED_DIRECT_EXACT,,Research official issuer sources for FY2024 Q3. Verify missing quarter existence/source evidence. Do not research other fields.,P3_LATEST8Q,,MISSING_QUARTER_ALREADY_IDENTIFIED_LOCALLY,P8H-3-1181,NO_STRUCTURAL_BOUNDARY,GOSS
MISSING_QUARTER_EXISTENCE,ADJACENT_EXACT_ANCHORS,Q1,2025,NO,FQ_RESOLVED_LOCAL_HIGH,FY_RESOLVED_DIRECT_EXACT,,Research official issuer sources for FY2025 Q1. Verify missing quarter existence/source evidence. Do not research other fields.,P3_LATEST8Q,,MISSING_QUARTER_ALREADY_IDENTIFIED_LOCALLY,P8H-3-1182,NO_STRUCTURAL_BOUNDARY,GOSS
MISSING_QUARTER_EXISTENCE,ADJACENT_EXACT_ANCHORS,Q3,2024,NO,FQ_RESOLVED_LOCAL_HIGH,FY_RESOLVED_DIRECT_EXACT,,Research official issuer sources for FY2024 Q3. Verify missing quarter existence/source evidence. Do not research other fields.,P3_LATEST8Q,,MISSING_QUARTER_ALREADY_IDENTIFIED_LOCALLY,P8H-3-1213,NO_STRUCTURAL_BOUNDARY,GTM
MISSING_QUARTER_EXISTENCE,ADJACENT_EXACT_ANCHORS,Q1,2025,NO,FQ_RESOLVED_LOCAL_HIGH,FY_RESOLVED_DIRECT_EXACT,,Research official issuer sources for FY2025 Q1. Verify missing quarter existence/source evidence. Do not research other fields.,P3_LATEST8Q,,MISSING_QUARTER_ALREADY_IDENTIFIED_LOCALLY,P8H-3-1214,NO_STRUCTURAL_BOUNDARY,GTM
MISSING_QUARTER_EXISTENCE,ADJACENT_EXACT_ANCHORS,Q3,2024,NO,FQ_RESOLVED_LOCAL_HIGH,FY_RESOLVED_DIRECT_EXACT,,Research official issuer sources for FY2024 Q3. Verify missing quarter existence/source evidence. Do not research other fields.,P3_LATEST8Q,,MISSING_QUARTER_ALREADY_IDENTIFIED_LOCALLY,P8H-3-1215,NO_STRUCTURAL_BOUNDARY,GTN
MISSING_QUARTER_EXISTENCE,ADJACENT_EXACT_ANCHORS,Q3,2024,NO,FQ_RESOLVED_LOCAL_HIGH,FY_RESOLVED_DIRECT_EXACT,,Research official issuer sources for FY2024 Q3. Verify missing quarter existence/source evidence. Do not research other fields.,P3_LATEST8Q,,MISSING_QUARTER_ALREADY_IDENTIFIED_LOCALLY,P8H-3-1244,NO_STRUCTURAL_BOUNDARY,HESM
MISSING_QUARTER_EXISTENCE,ADJACENT_EXACT_ANCHORS,Q3,2024,NO,FQ_RESOLVED_LOCAL_HIGH,FY_RESOLVED_DIRECT_EXACT,,Research official issuer sources for FY2024 Q3. Verify missing quarter existence/source evidence. Do not research other fields.,P3_LATEST8Q,,MISSING_QUARTER_ALREADY_IDENTIFIED_LOCALLY,P8H-3-1261,NO_STRUCTURAL_BOUNDARY,HOG
MISSING_QUARTER_EXISTENCE,ADJACENT_EXACT_ANCHORS,Q3,2024,NO,FQ_RESOLVED_LOCAL_HIGH,FY_RESOLVED_DIRECT_EXACT,,Research official issuer sources for FY2024 Q3. Verify missing quarter existence/source evidence. Do not research other fields.,P3_LATEST8Q,,MISSING_QUARTER_ALREADY_IDENTIFIED_LOCALLY,P8H-3-1316,NO_STRUCTURAL_BOUNDARY,IBRX
MISSING_QUARTER_EXISTENCE,ADJACENT_EXACT_ANCHORS,Q3,2024,NO,FQ_RESOLVED_LOCAL_HIGH,FY_RESOLVED_DIRECT_EXACT,,Research official issuer sources for FY2024 Q3. Verify missing quarter existence/source evidence. Do not research other fields.,P3_LATEST8Q,,MISSING_QUARTER_ALREADY_IDENTIFIED_LOCALLY,P8H-3-1318,NO_STRUCTURAL_BOUNDARY,IDA
MISSING_QUARTER_EXISTENCE,ADJACENT_EXACT_ANCHORS,Q3,2024,NO,FQ_RESOLVED_LOCAL_HIGH,FY_RESOLVED_DIRECT_EXACT,,Research official issuer sources for FY2024 Q3. Verify missing quarter existence/source evidence. Do not research other fields.,P3_LATEST8Q,,MISSING_QUARTER_ALREADY_IDENTIFIED_LOCALLY,P8H-3-1320,NO_STRUCTURAL_BOUNDARY,IDAI
MISSING_QUARTER_EXISTENCE,ADJACENT_EXACT_ANCHORS,Q1,2025,NO,FQ_RESOLVED_LOCAL_HIGH,FY_RESOLVED_DIRECT_EXACT,,Research official issuer sources for FY2025 Q1. Verify missing quarter existence/source evidence. Do not research other fields.,P3_LATEST8Q,,MISSING_QUARTER_ALREADY_IDENTIFIED_LOCALLY,P8H-3-1330,NO_STRUCTURAL_BOUNDARY,IDYA
MISSING_QUARTER_EXISTENCE,ADJACENT_EXACT_ANCHORS,Q1,2025,NO,FQ_RESOLVED_LOCAL_HIGH,FY_RESOLVED_DIRECT_EXACT,,Research official issuer sources for FY2025 Q1. Verify missing quarter existence/source evidence. Do not research other fields.,P3_LATEST8Q,,MISSING_QUARTER_ALREADY_IDENTIFIED_LOCALLY,P8H-3-1345,NO_STRUCTURAL_BOUNDARY,IMMX
MISSING_QUARTER_EXISTENCE,ADJACENT_EXACT_ANCHORS,Q1,2025,NO,FQ_RESOLVED_LOCAL_HIGH,FY_RESOLVED_DIRECT_EXACT,,Research official issuer sources for FY2025 Q1. Verify missing quarter existence/source evidence. Do not research other fields.,P3_LATEST8Q,,MISSING_QUARTER_ALREADY_IDENTIFIED_LOCALLY,P8H-3-1349,NO_STRUCTURAL_BOUNDARY,IMNM
MISSING_QUARTER_EXISTENCE,ADJACENT_EXACT_ANCHORS,Q1,2025,NO,FQ_RESOLVED_LOCAL_HIGH,FY_RESOLVED_DIRECT_EXACT,,Research official issuer sources for FY2025 Q1. Verify missing quarter existence/source evidence. Do not research other fields.,P3_LATEST8Q,,MISSING_QUARTER_ALREADY_IDENTIFIED_LOCALLY,P8H-3-1354,NO_STRUCTURAL_BOUNDARY,IMRX
MISSING_QUARTER_EXISTENCE,ADJACENT_EXACT_ANCHORS,Q4,2023,NO,FQ_RESOLVED_LOCAL_HIGH,FY_RESOLVED_DIRECT_EXACT,,Research official issuer sources for FY2023 Q4. Verify missing quarter existence/source evidence. Do not research other fields.,P3_LATEST8Q,,MISSING_QUARTER_ALREADY_IDENTIFIED_LOCALLY,P8H-3-1374,NO_STRUCTURAL_BOUNDARY,INHD
MISSING_QUARTER_EXISTENCE,ADJACENT_EXACT_ANCHORS,Q1,2025,NO,FQ_RESOLVED_LOCAL_HIGH,FY_RESOLVED_DIRECT_EXACT,,Research official issuer sources for FY2025 Q1. Verify missing quarter existence/source evidence. Do not research other fields.,P3_LATEST8Q,,MISSING_QUARTER_ALREADY_IDENTIFIED_LOCALLY,P8H-3-1375,NO_STRUCTURAL_BOUNDARY,INHD
MISSING_QUARTER_EXISTENCE,ADJACENT_EXACT_ANCHORS,Q1,2025,NO,FQ_RESOLVED_LOCAL_HIGH,FY_RESOLVED_DIRECT_EXACT,,Research official issuer sources for FY2025 Q1. Verify missing quarter existence/source evidence. Do not research other fields.,P3_LATEST8Q,,MISSING_QUARTER_ALREADY_IDENTIFIED_LOCALLY,P8H-3-1384,NO_STRUCTURAL_BOUNDARY,INMB
MISSING_QUARTER_EXISTENCE,ADJACENT_EXACT_ANCHORS,Q1,2025,NO,FQ_RESOLVED_LOCAL_HIGH,FY_RESOLVED_DIRECT_EXACT,,Research official issuer sources for FY2025 Q1. Verify missing quarter existence/source evidence. Do not research other fields.,P3_LATEST8Q,,MISSING_QUARTER_ALREADY_IDENTIFIED_LOCALLY,P8H-3-1388,NO_STRUCTURAL_BOUNDARY,INO
MISSING_QUARTER_EXISTENCE,ADJACENT_EXACT_ANCHORS,Q3,2024,NO,FQ_RESOLVED_LOCAL_HIGH,FY_RESOLVED_DIRECT_EXACT,,Research official issuer sources for FY2024 Q3. Verify missing quarter existence/source evidence. Do not research other fields.,P3_LATEST8Q,,MISSING_QUARTER_ALREADY_IDENTIFIED_LOCALLY,P8H-3-1414,NO_STRUCTURAL_BOUNDARY,IRWD
MISSING_QUARTER_EXISTENCE,ADJACENT_EXACT_ANCHORS,Q3,2024,NO,FQ_RESOLVED_LOCAL_HIGH,FY_RESOLVED_DIRECT_EXACT,,Research official issuer sources for FY2024 Q3. Verify missing quarter existence/source evidence. Do not research other fields.,P3_LATEST8Q,,MISSING_QUARTER_ALREADY_IDENTIFIED_LOCALLY,P8H-3-1424,NO_STRUCTURAL_BOUNDARY,IVT
MISSING_QUARTER_EXISTENCE,ADJACENT_EXACT_ANCHORS,Q1,2025,NO,FQ_RESOLVED_LOCAL_HIGH,FY_RESOLVED_DIRECT_EXACT,,Research official issuer sources for FY2025 Q1. Verify missing quarter existence/source evidence. Do not research other fields.,P3_LATEST8Q,,MISSING_QUARTER_ALREADY_IDENTIFIED_LOCALLY,P8H-3-1431,NO_STRUCTURAL_BOUNDARY,JANX
MISSING_QUARTER_EXISTENCE,ADJACENT_EXACT_ANCHORS,Q3,2024,NO,FQ_RESOLVED_LOCAL_HIGH,FY_RESOLVED_DIRECT_EXACT,,Research official issuer sources for FY2024 Q3. Verify missing quarter existence/source evidence. Do not research other fields.,P3_LATEST8Q,,MISSING_QUARTER_ALREADY_IDENTIFIED_LOCALLY,P8H-3-1440,NO_STRUCTURAL_BOUNDARY,JBTM
MISSING_QUARTER_EXISTENCE,ADJACENT_EXACT_ANCHORS,Q1,2025,NO,FQ_RESOLVED_LOCAL_HIGH,FY_RESOLVED_DIRECT_EXACT,,Research official issuer sources for FY2025 Q1. Verify missing quarter existence/source evidence. Do not research other fields.,P3_LATEST8Q,,MISSING_QUARTER_ALREADY_IDENTIFIED_LOCALLY,P8H-3-1441,NO_STRUCTURAL_BOUNDARY,JBTM
MISSING_QUARTER_EXISTENCE,ADJACENT_EXACT_ANCHORS,Q1,2025,NO,FQ_RESOLVED_LOCAL_HIGH,FY_RESOLVED_DIRECT_EXACT,,Research official issuer sources for FY2025 Q1. Verify missing quarter existence/source evidence. Do not research other fields.,P3_LATEST8Q,,MISSING_QUARTER_ALREADY_IDENTIFIED_LOCALLY,P8H-3-1460,NO_STRUCTURAL_BOUNDARY,KEYS
MISSING_QUARTER_EXISTENCE,ADJACENT_EXACT_ANCHORS,Q1,2025,NO,FQ_RESOLVED_LOCAL_HIGH,FY_RESOLVED_DIRECT_EXACT,,Research official issuer sources for FY2025 Q1. Verify missing quarter existence/source evidence. Do not research other fields.,P3_LATEST8Q,,MISSING_QUARTER_ALREADY_IDENTIFIED_LOCALLY,P8H-3-1475,NO_STRUCTURAL_BOUNDARY,KNTK
MISSING_QUARTER_EXISTENCE,ADJACENT_EXACT_ANCHORS,Q1,2025,NO,FQ_RESOLVED_LOCAL_HIGH,FY_RESOLVED_DIRECT_EXACT,,Research official issuer sources for FY2025 Q1. Verify missing quarter existence/source evidence. Do not research other fields.,P3_LATEST8Q,,MISSING_QUARTER_ALREADY_IDENTIFIED_LOCALLY,P8H-3-1479,NO_STRUCTURAL_BOUNDARY,KOD
MISSING_QUARTER_EXISTENCE,ADJACENT_EXACT_ANCHORS,Q3,2024,NO,FQ_RESOLVED_LOCAL_HIGH,FY_RESOLVED_DIRECT_EXACT,,Research official issuer sources for FY2024 Q3. Verify missing quarter existence/source evidence. Do not research other fields.,P3_LATEST8Q,,MISSING_QUARTER_ALREADY_IDENTIFIED_LOCALLY,P8H-3-1497,NO_STRUCTURAL_BOUNDARY,KRP
MISSING_QUARTER_EXISTENCE,ADJACENT_EXACT_ANCHORS,Q1,2025,NO,FQ_RESOLVED_LOCAL_HIGH,FY_RESOLVED_DIRECT_EXACT,,Research official issuer sources for FY2025 Q1. Verify missing quarter existence/source evidence. Do not research other fields.,P3_LATEST8Q,,MISSING_QUARTER_ALREADY_IDENTIFIED_LOCALLY,P8H-3-1500,NO_STRUCTURAL_BOUNDARY,KRRO
MISSING_QUARTER_EXISTENCE,ADJACENT_EXACT_ANCHORS,Q1,2025,NO,FQ_RESOLVED_LOCAL_HIGH,FY_RESOLVED_DIRECT_EXACT,,Research official issuer sources for FY2025 Q1. Verify missing quarter existence/source evidence. Do not research other fields.,P3_LATEST8Q,,MISSING_QUARTER_ALREADY_IDENTIFIED_LOCALLY,P8H-3-1514,NO_STRUCTURAL_BOUNDARY,KYMR
MISSING_QUARTER_EXISTENCE,ADJACENT_EXACT_ANCHORS,Q1,2025,NO,FQ_RESOLVED_LOCAL_HIGH,FY_RESOLVED_DIRECT_EXACT,,Research official issuer sources for FY2025 Q1. Verify missing quarter existence/source evidence. Do not research other fields.,P3_LATEST8Q,,MISSING_QUARTER_ALREADY_IDENTIFIED_LOCALLY,P8H-3-1519,NO_STRUCTURAL_BOUNDARY,LAB
MISSING_QUARTER_EXISTENCE,ADJACENT_EXACT_ANCHORS,Q4,2024,NO,FQ_RESOLVED_LOCAL_HIGH,FY_RESOLVED_DIRECT_EXACT,,Research official issuer sources for FY2024 Q4. Verify missing quarter existence/source evidence. Do not research other fields.,P3_LATEST8Q,,MISSING_QUARTER_ALREADY_IDENTIFIED_LOCALLY,P8H-3-1531,NO_STRUCTURAL_BOUNDARY,LASE
MISSING_QUARTER_EXISTENCE,ADJACENT_EXACT_ANCHORS,Q1,2025,NO,FQ_RESOLVED_LOCAL_HIGH,FY_RESOLVED_DIRECT_EXACT,,Research official issuer sources for FY2025 Q1. Verify missing quarter existence/source evidence. Do not research other fields.,P3_LATEST8Q,,MISSING_QUARTER_ALREADY_IDENTIFIED_LOCALLY,P8H-3-1535,NO_STRUCTURAL_BOUNDARY,LAW
MISSING_QUARTER_EXISTENCE,ADJACENT_EXACT_ANCHORS,Q1,2025,NO,FQ_RESOLVED_LOCAL_HIGH,FY_RESOLVED_DIRECT_EXACT,,Research official issuer sources for FY2025 Q1. Verify missing quarter existence/source evidence. Do not research other fields.,P3_LATEST8Q,,MISSING_QUARTER_ALREADY_IDENTIFIED_LOCALLY,P8H-3-1558,NO_STRUCTURAL_BOUNDARY,LFMD
MISSING_QUARTER_EXISTENCE,ADJACENT_EXACT_ANCHORS,Q1,2025,NO,FQ_RESOLVED_LOCAL_HIGH,FY_RESOLVED_DIRECT_EXACT,,Research official issuer sources for FY2025 Q1. Verify missing quarter existence/source evidence. Do not research other fields.,P3_LATEST8Q,,MISSING_QUARTER_ALREADY_IDENTIFIED_LOCALLY,P8H-3-1566,NO_STRUCTURAL_BOUNDARY,LILA
MISSING_QUARTER_EXISTENCE,ADJACENT_EXACT_ANCHORS,Q1,2025,NO,FQ_RESOLVED_LOCAL_HIGH,FY_RESOLVED_DIRECT_EXACT,,Research official issuer sources for FY2025 Q1. Verify missing quarter existence/source evidence. Do not research other fields.,P3_LATEST8Q,,MISSING_QUARTER_ALREADY_IDENTIFIED_LOCALLY,P8H-3-1569,NO_STRUCTURAL_BOUNDARY,LILAK
MISSING_QUARTER_EXISTENCE,ADJACENT_EXACT_ANCHORS,Q1,2025,NO,FQ_RESOLVED_LOCAL_HIGH,FY_RESOLVED_DIRECT_EXACT,,Research official issuer sources for FY2025 Q1. Verify missing quarter existence/source evidence. Do not research other fields.,P3_LATEST8Q,,MISSING_QUARTER_ALREADY_IDENTIFIED_LOCALLY,P8H-3-1636,NO_STRUCTURAL_BOUNDARY,LXEO
MISSING_QUARTER_EXISTENCE,ADJACENT_EXACT_ANCHORS,Q3,2024,NO,FQ_RESOLVED_LOCAL_HIGH,FY_RESOLVED_DIRECT_EXACT,,Research official issuer sources for FY2024 Q3. Verify missing quarter existence/source evidence. Do not research other fields.,P3_LATEST8Q,,MISSING_QUARTER_ALREADY_IDENTIFIED_LOCALLY,P8H-3-1643,NO_STRUCTURAL_BOUNDARY,LYTS
MISSING_QUARTER_EXISTENCE,ADJACENT_EXACT_ANCHORS,Q3,2024,NO,FQ_RESOLVED_LOCAL_HIGH,FY_RESOLVED_DIRECT_EXACT,,Research official issuer sources for FY2024 Q3. Verify missing quarter existence/source evidence. Do not research other fields.,P3_LATEST8Q,,MISSING_QUARTER_ALREADY_IDENTIFIED_LOCALLY,P8H-3-1662,NO_STRUCTURAL_BOUNDARY,MAS
MISSING_QUARTER_EXISTENCE,ADJACENT_EXACT_ANCHORS,Q3,2024,NO,FQ_RESOLVED_LOCAL_HIGH,FY_RESOLVED_DIRECT_EXACT,,Research official issuer sources for FY2024 Q3. Verify missing quarter existence/source evidence. Do not research other fields.,P3_LATEST8Q,,MISSING_QUARTER_ALREADY_IDENTIFIED_LOCALLY,P8H-3-1665,NO_STRUCTURAL_BOUNDARY,MATV
MISSING_QUARTER_EXISTENCE,ADJACENT_EXACT_ANCHORS,Q1,2025,NO,FQ_RESOLVED_LOCAL_HIGH,FY_RESOLVED_DIRECT_EXACT,,Research official issuer sources for FY2025 Q1. Verify missing quarter existence/source evidence. Do not research other fields.,P3_LATEST8Q,,MISSING_QUARTER_ALREADY_IDENTIFIED_LOCALLY,P8H-3-1666,NO_STRUCTURAL_BOUNDARY,MATV
MISSING_QUARTER_EXISTENCE,ADJACENT_EXACT_ANCHORS,Q3,2024,NO,FQ_RESOLVED_LOCAL_HIGH,FY_RESOLVED_DIRECT_EXACT,,Research official issuer sources for FY2024 Q3. Verify missing quarter existence/source evidence. Do not research other fields.,P3_LATEST8Q,,MISSING_QUARTER_ALREADY_IDENTIFIED_LOCALLY,P8H-3-1667,NO_STRUCTURAL_BOUNDARY,MATX
MISSING_QUARTER_EXISTENCE,ADJACENT_EXACT_ANCHORS,Q1,2025,NO,FQ_RESOLVED_LOCAL_HIGH,FY_RESOLVED_DIRECT_EXACT,,Research official issuer sources for FY2025 Q1. Verify missing quarter existence/source evidence. Do not research other fields.,P3_LATEST8Q,,MISSING_QUARTER_ALREADY_IDENTIFIED_LOCALLY,P8H-3-1689,NO_STRUCTURAL_BOUNDARY,MDAI
MISSING_QUARTER_EXISTENCE,ADJACENT_EXACT_ANCHORS,Q1,2025,NO,FQ_RESOLVED_LOCAL_HIGH,FY_RESOLVED_DIRECT_EXACT,,Research official issuer sources for FY2025 Q1. Verify missing quarter existence/source evidence. Do not research other fields.,P3_LATEST8Q,,MISSING_QUARTER_ALREADY_IDENTIFIED_LOCALLY,P8H-3-1745,NO_STRUCTURAL_BOUNDARY,MNR
MISSING_QUARTER_EXISTENCE,ADJACENT_EXACT_ANCHORS,Q3,2024,NO,FQ_RESOLVED_LOCAL_HIGH,FY_RESOLVED_DIRECT_EXACT,,Research official issuer sources for FY2024 Q3. Verify missing quarter existence/source evidence. Do not research other fields.,P3_LATEST8Q,,MISSING_QUARTER_ALREADY_IDENTIFIED_LOCALLY,P8H-3-1775,NO_STRUCTURAL_BOUNDARY,MSEX
MISSING_QUARTER_EXISTENCE,ADJACENT_EXACT_ANCHORS,Q3,2024,NO,FQ_RESOLVED_LOCAL_HIGH,FY_RESOLVED_DIRECT_EXACT,,Research official issuer sources for FY2024 Q3. Verify missing quarter existence/source evidence. Do not research other fields.,P3_LATEST8Q,,MISSING_QUARTER_ALREADY_IDENTIFIED_LOCALLY,P8H-3-1783,NO_STRUCTURAL_BOUNDARY,MSTR
MISSING_QUARTER_EXISTENCE,ADJACENT_EXACT_ANCHORS,Q1,2025,NO,FQ_RESOLVED_LOCAL_HIGH,FY_RESOLVED_DIRECT_EXACT,,Research official issuer sources for FY2025 Q1. Verify missing quarter existence/source evidence. Do not research other fields.,P3_LATEST8Q,,MISSING_QUARTER_ALREADY_IDENTIFIED_LOCALLY,P8H-3-1784,NO_STRUCTURAL_BOUNDARY,MSTR
MISSING_QUARTER_EXISTENCE,ADJACENT_EXACT_ANCHORS,Q1,2025,NO,FQ_RESOLVED_LOCAL_HIGH,FY_RESOLVED_DIRECT_EXACT,,Research official issuer sources for FY2025 Q1. Verify missing quarter existence/source evidence. Do not research other fields.,P3_LATEST8Q,,MISSING_QUARTER_ALREADY_IDENTIFIED_LOCALLY,P8H-3-1813,NO_STRUCTURAL_BOUNDARY,NAGE
MISSING_QUARTER_EXISTENCE,ADJACENT_EXACT_ANCHORS,Q1,2025,NO,FQ_RESOLVED_LOCAL_HIGH,FY_RESOLVED_DIRECT_EXACT,,Research official issuer sources for FY2025 Q1. Verify missing quarter existence/source evidence. Do not research other fields.,P3_LATEST8Q,,MISSING_QUARTER_ALREADY_IDENTIFIED_LOCALLY,P8H-3-1816,NO_STRUCTURAL_BOUNDARY,NAMS
MISSING_QUARTER_EXISTENCE,ADJACENT_EXACT_ANCHORS,Q1,2025,NO,FQ_RESOLVED_LOCAL_HIGH,FY_RESOLVED_DIRECT_EXACT,,Research official issuer sources for FY2025 Q1. Verify missing quarter existence/source evidence. Do not research other fields.,P3_LATEST8Q,,MISSING_QUARTER_ALREADY_IDENTIFIED_LOCALLY,P8H-3-1819,NO_STRUCTURAL_BOUNDARY,NATL
MISSING_QUARTER_EXISTENCE,ADJACENT_EXACT_ANCHORS,Q1,2025,NO,FQ_RESOLVED_LOCAL_HIGH,FY_RESOLVED_DIRECT_EXACT,,Research official issuer sources for FY2025 Q1. Verify missing quarter existence/source evidence. Do not research other fields.,P3_LATEST8Q,,MISSING_QUARTER_ALREADY_IDENTIFIED_LOCALLY,P8H-3-1829,NO_STRUCTURAL_BOUNDARY,NDRA
MISSING_QUARTER_EXISTENCE,ADJACENT_EXACT_ANCHORS,Q3,2025,NO,FQ_RESOLVED_LOCAL_HIGH,FY_RESOLVED_DIRECT_EXACT,,Research official issuer sources for FY2025 Q3. Verify missing quarter existence/source evidence. Do not research other fields.,P3_LATEST8Q,,MISSING_QUARTER_ALREADY_IDENTIFIED_LOCALLY,P8H-3-1839,NO_STRUCTURAL_BOUNDARY,NEOV
MISSING_QUARTER_EXISTENCE,ADJACENT_EXACT_ANCHORS,Q1,2025,NO,FQ_RESOLVED_LOCAL_HIGH,FY_RESOLVED_DIRECT_EXACT,,Research official issuer sources for FY2025 Q1. Verify missing quarter existence/source evidence. Do not research other fields.,P3_LATEST8Q,,MISSING_QUARTER_ALREADY_IDENTIFIED_LOCALLY,P8H-3-1847,NO_STRUCTURAL_BOUNDARY,NGNE
MISSING_QUARTER_EXISTENCE,ADJACENT_EXACT_ANCHORS,Q1,2025,NO,FQ_RESOLVED_LOCAL_HIGH,FY_RESOLVED_DIRECT_EXACT,,Research official issuer sources for FY2025 Q1. Verify missing quarter existence/source evidence. Do not research other fields.,P3_LATEST8Q,,MISSING_QUARTER_ALREADY_IDENTIFIED_LOCALLY,P8H-3-1855,NO_STRUCTURAL_BOUNDARY,NJR
MISSING_QUARTER_EXISTENCE,ADJACENT_EXACT_ANCHORS,Q1,2025,NO,FQ_RESOLVED_LOCAL_HIGH,FY_RESOLVED_DIRECT_EXACT,,Research official issuer sources for FY2025 Q1. Verify missing quarter existence/source evidence. Do not research other fields.,P3_LATEST8Q,,MISSING_QUARTER_ALREADY_IDENTIFIED_LOCALLY,P8H-3-1886,NO_STRUCTURAL_BOUNDARY,NRIX
MISSING_QUARTER_EXISTENCE,ADJACENT_EXACT_ANCHORS,Q1,2025,NO,FQ_RESOLVED_LOCAL_HIGH,FY_RESOLVED_DIRECT_EXACT,,Research official issuer sources for FY2025 Q1. Verify missing quarter existence/source evidence. Do not research other fields.,P3_LATEST8Q,,MISSING_QUARTER_ALREADY_IDENTIFIED_LOCALLY,P8H-3-1902,NO_STRUCTURAL_BOUNDARY,NTRA
MISSING_QUARTER_EXISTENCE,ADJACENT_EXACT_ANCHORS,Q3,2024,NO,FQ_RESOLVED_LOCAL_HIGH,FY_RESOLVED_DIRECT_EXACT,,Research official issuer sources for FY2024 Q3. Verify missing quarter existence/source evidence. Do not research other fields.,P3_LATEST8Q,,MISSING_QUARTER_ALREADY_IDENTIFIED_LOCALLY,P8H-3-1921,NO_STRUCTURAL_BOUNDARY,NWE
MISSING_QUARTER_EXISTENCE,ADJACENT_EXACT_ANCHORS,Q1,2025,NO,FQ_RESOLVED_LOCAL_HIGH,FY_RESOLVED_DIRECT_EXACT,,Research official issuer sources for FY2025 Q1. Verify missing quarter existence/source evidence. Do not research other fields.,P3_LATEST8Q,,MISSING_QUARTER_ALREADY_IDENTIFIED_LOCALLY,P8H-3-1922,NO_STRUCTURAL_BOUNDARY,NWE
MISSING_QUARTER_EXISTENCE,ADJACENT_EXACT_ANCHORS,Q1,2025,NO,FQ_RESOLVED_LOCAL_HIGH,FY_RESOLVED_DIRECT_EXACT,,Research official issuer sources for FY2025 Q1. Verify missing quarter existence/source evidence. Do not research other fields.,P3_LATEST8Q,,MISSING_QUARTER_ALREADY_IDENTIFIED_LOCALLY,P8H-3-1931,NO_STRUCTURAL_BOUNDARY,NXDR
MISSING_QUARTER_EXISTENCE,ADJACENT_EXACT_ANCHORS,Q1,2025,NO,FQ_RESOLVED_LOCAL_HIGH,FY_RESOLVED_DIRECT_EXACT,,Research official issuer sources for FY2025 Q1. Verify missing quarter existence/source evidence. Do not research other fields.,P3_LATEST8Q,,MISSING_QUARTER_ALREADY_IDENTIFIED_LOCALLY,P8H-3-1935,NO_STRUCTURAL_BOUNDARY,NXDT
MISSING_QUARTER_EXISTENCE,ADJACENT_EXACT_ANCHORS,Q3,2024,NO,FQ_RESOLVED_LOCAL_HIGH,FY_RESOLVED_DIRECT_EXACT,,Research official issuer sources for FY2024 Q3. Verify missing quarter existence/source evidence. Do not research other fields.,P3_LATEST8Q,,MISSING_QUARTER_ALREADY_IDENTIFIED_LOCALLY,P8H-3-1955,NO_STRUCTURAL_BOUNDARY,OCGN
MISSING_QUARTER_EXISTENCE,ADJACENT_EXACT_ANCHORS,Q1,2025,NO,FQ_RESOLVED_LOCAL_HIGH,FY_RESOLVED_DIRECT_EXACT,,Research official issuer sources for FY2025 Q1. Verify missing quarter existence/source evidence. Do not research other fields.,P3_LATEST8Q,,MISSING_QUARTER_ALREADY_IDENTIFIED_LOCALLY,P8H-3-1956,NO_STRUCTURAL_BOUNDARY,OCGN
MISSING_QUARTER_EXISTENCE,ADJACENT_EXACT_ANCHORS,Q1,2025,NO,FQ_RESOLVED_LOCAL_HIGH,FY_RESOLVED_DIRECT_EXACT,,Research official issuer sources for FY2025 Q1. Verify missing quarter existence/source evidence. Do not research other fields.,P3_LATEST8Q,,MISSING_QUARTER_ALREADY_IDENTIFIED_LOCALLY,P8H-3-1957,NO_STRUCTURAL_BOUNDARY,ODFL
MISSING_QUARTER_EXISTENCE,ADJACENT_EXACT_ANCHORS,Q3,2024,NO,FQ_RESOLVED_LOCAL_HIGH,FY_RESOLVED_DIRECT_EXACT,,Research official issuer sources for FY2024 Q3. Verify missing quarter existence/source evidence. Do not research other fields.,P3_LATEST8Q,,MISSING_QUARTER_ALREADY_IDENTIFIED_LOCALLY,P8H-3-1958,NO_STRUCTURAL_BOUNDARY,OGE
MISSING_QUARTER_EXISTENCE,ADJACENT_EXACT_ANCHORS,Q1,2025,NO,FQ_RESOLVED_LOCAL_HIGH,FY_RESOLVED_DIRECT_EXACT,,Research official issuer sources for FY2025 Q1. Verify missing quarter existence/source evidence. Do not research other fields.,P3_LATEST8Q,,MISSING_QUARTER_ALREADY_IDENTIFIED_LOCALLY,P8H-3-1959,NO_STRUCTURAL_BOUNDARY,OGE
MISSING_QUARTER_EXISTENCE,ADJACENT_EXACT_ANCHORS,Q1,2025,NO,FQ_RESOLVED_LOCAL_HIGH,FY_RESOLVED_DIRECT_EXACT,,Research official issuer sources for FY2025 Q1. Verify missing quarter existence/source evidence. Do not research other fields.,P3_LATEST8Q,,MISSING_QUARTER_ALREADY_IDENTIFIED_LOCALLY,P8H-3-1965,NO_STRUCTURAL_BOUNDARY,OKLO
MISSING_QUARTER_EXISTENCE,ADJACENT_EXACT_ANCHORS,Q2,2024,NO,FQ_RESOLVED_LOCAL_HIGH,FY_RESOLVED_DIRECT_EXACT,,Research official issuer sources for FY2024 Q2. Verify missing quarter existence/source evidence. Do not research other fields.,P3_LATEST8Q,,MISSING_QUARTER_ALREADY_IDENTIFIED_LOCALLY,P8H-3-1983,NO_STRUCTURAL_BOUNDARY,OMEX
MISSING_QUARTER_EXISTENCE,ADJACENT_EXACT_ANCHORS,Q4,2024,NO,FQ_RESOLVED_LOCAL_HIGH,FY_RESOLVED_DIRECT_EXACT,,Research official issuer sources for FY2024 Q4. Verify missing quarter existence/source evidence. Do not research other fields.,P3_LATEST8Q,,MISSING_QUARTER_ALREADY_IDENTIFIED_LOCALLY,P8H-3-1984,NO_STRUCTURAL_BOUNDARY,OMEX
MISSING_QUARTER_EXISTENCE,ADJACENT_EXACT_ANCHORS,Q3,2024,NO,FQ_RESOLVED_LOCAL_HIGH,FY_RESOLVED_DIRECT_EXACT,,Research official issuer sources for FY2024 Q3. Verify missing quarter existence/source evidence. Do not research other fields.,P3_LATEST8Q,,MISSING_QUARTER_ALREADY_IDENTIFIED_LOCALLY,P8H-3-1987,NO_STRUCTURAL_BOUNDARY,ONC
MISSING_QUARTER_EXISTENCE,ADJACENT_EXACT_ANCHORS,Q1,2025,NO,FQ_RESOLVED_LOCAL_HIGH,FY_RESOLVED_DIRECT_EXACT,,Research official issuer sources for FY2025 Q1. Verify missing quarter existence/source evidence. Do not research other fields.,P3_LATEST8Q,,MISSING_QUARTER_ALREADY_IDENTIFIED_LOCALLY,P8H-3-1988,NO_STRUCTURAL_BOUNDARY,ONC
MISSING_QUARTER_EXISTENCE,ADJACENT_EXACT_ANCHORS,Q1,2025,NO,FQ_RESOLVED_LOCAL_HIGH,FY_RESOLVED_DIRECT_EXACT,,Research official issuer sources for FY2025 Q1. Verify missing quarter existence/source evidence. Do not research other fields.,P3_LATEST8Q,,MISSING_QUARTER_ALREADY_IDENTIFIED_LOCALLY,P8H-3-2012,NO_STRUCTURAL_BOUNDARY,ORIC
MISSING_QUARTER_EXISTENCE,ADJACENT_EXACT_ANCHORS,Q3,2024,NO,FQ_RESOLVED_LOCAL_HIGH,FY_RESOLVED_DIRECT_EXACT,,Research official issuer sources for FY2024 Q3. Verify missing quarter existence/source evidence. Do not research other fields.,P3_LATEST8Q,,MISSING_QUARTER_ALREADY_IDENTIFIED_LOCALLY,P8H-3-2021,NO_STRUCTURAL_BOUNDARY,OUT
MISSING_QUARTER_EXISTENCE,ADJACENT_EXACT_ANCHORS,Q1,2025,NO,FQ_RESOLVED_LOCAL_HIGH,FY_RESOLVED_DIRECT_EXACT,,Research official issuer sources for FY2025 Q1. Verify missing quarter existence/source evidence. Do not research other fields.,P3_LATEST8Q,,MISSING_QUARTER_ALREADY_IDENTIFIED_LOCALLY,P8H-3-2052,NO_STRUCTURAL_BOUNDARY,PCVX
MISSING_QUARTER_EXISTENCE,ADJACENT_EXACT_ANCHORS,Q1,2025,NO,FQ_RESOLVED_LOCAL_HIGH,FY_RESOLVED_DIRECT_EXACT,,Research official issuer sources for FY2025 Q1. Verify missing quarter existence/source evidence. Do not research other fields.,P3_LATEST8Q,,MISSING_QUARTER_ALREADY_IDENTIFIED_LOCALLY,P8H-3-2063,NO_STRUCTURAL_BOUNDARY,PDYN
MISSING_QUARTER_EXISTENCE,ADJACENT_EXACT_ANCHORS,Q3,2024,NO,FQ_RESOLVED_LOCAL_HIGH,FY_RESOLVED_DIRECT_EXACT,,Research official issuer sources for FY2024 Q3. Verify missing quarter existence/source evidence. Do not research other fields.,P3_LATEST8Q,,MISSING_QUARTER_ALREADY_IDENTIFIED_LOCALLY,P8H-3-2085,NO_STRUCTURAL_BOUNDARY,PHIN
MISSING_QUARTER_EXISTENCE,ADJACENT_EXACT_ANCHORS,Q3,2024,NO,FQ_RESOLVED_LOCAL_HIGH,FY_RESOLVED_DIRECT_EXACT,,Research official issuer sources for FY2024 Q3. Verify missing quarter existence/source evidence. Do not research other fields.,P3_LATEST8Q,,MISSING_QUARTER_ALREADY_IDENTIFIED_LOCALLY,P8H-3-2140,NO_STRUCTURAL_BOUNDARY,PRG
MISSING_QUARTER_EXISTENCE,ADJACENT_EXACT_ANCHORS,Q1,2025,NO,FQ_RESOLVED_LOCAL_HIGH,FY_RESOLVED_DIRECT_EXACT,,Research official issuer sources for FY2025 Q1. Verify missing quarter existence/source evidence. Do not research other fields.,P3_LATEST8Q,,MISSING_QUARTER_ALREADY_IDENTIFIED_LOCALLY,P8H-3-2150,NO_STRUCTURAL_BOUNDARY,PRME
MISSING_QUARTER_EXISTENCE,ADJACENT_EXACT_ANCHORS,Q1,2025,NO,FQ_RESOLVED_LOCAL_HIGH,FY_RESOLVED_DIRECT_EXACT,,Research official issuer sources for FY2025 Q1. Verify missing quarter existence/source evidence. Do not research other fields.,P3_LATEST8Q,,MISSING_QUARTER_ALREADY_IDENTIFIED_LOCALLY,P8H-3-2153,NO_STRUCTURAL_BOUNDARY,PROF
MISSING_QUARTER_EXISTENCE,ADJACENT_EXACT_ANCHORS,Q1,2025,NO,FQ_RESOLVED_LOCAL_HIGH,FY_RESOLVED_DIRECT_EXACT,,Research official issuer sources for FY2025 Q1. Verify missing quarter existence/source evidence. Do not research other fields.,P3_LATEST8Q,,MISSING_QUARTER_ALREADY_IDENTIFIED_LOCALLY,P8H-3-2157,NO_STRUCTURAL_BOUNDARY,PROK
MISSING_QUARTER_EXISTENCE,ADJACENT_EXACT_ANCHORS,Q4,2024,NO,FQ_RESOLVED_LOCAL_HIGH,FY_RESOLVED_DIRECT_EXACT,,Research official issuer sources for FY2024 Q4. Verify missing quarter existence/source evidence. Do not research other fields.,P3_LATEST8Q,,MISSING_QUARTER_ALREADY_IDENTIFIED_LOCALLY,P8H-3-2160,NO_STRUCTURAL_BOUNDARY,PROP
MISSING_QUARTER_EXISTENCE,ADJACENT_EXACT_ANCHORS,Q1,2025,NO,FQ_RESOLVED_LOCAL_HIGH,FY_RESOLVED_DIRECT_EXACT,,Research official issuer sources for FY2025 Q1. Verify missing quarter existence/source evidence. Do not research other fields.,P3_LATEST8Q,,MISSING_QUARTER_ALREADY_IDENTIFIED_LOCALLY,P8H-3-2168,NO_STRUCTURAL_BOUNDARY,PRVA
MISSING_QUARTER_EXISTENCE,ADJACENT_EXACT_ANCHORS,Q1,2025,NO,FQ_RESOLVED_LOCAL_HIGH,FY_RESOLVED_DIRECT_EXACT,,Research official issuer sources for FY2025 Q1. Verify missing quarter existence/source evidence. Do not research other fields.,P3_LATEST8Q,,MISSING_QUARTER_ALREADY_IDENTIFIED_LOCALLY,P8H-3-2181,NO_STRUCTURAL_BOUNDARY,PTGX
MISSING_QUARTER_EXISTENCE,ADJACENT_EXACT_ANCHORS,Q1,2025,NO,FQ_RESOLVED_LOCAL_HIGH,FY_RESOLVED_DIRECT_EXACT,,Research official issuer sources for FY2025 Q1. Verify missing quarter existence/source evidence. Do not research other fields.,P3_LATEST8Q,,MISSING_QUARTER_ALREADY_IDENTIFIED_LOCALLY,P8H-3-2214,NO_STRUCTURAL_BOUNDARY,QS
MISSING_QUARTER_EXISTENCE,ADJACENT_EXACT_ANCHORS,Q3,2024,NO,FQ_RESOLVED_LOCAL_HIGH,FY_RESOLVED_DIRECT_EXACT,,Research official issuer sources for FY2024 Q3. Verify missing quarter existence/source evidence. Do not research other fields.,P3_LATEST8Q,,MISSING_QUARTER_ALREADY_IDENTIFIED_LOCALLY,P8H-3-2225,NO_STRUCTURAL_BOUNDARY,QXO
MISSING_QUARTER_EXISTENCE,ADJACENT_EXACT_ANCHORS,Q1,2025,NO,FQ_RESOLVED_LOCAL_HIGH,FY_RESOLVED_DIRECT_EXACT,,Research official issuer sources for FY2025 Q1. Verify missing quarter existence/source evidence. Do not research other fields.,P3_LATEST8Q,,MISSING_QUARTER_ALREADY_IDENTIFIED_LOCALLY,P8H-3-2253,NO_STRUCTURAL_BOUNDARY,REG
MISSING_QUARTER_EXISTENCE,ADJACENT_EXACT_ANCHORS,Q3,2024,NO,FQ_RESOLVED_LOCAL_HIGH,FY_RESOLVED_DIRECT_EXACT,,Research official issuer sources for FY2024 Q3. Verify missing quarter existence/source evidence. Do not research other fields.,P3_LATEST8Q,,MISSING_QUARTER_ALREADY_IDENTIFIED_LOCALLY,P8H-3-2254,NO_STRUCTURAL_BOUNDARY,RELY
MISSING_QUARTER_EXISTENCE,ADJACENT_EXACT_ANCHORS,Q1,2025,NO,FQ_RESOLVED_LOCAL_HIGH,FY_RESOLVED_DIRECT_EXACT,,Research official issuer sources for FY2025 Q1. Verify missing quarter existence/source evidence. Do not research other fields.,P3_LATEST8Q,,MISSING_QUARTER_ALREADY_IDENTIFIED_LOCALLY,P8H-3-2255,NO_STRUCTURAL_BOUNDARY,RELY
MISSING_QUARTER_EXISTENCE,ADJACENT_EXACT_ANCHORS,Q1,2025,NO,FQ_RESOLVED_LOCAL_HIGH,FY_RESOLVED_DIRECT_EXACT,,Research official issuer sources for FY2025 Q1. Verify missing quarter existence/source evidence. Do not research other fields.,P3_LATEST8Q,,MISSING_QUARTER_ALREADY_IDENTIFIED_LOCALLY,P8H-3-2277,NO_STRUCTURAL_BOUNDARY,RGR
MISSING_QUARTER_EXISTENCE,ADJACENT_EXACT_ANCHORS,Q3,2024,NO,FQ_RESOLVED_LOCAL_HIGH,FY_RESOLVED_DIRECT_EXACT,,Research official issuer sources for FY2024 Q3. Verify missing quarter existence/source evidence. Do not research other fields.,P3_LATEST8Q,,MISSING_QUARTER_ALREADY_IDENTIFIED_LOCALLY,P8H-3-2303,NO_STRUCTURAL_BOUNDARY,RMAX
MISSING_QUARTER_EXISTENCE,ADJACENT_EXACT_ANCHORS,Q3,2024,NO,FQ_RESOLVED_LOCAL_HIGH,FY_RESOLVED_DIRECT_EXACT,,Research official issuer sources for FY2024 Q3. Verify missing quarter existence/source evidence. Do not research other fields.,P3_LATEST8Q,,MISSING_QUARTER_ALREADY_IDENTIFIED_LOCALLY,P8H-3-2320,NO_STRUCTURAL_BOUNDARY,RPRX
MISSING_QUARTER_EXISTENCE,ADJACENT_EXACT_ANCHORS,Q1,2025,NO,FQ_RESOLVED_LOCAL_HIGH,FY_RESOLVED_DIRECT_EXACT,,Research official issuer sources for FY2025 Q1. Verify missing quarter existence/source evidence. Do not research other fields.,P3_LATEST8Q,,MISSING_QUARTER_ALREADY_IDENTIFIED_LOCALLY,P8H-3-2321,NO_STRUCTURAL_BOUNDARY,RPRX
MISSING_QUARTER_EXISTENCE,ADJACENT_EXACT_ANCHORS,Q1,2025,NO,FQ_RESOLVED_LOCAL_HIGH,FY_RESOLVED_DIRECT_EXACT,,Research official issuer sources for FY2025 Q1. Verify missing quarter existence/source evidence. Do not research other fields.,P3_LATEST8Q,,MISSING_QUARTER_ALREADY_IDENTIFIED_LOCALLY,P8H-3-2340,NO_STRUCTURAL_BOUNDARY,RVMD
MISSING_QUARTER_EXISTENCE,ADJACENT_EXACT_ANCHORS,Q1,2025,NO,FQ_RESOLVED_LOCAL_HIGH,FY_RESOLVED_DIRECT_EXACT,,Research official issuer sources for FY2025 Q1. Verify missing quarter existence/source evidence. Do not research other fields.,P3_LATEST8Q,,MISSING_QUARTER_ALREADY_IDENTIFIED_LOCALLY,P8H-3-2356,NO_STRUCTURAL_BOUNDARY,SAFE
MISSING_QUARTER_EXISTENCE,ADJACENT_EXACT_ANCHORS,Q4,2021,NO,FQ_RESOLVED_LOCAL_HIGH,FY_RESOLVED_DIRECT_EXACT,,Research official issuer sources for FY2021 Q4. Verify missing quarter existence/source evidence. Do not research other fields.,P3_LATEST8Q,,MISSING_QUARTER_ALREADY_IDENTIFIED_LOCALLY,P8H-3-2389,NO_STRUCTURAL_BOUNDARY,SEGG
MISSING_QUARTER_EXISTENCE,ADJACENT_EXACT_ANCHORS,Q1,2025,NO,FQ_RESOLVED_LOCAL_HIGH,FY_RESOLVED_DIRECT_EXACT,,Research official issuer sources for FY2025 Q1. Verify missing quarter existence/source evidence. Do not research other fields.,P3_LATEST8Q,,MISSING_QUARTER_ALREADY_IDENTIFIED_LOCALLY,P8H-3-2394,NO_STRUCTURAL_BOUNDARY,SEI
MISSING_QUARTER_EXISTENCE,ADJACENT_EXACT_ANCHORS,Q1,2025,NO,FQ_RESOLVED_LOCAL_HIGH,FY_RESOLVED_DIRECT_EXACT,,Research official issuer sources for FY2025 Q1. Verify missing quarter existence/source evidence. Do not research other fields.,P3_LATEST8Q,,MISSING_QUARTER_ALREADY_IDENTIFIED_LOCALLY,P8H-3-2397,NO_STRUCTURAL_BOUNDARY,SERV
MISSING_QUARTER_EXISTENCE,ADJACENT_EXACT_ANCHORS,Q1,2025,NO,FQ_RESOLVED_LOCAL_HIGH,FY_RESOLVED_DIRECT_EXACT,,Research official issuer sources for FY2025 Q1. Verify missing quarter existence/source evidence. Do not research other fields.,P3_LATEST8Q,,MISSING_QUARTER_ALREADY_IDENTIFIED_LOCALLY,P8H-3-2408,NO_STRUCTURAL_BOUNDARY,SGI
MISSING_QUARTER_EXISTENCE,ADJACENT_EXACT_ANCHORS,Q2,2025,NO,FQ_RESOLVED_LOCAL_HIGH,FY_RESOLVED_DIRECT_EXACT,,Research official issuer sources for FY2025 Q2. Verify missing quarter existence/source evidence. Do not research other fields.,P3_LATEST8Q,,MISSING_QUARTER_ALREADY_IDENTIFIED_LOCALLY,P8H-3-2411,NO_STRUCTURAL_BOUNDARY,SGLY
MISSING_QUARTER_EXISTENCE,ADJACENT_EXACT_ANCHORS,Q1,2025,NO,FQ_RESOLVED_LOCAL_HIGH,FY_RESOLVED_DIRECT_EXACT,,Research official issuer sources for FY2025 Q1. Verify missing quarter existence/source evidence. Do not research other fields.,P3_LATEST8Q,,MISSING_QUARTER_ALREADY_IDENTIFIED_LOCALLY,P8H-3-2416,NO_STRUCTURAL_BOUNDARY,SGMT
MISSING_QUARTER_EXISTENCE,ADJACENT_EXACT_ANCHORS,Q3,2024,NO,FQ_RESOLVED_LOCAL_HIGH,FY_RESOLVED_DIRECT_EXACT,,Research official issuer sources for FY2024 Q3. Verify missing quarter existence/source evidence. Do not research other fields.,P3_LATEST8Q,,MISSING_QUARTER_ALREADY_IDENTIFIED_LOCALLY,P8H-3-2443,NO_STRUCTURAL_BOUNDARY,SKYW
MISSING_QUARTER_EXISTENCE,ADJACENT_EXACT_ANCHORS,Q1,2025,NO,FQ_RESOLVED_LOCAL_HIGH,FY_RESOLVED_DIRECT_EXACT,,Research official issuer sources for FY2025 Q1. Verify missing quarter existence/source evidence. Do not research other fields.,P3_LATEST8Q,,MISSING_QUARTER_ALREADY_IDENTIFIED_LOCALLY,P8H-3-2452,NO_STRUCTURAL_BOUNDARY,SLDB
MISSING_QUARTER_EXISTENCE,ADJACENT_EXACT_ANCHORS,Q4,2024,NO,FQ_RESOLVED_LOCAL_HIGH,FY_RESOLVED_DIRECT_EXACT,,Research official issuer sources for FY2024 Q4. Verify missing quarter existence/source evidence. Do not research other fields.,P3_LATEST8Q,,MISSING_QUARTER_ALREADY_IDENTIFIED_LOCALLY,P8H-3-2457,NO_STRUCTURAL_BOUNDARY,SLE
MISSING_QUARTER_EXISTENCE,ADJACENT_EXACT_ANCHORS,Q1,2025,NO,FQ_RESOLVED_LOCAL_HIGH,FY_RESOLVED_DIRECT_EXACT,,Research official issuer sources for FY2025 Q1. Verify missing quarter existence/source evidence. Do not research other fields.,P3_LATEST8Q,,MISSING_QUARTER_ALREADY_IDENTIFIED_LOCALLY,P8H-3-2468,NO_STRUCTURAL_BOUNDARY,SLS
MISSING_QUARTER_EXISTENCE,ADJACENT_EXACT_ANCHORS,Q1,2025,NO,FQ_RESOLVED_LOCAL_HIGH,FY_RESOLVED_DIRECT_EXACT,,Research official issuer sources for FY2025 Q1. Verify missing quarter existence/source evidence. Do not research other fields.,P3_LATEST8Q,,MISSING_QUARTER_ALREADY_IDENTIFIED_LOCALLY,P8H-3-2489,NO_STRUCTURAL_BOUNDARY,SNDX
MISSING_QUARTER_EXISTENCE,ADJACENT_EXACT_ANCHORS,Q3,2024,NO,FQ_RESOLVED_LOCAL_HIGH,FY_RESOLVED_DIRECT_EXACT,,Research official issuer sources for FY2024 Q3. Verify missing quarter existence/source evidence. Do not research other fields.,P3_LATEST8Q,,MISSING_QUARTER_ALREADY_IDENTIFIED_LOCALLY,P8H-3-2503,NO_STRUCTURAL_BOUNDARY,SPCE
MISSING_QUARTER_EXISTENCE,ADJACENT_EXACT_ANCHORS,Q1,2025,NO,FQ_RESOLVED_LOCAL_HIGH,FY_RESOLVED_DIRECT_EXACT,,Research official issuer sources for FY2025 Q1. Verify missing quarter existence/source evidence. Do not research other fields.,P3_LATEST8Q,,MISSING_QUARTER_ALREADY_IDENTIFIED_LOCALLY,P8H-3-2513,NO_STRUCTURAL_BOUNDARY,SPRO
MISSING_QUARTER_EXISTENCE,ADJACENT_EXACT_ANCHORS,Q1,2025,NO,FQ_RESOLVED_LOCAL_HIGH,FY_RESOLVED_DIRECT_EXACT,,Research official issuer sources for FY2025 Q1. Verify missing quarter existence/source evidence. Do not research other fields.,P3_LATEST8Q,,MISSING_QUARTER_ALREADY_IDENTIFIED_LOCALLY,P8H-3-2524,NO_STRUCTURAL_BOUNDARY,SQFT
MISSING_QUARTER_EXISTENCE,ADJACENT_EXACT_ANCHORS,Q3,2024,NO,FQ_RESOLVED_LOCAL_HIGH,FY_RESOLVED_DIRECT_EXACT,,Research official issuer sources for FY2024 Q3. Verify missing quarter existence/source evidence. Do not research other fields.,P3_LATEST8Q,,MISSING_QUARTER_ALREADY_IDENTIFIED_LOCALLY,P8H-3-2525,NO_STRUCTURAL_BOUNDARY,SR
MISSING_QUARTER_EXISTENCE,ADJACENT_EXACT_ANCHORS,Q1,2025,NO,FQ_RESOLVED_LOCAL_HIGH,FY_RESOLVED_DIRECT_EXACT,,Research official issuer sources for FY2025 Q1. Verify missing quarter existence/source evidence. Do not research other fields.,P3_LATEST8Q,,MISSING_QUARTER_ALREADY_IDENTIFIED_LOCALLY,P8H-3-2534,NO_STRUCTURAL_BOUNDARY,SRRK
MISSING_QUARTER_EXISTENCE,ADJACENT_EXACT_ANCHORS,Q1,2025,NO,FQ_RESOLVED_LOCAL_HIGH,FY_RESOLVED_DIRECT_EXACT,,Research official issuer sources for FY2025 Q1. Verify missing quarter existence/source evidence. Do not research other fields.,P3_LATEST8Q,,MISSING_QUARTER_ALREADY_IDENTIFIED_LOCALLY,P8H-3-2537,NO_STRUCTURAL_BOUNDARY,SRTA
MISSING_QUARTER_EXISTENCE,ADJACENT_EXACT_ANCHORS,Q1,2025,NO,FQ_RESOLVED_LOCAL_HIGH,FY_RESOLVED_DIRECT_EXACT,,Research official issuer sources for FY2025 Q1. Verify missing quarter existence/source evidence. Do not research other fields.,P3_LATEST8Q,,MISSING_QUARTER_ALREADY_IDENTIFIED_LOCALLY,P8H-3-2547,NO_STRUCTURAL_BOUNDARY,STOK
MISSING_QUARTER_EXISTENCE,ADJACENT_EXACT_ANCHORS,Q1,2025,NO,FQ_RESOLVED_LOCAL_HIGH,FY_RESOLVED_DIRECT_EXACT,,Research official issuer sources for FY2025 Q1. Verify missing quarter existence/source evidence. Do not research other fields.,P3_LATEST8Q,,MISSING_QUARTER_ALREADY_IDENTIFIED_LOCALLY,P8H-3-2573,NO_STRUCTURAL_BOUNDARY,SVRA
MISSING_QUARTER_EXISTENCE,ADJACENT_EXACT_ANCHORS,Q3,2025,NO,FQ_RESOLVED_LOCAL_HIGH,FY_RESOLVED_DIRECT_EXACT,,Research official issuer sources for FY2025 Q3. Verify missing quarter existence/source evidence. Do not research other fields.,P3_LATEST8Q,,MISSING_QUARTER_ALREADY_IDENTIFIED_LOCALLY,P8H-3-2579,NO_STRUCTURAL_BOUNDARY,SWBI
MISSING_QUARTER_EXISTENCE,ADJACENT_EXACT_ANCHORS,Q3,2024,NO,FQ_RESOLVED_LOCAL_HIGH,FY_RESOLVED_DIRECT_EXACT,,Research official issuer sources for FY2024 Q3. Verify missing quarter existence/source evidence. Do not research other fields.,P3_LATEST8Q,,MISSING_QUARTER_ALREADY_IDENTIFIED_LOCALLY,P8H-3-2584,NO_STRUCTURAL_BOUNDARY,SXTP
MISSING_QUARTER_EXISTENCE,ADJACENT_EXACT_ANCHORS,Q3,2024,NO,FQ_RESOLVED_LOCAL_HIGH,FY_RESOLVED_DIRECT_EXACT,,Research official issuer sources for FY2024 Q3. Verify missing quarter existence/source evidence. Do not research other fields.,P3_LATEST8Q,,MISSING_QUARTER_ALREADY_IDENTIFIED_LOCALLY,P8H-3-2598,NO_STRUCTURAL_BOUNDARY,TALO
MISSING_QUARTER_EXISTENCE,ADJACENT_EXACT_ANCHORS,Q1,2025,NO,FQ_RESOLVED_LOCAL_HIGH,FY_RESOLVED_DIRECT_EXACT,,Research official issuer sources for FY2025 Q1. Verify missing quarter existence/source evidence. Do not research other fields.,P3_LATEST8Q,,MISSING_QUARTER_ALREADY_IDENTIFIED_LOCALLY,P8H-3-2606,NO_STRUCTURAL_BOUNDARY,TARA
MISSING_QUARTER_EXISTENCE,ADJACENT_EXACT_ANCHORS,Q3,2024,NO,FQ_RESOLVED_LOCAL_HIGH,FY_RESOLVED_DIRECT_EXACT,,Research official issuer sources for FY2024 Q3. Verify missing quarter existence/source evidence. Do not research other fields.,P3_LATEST8Q,,MISSING_QUARTER_ALREADY_IDENTIFIED_LOCALLY,P8H-3-2615,NO_STRUCTURAL_BOUNDARY,TCRX
MISSING_QUARTER_EXISTENCE,ADJACENT_EXACT_ANCHORS,Q1,2025,NO,FQ_RESOLVED_LOCAL_HIGH,FY_RESOLVED_DIRECT_EXACT,,Research official issuer sources for FY2025 Q1. Verify missing quarter existence/source evidence. Do not research other fields.,P3_LATEST8Q,,MISSING_QUARTER_ALREADY_IDENTIFIED_LOCALLY,P8H-3-2616,NO_STRUCTURAL_BOUNDARY,TCRX
MISSING_QUARTER_EXISTENCE,ADJACENT_EXACT_ANCHORS,Q1,2025,NO,FQ_RESOLVED_LOCAL_HIGH,FY_RESOLVED_DIRECT_EXACT,,Research official issuer sources for FY2025 Q1. Verify missing quarter existence/source evidence. Do not research other fields.,P3_LATEST8Q,,MISSING_QUARTER_ALREADY_IDENTIFIED_LOCALLY,P8H-3-2622,NO_STRUCTURAL_BOUNDARY,TEAD
MISSING_QUARTER_EXISTENCE,ADJACENT_EXACT_ANCHORS,Q1,2025,NO,FQ_RESOLVED_LOCAL_HIGH,FY_RESOLVED_DIRECT_EXACT,,Research official issuer sources for FY2025 Q1. Verify missing quarter existence/source evidence. Do not research other fields.,P3_LATEST8Q,,MISSING_QUARTER_ALREADY_IDENTIFIED_LOCALLY,P8H-3-2642,NO_STRUCTURAL_BOUNDARY,TKO
MISSING_QUARTER_EXISTENCE,ADJACENT_EXACT_ANCHORS,Q1,2025,NO,FQ_RESOLVED_LOCAL_HIGH,FY_RESOLVED_DIRECT_EXACT,,Research official issuer sources for FY2025 Q1. Verify missing quarter existence/source evidence. Do not research other fields.,P3_LATEST8Q,,MISSING_QUARTER_ALREADY_IDENTIFIED_LOCALLY,P8H-3-2657,NO_STRUCTURAL_BOUNDARY,TNYA
MISSING_QUARTER_EXISTENCE,ADJACENT_EXACT_ANCHORS,Q1,2025,NO,FQ_RESOLVED_LOCAL_HIGH,FY_RESOLVED_DIRECT_EXACT,,Research official issuer sources for FY2025 Q1. Verify missing quarter existence/source evidence. Do not research other fields.,P3_LATEST8Q,,MISSING_QUARTER_ALREADY_IDENTIFIED_LOCALLY,P8H-3-2703,NO_STRUCTURAL_BOUNDARY,TTGT
MISSING_QUARTER_EXISTENCE,ADJACENT_EXACT_ANCHORS,Q3,2024,NO,FQ_RESOLVED_LOCAL_HIGH,FY_RESOLVED_DIRECT_EXACT,,Research official issuer sources for FY2024 Q3. Verify missing quarter existence/source evidence. Do not research other fields.,P3_LATEST8Q,,MISSING_QUARTER_ALREADY_IDENTIFIED_LOCALLY,P8H-3-2710,NO_STRUCTURAL_BOUNDARY,TXNM
MISSING_QUARTER_EXISTENCE,ADJACENT_EXACT_ANCHORS,Q1,2025,NO,FQ_RESOLVED_LOCAL_HIGH,FY_RESOLVED_DIRECT_EXACT,,Research official issuer sources for FY2025 Q1. Verify missing quarter existence/source evidence. Do not research other fields.,P3_LATEST8Q,,MISSING_QUARTER_ALREADY_IDENTIFIED_LOCALLY,P8H-3-2711,NO_STRUCTURAL_BOUNDARY,TXNM
MISSING_QUARTER_EXISTENCE,ADJACENT_EXACT_ANCHORS,Q1,2025,NO,FQ_RESOLVED_LOCAL_HIGH,FY_RESOLVED_DIRECT_EXACT,,Research official issuer sources for FY2025 Q1. Verify missing quarter existence/source evidence. Do not research other fields.,P3_LATEST8Q,,MISSING_QUARTER_ALREADY_IDENTIFIED_LOCALLY,P8H-3-2719,NO_STRUCTURAL_BOUNDARY,TYRA
MISSING_QUARTER_EXISTENCE,ADJACENT_EXACT_ANCHORS,Q3,2024,NO,FQ_RESOLVED_LOCAL_HIGH,FY_RESOLVED_DIRECT_EXACT,,Research official issuer sources for FY2024 Q3. Verify missing quarter existence/source evidence. Do not research other fields.,P3_LATEST8Q,,MISSING_QUARTER_ALREADY_IDENTIFIED_LOCALLY,P8H-3-2726,NO_STRUCTURAL_BOUNDARY,UAL
MISSING_QUARTER_EXISTENCE,ADJACENT_EXACT_ANCHORS,Q1,2025,NO,FQ_RESOLVED_LOCAL_HIGH,FY_RESOLVED_DIRECT_EXACT,,Research official issuer sources for FY2025 Q1. Verify missing quarter existence/source evidence. Do not research other fields.,P3_LATEST8Q,,MISSING_QUARTER_ALREADY_IDENTIFIED_LOCALLY,P8H-3-2730,NO_STRUCTURAL_BOUNDARY,UE
MISSING_QUARTER_EXISTENCE,ADJACENT_EXACT_ANCHORS,Q1,2025,NO,FQ_RESOLVED_LOCAL_HIGH,FY_RESOLVED_DIRECT_EXACT,,Research official issuer sources for FY2025 Q1. Verify missing quarter existence/source evidence. Do not research other fields.,P3_LATEST8Q,,MISSING_QUARTER_ALREADY_IDENTIFIED_LOCALLY,P8H-3-2746,NO_STRUCTURAL_BOUNDARY,UPBD
MISSING_QUARTER_EXISTENCE,ADJACENT_EXACT_ANCHORS,Q3,2024,NO,FQ_RESOLVED_LOCAL_HIGH,FY_RESOLVED_DIRECT_EXACT,,Research official issuer sources for FY2024 Q3. Verify missing quarter existence/source evidence. Do not research other fields.,P3_LATEST8Q,,MISSING_QUARTER_ALREADY_IDENTIFIED_LOCALLY,P8H-3-2770,NO_STRUCTURAL_BOUNDARY,VAL
MISSING_QUARTER_EXISTENCE,ADJACENT_EXACT_ANCHORS,Q1,2025,NO,FQ_RESOLVED_LOCAL_HIGH,FY_RESOLVED_DIRECT_EXACT,,Research official issuer sources for FY2025 Q1. Verify missing quarter existence/source evidence. Do not research other fields.,P3_LATEST8Q,,MISSING_QUARTER_ALREADY_IDENTIFIED_LOCALLY,P8H-3-2771,NO_STRUCTURAL_BOUNDARY,VAL
MISSING_QUARTER_EXISTENCE,ADJACENT_EXACT_ANCHORS,Q1,2025,NO,FQ_RESOLVED_LOCAL_HIGH,FY_RESOLVED_DIRECT_EXACT,,Research official issuer sources for FY2025 Q1. Verify missing quarter existence/source evidence. Do not research other fields.,P3_LATEST8Q,,MISSING_QUARTER_ALREADY_IDENTIFIED_LOCALLY,P8H-3-2792,NO_STRUCTURAL_BOUNDARY,VERA
MISSING_QUARTER_EXISTENCE,ADJACENT_EXACT_ANCHORS,Q3,2024,NO,FQ_RESOLVED_LOCAL_HIGH,FY_RESOLVED_DIRECT_EXACT,,Research official issuer sources for FY2024 Q3. Verify missing quarter existence/source evidence. Do not research other fields.,P3_LATEST8Q,,MISSING_QUARTER_ALREADY_IDENTIFIED_LOCALLY,P8H-3-2816,NO_STRUCTURAL_BOUNDARY,VMD
MISSING_QUARTER_EXISTENCE,ADJACENT_EXACT_ANCHORS,Q1,2025,NO,FQ_RESOLVED_LOCAL_HIGH,FY_RESOLVED_DIRECT_EXACT,,Research official issuer sources for FY2025 Q1. Verify missing quarter existence/source evidence. Do not research other fields.,P3_LATEST8Q,,MISSING_QUARTER_ALREADY_IDENTIFIED_LOCALLY,P8H-3-2817,NO_STRUCTURAL_BOUNDARY,VMD
MISSING_QUARTER_EXISTENCE,ADJACENT_EXACT_ANCHORS,Q1,2025,NO,FQ_RESOLVED_LOCAL_HIGH,FY_RESOLVED_DIRECT_EXACT,,Research official issuer sources for FY2025 Q1. Verify missing quarter existence/source evidence. Do not research other fields.,P3_LATEST8Q,,MISSING_QUARTER_ALREADY_IDENTIFIED_LOCALLY,P8H-3-2822,NO_STRUCTURAL_BOUNDARY,VNO
MISSING_QUARTER_EXISTENCE,ADJACENT_EXACT_ANCHORS,Q3,2024,NO,FQ_RESOLVED_LOCAL_HIGH,FY_RESOLVED_DIRECT_EXACT,,Research official issuer sources for FY2024 Q3. Verify missing quarter existence/source evidence. Do not research other fields.,P3_LATEST8Q,,MISSING_QUARTER_ALREADY_IDENTIFIED_LOCALLY,P8H-3-2823,NO_STRUCTURAL_BOUNDARY,VNOM
MISSING_QUARTER_EXISTENCE,ADJACENT_EXACT_ANCHORS,Q1,2025,NO,FQ_RESOLVED_LOCAL_HIGH,FY_RESOLVED_DIRECT_EXACT,,Research official issuer sources for FY2025 Q1. Verify missing quarter existence/source evidence. Do not research other fields.,P3_LATEST8Q,,MISSING_QUARTER_ALREADY_IDENTIFIED_LOCALLY,P8H-3-2827,NO_STRUCTURAL_BOUNDARY,VOR
MISSING_QUARTER_EXISTENCE,ADJACENT_EXACT_ANCHORS,Q3,2024,NO,FQ_RESOLVED_LOCAL_HIGH,FY_RESOLVED_DIRECT_EXACT,,Research official issuer sources for FY2024 Q3. Verify missing quarter existence/source evidence. Do not research other fields.,P3_LATEST8Q,,MISSING_QUARTER_ALREADY_IDENTIFIED_LOCALLY,P8H-3-2830,NO_STRUCTURAL_BOUNDARY,VRDN
MISSING_QUARTER_EXISTENCE,ADJACENT_EXACT_ANCHORS,Q1,2025,NO,FQ_RESOLVED_LOCAL_HIGH,FY_RESOLVED_DIRECT_EXACT,,Research official issuer sources for FY2025 Q1. Verify missing quarter existence/source evidence. Do not research other fields.,P3_LATEST8Q,,MISSING_QUARTER_ALREADY_IDENTIFIED_LOCALLY,P8H-3-2831,NO_STRUCTURAL_BOUNDARY,VRDN
MISSING_QUARTER_EXISTENCE,ADJACENT_EXACT_ANCHORS,Q1,2025,NO,FQ_RESOLVED_LOCAL_HIGH,FY_RESOLVED_DIRECT_EXACT,,Research official issuer sources for FY2025 Q1. Verify missing quarter existence/source evidence. Do not research other fields.,P3_LATEST8Q,,MISSING_QUARTER_ALREADY_IDENTIFIED_LOCALLY,P8H-3-2860,NO_STRUCTURAL_BOUNDARY,VVX
MISSING_QUARTER_EXISTENCE,ADJACENT_EXACT_ANCHORS,Q3,2024,NO,FQ_RESOLVED_LOCAL_HIGH,FY_RESOLVED_DIRECT_EXACT,,Research official issuer sources for FY2024 Q3. Verify missing quarter existence/source evidence. Do not research other fields.,P3_LATEST8Q,,MISSING_QUARTER_ALREADY_IDENTIFIED_LOCALLY,P8H-3-2871,NO_STRUCTURAL_BOUNDARY,WGS
MISSING_QUARTER_EXISTENCE,ADJACENT_EXACT_ANCHORS,Q1,2025,NO,FQ_RESOLVED_LOCAL_HIGH,FY_RESOLVED_DIRECT_EXACT,,Research official issuer sources for FY2025 Q1. Verify missing quarter existence/source evidence. Do not research other fields.,P3_LATEST8Q,,MISSING_QUARTER_ALREADY_IDENTIFIED_LOCALLY,P8H-3-2872,NO_STRUCTURAL_BOUNDARY,WGS
MISSING_QUARTER_EXISTENCE,ADJACENT_EXACT_ANCHORS,Q1,2025,NO,FQ_RESOLVED_LOCAL_HIGH,FY_RESOLVED_DIRECT_EXACT,,Research official issuer sources for FY2025 Q1. Verify missing quarter existence/source evidence. Do not research other fields.,P3_LATEST8Q,,MISSING_QUARTER_ALREADY_IDENTIFIED_LOCALLY,P8H-3-2880,NO_STRUCTURAL_BOUNDARY,WKC
MISSING_QUARTER_EXISTENCE,ADJACENT_EXACT_ANCHORS,Q4,2024,NO,FQ_RESOLVED_LOCAL_HIGH,FY_RESOLVED_DIRECT_EXACT,,Research official issuer sources for FY2024 Q4. Verify missing quarter existence/source evidence. Do not research other fields.,P3_LATEST8Q,,MISSING_QUARTER_ALREADY_IDENTIFIED_LOCALLY,P8H-3-2895,NO_STRUCTURAL_BOUNDARY,WS
MISSING_QUARTER_EXISTENCE,ADJACENT_EXACT_ANCHORS,Q3,2025,NO,FQ_RESOLVED_LOCAL_HIGH,FY_RESOLVED_DIRECT_EXACT,,Research official issuer sources for FY2025 Q3. Verify missing quarter existence/source evidence. Do not research other fields.,P3_LATEST8Q,,MISSING_QUARTER_ALREADY_IDENTIFIED_LOCALLY,P8H-3-2896,NO_STRUCTURAL_BOUNDARY,WS
MISSING_QUARTER_EXISTENCE,ADJACENT_EXACT_ANCHORS,Q3,2024,NO,FQ_RESOLVED_LOCAL_HIGH,FY_RESOLVED_DIRECT_EXACT,,Research official issuer sources for FY2024 Q3. Verify missing quarter existence/source evidence. Do not research other fields.,P3_LATEST8Q,,MISSING_QUARTER_ALREADY_IDENTIFIED_LOCALLY,P8H-3-2900,NO_STRUCTURAL_BOUNDARY,WTI
MISSING_QUARTER_EXISTENCE,ADJACENT_EXACT_ANCHORS,Q1,2025,NO,FQ_RESOLVED_LOCAL_HIGH,FY_RESOLVED_DIRECT_EXACT,,Research official issuer sources for FY2025 Q1. Verify missing quarter existence/source evidence. Do not research other fields.,P3_LATEST8Q,,MISSING_QUARTER_ALREADY_IDENTIFIED_LOCALLY,P8H-3-2905,NO_STRUCTURAL_BOUNDARY,WVE
MISSING_QUARTER_EXISTENCE,ADJACENT_EXACT_ANCHORS,Q3,2024,NO,FQ_RESOLVED_LOCAL_HIGH,FY_RESOLVED_DIRECT_EXACT,,Research official issuer sources for FY2024 Q3. Verify missing quarter existence/source evidence. Do not research other fields.,P3_LATEST8Q,,MISSING_QUARTER_ALREADY_IDENTIFIED_LOCALLY,P8H-3-2908,NO_STRUCTURAL_BOUNDARY,WYNN
MISSING_QUARTER_EXISTENCE,ADJACENT_EXACT_ANCHORS,Q1,2025,NO,FQ_RESOLVED_LOCAL_HIGH,FY_RESOLVED_DIRECT_EXACT,,Research official issuer sources for FY2025 Q1. Verify missing quarter existence/source evidence. Do not research other fields.,P3_LATEST8Q,,MISSING_QUARTER_ALREADY_IDENTIFIED_LOCALLY,P8H-3-2913,NO_STRUCTURAL_BOUNDARY,XENE
MISSING_QUARTER_EXISTENCE,ADJACENT_EXACT_ANCHORS,Q3,2024,NO,FQ_RESOLVED_LOCAL_HIGH,FY_RESOLVED_DIRECT_EXACT,,Research official issuer sources for FY2024 Q3. Verify missing quarter existence/source evidence. Do not research other fields.,P3_LATEST8Q,,MISSING_QUARTER_ALREADY_IDENTIFIED_LOCALLY,P8H-3-2916,NO_STRUCTURAL_BOUNDARY,XIFR
MISSING_QUARTER_EXISTENCE,ADJACENT_EXACT_ANCHORS,Q1,2025,NO,FQ_RESOLVED_LOCAL_HIGH,FY_RESOLVED_DIRECT_EXACT,,Research official issuer sources for FY2025 Q1. Verify missing quarter existence/source evidence. Do not research other fields.,P3_LATEST8Q,,MISSING_QUARTER_ALREADY_IDENTIFIED_LOCALLY,P8H-3-2917,NO_STRUCTURAL_BOUNDARY,XIFR
MISSING_QUARTER_EXISTENCE,ADJACENT_EXACT_ANCHORS,Q3,2024,NO,FQ_RESOLVED_LOCAL_HIGH,FY_RESOLVED_DIRECT_EXACT,,Research official issuer sources for FY2024 Q3. Verify missing quarter existence/source evidence. Do not research other fields.,P3_LATEST8Q,,MISSING_QUARTER_ALREADY_IDENTIFIED_LOCALLY,P8H-3-2919,NO_STRUCTURAL_BOUNDARY,XNCR
MISSING_QUARTER_EXISTENCE,ADJACENT_EXACT_ANCHORS,Q1,2025,NO,FQ_RESOLVED_LOCAL_HIGH,FY_RESOLVED_DIRECT_EXACT,,Research official issuer sources for FY2025 Q1. Verify missing quarter existence/source evidence. Do not research other fields.,P3_LATEST8Q,,MISSING_QUARTER_ALREADY_IDENTIFIED_LOCALLY,P8H-3-2920,NO_STRUCTURAL_BOUNDARY,XNCR
MISSING_QUARTER_EXISTENCE,ADJACENT_EXACT_ANCHORS,Q3,2024,NO,FQ_RESOLVED_LOCAL_HIGH,FY_RESOLVED_DIRECT_EXACT,,Research official issuer sources for FY2024 Q3. Verify missing quarter existence/source evidence. Do not research other fields.,P3_LATEST8Q,,MISSING_QUARTER_ALREADY_IDENTIFIED_LOCALLY,P8H-3-2923,NO_STRUCTURAL_BOUNDARY,XPER
MISSING_QUARTER_EXISTENCE,ADJACENT_EXACT_ANCHORS,Q1,2025,NO,FQ_RESOLVED_LOCAL_HIGH,FY_RESOLVED_DIRECT_EXACT,,Research official issuer sources for FY2025 Q1. Verify missing quarter existence/source evidence. Do not research other fields.,P3_LATEST8Q,,MISSING_QUARTER_ALREADY_IDENTIFIED_LOCALLY,P8H-3-2934,NO_STRUCTURAL_BOUNDARY,XYZ
MISSING_QUARTER_EXISTENCE,ADJACENT_EXACT_ANCHORS,Q3,2024,NO,FQ_RESOLVED_LOCAL_HIGH,FY_RESOLVED_DIRECT_EXACT,,Research official issuer sources for FY2024 Q3. Verify missing quarter existence/source evidence. Do not research other fields.,P3_LATEST8Q,,MISSING_QUARTER_ALREADY_IDENTIFIED_LOCALLY,P8H-3-2946,NO_STRUCTURAL_BOUNDARY,ZD
MISSING_QUARTER_EXISTENCE,ADJACENT_EXACT_ANCHORS,Q1,2025,NO,FQ_RESOLVED_LOCAL_HIGH,FY_RESOLVED_DIRECT_EXACT,,Research official issuer sources for FY2025 Q1. Verify missing quarter existence/source evidence. Do not research other fields.,P3_LATEST8Q,,MISSING_QUARTER_ALREADY_IDENTIFIED_LOCALLY,P8H-3-2947,NO_STRUCTURAL_BOUNDARY,ZD
MISSING_QUARTER_EXISTENCE,ADJACENT_EXACT_ANCHORS,Q1,2025,NO,FQ_RESOLVED_LOCAL_HIGH,FY_RESOLVED_DIRECT_EXACT,,Research official issuer sources for FY2025 Q1. Verify missing quarter existence/source evidence. Do not research other fields.,P3_LATEST8Q,,MISSING_QUARTER_ALREADY_IDENTIFIED_LOCALLY,P8H-3-2953,NO_STRUCTURAL_BOUNDARY,ZG
MISSING_QUARTER_EXISTENCE,ADJACENT_EXACT_ANCHORS,Q1,2025,NO,FQ_RESOLVED_LOCAL_HIGH,FY_RESOLVED_DIRECT_EXACT,,Research official issuer sources for FY2025 Q1. Verify missing quarter existence/source evidence. Do not research other fields.,P3_LATEST8Q,,MISSING_QUARTER_ALREADY_IDENTIFIED_LOCALLY,P8H-3-2958,NO_STRUCTURAL_BOUNDARY,ZNTL
MISSING_QUARTER_EXISTENCE,ADJACENT_EXACT_ANCHORS,Q1,2025,NO,FQ_RESOLVED_LOCAL_HIGH,FY_RESOLVED_DIRECT_EXACT,,Research official issuer sources for FY2025 Q1. Verify missing quarter existence/source evidence. Do not research other fields.,P3_LATEST8Q,,MISSING_QUARTER_ALREADY_IDENTIFIED_LOCALLY,P8H-3-2973,NO_STRUCTURAL_BOUNDARY,ZVRA
MISSING_QUARTER_EXISTENCE,ADJACENT_EXACT_ANCHORS,Q1,2025,NO,FQ_RESOLVED_LOCAL_HIGH,FY_RESOLVED_DIRECT_EXACT,,Research official issuer sources for FY2025 Q1. Verify missing quarter existence/source evidence. Do not research other fields.,P3_LATEST8Q,,MISSING_QUARTER_ALREADY_IDENTIFIED_LOCALLY,P8H-3-2977,NO_STRUCTURAL_BOUNDARY,ZYME
